1,01.12.2020.,00:05:00,0,0,0,0,0,0,0,G,0,0
2,01.12.2020.,00:10:00,0,0,0,0,0,0,0,G,0,0
3,01.12.2020.,00:15:00,0,0,0,0,0,0,0,G,0,0
4,01.12.2020.,00:20:00,0,0,0,0,0,0,0,G,0,0
5,01.12.2020.,00:25:00,0,0,0,0,0,0,0,G,0,0
6,01.12.2020.,00:30:00,0,0,0,0,0,0,0,G,0,0
7,01.12.2020.,00:35:00,0,0,0,0,0,0,0,G,0,0
8,01.12.2020.,00:40:00,0,0,0,0,0,0,0,G,0,0
9,01.12.2020.,00:45:00,0,0,0,0,0,0,0,G,0,0
10,01.12.2020.,00:50:00,0,0,0,0,0,0,0,G,0,0
11,01.12.2020.,00:55:00,0,0,0,0,0,0,0,G,0,0
12,01.12.2020.,01:00:00,0,0,0,0,0,0,0,G,0,0
13,01.12.2020.,01:05:00,0,0,0,0,0,0,0,G,0,0
14,01.12.2020.,01:10:00,0,0,0,0,0,0,0,G,0,0
15,01.12.2020.,01:15:00,0,0,0,0,0,0,0,G,0,0
16,01.12.2020.,01:20:00,0,0,0,0,0,0,0,G,0,0
17,01.12.2020.,01:25:00,0,0,0,0,0,0,0,G,0,0
18,01.12.2020.,01:30:00,0,0,0,0,0,0,0,G,0,0
19,01.12.2020.,01:35:00,0,0,0,0,0,0,0,G,0,0
20,01.12.2020.,01:40:00,0,0,0,0,0,0,0,G,0,0
21,01.12.2020.,01:45:00,0,0,0,0,0,0,0,G,0,0
22,01.12.2020.,01:50:00,0,0,0,0,0,0,0,G,0,0
23,01.12.2020.,01:55:00,0,0,0,0,0,0,0,G,0,0
24,01.12.2020.,02:00:00,0,0,0,0,0,0,0,G,0,0
25,01.12.2020.,02:05:00,0,0,0,0,0,0,0,G,0,0
26,01.12.2020.,02:10:00,0,0,0,0,0,0,0,G,0,0
27,01.12.2020.,02:15:00,0,0,0,0,0,0,0,G,0,0
28,01.12.2020.,02:20:00,0,0,0,0,0,0,0,G,0,0
29,01.12.2020.,02:25:00,0,0,0,0,0,0,0,G,0,0
30,01.12.2020.,02:30:00,0,0,0,0,0,0,0,G,0,0
31,01.12.2020.,02:35:00,0,0,0,0,0,0,0,G,0,0
32,01.12.2020.,02:40:00,0,0,0,0,0,0,0,G,0,0
33,01.12.2020.,02:45:00,0,0,0,0,0,0,0,G,0,0
34,01.12.2020.,02:50:00,0,0,0,0,0,0,0,G,0,0
35,01.12.2020.,02:55:00,0,0,0,0,0,0,0,G,0,0
36,01.12.2020.,03:00:00,0,0,0,0,0,0,0,G,0,0
37,01.12.2020.,03:05:00,0,0,0,0,0,0,0,G,0,0
38,01.12.2020.,03:10:00,0,0,0,0,0,0,0,G,0,0
39,01.12.2020.,03:15:00,0,0,0,0,0,0,0,G,0,0
40,01.12.2020.,03:20:00,0,0,0,0,0,0,0,G,0,0
41,01.12.2020.,03:25:00,0,0,0,0,0,0,0,G,0,0
42,01.12.2020.,03:30:00,0,0,0,0,0,0,0,G,0,0
43,01.12.2020.,03:35:00,0,0,0,0,0,0,0,G,0,0
44,01.12.2020.,03:40:00,0,0,0,0,0,0,0,G,0,0
45,01.12.2020.,03:45:00,0,0,0,0,0,0,0,G,0,0
46,01.12.2020.,03:50:00,0,0,0,0,0,0,0,G,0,0
47,01.12.2020.,03:55:00,0,0,0,0,0,0,0,G,0,0
48,01.12.2020.,04:00:00,0,0,0,0,0,0,0,G,0,0
49,01.12.2020.,04:05:00,0,0,0,0,0,0,0,G,0,0
50,01.12.2020.,04:10:00,0,0,0,0,0,0,0,G,0,0
51,01.12.2020.,04:15:00,0,0,0,0,0,0,0,G,0,0
52,01.12.2020.,04:20:00,0,0,0,0,0,0,0,G,0,0
53,01.12.2020.,04:25:00,0,0,0,0,0,0,0,G,0,0
54,01.12.2020.,04:30:00,0,0,0,0,0,0,0,G,0,0
55,01.12.2020.,04:35:00,0,0,0,0,0,0,0,G,0,0
56,01.12.2020.,04:40:00,0,0,0,0,0,0,0,G,0,0
57,01.12.2020.,04:45:00,0,0,0,0,0,0,0,G,0,0
58,01.12.2020.,04:50:00,0,0,0,0,0,0,0,G,0,0
59,01.12.2020.,04:55:00,0,0,0,0,0,0,0,G,0,0
60,01.12.2020.,05:00:00,0,0,0,0,0,0,0,G,0,0
61,01.12.2020.,05:05:00,0,0,0,0,0,0,0,G,0,0
62,01.12.2020.,05:10:00,0,0,0,0,0,0,0,G,0,0
63,01.12.2020.,05:15:00,0,0,0,0,0,0,0,G,0,0
64,01.12.2020.,05:20:00,0,0,0,0,0,0,0,G,0,0
65,01.12.2020.,05:25:00,0,0,0,0,0,0,0,G,0,0
66,01.12.2020.,05:30:00,0,0,0,0,0,0,0,G,0,0
67,01.12.2020.,05:35:00,0,0,0,0,0,0,0,G,0,0
68,01.12.2020.,05:40:00,0,0,0,0,0,0,0,G,0,0
69,01.12.2020.,05:45:00,0,0,0,0,0,0,0,G,0,0
70,01.12.2020.,05:50:00,0,0,0,0,0,0,0,G,0,0
71,01.12.2020.,05:55:00,0,0,0,0,0,0,0,G,0,0
72,01.12.2020.,06:00:00,0,0,0,0,0,0,0,G,0,0
73,01.12.2020.,06:05:00,0,0,0,0,0,0,0,G,0,0
74,01.12.2020.,06:10:00,0,0,0,0,0,0,0,G,0,0
75,01.12.2020.,06:15:00,0,0,0,0,0,0,0,G,0,0
76,01.12.2020.,06:20:00,0,0,0,0,0,0,0,G,0,0
77,01.12.2020.,06:25:00,0,0,0,0,0,0,0,G,0,0
78,01.12.2020.,06:30:00,0,0,0,0,0,0,0,G,0,0
79,01.12.2020.,06:35:00,0,0,0,0,0,0,0,G,0,0
80,01.12.2020.,06:40:00,0,0,0,0,0,0,0,G,0,0
81,01.12.2020.,06:45:00,0,0,0,0,0,0,0,G,0,0
82,01.12.2020.,06:50:00,0,0,0,0,0,0,0,G,0,0
83,01.12.2020.,06:55:00,0,0,0,0,0,0,0,G,0,0
84,01.12.2020.,07:00:00,0,0,0,0,0,0,0,G,0,0
85,01.12.2020.,07:05:00,0,0,0,0,0,0,0,G,0,0
86,01.12.2020.,07:10:00,0,0,0,0,0,0,0,G,0,0
87,01.12.2020.,07:15:00,0,0,0,0,0,0,0,G,0,0
88,01.12.2020.,07:20:00,0,0,0,0,0,0,0,G,0,0
89,01.12.2020.,07:25:00,0,0,0,0,0,0,0,G,0,0
90,01.12.2020.,07:30:00,0,0,0,0,0,0,0,G,0,0
91,01.12.2020.,07:35:00,0,0,0,0,0,0,0,G,0,0
92,01.12.2020.,07:40:00,0,0,0,0,0,0,0,G,0,0
93,01.12.2020.,07:45:00,0,0,0,0,0,0,0,G,0,0
94,01.12.2020.,07:50:00,0,0,0,0,0,0,0,G,0,0
95,01.12.2020.,07:55:00,0,0,0,0,0,0,0,G,0,0
96,01.12.2020.,08:00:00,0,0,0,0,0,0,0,G,0,0
97,01.12.2020.,08:05:00,0,0,0,0,0,0,0,G,0,0
98,01.12.2020.,08:10:00,0,0,0,0,0,0,0,G,0,0
99,01.12.2020.,08:15:00,0,0,0,0,0,0,0,G,0,0
100,01.12.2020.,08:20:00,0,0,0,0,0,0,0,G,0,0
101,01.12.2020.,08:25:00,0,0,0,0,0,0,0,G,0,0
102,01.12.2020.,08:30:00,0,0,0,0,0,0,0,G,0,0
103,01.12.2020.,08:35:00,0,0,0,0,0,0,0,G,0,0
104,01.12.2020.,08:40:00,0,0,0,0,0,0,0,G,0,0
105,01.12.2020.,08:45:00,0,0,0,0,0,0,0,G,0,0
106,01.12.2020.,08:50:00,0,0,0,0,0,0,0,G,0,0
107,01.12.2020.,08:55:00,0,0,0,0,0,0,0,G,0,0
108,01.12.2020.,09:00:00,0,0,0,0,0,0,0,G,0,0
109,01.12.2020.,09:05:00,0,0,0,0,0,0,0,G,0,0
110,01.12.2020.,09:10:00,0,0,0,0,0,0,0,G,0,0
111,01.12.2020.,09:15:00,0,0,0,0,0,0,0,G,0,0
112,01.12.2020.,09:20:00,0,0,0,0,0,0,0,G,0,0
113,01.12.2020.,09:25:00,0,0,0,0,0,0,0,G,0,0
114,01.12.2020.,09:30:00,0,0,0,0,0,0,0,G,0,0
115,01.12.2020.,09:35:00,0,0,0,0,0,0,0,G,0,0
116,01.12.2020.,09:40:00,0,0,0,0,0,0,0,G,0,0
117,01.12.2020.,09:45:00,0,0,0,0,0,0,0,G,0,0
118,01.12.2020.,09:50:00,0,0,0,0,0,0,0,G,0,0
119,01.12.2020.,09:55:00,0,0,0,0,0,0,0,G,0,0
120,01.12.2020.,10:00:00,0,0,0,0,0,0,0,G,0,0
121,01.12.2020.,10:05:00,0,0,0,0,0,0,0,G,0,0
122,01.12.2020.,10:10:00,0,0,0,0,0,0,0,G,0,0
123,01.12.2020.,10:15:00,0,0,0,0,0,0,0,G,0,0
124,01.12.2020.,10:20:00,0,0,0,0,0,0,0,G,0,0
125,01.12.2020.,10:25:00,0,0,0,0,0,0,0,G,0,0
126,01.12.2020.,10:30:00,0,0,0,0,0,0,0,G,0,0
127,01.12.2020.,10:35:00,0,0,0,0,0,0,0,G,0,0
128,01.12.2020.,10:40:00,0,0,0,0,0,0,0,G,0,0
129,01.12.2020.,10:45:00,0,0,0,0,0,0,0,G,0,0
130,01.12.2020.,10:50:00,0,0,0,0,0,0,0,G,0,0
131,01.12.2020.,10:55:00,0,0,0,0,0,0,0,G,0,0
132,01.12.2020.,11:00:00,0,0,0,0,0,0,0,G,0,0
133,01.12.2020.,11:05:00,0,0,0,0,0,0,0,G,0,0
134,01.12.2020.,11:10:00,0,0,0,0,0,0,0,G,0,0
135,01.12.2020.,11:15:00,0,0,0,0,0,0,0,G,0,0
136,01.12.2020.,11:20:00,0,0,0,0,0,0,0,G,0,0
137,01.12.2020.,11:25:00,0,0,0,0,0,0,0,G,0,0
138,01.12.2020.,11:30:00,0,0,0,0,0,0,0,G,0,0
139,01.12.2020.,11:35:00,0,0,0,0,0,0,0,G,0,0
140,01.12.2020.,11:40:00,0,0,0,0,0,0,0,G,0,0
141,01.12.2020.,11:45:00,0,0,0,0,0,0,0,G,0,0
142,01.12.2020.,11:50:00,0,0,0,0,0,0,0,G,0,0
143,01.12.2020.,11:55:00,0,0,0,0,0,0,0,G,0,0
144,01.12.2020.,12:00:00,0,0,0,0,0,0,0,G,0,0
145,01.12.2020.,12:05:00,0,0,0,0,0,0,0,G,0,0
146,01.12.2020.,12:10:00,0,0,0,0,0,0,0,G,0,0
147,01.12.2020.,12:15:00,0,0,0,0,0,0,0,G,0,0
148,01.12.2020.,12:20:00,0,0,0,0,0,0,0,G,0,0
149,01.12.2020.,12:25:00,0,0,0,0,0,0,0,G,0,0
150,01.12.2020.,12:30:00,0,0,0,0,0,0,0,G,0,0
151,01.12.2020.,12:35:00,0,0,0,0,0,0,0,G,0,0
152,01.12.2020.,12:40:00,0,0,0,0,0,0,0,G,0,0
153,01.12.2020.,12:45:00,0,0,0,0,0,0,0,G,0,0
154,01.12.2020.,12:50:00,0,0,0,0,0,0,0,G,0,0
155,01.12.2020.,12:55:00,0,0,0,0,0,0,0,G,0,0
156,01.12.2020.,13:00:00,0,0,0,0,0,0,0,G,0,0
157,01.12.2020.,13:05:00,0,0,0,0,0,0,0,G,0,0
158,01.12.2020.,13:10:00,0,0,0,0,0,0,0,G,0,0
159,01.12.2020.,13:15:00,0,0,0,0,0,0,0,G,0,0
160,01.12.2020.,13:20:00,0,0,0,0,0,0,0,G,0,0
161,01.12.2020.,13:25:00,0,0,0,0,0,0,0,G,0,0
162,01.12.2020.,13:30:00,0,0,0,0,0,0,0,G,0,0
163,01.12.2020.,13:35:00,0,0,0,0,0,0,0,G,0,0
164,01.12.2020.,13:40:00,0,0,0,0,0,0,0,G,0,0
165,01.12.2020.,13:45:00,0,0,0,0,0,0,0,G,0,0
166,01.12.2020.,13:50:00,0,0,0,0,0,0,0,G,0,0
167,01.12.2020.,13:55:00,0,0,0,0,0,0,0,G,0,0
168,01.12.2020.,14:00:00,0,0,0,0,0,0,0,G,0,0
169,01.12.2020.,14:05:00,0,0,0,0,0,0,0,G,0,0
170,01.12.2020.,14:10:00,0,0,0,0,0,0,0,G,0,0
171,01.12.2020.,14:15:00,0,0,0,0,0,0,0,G,0,0
172,01.12.2020.,14:20:00,0,0,0,0,0,0,0,G,0,0
173,01.12.2020.,14:25:00,0,0,0,0,0,0,0,G,0,0
174,01.12.2020.,14:30:00,0,0,0,0,0,0,0,G,0,0
175,01.12.2020.,14:35:00,0,0,0,0,0,0,0,G,0,0
176,01.12.2020.,14:40:00,0,0,0,0,0,0,0,G,0,0
177,01.12.2020.,14:45:00,0,0,0,0,0,0,0,G,0,0
178,01.12.2020.,14:50:00,0,0,0,0,0,0,0,G,0,0
179,01.12.2020.,14:55:00,0,0,0,0,0,0,0,G,0,0
180,01.12.2020.,15:00:00,0,0,0,0,0,0,0,G,0,0
181,01.12.2020.,15:05:00,0,0,0,0,0,0,0,G,0,0
182,01.12.2020.,15:10:00,0,0,0,0,0,0,0,G,0,0
183,01.12.2020.,15:15:00,0,0,0,0,0,0,0,G,0,0
184,01.12.2020.,15:20:00,0,0,0,0,0,0,0,G,0,0
185,01.12.2020.,15:25:00,0,0,0,0,0,0,0,G,0,0
186,01.12.2020.,15:30:00,0,0,0,0,0,0,0,G,0,0
187,01.12.2020.,15:35:00,0,0,0,0,0,0,0,G,0,0
188,01.12.2020.,15:40:00,0,0,0,0,0,0,0,G,0,0
189,01.12.2020.,15:45:00,0,0,0,0,0,0,0,G,0,0
190,01.12.2020.,15:50:00,0,0,0,0,0,0,0,G,0,0
191,01.12.2020.,15:55:00,0,0,0,0,0,0,0,G,0,0
192,01.12.2020.,16:00:00,0,0,0,0,0,0,0,G,0,0
193,01.12.2020.,16:05:00,0,0,0,0,0,0,0,G,0,0
194,01.12.2020.,16:10:00,0,0,0,0,0,0,0,G,0,0
195,01.12.2020.,16:15:00,0,0,0,0,0,0,0,G,0,0
196,01.12.2020.,16:20:00,0,0,0,0,0,0,0,G,0,0
197,01.12.2020.,16:25:00,0,0,0,0,0,0,0,G,0,0
198,01.12.2020.,16:30:00,0,0,0,0,0,0,0,G,0,0
199,01.12.2020.,16:35:00,0,0,0,0,0,0,0,G,0,0
200,01.12.2020.,16:40:00,0,0,0,0,0,0,0,G,0,0
201,01.12.2020.,16:45:00,0,0,0,0,0,0,0,G,0,0
202,01.12.2020.,16:50:00,0,0,0,0,0,0,0,G,0,0
203,01.12.2020.,16:55:00,0,0,0,0,0,0,0,G,0,0
204,01.12.2020.,17:00:00,0,0,0,0,0,0,0,G,0,0
205,01.12.2020.,17:05:00,0,0,0,0,0,0,0,G,0,0
206,01.12.2020.,17:10:00,0,0,0,0,0,0,0,G,0,0
207,01.12.2020.,17:15:00,0,0,0,0,0,0,0,G,0,0
208,01.12.2020.,17:20:00,0,0,0,0,0,0,0,G,0,0
209,01.12.2020.,17:25:00,0,0,0,0,0,0,0,G,0,0
210,01.12.2020.,17:30:00,0,0,0,0,0,0,0,G,0,0
211,01.12.2020.,17:35:00,0,0,0,0,0,0,0,G,0,0
212,01.12.2020.,17:40:00,0,0,0,0,0,0,0,G,0,0
213,01.12.2020.,17:45:00,0,0,0,0,0,0,0,G,0,0
214,01.12.2020.,17:50:00,0,0,0,0,0,0,0,G,0,0
215,01.12.2020.,17:55:00,0,0,0,0,0,0,0,G,0,0
216,01.12.2020.,18:00:00,0,0,0,0,0,0,0,G,0,0
217,01.12.2020.,18:05:00,0,0,0,0,0,0,0,G,0,0
218,01.12.2020.,18:10:00,0,0,0,0,0,0,0,G,0,0
219,01.12.2020.,18:15:00,0,0,0,0,0,0,0,G,0,0
220,01.12.2020.,18:20:00,0,0,0,0,0,0,0,G,0,0
221,01.12.2020.,18:25:00,0,0,0,0,0,0,0,G,0,0
222,01.12.2020.,18:30:00,0,0,0,0,0,0,0,G,0,0
223,01.12.2020.,18:35:00,0,0,0,0,0,0,0,G,0,0
224,01.12.2020.,18:40:00,0,0,0,0,0,0,0,G,0,0
225,01.12.2020.,18:45:00,0,0,0,0,0,0,0,G,0,0
226,01.12.2020.,18:50:00,0,0,0,0,0,0,0,G,0,0
227,01.12.2020.,18:55:00,0,0,0,0,0,0,0,G,0,0
228,01.12.2020.,19:00:00,0,0,0,0,0,0,0,G,0,0
229,01.12.2020.,19:05:00,0,0,0,0,0,0,0,G,0,0
230,01.12.2020.,19:10:00,0,0,0,0,0,0,0,G,0,0
231,01.12.2020.,19:15:00,0,0,0,0,0,0,0,G,0,0
232,01.12.2020.,19:20:00,0,0,0,0,0,0,0,G,0,0
233,01.12.2020.,19:25:00,0,0,0,0,0,0,0,G,0,0
234,01.12.2020.,19:30:00,0,0,0,0,0,0,0,G,0,0
235,01.12.2020.,19:35:00,0,0,0,0,0,0,0,G,0,0
236,01.12.2020.,19:40:00,0,0,0,0,0,0,0,G,0,0
237,01.12.2020.,19:45:00,0,0,0,0,0,0,0,G,0,0
238,01.12.2020.,19:50:00,0,0,0,0,0,0,0,G,0,0
239,01.12.2020.,19:55:00,0,0,0,0,0,0,0,G,0,0
240,01.12.2020.,20:00:00,0,0,0,0,0,0,0,G,0,0
241,01.12.2020.,20:05:00,0,0,0,0,0,0,0,G,0,0
242,01.12.2020.,20:10:00,0,0,0,0,0,0,0,G,0,0
243,01.12.2020.,20:15:00,0,0,0,0,0,0,0,G,0,0
244,01.12.2020.,20:20:00,0,0,0,0,0,0,0,G,0,0
245,01.12.2020.,20:25:00,0,0,0,0,0,0,0,G,0,0
246,01.12.2020.,20:30:00,0,0,0,0,0,0,0,G,0,0
247,01.12.2020.,20:35:00,0,0,0,0,0,0,0,G,0,0
248,01.12.2020.,20:40:00,0,0,0,0,0,0,0,G,0,0
249,01.12.2020.,20:45:00,0,0,0,0,0,0,0,G,0,0
250,01.12.2020.,20:50:00,0,0,0,0,0,0,0,G,0,0
251,01.12.2020.,20:55:00,0,0,0,0,0,0,0,G,0,0
252,01.12.2020.,21:00:00,0,0,0,0,0,0,0,G,0,0
253,01.12.2020.,21:05:00,0,0,0,0,0,0,0,G,0,0
254,01.12.2020.,21:10:00,0,0,0,0,0,0,0,G,0,0
255,01.12.2020.,21:15:00,0,0,0,0,0,0,0,G,0,0
256,01.12.2020.,21:20:00,0,0,0,0,0,0,0,G,0,0
257,01.12.2020.,21:25:00,0,0,0,0,0,0,0,G,0,0
258,01.12.2020.,21:30:00,0,0,0,0,0,0,0,G,0,0
259,01.12.2020.,21:35:00,0,0,0,0,0,0,0,G,0,0
260,01.12.2020.,21:40:00,0,0,0,0,0,0,0,G,0,0
261,01.12.2020.,21:45:00,0,0,0,0,0,0,0,G,0,0
262,01.12.2020.,21:50:00,0,0,0,0,0,0,0,G,0,0
263,01.12.2020.,21:55:00,0,0,0,0,0,0,0,G,0,0
264,01.12.2020.,22:00:00,0,0,0,0,0,0,0,G,0,0
265,01.12.2020.,22:05:00,0,0,0,0,0,0,0,G,0,0
266,01.12.2020.,22:10:00,0,0,0,0,0,0,0,G,0,0
267,01.12.2020.,22:15:00,0,0,0,0,0,0,0,G,0,0
268,01.12.2020.,22:20:00,0,0,0,0,0,0,0,G,0,0
269,01.12.2020.,22:25:00,0,0,0,0,0,0,0,G,0,0
270,01.12.2020.,22:30:00,0,0,0,0,0,0,0,G,0,0
271,01.12.2020.,22:35:00,0,0,0,0,0,0,0,G,0,0
272,01.12.2020.,22:40:00,0,0,0,0,0,0,0,G,0,0
273,01.12.2020.,22:45:00,0,0,0,0,0,0,0,G,0,0
274,01.12.2020.,22:50:00,0,0,0,0,0,0,0,G,0,0
275,01.12.2020.,22:55:00,0,0,0,0,0,0,0,G,0,0
276,01.12.2020.,23:00:00,0,0,0,0,0,0,0,G,0,0
277,01.12.2020.,23:05:00,0,0,0,0,0,0,0,G,0,0
278,01.12.2020.,23:10:00,0,0,0,0,0,0,0,G,0,0
279,01.12.2020.,23:15:00,0,0,0,0,0,0,0,G,0,0
280,01.12.2020.,23:20:00,0,0,0,0,0,0,0,G,0,0
281,01.12.2020.,23:25:00,0,0,0,0,0,0,0,G,0,0
282,01.12.2020.,23:30:00,0,0,0,0,0,0,0,G,0,0
283,01.12.2020.,23:35:00,0,0,0,0,0,0,0,G,0,0
284,01.12.2020.,23:40:00,0,0,0,0,0,0,0,G,0,0
285,01.12.2020.,23:45:00,0,0,0,0,0,0,0,G,0,0
286,01.12.2020.,23:50:00,0,0,0,0,0,0,0,G,0,0
287,01.12.2020.,23:55:00,0,0,0,0,0,0,0,G,0,0
288,02.12.2020.,00:00:00,0,0,0,0,0,0,0,G,0,0
289,02.12.2020.,00:05:00,0,0,0,0,0,0,0,G,0,0
290,02.12.2020.,00:10:00,0,0,0,0,0,0,0,G,0,0
291,02.12.2020.,00:15:00,0,0,0,0,0,0,0,G,0,0
292,02.12.2020.,00:20:00,0,0,0,0,0,0,0,G,0,0
293,02.12.2020.,00:25:00,0,0,0,0,0,0,0,G,0,0
294,02.12.2020.,00:30:00,0,0,0,0,0,0,0,G,0,0
295,02.12.2020.,00:35:00,0,0,0,0,0,0,0,G,0,0
296,02.12.2020.,00:40:00,0,0,0,0,0,0,0,G,0,0
297,02.12.2020.,00:45:00,0,0,0,0,0,0,0,G,0,0
298,02.12.2020.,00:50:00,0,0,0,0,0,0,0,G,0,0
299,02.12.2020.,00:55:00,0,0,0,0,0,0,0,G,0,0
300,02.12.2020.,01:00:00,0,0,0,0,0,0,0,G,0,0
301,02.12.2020.,01:05:00,0,0,0,0,0,0,0,G,0,0
302,02.12.2020.,01:10:00,0,0,0,0,0,0,0,G,0,0
303,02.12.2020.,01:15:00,0,0,0,0,0,0,0,G,0,0
304,02.12.2020.,01:20:00,0,0,0,0,0,0,0,G,0,0
305,02.12.2020.,01:25:00,0,0,0,0,0,0,0,G,0,0
306,02.12.2020.,01:30:00,0,0,0,0,0,0,0,G,0,0
307,02.12.2020.,01:35:00,0,0,0,0,0,0,0,G,0,0
308,02.12.2020.,01:40:00,0,0,0,0,0,0,0,G,0,0
309,02.12.2020.,01:45:00,0,0,0,0,0,0,0,G,0,0
310,02.12.2020.,01:50:00,0,0,0,0,0,0,0,G,0,0
311,02.12.2020.,01:55:00,0,0,0,0,0,0,0,G,0,0
312,02.12.2020.,02:00:00,0,0,0,0,0,0,0,G,0,0
313,02.12.2020.,02:05:00,0,0,0,0,0,0,0,G,0,0
314,02.12.2020.,02:10:00,0,0,0,0,0,0,0,G,0,0
315,02.12.2020.,02:15:00,0,0,0,0,0,0,0,G,0,0
316,02.12.2020.,02:20:00,0,0,0,0,0,0,0,G,0,0
317,02.12.2020.,02:25:00,0,0,0,0,0,0,0,G,0,0
318,02.12.2020.,02:30:00,0,0,0,0,0,0,0,G,0,0
319,02.12.2020.,02:35:00,0,0,0,0,0,0,0,G,0,0
320,02.12.2020.,02:40:00,0,0,0,0,0,0,0,G,0,0
321,02.12.2020.,02:45:00,0,0,0,0,0,0,0,G,0,0
322,02.12.2020.,02:50:00,0,0,0,0,0,0,0,G,0,0
323,02.12.2020.,02:55:00,0,0,0,0,0,0,0,G,0,0
324,02.12.2020.,03:00:00,0,0,0,0,0,0,0,G,0,0
325,02.12.2020.,03:05:00,0,0,0,0,0,0,0,G,0,0
326,02.12.2020.,03:10:00,0,0,0,0,0,0,0,G,0,0
327,02.12.2020.,03:15:00,0,0,0,0,0,0,0,G,0,0
328,02.12.2020.,03:20:00,0,0,0,0,0,0,0,G,0,0
329,02.12.2020.,03:25:00,0,0,0,0,0,0,0,G,0,0
330,02.12.2020.,03:30:00,0,0,0,0,0,0,0,G,0,0
331,02.12.2020.,03:35:00,0,0,0,0,0,0,0,G,0,0
332,02.12.2020.,03:40:00,0,0,0,0,0,0,0,G,0,0
333,02.12.2020.,03:45:00,0,0,0,0,0,0,0,G,0,0
334,02.12.2020.,03:50:00,0,0,0,0,0,0,0,G,0,0
335,02.12.2020.,03:55:00,0,0,0,0,0,0,0,G,0,0
336,02.12.2020.,04:00:00,0,0,0,0,0,0,0,G,0,0
337,02.12.2020.,04:05:00,0,0,0,0,0,0,0,G,0,0
338,02.12.2020.,04:10:00,0,0,0,0,0,0,0,G,0,0
339,02.12.2020.,04:15:00,0,0,0,0,0,0,0,G,0,0
340,02.12.2020.,04:20:00,0,0,0,0,0,0,0,G,0,0
341,02.12.2020.,04:25:00,0,0,0,0,0,0,0,G,0,0
342,02.12.2020.,09:10:00,0,0,0,0,0,0,0,G,0,0
343,02.12.2020.,09:15:00,0,0,0,0,0,0,0,G,0,0
344,02.12.2020.,09:20:00,0,0,0,0,0,0,0,G,0,0
345,02.12.2020.,09:25:00,0,0,0,0,0,0,0,G,0,0
346,02.12.2020.,09:30:00,0,0,0,0,0,0,0,G,0,0
347,02.12.2020.,09:35:00,0,0,0,0,0,0,0,G,0,0
348,02.12.2020.,09:40:00,0,0,0,0,0,0,0,G,0,0
349,02.12.2020.,09:45:00,0,0,0,0,0,0,0,G,0,0
350,02.12.2020.,09:50:00,0,0,0,0,0,0,0,G,0,0
351,02.12.2020.,09:55:00,0,0,0,0,0,0,0,G,0,0
352,02.12.2020.,10:00:00,0,0,0,0,0,0,0,G,0,0
353,02.12.2020.,10:05:00,0,0,0,0,0,0,0,G,0,0
354,02.12.2020.,10:10:00,0,0,0,0,0,0,0,G,0,0
355,02.12.2020.,10:15:00,0,0,0,0,0,0,0,G,0,0
356,02.12.2020.,10:20:00,0,0,0,0,0,0,0,G,0,0
357,02.12.2020.,10:25:00,0,0,0,0,0,0,0,G,0,0
358,02.12.2020.,10:30:00,0,0,0,0,0,0,0,G,0,0
359,02.12.2020.,10:35:00,0,0,0,0,0,0,0,G,0,0
360,02.12.2020.,10:40:00,0,0,0,0,0,0,0,G,0,0
361,02.12.2020.,10:45:00,0,0,0,0,0,0,0,G,0,0
362,02.12.2020.,10:50:00,0,0,0,0,0,0,0,G,0,0
363,02.12.2020.,10:55:00,0,0,0,0,0,0,0,G,0,0
364,02.12.2020.,11:00:00,0,0,0,0,0,0,0,G,0,0
365,02.12.2020.,11:05:00,0,0,0,0,0,0,0,G,0,0
366,02.12.2020.,11:10:00,0,0,0,0,0,0,0,G,0,0
367,02.12.2020.,11:15:00,0,0,0,0,0,0,0,G,0,0
368,02.12.2020.,11:20:00,0,0,0,0,0,0,0,G,0,0
369,02.12.2020.,11:25:00,0,0,0,0,0,0,0,G,0,0
370,02.12.2020.,11:30:00,0,0,0,0,0,0,0,G,0,0
371,02.12.2020.,11:35:00,0,0,0,0,0,0,0,G,0,0
372,02.12.2020.,11:40:00,0,0,0,0,0,0,0,G,0,0
373,02.12.2020.,11:45:00,0,0,0,0,0,0,0,G,0,0
374,02.12.2020.,11:50:00,0,0,0,0,0,0,0,G,0,0
375,02.12.2020.,11:55:00,0,0,0,0,0,0,0,G,0,0
376,02.12.2020.,12:00:00,0,0,0,0,0,0,0,G,0,0
377,02.12.2020.,12:05:00,0,0,0,0,0,0,0,G,0,0
378,02.12.2020.,12:10:00,0,0,0,0,0,0,0,G,0,0
379,02.12.2020.,12:15:00,0,0,0,0,0,0,0,G,0,0
380,02.12.2020.,12:20:00,0,0,0,0,0,0,0,G,0,0
381,02.12.2020.,12:25:00,0,0,0,0,0,0,0,G,0,0
382,02.12.2020.,12:30:00,0,0,0,0,0,0,0,G,0,0
383,02.12.2020.,12:42:00,0,0,0,0,0,0,0,G,0,0
384,02.12.2020.,12:45:00,0,0,0,0,0,0,0,G,0,0
385,02.12.2020.,12:50:00,0,0,0,0,0,0,0,G,0,0
386,02.12.2020.,12:55:00,0,0,0,0,0,0,0,G,0,0
387,02.12.2020.,13:00:00,0,0,0,0,0,0,0,G,0,0
388,02.12.2020.,13:05:00,0,0,0,0,0,0,0,G,0,0
389,02.12.2020.,13:10:00,0,0,0,0,0,0,0,G,0,0
390,02.12.2020.,13:15:00,0,0,0,0,0,0,0,G,0,0
391,02.12.2020.,13:20:00,0,0,0,0,0,0,0,G,0,0
392,02.12.2020.,13:25:00,0,0,0,0,0,0,0,G,0,0
393,02.12.2020.,13:30:00,0,0,0,0,0,0,0,G,0,0
394,02.12.2020.,13:35:00,0,0,0,0,0,0,0,G,0,0
395,02.12.2020.,13:40:00,0,0,0,0,0,0,0,G,0,0
396,02.12.2020.,13:45:00,0,0,0,0,0,0,0,G,0,0
397,02.12.2020.,13:50:00,0,0,0,0,0,0,0,G,0,0
398,02.12.2020.,13:55:00,0,0,0,0,0,0,0,G,0,0
399,02.12.2020.,14:00:00,0,0,0,0,0,0,0,G,0,0
400,02.12.2020.,14:05:00,0,0,0,0,0,0,0,G,0,0
401,02.12.2020.,14:10:00,0,0,0,0,0,0,0,G,0,0
402,02.12.2020.,14:15:00,0,0,0,0,0,0,0,G,0,0
403,02.12.2020.,14:20:00,0,0,0,0,0,0,0,G,0,0
404,02.12.2020.,14:25:00,0,0,0,0,0,0,0,G,0,0
405,02.12.2020.,14:30:00,0,0,0,0,0,0,0,G,0,0
406,02.12.2020.,14:35:00,0,0,0,0,0,0,0,G,0,0
407,02.12.2020.,14:40:00,0,0,0,0,0,0,0,G,0,0
408,02.12.2020.,14:45:00,0,0,0,0,0,0,0,G,0,0
409,02.12.2020.,14:50:00,0,0,0,0,0,0,0,G,0,0
410,02.12.2020.,14:55:00,0,0,0,0,0,0,0,G,0,0
411,02.12.2020.,15:00:00,0,0,0,0,0,0,0,G,0,0
412,02.12.2020.,15:05:00,0,0,0,0,0,0,0,G,0,0
413,02.12.2020.,15:10:00,0,0,0,0,0,0,0,G,0,0
414,02.12.2020.,15:15:00,0,0,0,0,0,0,0,G,0,0
415,02.12.2020.,15:20:00,0,0,0,0,0,0,0,G,0,0
416,02.12.2020.,15:25:00,0,0,0,0,0,0,0,G,0,0
417,02.12.2020.,15:30:00,0,0,0,0,0,0,0,G,0,0
418,02.12.2020.,15:35:00,0,0,0,0,0,0,0,G,0,0
419,02.12.2020.,15:40:00,0,0,0,0,0,0,0,G,0,0
420,02.12.2020.,15:45:00,0,0,0,0,0,0,0,G,0,0
421,02.12.2020.,15:50:00,0,0,0,0,0,0,0,G,0,0
422,02.12.2020.,15:55:00,0,0,0,0,0,0,0,G,0,0
423,02.12.2020.,16:00:00,0,0,0,0,0,0,0,G,0,0
424,02.12.2020.,16:05:00,0,0,0,0,0,0,0,G,0,0
425,02.12.2020.,16:10:00,0,0,0,0,0,0,0,G,0,0
426,02.12.2020.,16:15:00,0,0,0,0,0,0,0,G,0,0
427,02.12.2020.,16:20:00,0,0,0,0,0,0,0,G,0,0
428,02.12.2020.,16:25:00,0,0,0,0,0,0,0,G,0,0
429,02.12.2020.,16:30:00,0,0,0,0,0,0,0,G,0,0
430,02.12.2020.,16:35:00,0,0,0,0,0,0,0,G,0,0
431,02.12.2020.,16:40:00,0,0,0,0,0,0,0,G,0,0
432,02.12.2020.,16:45:00,0,0,0,0,0,0,0,G,0,0
433,02.12.2020.,16:50:00,0,0,0,0,0,0,0,G,0,0
434,02.12.2020.,16:55:00,0,0,0,0,0,0,0,G,0,0
435,02.12.2020.,17:00:00,0,0,0,0,0,0,0,G,0,0
436,02.12.2020.,17:05:00,0,0,0,0,0,0,0,G,0,0
437,02.12.2020.,17:10:00,0,0,0,0,0,0,0,G,0,0
438,02.12.2020.,17:15:00,0,0,0,0,0,0,0,G,0,0
439,02.12.2020.,17:20:00,0,0,0,0,0,0,0,G,0,0
440,02.12.2020.,17:25:00,0,0,0,0,0,0,0,G,0,0
441,02.12.2020.,17:30:00,0,0,0,0,0,0,0,G,0,0
442,02.12.2020.,17:35:00,0,0,0,0,0,0,0,G,0,0
443,02.12.2020.,17:40:00,0,0,0,0,0,0,0,G,0,0
444,02.12.2020.,17:45:00,0,0,0,0,0,0,0,G,0,0
445,02.12.2020.,17:50:00,0,0,0,0,0,0,0,G,0,0
446,02.12.2020.,17:55:00,0,0,0,0,0,0,0,G,0,0
447,02.12.2020.,18:00:00,0,0,0,0,0,0,0,G,0,0
448,02.12.2020.,18:05:00,0,0,0,0,0,0,0,G,0,0
449,02.12.2020.,18:10:00,0,0,0,0,0,0,0,G,0,0
450,02.12.2020.,18:15:00,0,0,0,0,0,0,0,G,0,0
451,02.12.2020.,18:20:00,0,0,0,0,0,0,0,G,0,0
452,02.12.2020.,18:25:00,0,0,0,0,0,0,0,G,0,0
453,02.12.2020.,18:30:00,0,0,0,0,0,0,0,G,0,0
454,02.12.2020.,18:35:00,0,0,0,0,0,0,0,G,0,0
455,02.12.2020.,18:40:00,0,0,0,0,0,0,0,G,0,0
456,02.12.2020.,18:45:00,0,0,0,0,0,0,0,G,0,0
457,02.12.2020.,18:50:00,0,0,0,0,0,0,0,G,0,0
458,02.12.2020.,18:55:00,0,0,0,0,0,0,0,G,0,0
459,02.12.2020.,19:00:00,0,0,0,0,0,0,0,G,0,0
460,02.12.2020.,19:05:00,0,0,0,0,0,0,0,G,0,0
461,02.12.2020.,19:10:00,0,0,0,0,0,0,0,G,0,0
462,02.12.2020.,19:15:00,0,0,0,0,0,0,0,G,0,0
463,02.12.2020.,19:20:00,0,0,0,0,0,0,0,G,0,0
464,02.12.2020.,19:25:00,0,0,0,0,0,0,0,G,0,0
465,02.12.2020.,19:30:00,0,0,0,0,0,0,0,G,0,0
466,02.12.2020.,19:35:00,0,0,0,0,0,0,0,G,0,0
467,02.12.2020.,19:40:00,0,0,0,0,0,0,0,G,0,0
468,02.12.2020.,19:45:00,0,0,0,0,0,0,0,G,0,0
469,02.12.2020.,19:50:00,0,0,0,0,0,0,0,G,0,0
470,02.12.2020.,19:55:00,0,0,0,0,0,0,0,G,0,0
471,02.12.2020.,20:00:00,0,0,0,0,0,0,0,G,0,0
472,02.12.2020.,20:05:00,0,0,0,0,0,0,0,G,0,0
473,02.12.2020.,20:10:00,0,0,0,0,0,0,0,G,0,0
474,02.12.2020.,20:15:00,0,0,0,0,0,0,0,G,0,0
475,02.12.2020.,20:20:00,0,0,0,0,0,0,0,G,0,0
476,02.12.2020.,20:25:00,0,0,0,0,0,0,0,G,0,0
477,02.12.2020.,20:30:00,0,0,0,0,0,0,0,G,0,0
478,02.12.2020.,20:35:00,0,0,0,0,0,0,0,G,0,0
479,02.12.2020.,20:40:00,0,0,0,0,0,0,0,G,0,0
480,02.12.2020.,20:45:00,0,0,0,0,0,0,0,G,0,0
481,02.12.2020.,20:50:00,0,0,0,0,0,0,0,G,0,0
482,02.12.2020.,20:55:00,0,0,0,0,0,0,0,G,0,0
483,02.12.2020.,21:00:00,0,0,0,0,0,0,0,G,0,0
484,02.12.2020.,21:05:00,0,0,0,0,0,0,0,G,0,0
485,02.12.2020.,21:10:00,0,0,0,0,0,0,0,G,0,0
486,02.12.2020.,21:15:00,0,0,0,0,0,0,0,G,0,0
487,02.12.2020.,21:20:00,0,0,0,0,0,0,0,G,0,0
488,02.12.2020.,21:25:00,0,0,0,0,0,0,0,G,0,0
489,02.12.2020.,21:30:00,0,0,0,0,0,0,0,G,0,0
490,02.12.2020.,21:35:00,0,0,0,0,0,0,0,G,0,0
491,02.12.2020.,21:40:00,0,0,0,0,0,0,0,G,0,0
492,02.12.2020.,21:45:00,0,0,0,0,0,0,0,G,0,0
493,02.12.2020.,21:50:00,0,0,0,0,0,0,0,G,0,0
494,02.12.2020.,21:55:00,0,0,0,0,0,0,0,G,0,0
495,02.12.2020.,22:00:00,0,0,0,0,0,0,0,G,0,0
496,02.12.2020.,22:05:00,0,0,0,0,0,0,0,G,0,0
497,02.12.2020.,22:10:00,0,0,0,0,0,0,0,G,0,0
498,02.12.2020.,22:15:00,0,0,0,0,0,0,0,G,0,0
499,02.12.2020.,22:20:00,0,0,0,0,0,0,0,G,0,0
500,02.12.2020.,22:25:00,0,0,0,0,0,0,0,G,0,0
501,02.12.2020.,22:30:00,0,0,0,0,0,0,0,G,0,0
502,02.12.2020.,22:35:00,0,0,0,0,0,0,0,G,0,0
503,02.12.2020.,22:40:00,0,0,0,0,0,0,0,G,0,0
504,02.12.2020.,22:45:00,0,0,0,0,0,0,0,G,0,0
505,02.12.2020.,22:50:00,0,0,0,0,0,0,0,G,0,0
506,02.12.2020.,22:55:00,0,0,0,0,0,0,0,G,0,0
507,02.12.2020.,23:00:00,0,0,0,0,0,0,0,G,0,0
508,02.12.2020.,23:05:00,0,0,0,0,0,0,0,G,0,0
509,02.12.2020.,23:10:00,0,0,0,0,0,0,0,G,0,0
510,02.12.2020.,23:15:00,0,0,0,0,0,0,0,G,0,0
511,02.12.2020.,23:20:00,0,0,0,0,0,0,0,G,0,0
512,02.12.2020.,23:25:00,0,0,0,0,0,0,0,G,0,0
513,02.12.2020.,23:30:00,0,0,0,0,0,0,0,G,0,0
514,02.12.2020.,23:35:00,0,0,0,0,0,0,0,G,0,0
515,02.12.2020.,23:40:00,0,0,0,0,0,0,0,G,0,0
516,02.12.2020.,23:45:00,0,0,0,0,0,0,0,G,0,0
517,02.12.2020.,23:50:00,0,0,0,0,0,0,0,G,0,0
518,02.12.2020.,23:55:00,0,0,0,0,0,0,0,G,0,0
519,03.12.2020.,00:00:00,0,0,0,0,0,0,0,G,0,0
520,03.12.2020.,00:05:00,0,0,0,0,0,0,0,G,0,0
521,03.12.2020.,00:10:00,0,0,0,0,0,0,0,G,0,0
522,03.12.2020.,00:15:00,0,0,0,0,0,0,0,G,0,0
523,03.12.2020.,00:20:00,0,0,0,0,0,0,0,G,0,0
524,03.12.2020.,00:25:00,0,0,0,0,0,0,0,G,0,0
525,03.12.2020.,00:30:00,0,0,0,0,0,0,0,G,0,0
526,03.12.2020.,00:35:00,0,0,0,0,0,0,0,G,0,0
527,03.12.2020.,00:40:00,0,0,0,0,0,0,0,G,0,0
528,03.12.2020.,00:45:00,0,0,0,0,0,0,0,G,0,0
529,03.12.2020.,00:50:00,0,0,0,0,0,0,0,G,0,0
530,03.12.2020.,00:55:00,0,0,0,0,0,0,0,G,0,0
531,03.12.2020.,01:00:00,0,0,0,0,0,0,0,G,0,0
532,03.12.2020.,01:05:00,0,0,0,0,0,0,0,G,0,0
533,03.12.2020.,01:10:00,0,0,0,0,0,0,0,G,0,0
534,03.12.2020.,01:15:00,0,0,0,0,0,0,0,G,0,0
535,03.12.2020.,01:20:00,0,0,0,0,0,0,0,G,0,0
536,03.12.2020.,01:25:00,0,0,0,0,0,0,0,G,0,0
537,03.12.2020.,01:30:00,0,0,0,0,0,0,0,G,0,0
538,03.12.2020.,01:35:00,0,0,0,0,0,0,0,G,0,0
539,03.12.2020.,01:40:00,0,0,0,0,0,0,0,G,0,0
540,03.12.2020.,01:45:00,0,0,0,0,0,0,0,G,0,0
541,03.12.2020.,01:50:00,0,0,0,0,0,0,0,G,0,0
542,03.12.2020.,01:55:00,0,0,0,0,0,0,0,G,0,0
543,03.12.2020.,02:00:00,0,0,0,0,0,0,0,G,0,0
544,03.12.2020.,02:05:00,0,0,0,0,0,0,0,G,0,0
545,03.12.2020.,02:10:00,0,0,0,0,0,0,0,G,0,0
546,03.12.2020.,02:15:00,0,0,0,0,0,0,0,G,0,0
547,03.12.2020.,02:20:00,0,0,0,0,0,0,0,G,0,0
548,03.12.2020.,02:25:00,0,0,0,0,0,0,0,G,0,0
549,03.12.2020.,02:30:00,0,0,0,0,0,0,0,G,0,0
550,03.12.2020.,02:35:00,0,0,0,0,0,0,0,G,0,0
551,03.12.2020.,02:40:00,0,0,0,0,0,0,0,G,0,0
552,03.12.2020.,02:45:00,0,0,0,0,0,0,0,G,0,0
553,03.12.2020.,02:50:00,0,0,0,0,0,0,0,G,0,0
554,03.12.2020.,02:55:00,0,0,0,0,0,0,0,G,0,0
555,03.12.2020.,03:00:00,0,0,0,0,0,0,0,G,0,0
556,03.12.2020.,03:05:00,0,0,0,0,0,0,0,G,0,0
557,03.12.2020.,03:10:00,0,0,0,0,0,0,0,G,0,0
558,03.12.2020.,03:15:00,0,0,0,0,0,0,0,G,0,0
559,03.12.2020.,03:20:00,0,0,0,0,0,0,0,G,0,0
560,03.12.2020.,03:25:00,0,0,0,0,0,0,0,G,0,0
561,03.12.2020.,03:30:00,0,0,0,0,0,0,0,G,0,0
562,03.12.2020.,03:35:00,0,0,0,0,0,0,0,G,0,0
563,03.12.2020.,03:40:00,0,0,0,0,0,0,0,G,0,0
564,03.12.2020.,03:45:00,0,0,0,0,0,0,0,G,0,0
565,03.12.2020.,03:50:00,0,0,0,0,0,0,0,G,0,0
566,03.12.2020.,03:55:00,0,0,0,0,0,0,0,G,0,0
567,03.12.2020.,04:00:00,0,0,0,0,0,0,0,G,0,0
568,03.12.2020.,04:05:00,0,0,0,0,0,0,0,G,0,0
569,03.12.2020.,04:10:00,0,0,0,0,0,0,0,G,0,0
570,03.12.2020.,04:15:00,0,0,0,0,0,0,0,G,0,0
571,03.12.2020.,04:20:00,0,0,0,0,0,0,0,G,0,0
572,03.12.2020.,04:25:00,0,0,0,0,0,0,0,G,0,0
573,03.12.2020.,04:30:00,0,0,0,0,0,0,0,G,0,0
574,03.12.2020.,04:35:00,0,0,0,0,0,0,0,G,0,0
575,03.12.2020.,04:40:00,0,0,0,0,0,0,0,G,0,0
576,03.12.2020.,04:45:00,0,0,0,0,0,0,0,G,0,0
577,03.12.2020.,04:50:00,0,0,0,0,0,0,0,G,0,0
578,03.12.2020.,04:55:00,0,0,0,0,0,0,0,G,0,0
579,03.12.2020.,05:00:00,0,0,0,0,0,0,0,G,0,0
580,03.12.2020.,05:05:00,0,0,0,0,0,0,0,G,0,0
581,03.12.2020.,05:10:00,0,0,0,0,0,0,0,G,0,0
582,03.12.2020.,05:15:00,0,0,0,0,0,0,0,G,0,0
583,03.12.2020.,05:20:00,0,0,0,0,0,0,0,G,0,0
584,03.12.2020.,05:25:00,0,0,0,0,0,0,0,G,0,0
585,03.12.2020.,05:30:00,0,0,0,0,0,0,0,G,0,0
586,03.12.2020.,05:35:00,0,0,0,0,0,0,0,G,0,0
587,03.12.2020.,05:40:00,0,0,0,0,0,0,0,G,0,0
588,03.12.2020.,05:45:00,0,0,0,0,0,0,0,G,0,0
589,03.12.2020.,05:50:00,0,0,0,0,0,0,0,G,0,0
590,03.12.2020.,05:55:00,0,0,0,0,0,0,0,G,0,0
591,03.12.2020.,06:00:00,0,0,0,0,0,0,0,G,0,0
592,03.12.2020.,06:05:00,0,0,0,0,0,0,0,G,0,0
593,03.12.2020.,06:10:00,0,0,0,0,0,0,0,G,0,0
594,03.12.2020.,06:15:00,0,0,0,0,0,0,0,G,0,0
595,03.12.2020.,06:20:00,0,0,0,0,0,0,0,G,0,0
596,03.12.2020.,06:25:00,0,0,0,0,0,0,0,G,0,0
597,03.12.2020.,06:30:00,0,0,0,0,0,0,0,G,0,0
598,03.12.2020.,06:35:00,0,0,0,0,0,0,0,G,0,0
599,03.12.2020.,06:40:00,0,0,0,0,0,0,0,G,0,0
600,03.12.2020.,06:45:00,0,0,0,0,0,0,0,G,0,0
601,03.12.2020.,06:50:00,0,0,0,0,0,0,0,G,0,0
602,03.12.2020.,06:55:00,0,0,0,0,0,0,0,G,0,0
603,03.12.2020.,07:00:00,0,0,0,0,0,0,0,G,0,0
604,03.12.2020.,07:05:00,0,0,0,0,0,0,0,G,0,0
605,03.12.2020.,07:10:00,0,0,0,0,0,0,0,G,0,0
606,03.12.2020.,07:15:00,0,0,0,0,0,0,0,G,0,0
607,03.12.2020.,07:20:00,0,0,0,0,0,0,0,G,0,0
608,03.12.2020.,07:25:00,0,0,0,0,0,0,0,G,0,0
609,03.12.2020.,07:30:00,0,0,0,0,0,0,0,G,0,0
610,03.12.2020.,07:35:00,0,0,0,0,0,0,0,G,0,0
611,03.12.2020.,07:40:00,0,0,0,0,0,0,0,G,0,0
612,03.12.2020.,07:45:00,0,0,0,0,0,0,0,G,0,0
613,03.12.2020.,07:50:00,0,0,0,0,0,0,0,G,0,0
614,03.12.2020.,07:55:00,0,0,0,0,0,0,0,G,0,0
615,03.12.2020.,08:00:00,0,0,0,0,0,0,0,G,0,0
616,03.12.2020.,08:05:00,0,0,0,0,0,0,0,G,0,0
617,03.12.2020.,08:10:00,0,0,0,0,0,0,0,G,0,0
618,03.12.2020.,08:15:00,0,0,0,0,0,0,0,G,0,0
619,03.12.2020.,08:20:00,0,0,0,0,0,0,0,G,0,0
620,03.12.2020.,08:25:00,0,0,0,0,0,0,0,G,0,0
621,03.12.2020.,08:30:00,0,0,0,0,0,0,0,G,0,0
622,03.12.2020.,08:35:00,0,0,0,0,0,0,0,G,0,0
623,03.12.2020.,08:40:00,0,0,0,0,0,0,0,G,0,0
624,03.12.2020.,08:45:00,0,0,0,0,0,0,0,G,0,0
625,03.12.2020.,08:50:00,0,0,0,0,0,0,0,G,0,0
626,03.12.2020.,08:55:00,0,0,0,0,0,0,0,G,0,0
627,03.12.2020.,09:00:00,0,0,0,0,0,0,0,G,0,0
628,03.12.2020.,09:05:00,0,0,0,0,0,0,0,G,0,0
629,03.12.2020.,09:10:00,0,0,0,0,0,0,0,G,0,0
630,03.12.2020.,09:15:00,0,0,0,0,0,0,0,G,0,0
631,03.12.2020.,09:20:00,0,0,0,0,0,0,0,G,0,0
632,03.12.2020.,09:25:00,0,0,0,0,0,0,0,G,0,0
633,03.12.2020.,09:30:00,0,0,0,0,0,0,0,G,0,0
634,03.12.2020.,09:35:00,0,0,0,0,0,0,0,G,0,0
635,03.12.2020.,09:40:00,0,0,0,0,0,0,0,G,0,0
636,03.12.2020.,09:45:00,0,0,0,0,0,0,0,G,0,0
637,03.12.2020.,09:50:00,0,0,0,0,0,0,0,G,0,0
638,03.12.2020.,09:55:00,0,0,0,0,0,0,0,G,0,0
639,03.12.2020.,10:00:00,0,0,0,0,0,0,0,G,0,0
640,03.12.2020.,10:05:00,0,0,0,0,0,0,0,G,0,0
641,03.12.2020.,10:10:00,0,0,0,0,0,0,0,G,0,0
642,03.12.2020.,10:15:00,0,0,0,0,0,0,0,G,0,0
643,03.12.2020.,10:20:00,0,0,0,0,0,0,0,G,0,0
644,03.12.2020.,10:25:00,0,0,0,0,0,0,0,G,0,0
645,03.12.2020.,10:30:00,0,0,0,0,0,0,0,G,0,0
646,03.12.2020.,10:35:00,0,0,0,0,0,0,0,G,0,0
647,03.12.2020.,10:40:00,0,0,0,0,0,0,0,G,0,0
648,03.12.2020.,10:45:00,0,0,0,0,0,0,0,G,0,0
649,03.12.2020.,10:50:00,0,0,0,0,0,0,0,G,0,0
650,03.12.2020.,10:55:00,0,0,0,0,0,0,0,G,0,0
651,03.12.2020.,11:00:00,0,0,0,0,0,0,0,G,0,0
652,03.12.2020.,11:05:00,0,0,0,0,0,0,0,G,0,0
653,03.12.2020.,11:10:00,0,0,0,0,0,0,0,G,0,0
654,03.12.2020.,11:15:00,0,0,0,0,0,0,0,G,0,0
655,03.12.2020.,11:20:00,0,0,0,0,0,0,0,G,0,0
656,03.12.2020.,11:25:00,0,0,0,0,0,0,0,G,0,0
657,03.12.2020.,11:30:00,0,0,0,0,0,0,0,G,0,0
658,03.12.2020.,11:35:00,0,0,0,0,0,0,0,G,0,0
659,03.12.2020.,11:40:00,0,0,0,0,0,0,0,G,0,0
660,03.12.2020.,11:45:00,0,0,0,0,0,0,0,G,0,0
661,03.12.2020.,11:50:00,0,0,0,0,0,0,0,G,0,0
662,03.12.2020.,11:55:00,0,0,0,0,0,0,0,G,0,0
663,03.12.2020.,12:00:00,0,0,0,0,0,0,0,G,0,0
664,03.12.2020.,12:05:00,0,0,0,0,0,0,0,G,0,0
665,03.12.2020.,12:10:00,0,0,0,0,0,0,0,G,0,0
666,03.12.2020.,12:15:00,0,0,0,0,0,0,0,G,0,0
667,03.12.2020.,12:20:00,0,0,0,0,0,0,0,G,0,0
668,03.12.2020.,12:25:00,0,0,0,0,0,0,0,G,0,0
669,03.12.2020.,12:30:00,0,0,0,0,0,0,0,G,0,0
670,03.12.2020.,12:35:00,0,0,0,0,0,0,0,G,0,0
671,03.12.2020.,12:40:00,0,0,0,0,0,0,0,G,0,0
672,03.12.2020.,12:45:00,0,0,0,0,0,0,0,G,0,0
673,03.12.2020.,12:50:00,0,0,0,0,0,0,0,G,0,0
674,03.12.2020.,12:55:00,0,0,0,0,0,0,0,G,0,0
675,03.12.2020.,13:00:00,0,0,0,0,0,0,0,G,0,0
676,03.12.2020.,13:05:00,0,0,0,0,0,0,0,G,0,0
677,03.12.2020.,13:10:00,0,0,0,0,0,0,0,G,0,0
678,03.12.2020.,13:15:00,0,0,0,0,0,0,0,G,0,0
679,03.12.2020.,13:20:00,0,0,0,0,0,0,0,G,0,0
680,03.12.2020.,13:25:00,0,0,0,0,0,0,0,G,0,0
681,03.12.2020.,13:30:00,0,0,0,0,0,0,0,G,0,0
682,03.12.2020.,13:35:00,0,0,0,0,0,0,0,G,0,0
683,03.12.2020.,13:40:00,0,0,0,0,0,0,0,G,0,0
684,03.12.2020.,13:45:00,0,0,0,0,0,0,0,G,0,0
685,03.12.2020.,13:50:00,0,0,0,0,0,0,0,G,0,0
686,03.12.2020.,13:55:00,0,0,0,0,0,0,0,G,0,0
687,03.12.2020.,14:00:00,0,0,0,0,0,0,0,G,0,0
688,03.12.2020.,14:05:00,0,0,0,0,0,0,0,G,0,0
689,03.12.2020.,14:10:00,0,0,0,0,0,0,0,G,0,0
690,03.12.2020.,14:15:00,0,0,0,0,0,0,0,G,0,0
691,03.12.2020.,14:20:00,0,0,0,0,0,0,0,G,0,0
692,03.12.2020.,14:25:00,0,0,0,0,0,0,0,G,0,0
693,03.12.2020.,14:30:00,0,0,0,0,0,0,0,G,0,0
694,03.12.2020.,14:35:00,0,0,0,0,0,0,0,G,0,0
695,03.12.2020.,14:40:00,0,0,0,0,0,0,0,G,0,0
696,03.12.2020.,14:45:00,0,0,0,0,0,0,0,G,0,0
697,03.12.2020.,14:50:00,0,0,0,0,0,0,0,G,0,0
698,03.12.2020.,14:55:00,0,0,0,0,0,0,0,G,0,0
699,03.12.2020.,15:00:00,0,0,0,0,0,0,0,G,0,0
700,03.12.2020.,15:05:00,0,0,0,0,0,0,0,G,0,0
701,03.12.2020.,15:10:00,0,0,0,0,0,0,0,G,0,0
702,03.12.2020.,15:15:00,0,0,0,0,0,0,0,G,0,0
703,03.12.2020.,15:20:00,0,0,0,0,0,0,0,G,0,0
704,03.12.2020.,15:25:00,0,0,0,0,0,0,0,G,0,0
705,03.12.2020.,15:30:00,0,0,0,0,0,0,0,G,0,0
706,03.12.2020.,15:35:00,0,0,0,0,0,0,0,G,0,0
707,03.12.2020.,15:40:00,0,0,0,0,0,0,0,G,0,0
708,03.12.2020.,15:45:00,0,0,0,0,0,0,0,G,0,0
709,03.12.2020.,15:50:00,0,0,0,0,0,0,0,G,0,0
710,03.12.2020.,15:55:00,0,0,0,0,0,0,0,G,0,0
711,03.12.2020.,16:00:00,0,0,0,0,0,0,0,G,0,0
712,03.12.2020.,16:05:00,0,0,0,0,0,0,0,G,0,0
713,03.12.2020.,16:10:00,0,0,0,0,0,0,0,G,0,0
714,03.12.2020.,16:15:00,0,0,0,0,0,0,0,G,0,0
715,03.12.2020.,16:20:00,0,0,0,0,0,0,0,G,0,0
716,03.12.2020.,16:25:00,0,0,0,0,0,0,0,G,0,0
717,03.12.2020.,16:30:00,0,0,0,0,0,0,0,G,0,0
718,03.12.2020.,16:35:00,0,0,0,0,0,0,0,G,0,0
719,03.12.2020.,16:40:00,0,0,0,0,0,0,0,G,0,0
720,03.12.2020.,16:45:00,0,0,0,0,0,0,0,G,0,0
721,03.12.2020.,16:50:00,0,0,0,0,0,0,0,G,0,0
722,03.12.2020.,16:55:00,0,0,0,0,0,0,0,G,0,0
723,03.12.2020.,17:00:00,0,0,0,0,0,0,0,G,0,0
724,03.12.2020.,17:05:00,0,0,0,0,0,0,0,G,0,0
725,03.12.2020.,17:10:00,0,0,0,0,0,0,0,G,0,0
726,03.12.2020.,17:15:00,0,0,0,0,0,0,0,G,0,0
727,03.12.2020.,17:20:00,0,0,0,0,0,0,0,G,0,0
728,03.12.2020.,17:25:00,0,0,0,0,0,0,0,G,0,0
729,03.12.2020.,17:30:00,0,0,0,0,0,0,0,G,0,0
730,03.12.2020.,17:35:00,0,0,0,0,0,0,0,G,0,0
731,03.12.2020.,17:40:00,0,0,0,0,0,0,0,G,0,0
732,03.12.2020.,17:45:00,0,0,0,0,0,0,0,G,0,0
733,03.12.2020.,17:50:00,0,0,0,0,0,0,0,G,0,0
734,03.12.2020.,17:55:00,0,0,0,0,0,0,0,G,0,0
735,03.12.2020.,18:00:00,0,0,0,0,0,0,0,G,0,0
736,03.12.2020.,18:05:00,0,0,0,0,0,0,0,G,0,0
737,03.12.2020.,18:10:00,0,0,0,0,0,0,0,G,0,0
738,03.12.2020.,18:15:00,0,0,0,0,0,0,0,G,0,0
739,03.12.2020.,18:20:00,0,0,0,0,0,0,0,G,0,0
740,03.12.2020.,18:25:00,0,0,0,0,0,0,0,G,0,0
741,03.12.2020.,18:30:00,0,0,0,0,0,0,0,G,0,0
742,03.12.2020.,18:35:00,0,0,0,0,0,0,0,G,0,0
743,03.12.2020.,18:40:00,0,0,0,0,0,0,0,G,0,0
744,03.12.2020.,18:45:00,0,0,0,0,0,0,0,G,0,0
745,03.12.2020.,18:50:00,0,0,0,0,0,0,0,G,0,0
746,03.12.2020.,18:55:00,0,0,0,0,0,0,0,G,0,0
747,03.12.2020.,19:00:00,0,0,0,0,0,0,0,G,0,0
748,03.12.2020.,19:05:00,0,0,0,0,0,0,0,G,0,0
749,03.12.2020.,19:10:00,0,0,0,0,0,0,0,G,0,0
750,03.12.2020.,19:15:00,0,0,0,0,0,0,0,G,0,0
751,03.12.2020.,19:20:00,0,0,0,0,0,0,0,G,0,0
752,03.12.2020.,19:25:00,0,0,0,0,0,0,0,G,0,0
753,03.12.2020.,19:30:00,0,0,0,0,0,0,0,G,0,0
754,03.12.2020.,19:35:00,0,0,0,0,0,0,0,G,0,0
755,03.12.2020.,19:40:00,0,0,0,0,0,0,0,G,0,0
756,03.12.2020.,19:45:00,0,0,0,0,0,0,0,G,0,0
757,03.12.2020.,19:50:00,0,0,0,0,0,0,0,G,0,0
758,03.12.2020.,19:55:00,0,0,0,0,0,0,0,G,0,0
759,03.12.2020.,20:00:00,0,0,0,0,0,0,0,G,0,0
760,03.12.2020.,20:05:00,0,0,0,0,0,0,0,G,0,0
761,03.12.2020.,20:10:00,0,0,0,0,0,0,0,G,0,0
762,03.12.2020.,20:15:00,0,0,0,0,0,0,0,G,0,0
763,03.12.2020.,20:20:00,0,0,0,0,0,0,0,G,0,0
764,03.12.2020.,20:25:00,0,0,0,0,0,0,0,G,0,0
765,03.12.2020.,20:30:00,0,0,0,0,0,0,0,G,0,0
766,03.12.2020.,20:35:00,0,0,0,0,0,0,0,G,0,0
767,03.12.2020.,20:40:00,0,0,0,0,0,0,0,G,0,0
768,03.12.2020.,20:45:00,0,0,0,0,0,0,0,G,0,0
769,03.12.2020.,20:50:00,0,0,0,0,0,0,0,G,0,0
770,03.12.2020.,20:55:00,0,0,0,0,0,0,0,G,0,0
771,03.12.2020.,21:00:00,0,0,0,0,0,0,0,G,0,0
772,03.12.2020.,21:05:00,0,0,0,0,0,0,0,G,0,0
773,03.12.2020.,21:10:00,0,0,0,0,0,0,0,G,0,0
774,03.12.2020.,21:15:00,0,0,0,0,0,0,0,G,0,0
775,03.12.2020.,21:20:00,0,0,0,0,0,0,0,G,0,0
776,03.12.2020.,21:25:00,0,0,0,0,0,0,0,G,0,0
777,03.12.2020.,21:30:00,0,0,0,0,0,0,0,G,0,0
778,03.12.2020.,21:35:00,0,0,0,0,0,0,0,G,0,0
779,03.12.2020.,21:40:00,0,0,0,0,0,0,0,G,0,0
780,03.12.2020.,21:45:00,0,0,0,0,0,0,0,G,0,0
781,03.12.2020.,21:50:00,0,0,0,0,0,0,0,G,0,0
782,03.12.2020.,21:55:00,0,0,0,0,0,0,0,G,0,0
783,03.12.2020.,22:00:00,0,0,0,0,0,0,0,G,0,0
784,03.12.2020.,22:05:00,0,0,0,0,0,0,0,G,0,0
785,03.12.2020.,22:10:00,0,0,0,0,0,0,0,G,0,0
786,03.12.2020.,22:15:00,0,0,0,0,0,0,0,G,0,0
787,03.12.2020.,22:20:00,0,0,0,0,0,0,0,G,0,0
788,03.12.2020.,22:25:00,0,0,0,0,0,0,0,G,0,0
789,03.12.2020.,22:30:00,0,0,0,0,0,0,0,G,0,0
790,03.12.2020.,22:35:00,0,0,0,0,0,0,0,G,0,0
791,03.12.2020.,22:40:00,0,0,0,0,0,0,0,G,0,0
792,03.12.2020.,22:45:00,0,0,0,0,0,0,0,G,0,0
793,03.12.2020.,22:50:00,0,0,0,0,0,0,0,G,0,0
794,03.12.2020.,22:55:00,0,0,0,0,0,0,0,G,0,0
795,03.12.2020.,23:00:00,0,0,0,0,0,0,0,G,0,0
796,03.12.2020.,23:05:00,0,0,0,0,0,0,0,G,0,0
797,03.12.2020.,23:10:00,0,0,0,0,0,0,0,G,0,0
798,03.12.2020.,23:15:00,0,0,0,0,0,0,0,G,0,0
799,03.12.2020.,23:20:00,0,0,0,0,0,0,0,G,0,0
800,03.12.2020.,23:25:00,0,0,0,0,0,0,0,G,0,0
801,03.12.2020.,23:30:00,0,0,0,0,0,0,0,G,0,0
802,03.12.2020.,23:35:00,0,0,0,0,0,0,0,G,0,0
803,03.12.2020.,23:40:00,0,0,0,0,0,0,0,G,0,0
804,03.12.2020.,23:45:00,0,0,0,0,0,0,0,G,0,0
805,03.12.2020.,23:50:00,0,0,0,0,0,0,0,G,0,0
806,03.12.2020.,23:55:00,0,0,0,0,0,0,0,G,0,0
807,04.12.2020.,00:00:00,0,0,0,0,0,0,0,G,0,0
808,04.12.2020.,00:05:00,0,0,0,0,0,0,0,G,0,0
809,04.12.2020.,00:10:00,0,0,0,0,0,0,0,G,0,0
810,04.12.2020.,00:15:00,0,0,0,0,0,0,0,G,0,0
811,04.12.2020.,00:20:00,0,0,0,0,0,0,0,G,0,0
812,04.12.2020.,00:25:00,0,0,0,0,0,0,0,G,0,0
813,04.12.2020.,00:30:00,0,0,0,0,0,0,0,G,0,0
814,04.12.2020.,00:35:00,0,0,0,0,0,0,0,G,0,0
815,04.12.2020.,00:40:00,0,0,0,0,0,0,0,G,0,0
816,04.12.2020.,00:45:00,0,0,0,0,0,0,0,G,0,0
817,04.12.2020.,00:50:00,0,0,0,0,0,0,0,G,0,0
818,04.12.2020.,00:55:00,0,0,0,0,0,0,0,G,0,0
819,04.12.2020.,01:00:00,0,0,0,0,0,0,0,G,0,0
820,04.12.2020.,01:05:00,0,0,0,0,0,0,0,G,0,0
821,04.12.2020.,01:10:00,0,0,0,0,0,0,0,G,0,0
822,04.12.2020.,01:15:00,0,0,0,0,0,0,0,G,0,0
823,04.12.2020.,01:20:00,0,0,0,0,0,0,0,G,0,0
824,04.12.2020.,01:25:00,0,0,0,0,0,0,0,G,0,0
825,04.12.2020.,01:30:00,0,0,0,0,0,0,0,G,0,0
826,04.12.2020.,01:35:00,0,0,0,0,0,0,0,G,0,0
827,04.12.2020.,01:40:00,0,0,0,0,0,0,0,G,0,0
828,04.12.2020.,01:45:00,0,0,0,0,0,0,0,G,0,0
829,04.12.2020.,01:50:00,0,0,0,0,0,0,0,G,0,0
830,04.12.2020.,01:55:00,0,0,0,0,0,0,0,G,0,0
831,04.12.2020.,02:00:00,0,0,0,0,0,0,0,G,0,0
832,04.12.2020.,02:05:00,0,0,0,0,0,0,0,G,0,0
833,04.12.2020.,02:10:00,0,0,0,0,0,0,0,G,0,0
834,04.12.2020.,02:15:00,0,0,0,0,0,0,0,G,0,0
835,04.12.2020.,02:20:00,0,0,0,0,0,0,0,G,0,0
836,04.12.2020.,02:25:00,0,0,0,0,0,0,0,G,0,0
837,04.12.2020.,02:30:00,0,0,0,0,0,0,0,G,0,0
838,04.12.2020.,02:35:00,0,0,0,0,0,0,0,G,0,0
839,04.12.2020.,02:40:00,0,0,0,0,0,0,0,G,0,0
840,04.12.2020.,02:45:00,0,0,0,0,0,0,0,G,0,0
841,04.12.2020.,02:50:00,0,0,0,0,0,0,0,G,0,0
842,04.12.2020.,02:55:00,0,0,0,0,0,0,0,G,0,0
843,04.12.2020.,03:00:00,0,0,0,0,0,0,0,G,0,0
844,04.12.2020.,03:05:00,0,0,0,0,0,0,0,G,0,0
845,04.12.2020.,03:10:00,0,0,0,0,0,0,0,G,0,0
846,04.12.2020.,03:15:00,0,0,0,0,0,0,0,G,0,0
847,04.12.2020.,03:20:00,0,0,0,0,0,0,0,G,0,0
848,04.12.2020.,03:25:00,0,0,0,0,0,0,0,G,0,0
849,04.12.2020.,03:30:00,0,0,0,0,0,0,0,G,0,0
850,04.12.2020.,03:35:00,0,0,0,0,0,0,0,G,0,0
851,04.12.2020.,03:40:00,0,0,0,0,0,0,0,G,0,0
852,04.12.2020.,03:45:00,0,0,0,0,0,0,0,G,0,0
853,04.12.2020.,03:50:00,0,0,0,0,0,0,0,G,0,0
854,04.12.2020.,03:55:00,0,0,0,0,0,0,0,G,0,0
855,04.12.2020.,04:00:00,0,0,0,0,0,0,0,G,0,0
856,04.12.2020.,04:05:00,0,0,0,0,0,0,0,G,0,0
857,04.12.2020.,04:10:00,0,0,0,0,0,0,0,G,0,0
858,04.12.2020.,04:15:00,0,0,0,0,0,0,0,G,0,0
859,04.12.2020.,04:20:00,0,0,0,0,0,0,0,G,0,0
860,04.12.2020.,04:25:00,0,0,0,0,0,0,0,G,0,0
861,04.12.2020.,04:30:00,0,0,0,0,0,0,0,G,0,0
862,04.12.2020.,04:35:00,0,0,0,0,0,0,0,G,0,0
863,04.12.2020.,04:40:00,0,0,0,0,0,0,0,G,0,0
864,04.12.2020.,04:45:00,0,0,0,0,0,0,0,G,0,0
865,04.12.2020.,04:50:00,0,0,0,0,0,0,0,G,0,0
866,04.12.2020.,04:55:00,0,0,0,0,0,0,0,G,0,0
867,04.12.2020.,05:00:00,0,0,0,0,0,0,0,G,0,0
868,04.12.2020.,05:05:00,0,0,0,0,0,0,0,G,0,0
869,04.12.2020.,05:10:00,0,0,0,0,0,0,0,G,0,0
870,04.12.2020.,05:15:00,0,0,0,0,0,0,0,G,0,0
871,04.12.2020.,05:20:00,0,0,0,0,0,0,0,G,0,0
872,04.12.2020.,05:25:00,0,0,0,0,0,0,0,G,0,0
873,04.12.2020.,05:30:00,0,0,0,0,0,0,0,G,0,0
874,04.12.2020.,05:35:00,0,0,0,0,0,0,0,G,0,0
875,04.12.2020.,05:40:00,0,0,0,0,0,0,0,G,0,0
876,04.12.2020.,05:45:00,0,0,0,0,0,0,0,G,0,0
877,04.12.2020.,05:50:00,0,0,0,0,0,0,0,G,0,0
878,04.12.2020.,05:55:00,0,0,0,0,0,0,0,G,0,0
879,04.12.2020.,06:00:00,0,0,0,0,0,0,0,G,0,0
880,04.12.2020.,06:05:00,0,0,0,0,0,0,0,G,0,0
881,04.12.2020.,06:10:00,0,0,0,0,0,0,0,G,0,0
882,04.12.2020.,06:15:00,0,0,0,0,0,0,0,G,0,0
883,04.12.2020.,06:20:00,0,0,0,0,0,0,0,G,0,0
884,04.12.2020.,06:25:00,0,0,0,0,0,0,0,G,0,0
885,04.12.2020.,06:30:00,0,0,0,0,0,0,0,G,0,0
886,04.12.2020.,06:35:00,0,0,0,0,0,0,0,G,0,0
887,04.12.2020.,06:40:00,0,0,0,0,0,0,0,G,0,0
888,04.12.2020.,06:45:00,0,0,0,0,0,0,0,G,0,0
889,04.12.2020.,06:50:00,0,0,0,0,0,0,0,G,0,0
890,04.12.2020.,06:55:00,0,0,0,0,0,0,0,G,0,0
891,04.12.2020.,07:00:00,0,0,0,0,0,0,0,G,0,0
892,04.12.2020.,07:05:00,0,0,0,0,0,0,0,G,0,0
893,04.12.2020.,07:10:00,0,0,0,0,0,0,0,G,0,0
894,04.12.2020.,07:15:00,0,0,0,0,0,0,0,G,0,0
895,04.12.2020.,07:20:00,0,0,0,0,0,0,0,G,0,0
896,04.12.2020.,07:25:00,0,0,0,0,0,0,0,G,0,0
897,04.12.2020.,07:30:00,0,0,0,0,0,0,0,G,0,0
898,04.12.2020.,07:35:00,0,0,0,0,0,0,0,G,0,0
899,04.12.2020.,07:40:00,0,0,0,0,0,0,0,G,0,0
900,04.12.2020.,07:45:00,0,0,0,0,0,0,0,G,0,0
901,04.12.2020.,07:50:00,0,0,0,0,0,0,0,G,0,0
902,04.12.2020.,07:55:00,0,0,0,0,0,0,0,G,0,0
903,04.12.2020.,08:00:00,0,0,0,0,0,0,0,G,0,0
904,04.12.2020.,08:05:00,0,0,0,0,0,0,0,G,0,0
905,04.12.2020.,08:10:00,0,0,0,0,0,0,0,G,0,0
906,04.12.2020.,08:15:00,0,0,0,0,0,0,0,G,0,0
907,04.12.2020.,08:20:00,0,0,0,0,0,0,0,G,0,0
908,04.12.2020.,08:25:00,0,0,0,0,0,0,0,G,0,0
909,04.12.2020.,08:30:00,0,0,0,0,0,0,0,G,0,0
910,04.12.2020.,08:35:00,0,0,0,0,0,0,0,G,0,0
911,04.12.2020.,08:40:00,0,0,0,0,0,0,0,G,0,0
912,04.12.2020.,08:45:00,0,0,0,0,0,0,0,G,0,0
913,04.12.2020.,08:50:00,0,0,0,0,0,0,0,G,0,0
914,04.12.2020.,08:55:00,0,0,0,0,0,0,0,G,0,0
915,04.12.2020.,09:00:00,0,0,0,0,0,0,0,G,0,0
916,04.12.2020.,09:05:00,0,0,0,0,0,0,0,G,0,0
917,04.12.2020.,09:10:00,0,0,0,0,0,0,0,G,0,0
918,04.12.2020.,09:15:00,0,0,0,0,0,0,0,G,0,0
919,04.12.2020.,09:20:00,0,0,0,0,0,0,0,G,0,0
920,04.12.2020.,09:25:00,0,0,0,0,0,0,0,G,0,0
921,04.12.2020.,09:30:00,0,0,0,0,0,0,0,G,0,0
922,04.12.2020.,09:35:00,0,0,0,0,0,0,0,G,0,0
923,04.12.2020.,09:40:00,0,0,0,0,0,0,0,G,0,0
924,04.12.2020.,09:45:00,0,0,0,0,0,0,0,G,0,0
925,04.12.2020.,09:50:00,0,0,0,0,0,0,0,G,0,0
926,04.12.2020.,09:55:00,0,0,0,0,0,0,0,G,0,0
927,04.12.2020.,10:00:00,0,0,0,0,0,0,0,G,0,0
928,04.12.2020.,10:05:00,0,0,0,0,0,0,0,G,0,0
929,04.12.2020.,10:10:00,0,0,0,0,0,0,0,G,0,0
930,04.12.2020.,10:15:00,0,0,0,0,0,0,0,G,0,0
931,04.12.2020.,10:20:00,0,0,0,0,0,0,0,G,0,0
932,04.12.2020.,10:25:00,0,0,0,0,0,0,0,G,0,0
933,04.12.2020.,10:30:00,0,0,0,0,0,0,0,G,0,0
934,04.12.2020.,10:35:00,0,0,0,0,0,0,0,G,0,0
935,04.12.2020.,10:40:00,0,0,0,0,0,0,0,G,0,0
936,04.12.2020.,10:45:00,0,0,0,0,0,0,0,G,0,0
937,04.12.2020.,10:50:00,0,0,0,0,0,0,0,G,0,0
938,04.12.2020.,10:55:00,0,0,0,0,0,0,0,G,0,0
939,04.12.2020.,11:00:00,0,0,0,0,0,0,0,G,0,0
940,04.12.2020.,11:05:00,0,0,0,0,0,0,0,G,0,0
941,04.12.2020.,11:10:00,0,0,0,0,0,0,0,G,0,0
942,04.12.2020.,11:15:00,0,0,0,0,0,0,0,G,0,0
943,04.12.2020.,11:20:00,0,0,0,0,0,0,0,G,0,0
944,04.12.2020.,11:25:00,0,0,0,0,0,0,0,G,0,0
945,04.12.2020.,11:30:00,0,0,0,0,0,0,0,G,0,0
946,04.12.2020.,11:35:00,0,0,0,0,0,0,0,G,0,0
947,04.12.2020.,11:40:00,0,0,0,0,0,0,0,G,0,0
948,04.12.2020.,11:45:00,0,0,0,0,0,0,0,G,0,0
949,04.12.2020.,11:50:00,0,0,0,0,0,0,0,G,0,0
950,04.12.2020.,11:55:00,0,0,0,0,0,0,0,G,0,0
951,04.12.2020.,12:00:00,0,0,0,0,0,0,0,G,0,0
952,04.12.2020.,12:05:00,0,0,0,0,0,0,0,G,0,0
953,04.12.2020.,12:10:00,0,0,0,0,0,0,0,G,0,0
954,04.12.2020.,12:15:00,0,0,0,0,0,0,0,G,0,0
955,04.12.2020.,12:20:00,0,0,0,0,0,0,0,G,0,0
956,04.12.2020.,12:25:00,0,0,0,0,0,0,0,G,0,0
957,04.12.2020.,12:30:00,0,0,0,0,0,0,0,G,0,0
958,04.12.2020.,12:35:00,0,0,0,0,0,0,0,G,0,0
959,04.12.2020.,12:40:00,0,0,0,0,0,0,0,G,0,0
960,04.12.2020.,12:45:00,0,0,0,0,0,0,0,G,0,0
961,04.12.2020.,12:50:00,0,0,0,0,0,0,0,G,0,0
962,04.12.2020.,12:55:00,0,0,0,0,0,0,0,G,0,0
963,04.12.2020.,13:00:00,0,0,0,0,0,0,0,G,0,0
964,04.12.2020.,13:05:00,0,0,0,0,0,0,0,G,0,0
965,04.12.2020.,13:10:00,0,0,0,0,0,0,0,G,0,0
966,04.12.2020.,13:15:00,0,0,0,0,0,0,0,G,0,0
967,04.12.2020.,13:20:00,0,0,0,0,0,0,0,G,0,0
968,04.12.2020.,13:25:00,0,0,0,0,0,0,0,G,0,0
969,04.12.2020.,13:30:00,0,0,0,0,0,0,0,G,0,0
970,04.12.2020.,13:35:00,0,0,0,0,0,0,0,G,0,0
971,04.12.2020.,13:40:00,0,0,0,0,0,0,0,G,0,0
972,04.12.2020.,13:45:00,0,0,0,0,0,0,0,G,0,0
973,04.12.2020.,13:50:00,0,0,0,0,0,0,0,G,0,0
974,04.12.2020.,13:55:00,0,0,0,0,0,0,0,G,0,0
975,04.12.2020.,14:00:00,0,0,0,0,0,0,0,G,0,0
976,04.12.2020.,14:05:00,0,0,0,0,0,0,0,G,0,0
977,04.12.2020.,14:10:00,0,0,0,0,0,0,0,G,0,0
978,04.12.2020.,14:15:00,0,0,0,0,0,0,0,G,0,0
979,04.12.2020.,14:20:00,0,0,0,0,0,0,0,G,0,0
980,04.12.2020.,14:25:00,0,0,0,0,0,0,0,G,0,0
981,04.12.2020.,14:30:00,0,0,0,0,0,0,0,G,0,0
982,04.12.2020.,14:35:00,0,0,0,0,0,0,0,G,0,0
983,04.12.2020.,14:40:00,0,0,0,0,0,0,0,G,0,0
984,04.12.2020.,14:45:00,0,0,0,0,0,0,0,G,0,0
985,04.12.2020.,14:50:00,0,0,0,0,0,0,0,G,0,0
986,04.12.2020.,14:55:00,0,0,0,0,0,0,0,G,0,0
987,04.12.2020.,15:00:00,0,0,0,0,0,0,0,G,0,0
988,04.12.2020.,15:05:00,0,0,0,0,0,0,0,G,0,0
989,04.12.2020.,15:10:00,0,0,0,0,0,0,0,G,0,0
990,04.12.2020.,15:15:00,0,0,0,0,0,0,0,G,0,0
991,04.12.2020.,15:20:00,0,0,0,0,0,0,0,G,0,0
992,04.12.2020.,15:25:00,0,0,0,0,0,0,0,G,0,0
993,04.12.2020.,15:30:00,0,0,0,0,0,0,0,G,0,0
994,04.12.2020.,15:35:00,0,0,0,0,0,0,0,G,0,0
995,04.12.2020.,15:40:00,0,0,0,0,0,0,0,G,0,0
996,04.12.2020.,15:45:00,0,0,0,0,0,0,0,G,0,0
997,04.12.2020.,15:50:00,0,0,0,0,0,0,0,G,0,0
998,04.12.2020.,15:55:00,0,0,0,0,0,0,0,G,0,0
999,04.12.2020.,16:00:00,0,0,0,0,0,0,0,G,0,0
1000,04.12.2020.,16:05:00,0,0,0,0,0,0,0,G,0,0
1001,04.12.2020.,16:10:00,0,0,0,0,0,0,0,G,0,0
1002,04.12.2020.,16:15:00,0,0,0,0,0,0,0,G,0,0
1003,04.12.2020.,16:20:00,0,0,0,0,0,0,0,G,0,0
1004,04.12.2020.,16:25:00,0,0,0,0,0,0,0,G,0,0
1005,04.12.2020.,16:30:00,0,0,0,0,0,0,0,G,0,0
1006,04.12.2020.,16:35:00,0,0,0,0,0,0,0,G,0,0
1007,04.12.2020.,16:40:00,0,0,0,0,0,0,0,G,0,0
1008,04.12.2020.,16:45:00,0,0,0,0,0,0,0,G,0,0
1009,04.12.2020.,16:50:00,0,0,0,0,0,0,0,G,0,0
1010,04.12.2020.,16:55:00,0,0,0,0,0,0,0,G,0,0
1011,04.12.2020.,17:00:00,0,0,0,0,0,0,0,G,0,0
1012,04.12.2020.,17:05:00,0,0,0,0,0,0,0,G,0,0
1013,04.12.2020.,17:10:00,0,0,0,0,0,0,0,G,0,0
1014,04.12.2020.,17:15:00,0,0,0,0,0,0,0,G,0,0
1015,04.12.2020.,17:20:00,0,0,0,0,0,0,0,G,0,0
1016,04.12.2020.,17:25:00,0,0,0,0,0,0,0,G,0,0
1017,04.12.2020.,17:30:00,0,0,0,0,0,0,0,G,0,0
1018,04.12.2020.,17:35:00,0,0,0,0,0,0,0,G,0,0
1019,04.12.2020.,17:40:00,0,0,0,0,0,0,0,G,0,0
1020,04.12.2020.,17:45:00,0,0,0,0,0,0,0,G,0,0
1021,04.12.2020.,17:50:00,0,0,0,0,0,0,0,G,0,0
1022,04.12.2020.,17:55:00,0,0,0,0,0,0,0,G,0,0
1023,04.12.2020.,18:00:00,0,0,0,0,0,0,0,G,0,0
1024,04.12.2020.,18:05:00,0,0,0,0,0,0,0,G,0,0
1025,04.12.2020.,18:10:00,0,0,0,0,0,0,0,G,0,0
1026,04.12.2020.,18:15:00,0,0,0,0,0,0,0,G,0,0
1027,04.12.2020.,18:20:00,0,0,0,0,0,0,0,G,0,0
1028,04.12.2020.,18:25:00,0,0,0,0,0,0,0,G,0,0
1029,04.12.2020.,18:30:00,0,0,0,0,0,0,0,G,0,0
1030,04.12.2020.,18:35:00,0,0,0,0,0,0,0,G,0,0
1031,04.12.2020.,18:40:00,0,0,0,0,0,0,0,G,0,0
1032,04.12.2020.,18:45:00,0,0,0,0,0,0,0,G,0,0
1033,04.12.2020.,18:50:00,0,0,0,0,0,0,0,G,0,0
1034,04.12.2020.,18:55:00,0,0,0,0,0,0,0,G,0,0
1035,04.12.2020.,19:00:00,0,0,0,0,0,0,0,G,0,0
1036,04.12.2020.,19:05:00,0,0,0,0,0,0,0,G,0,0
1037,04.12.2020.,19:10:00,0,0,0,0,0,0,0,G,0,0
1038,04.12.2020.,19:15:00,0,0,0,0,0,0,0,G,0,0
1039,04.12.2020.,19:20:00,0,0,0,0,0,0,0,G,0,0
1040,04.12.2020.,19:25:00,0,0,0,0,0,0,0,G,0,0
1041,04.12.2020.,19:30:00,0,0,0,0,0,0,0,G,0,0
1042,04.12.2020.,19:35:00,0,0,0,0,0,0,0,G,0,0
1043,04.12.2020.,19:40:00,0,0,0,0,0,0,0,G,0,0
1044,04.12.2020.,19:45:00,0,0,0,0,0,0,0,G,0,0
1045,04.12.2020.,19:50:00,0,0,0,0,0,0,0,G,0,0
1046,04.12.2020.,19:55:00,0,0,0,0,0,0,0,G,0,0
1047,04.12.2020.,20:00:00,0,0,0,0,0,0,0,G,0,0
1048,04.12.2020.,20:05:00,0,0,0,0,0,0,0,G,0,0
1049,04.12.2020.,20:10:00,0,0,0,0,0,0,0,G,0,0
1050,04.12.2020.,20:15:00,0,0,0,0,0,0,0,G,0,0
1051,04.12.2020.,20:20:00,0,0,0,0,0,0,0,G,0,0
1052,04.12.2020.,20:25:00,0,0,0,0,0,0,0,G,0,0
1053,04.12.2020.,20:30:00,0,0,0,0,0,0,0,G,0,0
1054,04.12.2020.,20:35:00,0,0,0,0,0,0,0,G,0,0
1055,04.12.2020.,20:40:00,0,0,0,0,0,0,0,G,0,0
1056,04.12.2020.,20:45:00,0,0,0,0,0,0,0,G,0,0
1057,04.12.2020.,20:50:00,0,0,0,0,0,0,0,G,0,0
1058,04.12.2020.,20:55:00,0,0,0,0,0,0,0,G,0,0
1059,04.12.2020.,21:00:00,0,0,0,0,0,0,0,G,0,0
1060,04.12.2020.,21:05:00,0,0,0,0,0,0,0,G,0,0
1061,04.12.2020.,21:10:00,0,0,0,0,0,0,0,G,0,0
1062,04.12.2020.,21:15:00,0,0,0,0,0,0,0,G,0,0
1063,04.12.2020.,21:20:00,0,0,0,0,0,0,0,G,0,0
1064,04.12.2020.,21:25:00,0,0,0,0,0,0,0,G,0,0
1065,04.12.2020.,21:30:00,0,0,0,0,0,0,0,G,0,0
1066,04.12.2020.,21:35:00,0,0,0,0,0,0,0,G,0,0
1067,04.12.2020.,21:40:00,0,0,0,0,0,0,0,G,0,0
1068,04.12.2020.,21:45:00,0,0,0,0,0,0,0,G,0,0
1069,04.12.2020.,21:50:00,0,0,0,0,0,0,0,G,0,0
1070,04.12.2020.,21:55:00,0,0,0,0,0,0,0,G,0,0
1071,04.12.2020.,22:00:00,0,0,0,0,0,0,0,G,0,0
1072,04.12.2020.,22:05:00,0,0,0,0,0,0,0,G,0,0
1073,04.12.2020.,22:10:00,0,0,0,0,0,0,0,G,0,0
1074,04.12.2020.,22:15:00,0,0,0,0,0,0,0,G,0,0
1075,04.12.2020.,22:20:00,0,0,0,0,0,0,0,G,0,0
1076,04.12.2020.,22:25:00,0,0,0,0,0,0,0,G,0,0
1077,04.12.2020.,22:30:00,0,0,0,0,0,0,0,G,0,0
1078,04.12.2020.,22:35:00,0,0,0,0,0,0,0,G,0,0
1079,04.12.2020.,22:40:00,0,0,0,0,0,0,0,G,0,0
1080,04.12.2020.,22:45:00,0,0,0,0,0,0,0,G,0,0
1081,04.12.2020.,22:50:00,0,0,0,0,0,0,0,G,0,0
1082,04.12.2020.,22:55:00,0,0,0,0,0,0,0,G,0,0
1083,04.12.2020.,23:00:00,0,0,0,0,0,0,0,G,0,0
1084,04.12.2020.,23:05:00,0,0,0,0,0,0,0,G,0,0
1085,04.12.2020.,23:10:00,0,0,0,0,0,0,0,G,0,0
1086,04.12.2020.,23:15:00,0,0,0,0,0,0,0,G,0,0
1087,04.12.2020.,23:20:00,0,0,0,0,0,0,0,G,0,0
1088,04.12.2020.,23:25:00,0,0,0,0,0,0,0,G,0,0
1089,04.12.2020.,23:30:00,0,0,0,0,0,0,0,G,0,0
1090,04.12.2020.,23:35:00,0,0,0,0,0,0,0,G,0,0
1091,04.12.2020.,23:40:00,0,0,0,0,0,0,0,G,0,0
1092,04.12.2020.,23:45:00,0,0,0,0,0,0,0,G,0,0
1093,04.12.2020.,23:50:00,0,0,0,0,0,0,0,G,0,0
1094,04.12.2020.,23:55:00,0,0,0,0,0,0,0,G,0,0
1095,05.12.2020.,00:00:00,0,0,0,0,0,0,0,G,0,0
1096,05.12.2020.,00:05:00,0,0,0,0,0,0,0,G,0,0
1097,05.12.2020.,00:10:00,0,0,0,0,0,0,0,G,0,0
1098,05.12.2020.,00:15:00,0,0,0,0,0,0,0,G,0,0
1099,05.12.2020.,00:20:00,0,0,0,0,0,0,0,G,0,0
1100,05.12.2020.,00:25:00,0,0,0,0,0,0,0,G,0,0
1101,05.12.2020.,00:30:00,0,0,0,0,0,0,0,G,0,0
1102,05.12.2020.,00:35:00,0,0,0,0,0,0,0,G,0,0
1103,05.12.2020.,00:40:00,0,0,0,0,0,0,0,G,0,0
1104,05.12.2020.,00:45:00,0,0,0,0,0,0,0,G,0,0
1105,05.12.2020.,00:50:00,0,0,0,0,0,0,0,G,0,0
1106,05.12.2020.,00:55:00,0,0,0,0,0,0,0,G,0,0
1107,05.12.2020.,01:01:00,0,0,0,0,0,0,0,G,0,0
1108,05.12.2020.,01:05:00,0,0,0,0,0,0,0,G,0,0
1109,05.12.2020.,01:10:00,0,0,0,0,0,0,0,G,0,0
1110,05.12.2020.,01:15:00,0,0,0,0,0,0,0,G,0,0
1111,05.12.2020.,01:20:00,0,0,0,0,0,0,0,G,0,0
1112,05.12.2020.,01:25:00,0,0,0,0,0,0,0,G,0,0
1113,05.12.2020.,01:30:00,0,0,0,0,0,0,0,G,0,0
1114,05.12.2020.,01:35:00,0,0,0,0,0,0,0,G,0,0
1115,05.12.2020.,01:40:00,0,0,0,0,0,0,0,G,0,0
1116,05.12.2020.,01:45:00,0,0,0,0,0,0,0,G,0,0
1117,05.12.2020.,01:50:00,0,0,0,0,0,0,0,G,0,0
1118,05.12.2020.,01:55:00,0,0,0,0,0,0,0,G,0,0
1119,05.12.2020.,02:00:00,0,0,0,0,0,0,0,G,0,0
1120,05.12.2020.,02:05:00,0,0,0,0,0,0,0,G,0,0
1121,05.12.2020.,02:10:00,0,0,0,0,0,0,0,G,0,0
1122,05.12.2020.,02:15:00,0,0,0,0,0,0,0,G,0,0
1123,05.12.2020.,02:20:00,0,0,0,0,0,0,0,G,0,0
1124,05.12.2020.,02:25:00,0,0,0,0,0,0,0,G,0,0
1125,05.12.2020.,02:30:00,0,0,0,0,0,0,0,G,0,0
1126,05.12.2020.,02:35:00,0,0,0,0,0,0,0,G,0,0
1127,05.12.2020.,02:40:00,0,0,0,0,0,0,0,G,0,0
1128,05.12.2020.,02:45:00,0,0,0,0,0,0,0,G,0,0
1129,05.12.2020.,02:50:00,0,0,0,0,0,0,0,G,0,0
1130,05.12.2020.,02:55:00,0,0,0,0,0,0,0,G,0,0
1131,05.12.2020.,03:00:00,0,0,0,0,0,0,0,G,0,0
1132,05.12.2020.,03:05:00,0,0,0,0,0,0,0,G,0,0
1133,05.12.2020.,03:10:00,0,0,0,0,0,0,0,G,0,0
1134,05.12.2020.,03:15:00,0,0,0,0,0,0,0,G,0,0
1135,05.12.2020.,03:20:00,0,0,0,0,0,0,0,G,0,0
1136,05.12.2020.,03:25:00,0,0,0,0,0,0,0,G,0,0
1137,05.12.2020.,03:30:00,0,0,0,0,0,0,0,G,0,0
1138,05.12.2020.,03:35:00,0,0,0,0,0,0,0,G,0,0
1139,05.12.2020.,03:40:00,0,0,0,0,0,0,0,G,0,0
1140,05.12.2020.,03:45:00,0,0,0,0,0,0,0,G,0,0
1141,05.12.2020.,03:50:00,0,0,0,0,0,0,0,G,0,0
1142,05.12.2020.,03:55:00,0,0,0,0,0,0,0,G,0,0
1143,05.12.2020.,04:00:00,0,0,0,0,0,0,0,G,0,0
1144,05.12.2020.,04:05:00,0,0,0,0,0,0,0,G,0,0
1145,05.12.2020.,04:10:00,0,0,0,0,0,0,0,G,0,0
1146,05.12.2020.,04:15:00,0,0,0,0,0,0,0,G,0,0
1147,05.12.2020.,04:20:00,0,0,0,0,0,0,0,G,0,0
1148,05.12.2020.,04:25:00,0,0,0,0,0,0,0,G,0,0
1149,05.12.2020.,04:30:00,0,0,0,0,0,0,0,G,0,0
1150,05.12.2020.,04:35:00,0,0,0,0,0,0,0,G,0,0
1151,05.12.2020.,04:40:00,0,0,0,0,0,0,0,G,0,0
1152,05.12.2020.,04:45:00,0,0,0,0,0,0,0,G,0,0
1153,05.12.2020.,04:50:00,0,0,0,0,0,0,0,G,0,0
1154,05.12.2020.,04:55:00,0,0,0,0,0,0,0,G,0,0
1155,05.12.2020.,05:00:00,0,0,0,0,0,0,0,G,0,0
1156,05.12.2020.,05:05:00,0,0,0,0,0,0,0,G,0,0
1157,05.12.2020.,05:10:00,0,0,0,0,0,0,0,G,0,0
1158,05.12.2020.,05:15:00,0,0,0,0,0,0,0,G,0,0
1159,05.12.2020.,05:20:00,0,0,0,0,0,0,0,G,0,0
1160,05.12.2020.,05:25:00,0,0,0,0,0,0,0,G,0,0
1161,05.12.2020.,05:30:00,0,0,0,0,0,0,0,G,0,0
1162,05.12.2020.,05:35:00,0,0,0,0,0,0,0,G,0,0
1163,05.12.2020.,05:40:00,0,0,0,0,0,0,0,G,0,0
1164,05.12.2020.,05:45:00,0,0,0,0,0,0,0,G,0,0
1165,05.12.2020.,05:50:00,0,0,0,0,0,0,0,G,0,0
1166,05.12.2020.,05:55:00,0,0,0,0,0,0,0,G,0,0
1167,05.12.2020.,06:00:00,0,0,0,0,0,0,0,G,0,0
1168,05.12.2020.,06:05:00,0,0,0,0,0,0,0,G,0,0
1169,05.12.2020.,06:10:00,0,0,0,0,0,0,0,G,0,0
1170,05.12.2020.,06:15:00,0,0,0,0,0,0,0,G,0,0
1171,05.12.2020.,06:20:00,0,0,0,0,0,0,0,G,0,0
1172,05.12.2020.,06:25:00,0,0,0,0,0,0,0,G,0,0
1173,05.12.2020.,06:30:00,0,0,0,0,0,0,0,G,0,0
1174,05.12.2020.,06:35:00,0,0,0,0,0,0,0,G,0,0
1175,05.12.2020.,06:40:00,0,0,0,0,0,0,0,G,0,0
1176,05.12.2020.,06:45:00,0,0,0,0,0,0,0,G,0,0
1177,05.12.2020.,06:50:00,0,0,0,0,0,0,0,G,0,0
1178,05.12.2020.,06:55:00,0,0,0,0,0,0,0,G,0,0
1179,05.12.2020.,07:00:00,0,0,0,0,0,0,0,G,0,0
1180,05.12.2020.,07:05:00,0,0,0,0,0,0,0,G,0,0
1181,05.12.2020.,07:10:00,0,0,0,0,0,0,0,G,0,0
1182,05.12.2020.,07:15:00,0,0,0,0,0,0,0,G,0,0
1183,05.12.2020.,07:20:00,0,0,0,0,0,0,0,G,0,0
1184,05.12.2020.,07:25:00,0,0,0,0,0,0,0,G,0,0
1185,05.12.2020.,07:30:00,0,0,0,0,0,0,0,G,0,0
1186,05.12.2020.,07:35:00,0,0,0,0,0,0,0,G,0,0
1187,05.12.2020.,07:40:00,0,0,0,0,0,0,0,G,0,0
1188,05.12.2020.,07:45:00,0,0,0,0,0,0,0,G,0,0
1189,05.12.2020.,07:50:00,0,0,0,0,0,0,0,G,0,0
1190,05.12.2020.,07:55:00,0,0,0,0,0,0,0,G,0,0
1191,05.12.2020.,08:00:00,0,0,0,0,0,0,0,G,0,0
1192,05.12.2020.,08:05:00,0,0,0,0,0,0,0,G,0,0
1193,05.12.2020.,08:10:00,0,0,0,0,0,0,0,G,0,0
1194,05.12.2020.,08:15:00,0,0,0,0,0,0,0,G,0,0
1195,05.12.2020.,08:20:00,0,0,0,0,0,0,0,G,0,0
1196,05.12.2020.,08:25:00,0,0,0,0,0,0,0,G,0,0
1197,05.12.2020.,08:30:00,0,0,0,0,0,0,0,G,0,0
1198,05.12.2020.,08:35:00,0,0,0,0,0,0,0,G,0,0
1199,05.12.2020.,08:40:00,0,0,0,0,0,0,0,G,0,0
1200,05.12.2020.,08:45:00,0,0,0,0,0,0,0,G,0,0
1201,05.12.2020.,08:50:00,0,0,0,0,0,0,0,G,0,0
1202,05.12.2020.,08:55:00,0,0,0,0,0,0,0,G,0,0
1203,05.12.2020.,09:00:00,0,0,0,0,0,0,0,G,0,0
1204,05.12.2020.,09:05:00,0,0,0,0,0,0,0,G,0,0
1205,05.12.2020.,09:10:00,0,0,0,0,0,0,0,G,0,0
1206,05.12.2020.,09:15:00,0,0,0,0,0,0,0,G,0,0
1207,05.12.2020.,09:20:00,0,0,0,0,0,0,0,G,0,0
1208,05.12.2020.,09:25:00,0,0,0,0,0,0,0,G,0,0
1209,05.12.2020.,09:30:00,0,0,0,0,0,0,0,G,0,0
1210,05.12.2020.,09:35:00,0,0,0,0,0,0,0,G,0,0
1211,05.12.2020.,09:40:00,0,0,0,0,0,0,0,G,0,0
1212,05.12.2020.,09:45:00,0,0,0,0,0,0,0,G,0,0
1213,05.12.2020.,09:50:00,0,0,0,0,0,0,0,G,0,0
1214,05.12.2020.,09:55:00,0,0,0,0,0,0,0,G,0,0
1215,05.12.2020.,10:00:00,0,0,0,0,0,0,0,G,0,0
1216,05.12.2020.,10:05:00,0,0,0,0,0,0,0,G,0,0
1217,05.12.2020.,10:10:00,0,0,0,0,0,0,0,G,0,0
1218,05.12.2020.,10:15:00,0,0,0,0,0,0,0,G,0,0
1219,05.12.2020.,10:20:00,0,0,0,0,0,0,0,G,0,0
1220,05.12.2020.,10:25:00,0,0,0,0,0,0,0,G,0,0
1221,05.12.2020.,10:30:00,0,0,0,0,0,0,0,G,0,0
1222,05.12.2020.,10:35:00,0,0,0,0,0,0,0,G,0,0
1223,05.12.2020.,10:40:00,0,0,0,0,0,0,0,G,0,0
1224,05.12.2020.,10:45:00,0,0,0,0,0,0,0,G,0,0
1225,05.12.2020.,10:50:00,0,0,0,0,0,0,0,G,0,0
1226,05.12.2020.,10:55:00,0,0,0,0,0,0,0,G,0,0
1227,05.12.2020.,11:00:00,0,0,0,0,0,0,0,G,0,0
1228,05.12.2020.,11:05:00,0,0,0,0,0,0,0,G,0,0
1229,05.12.2020.,11:10:00,0,0,0,0,0,0,0,G,0,0
1230,05.12.2020.,11:15:00,0,0,0,0,0,0,0,G,0,0
1231,05.12.2020.,11:20:00,0,0,0,0,0,0,0,G,0,0
1232,05.12.2020.,11:25:00,0,0,0,0,0,0,0,G,0,0
1233,05.12.2020.,11:30:00,0,0,0,0,0,0,0,G,0,0
1234,05.12.2020.,11:35:00,0,0,0,0,0,0,0,G,0,0
1235,05.12.2020.,11:40:00,0,0,0,0,0,0,0,G,0,0
1236,05.12.2020.,11:45:00,0,0,0,0,0,0,0,G,0,0
1237,05.12.2020.,11:50:00,0,0,0,0,0,0,0,G,0,0
1238,05.12.2020.,11:55:00,0,0,0,0,0,0,0,G,0,0
1239,05.12.2020.,12:00:00,0,0,0,0,0,0,0,G,0,0
1240,05.12.2020.,12:05:00,0,0,0,0,0,0,0,G,0,0
1241,05.12.2020.,12:10:00,0,0,0,0,0,0,0,G,0,0
1242,05.12.2020.,12:15:00,0,0,0,0,0,0,0,G,0,0
1243,05.12.2020.,12:20:00,0,0,0,0,0,0,0,G,0,0
1244,05.12.2020.,12:25:00,0,0,0,0,0,0,0,G,0,0
1245,05.12.2020.,12:30:00,0,0,0,0,0,0,0,G,0,0
1246,05.12.2020.,12:35:00,0,0,0,0,0,0,0,G,0,0
1247,05.12.2020.,12:40:00,0,0,0,0,0,0,0,G,0,0
1248,05.12.2020.,12:45:00,0,0,0,0,0,0,0,G,0,0
1249,05.12.2020.,12:50:00,0,0,0,0,0,0,0,G,0,0
1250,05.12.2020.,12:55:00,0,0,0,0,0,0,0,G,0,0
1251,05.12.2020.,13:00:00,0,0,0,0,0,0,0,G,0,0
1252,05.12.2020.,13:05:00,0,0,0,0,0,0,0,G,0,0
1253,05.12.2020.,13:10:00,0,0,0,0,0,0,0,G,0,0
1254,05.12.2020.,13:15:00,0,0,0,0,0,0,0,G,0,0
1255,05.12.2020.,13:20:00,0,0,0,0,0,0,0,G,0,0
1256,05.12.2020.,13:25:00,0,0,0,0,0,0,0,G,0,0
1257,05.12.2020.,13:30:00,0,0,0,0,0,0,0,G,0,0
1258,05.12.2020.,13:35:00,0,0,0,0,0,0,0,G,0,0
1259,05.12.2020.,13:40:00,0,0,0,0,0,0,0,G,0,0
1260,05.12.2020.,13:45:00,0,0,0,0,0,0,0,G,0,0
1261,05.12.2020.,13:50:00,0,0,0,0,0,0,0,G,0,0
1262,05.12.2020.,13:55:00,0,0,0,0,0,0,0,G,0,0
1263,05.12.2020.,14:00:00,0,0,0,0,0,0,0,G,0,0
1264,05.12.2020.,14:05:00,0,0,0,0,0,0,0,G,0,0
1265,05.12.2020.,14:10:00,0,0,0,0,0,0,0,G,0,0
1266,05.12.2020.,14:15:00,0,0,0,0,0,0,0,G,0,0
1267,05.12.2020.,14:20:00,0,0,0,0,0,0,0,G,0,0
1268,05.12.2020.,14:25:00,0,0,0,0,0,0,0,G,0,0
1269,05.12.2020.,14:30:00,0,0,0,0,0,0,0,G,0,0
1270,05.12.2020.,14:35:00,0,0,0,0,0,0,0,G,0,0
1271,05.12.2020.,14:40:00,0,0,0,0,0,0,0,G,0,0
1272,05.12.2020.,14:45:00,0,0,0,0,0,0,0,G,0,0
1273,05.12.2020.,14:50:00,0,0,0,0,0,0,0,G,0,0
1274,05.12.2020.,14:55:00,0,0,0,0,0,0,0,G,0,0
1275,05.12.2020.,15:00:00,0,0,0,0,0,0,0,G,0,0
1276,05.12.2020.,15:05:00,0,0,0,0,0,0,0,G,0,0
1277,05.12.2020.,15:10:00,0,0,0,0,0,0,0,G,0,0
1278,05.12.2020.,15:15:00,0,0,0,0,0,0,0,G,0,0
1279,05.12.2020.,15:20:00,0,0,0,0,0,0,0,G,0,0
1280,05.12.2020.,15:25:00,0,0,0,0,0,0,0,G,0,0
1281,05.12.2020.,15:30:00,0,0,0,0,0,0,0,G,0,0
1282,05.12.2020.,15:35:00,0,0,0,0,0,0,0,G,0,0
1283,05.12.2020.,15:40:00,0,0,0,0,0,0,0,G,0,0
1284,05.12.2020.,15:45:00,0,0,0,0,0,0,0,G,0,0
1285,05.12.2020.,15:50:00,0,0,0,0,0,0,0,G,0,0
1286,05.12.2020.,15:55:00,0,0,0,0,0,0,0,G,0,0
1287,05.12.2020.,16:00:00,0,0,0,0,0,0,0,G,0,0
1288,05.12.2020.,16:05:00,0,0,0,0,0,0,0,G,0,0
1289,05.12.2020.,16:10:00,0,0,0,0,0,0,0,G,0,0
1290,05.12.2020.,16:15:00,0,0,0,0,0,0,0,G,0,0
1291,05.12.2020.,16:20:00,0,0,0,0,0,0,0,G,0,0
1292,05.12.2020.,16:25:00,0,0,0,0,0,0,0,G,0,0
1293,05.12.2020.,16:30:00,0,0,0,0,0,0,0,G,0,0
1294,05.12.2020.,16:35:00,0,0,0,0,0,0,0,G,0,0
1295,05.12.2020.,16:40:00,0,0,0,0,0,0,0,G,0,0
1296,05.12.2020.,16:45:00,0,0,0,0,0,0,0,G,0,0
1297,05.12.2020.,16:50:00,0,0,0,0,0,0,0,G,0,0
1298,05.12.2020.,16:55:00,0,0,0,0,0,0,0,G,0,0
1299,05.12.2020.,17:00:00,0,0,0,0,0,0,0,G,0,0
1300,05.12.2020.,17:05:00,0,0,0,0,0,0,0,G,0,0
1301,05.12.2020.,17:10:00,0,0,0,0,0,0,0,G,0,0
1302,05.12.2020.,17:15:00,0,0,0,0,0,0,0,G,0,0
1303,05.12.2020.,17:20:00,0,0,0,0,0,0,0,G,0,0
1304,05.12.2020.,17:25:00,0,0,0,0,0,0,0,G,0,0
1305,05.12.2020.,17:30:00,0,0,0,0,0,0,0,G,0,0
1306,05.12.2020.,17:35:00,0,0,0,0,0,0,0,G,0,0
1307,05.12.2020.,17:40:00,0,0,0,0,0,0,0,G,0,0
1308,05.12.2020.,17:45:00,0,0,0,0,0,0,0,G,0,0
1309,05.12.2020.,17:50:00,0,0,0,0,0,0,0,G,0,0
1310,05.12.2020.,17:55:00,0,0,0,0,0,0,0,G,0,0
1311,05.12.2020.,18:00:00,0,0,0,0,0,0,0,G,0,0
1312,05.12.2020.,18:05:00,0,0,0,0,0,0,0,G,0,0
1313,05.12.2020.,18:10:00,0,0,0,0,0,0,0,G,0,0
1314,05.12.2020.,18:15:00,0,0,0,0,0,0,0,G,0,0
1315,05.12.2020.,18:20:00,0,0,0,0,0,0,0,G,0,0
1316,05.12.2020.,18:25:00,0,0,0,0,0,0,0,G,0,0
1317,05.12.2020.,18:30:00,0,0,0,0,0,0,0,G,0,0
1318,05.12.2020.,18:35:00,0,0,0,0,0,0,0,G,0,0
1319,05.12.2020.,18:40:00,0,0,0,0,0,0,0,G,0,0
1320,05.12.2020.,18:45:00,0,0,0,0,0,0,0,G,0,0
1321,05.12.2020.,18:50:00,0,0,0,0,0,0,0,G,0,0
1322,05.12.2020.,18:55:00,0,0,0,0,0,0,0,G,0,0
1323,05.12.2020.,19:00:00,0,0,0,0,0,0,0,G,0,0
1324,05.12.2020.,19:05:00,0,0,0,0,0,0,0,G,0,0
1325,05.12.2020.,19:10:00,0,0,0,0,0,0,0,G,0,0
1326,05.12.2020.,19:15:00,0,0,0,0,0,0,0,G,0,0
1327,05.12.2020.,19:20:00,0,0,0,0,0,0,0,G,0,0
1328,05.12.2020.,19:25:00,0,0,0,0,0,0,0,G,0,0
1329,05.12.2020.,19:30:00,0,0,0,0,0,0,0,G,0,0
1330,05.12.2020.,19:35:00,0,0,0,0,0,0,0,G,0,0
1331,05.12.2020.,19:40:00,0,0,0,0,0,0,0,G,0,0
1332,05.12.2020.,19:45:00,0,0,0,0,0,0,0,G,0,0
1333,05.12.2020.,19:50:00,0,0,0,0,0,0,0,G,0,0
1334,05.12.2020.,19:55:00,0,0,0,0,0,0,0,G,0,0
1335,05.12.2020.,20:00:00,0,0,0,0,0,0,0,G,0,0
1336,05.12.2020.,20:05:00,0,0,0,0,0,0,0,G,0,0
1337,05.12.2020.,20:10:00,0,0,0,0,0,0,0,G,0,0
1338,05.12.2020.,20:15:00,0,0,0,0,0,0,0,G,0,0
1339,05.12.2020.,20:20:00,0,0,0,0,0,0,0,G,0,0
1340,05.12.2020.,20:25:00,0,0,0,0,0,0,0,G,0,0
1341,05.12.2020.,20:30:00,0,0,0,0,0,0,0,G,0,0
1342,05.12.2020.,20:35:00,0,0,0,0,0,0,0,G,0,0
1343,05.12.2020.,20:40:00,0,0,0,0,0,0,0,G,0,0
1344,05.12.2020.,20:45:00,0,0,0,0,0,0,0,G,0,0
1345,05.12.2020.,20:50:00,0,0,0,0,0,0,0,G,0,0
1346,05.12.2020.,20:55:00,0,0,0,0,0,0,0,G,0,0
1347,05.12.2020.,21:00:00,0,0,0,0,0,0,0,G,0,0
1348,05.12.2020.,21:05:00,0,0,0,0,0,0,0,G,0,0
1349,05.12.2020.,21:10:00,0,0,0,0,0,0,0,G,0,0
1350,05.12.2020.,21:15:00,0,0,0,0,0,0,0,G,0,0
1351,05.12.2020.,21:20:00,0,0,0,0,0,0,0,G,0,0
1352,05.12.2020.,21:25:00,0,0,0,0,0,0,0,G,0,0
1353,05.12.2020.,21:30:00,0,0,0,0,0,0,0,G,0,0
1354,05.12.2020.,21:35:00,0,0,0,0,0,0,0,G,0,0
1355,05.12.2020.,21:40:00,0,0,0,0,0,0,0,G,0,0
1356,05.12.2020.,21:45:00,0,0,0,0,0,0,0,G,0,0
1357,05.12.2020.,21:50:00,0,0,0,0,0,0,0,G,0,0
1358,05.12.2020.,21:55:00,0,0,0,0,0,0,0,G,0,0
1359,05.12.2020.,22:00:00,0,0,0,0,0,0,0,G,0,0
1360,05.12.2020.,22:05:00,0,0,0,0,0,0,0,G,0,0
1361,05.12.2020.,22:10:00,0,0,0,0,0,0,0,G,0,0
1362,05.12.2020.,22:15:00,0,0,0,0,0,0,0,G,0,0
1363,05.12.2020.,22:20:00,0,0,0,0,0,0,0,G,0,0
1364,05.12.2020.,22:25:00,0,0,0,0,0,0,0,G,0,0
1365,05.12.2020.,22:30:00,0,0,0,0,0,0,0,G,0,0
1366,05.12.2020.,22:35:00,0,0,0,0,0,0,0,G,0,0
1367,05.12.2020.,22:40:00,0,0,0,0,0,0,0,G,0,0
1368,05.12.2020.,22:45:00,0,0,0,0,0,0,0,G,0,0
1369,05.12.2020.,22:50:00,0,0,0,0,0,0,0,G,0,0
1370,05.12.2020.,22:55:00,0,0,0,0,0,0,0,G,0,0
1371,05.12.2020.,23:00:00,0,0,0,0,0,0,0,G,0,0
1372,05.12.2020.,23:05:00,0,0,0,0,0,0,0,G,0,0
1373,05.12.2020.,23:10:00,0,0,0,0,0,0,0,G,0,0
1374,05.12.2020.,23:15:00,0,0,0,0,0,0,0,G,0,0
1375,05.12.2020.,23:20:00,0,0,0,0,0,0,0,G,0,0
1376,05.12.2020.,23:25:00,0,0,0,0,0,0,0,G,0,0
1377,05.12.2020.,23:30:00,0,0,0,0,0,0,0,G,0,0
1378,05.12.2020.,23:35:00,0,0,0,0,0,0,0,G,0,0
1379,05.12.2020.,23:40:00,0,0,0,0,0,0,0,G,0,0
1380,05.12.2020.,23:45:00,0,0,0,0,0,0,0,G,0,0
1381,05.12.2020.,23:50:00,0,0,0,0,0,0,0,G,0,0
1382,05.12.2020.,23:55:00,0,0,0,0,0,0,0,G,0,0
1383,06.12.2020.,00:00:00,0,0,0,0,0,0,0,G,0,0
1384,06.12.2020.,00:05:00,0,0,0,0,0,0,0,G,0,0
1385,06.12.2020.,00:10:00,0,0,0,0,0,0,0,G,0,0
1386,06.12.2020.,00:15:00,0,0,0,0,0,0,0,G,0,0
1387,06.12.2020.,00:20:00,0,0,0,0,0,0,0,G,0,0
1388,06.12.2020.,00:25:00,0,0,0,0,0,0,0,G,0,0
1389,06.12.2020.,00:30:00,0,0,0,0,0,0,0,G,0,0
1390,06.12.2020.,00:35:00,0,0,0,0,0,0,0,G,0,0
1391,06.12.2020.,00:40:00,0,0,0,0,0,0,0,G,0,0
1392,06.12.2020.,00:45:00,0,0,0,0,0,0,0,G,0,0
1393,06.12.2020.,00:50:00,0,0,0,0,0,0,0,G,0,0
1394,06.12.2020.,00:55:00,0,0,0,0,0,0,0,G,0,0
1395,06.12.2020.,01:00:00,0,0,0,0,0,0,0,G,0,0
1396,06.12.2020.,01:05:00,0,0,0,0,0,0,0,G,0,0
1397,06.12.2020.,01:10:00,0,0,0,0,0,0,0,G,0,0
1398,06.12.2020.,01:15:00,0,0,0,0,0,0,0,G,0,0
1399,06.12.2020.,01:20:00,0,0,0,0,0,0,0,G,0,0
1400,06.12.2020.,01:25:00,0,0,0,0,0,0,0,G,0,0
1401,06.12.2020.,01:30:00,0,0,0,0,0,0,0,G,0,0
1402,06.12.2020.,01:35:00,0,0,0,0,0,0,0,G,0,0
1403,06.12.2020.,01:40:00,0,0,0,0,0,0,0,G,0,0
1404,06.12.2020.,01:45:00,0,0,0,0,0,0,0,G,0,0
1405,06.12.2020.,01:50:00,0,0,0,0,0,0,0,G,0,0
1406,06.12.2020.,01:55:00,0,0,0,0,0,0,0,G,0,0
1407,06.12.2020.,02:00:00,0,0,0,0,0,0,0,G,0,0
1408,06.12.2020.,02:05:00,0,0,0,0,0,0,0,G,0,0
1409,06.12.2020.,02:10:00,0,0,0,0,0,0,0,G,0,0
1410,06.12.2020.,02:15:00,0,0,0,0,0,0,0,G,0,0
1411,06.12.2020.,02:20:00,0,0,0,0,0,0,0,G,0,0
1412,06.12.2020.,02:25:00,0,0,0,0,0,0,0,G,0,0
1413,06.12.2020.,02:30:00,0,0,0,0,0,0,0,G,0,0
1414,06.12.2020.,02:35:00,0,0,0,0,0,0,0,G,0,0
1415,06.12.2020.,02:40:00,0,0,0,0,0,0,0,G,0,0
1416,06.12.2020.,02:45:00,0,0,0,0,0,0,0,G,0,0
1417,06.12.2020.,02:50:00,0,0,0,0,0,0,0,G,0,0
1418,06.12.2020.,02:55:00,0,0,0,0,0,0,0,G,0,0
1419,06.12.2020.,03:00:00,0,0,0,0,0,0,0,G,0,0
1420,06.12.2020.,03:05:00,0,0,0,0,0,0,0,G,0,0
1421,06.12.2020.,03:10:00,0,0,0,0,0,0,0,G,0,0
1422,06.12.2020.,03:15:00,0,0,0,0,0,0,0,G,0,0
1423,06.12.2020.,03:20:00,0,0,0,0,0,0,0,G,0,0
1424,06.12.2020.,03:25:00,0,0,0,0,0,0,0,G,0,0
1425,06.12.2020.,03:30:00,0,0,0,0,0,0,0,G,0,0
1426,06.12.2020.,03:35:00,0,0,0,0,0,0,0,G,0,0
1427,06.12.2020.,03:40:00,0,0,0,0,0,0,0,G,0,0
1428,06.12.2020.,03:45:00,0,0,0,0,0,0,0,G,0,0
1429,06.12.2020.,03:50:00,0,0,0,0,0,0,0,G,0,0
1430,06.12.2020.,03:55:00,0,0,0,0,0,0,0,G,0,0
1431,06.12.2020.,04:00:00,0,0,0,0,0,0,0,G,0,0
1432,06.12.2020.,04:05:00,0,0,0,0,0,0,0,G,0,0
1433,06.12.2020.,04:10:00,0,0,0,0,0,0,0,G,0,0
1434,06.12.2020.,04:15:00,0,0,0,0,0,0,0,G,0,0
1435,06.12.2020.,04:20:00,0,0,0,0,0,0,0,G,0,0
1436,06.12.2020.,04:25:00,0,0,0,0,0,0,0,G,0,0
1437,06.12.2020.,04:30:00,0,0,0,0,0,0,0,G,0,0
1438,06.12.2020.,04:35:00,0,0,0,0,0,0,0,G,0,0
1439,06.12.2020.,04:40:00,0,0,0,0,0,0,0,G,0,0
1440,06.12.2020.,04:45:00,0,0,0,0,0,0,0,G,0,0
1441,06.12.2020.,04:50:00,0,0,0,0,0,0,0,G,0,0
1442,06.12.2020.,04:55:00,0,0,0,0,0,0,0,G,0,0
1443,06.12.2020.,05:00:00,0,0,0,0,0,0,0,G,0,0
1444,06.12.2020.,05:05:00,0,0,0,0,0,0,0,G,0,0
1445,06.12.2020.,05:10:00,0,0,0,0,0,0,0,G,0,0
1446,06.12.2020.,05:15:00,0,0,0,0,0,0,0,G,0,0
1447,06.12.2020.,05:20:00,0,0,0,0,0,0,0,G,0,0
1448,06.12.2020.,05:25:00,0,0,0,0,0,0,0,G,0,0
1449,06.12.2020.,05:30:00,0,0,0,0,0,0,0,G,0,0
1450,06.12.2020.,05:35:00,0,0,0,0,0,0,0,G,0,0
1451,06.12.2020.,05:40:00,0,0,0,0,0,0,0,G,0,0
1452,06.12.2020.,05:45:00,0,0,0,0,0,0,0,G,0,0
1453,06.12.2020.,05:50:00,0,0,0,0,0,0,0,G,0,0
1454,06.12.2020.,05:55:00,0,0,0,0,0,0,0,G,0,0
1455,06.12.2020.,06:00:00,0,0,0,0,0,0,0,G,0,0
1456,06.12.2020.,06:05:00,0,0,0,0,0,0,0,G,0,0
1457,06.12.2020.,06:10:00,0,0,0,0,0,0,0,G,0,0
1458,06.12.2020.,06:15:00,0,0,0,0,0,0,0,G,0,0
1459,06.12.2020.,06:20:00,0,0,0,0,0,0,0,G,0,0
1460,06.12.2020.,06:25:00,0,0,0,0,0,0,0,G,0,0
1461,06.12.2020.,06:30:00,0,0,0,0,0,0,0,G,0,0
1462,06.12.2020.,06:35:00,0,0,0,0,0,0,0,G,0,0
1463,06.12.2020.,06:40:00,0,0,0,0,0,0,0,G,0,0
1464,06.12.2020.,06:45:00,0,0,0,0,0,0,0,G,0,0
1465,06.12.2020.,06:50:00,0,0,0,0,0,0,0,G,0,0
1466,06.12.2020.,06:55:00,0,0,0,0,0,0,0,G,0,0
1467,06.12.2020.,07:00:00,0,0,0,0,0,0,0,G,0,0
1468,06.12.2020.,07:05:00,0,0,0,0,0,0,0,G,0,0
1469,06.12.2020.,07:10:00,0,0,0,0,0,0,0,G,0,0
1470,06.12.2020.,07:15:00,0,0,0,0,0,0,0,G,0,0
1471,06.12.2020.,07:20:00,0,0,0,0,0,0,0,G,0,0
1472,06.12.2020.,07:25:00,0,0,0,0,0,0,0,G,0,0
1473,06.12.2020.,07:30:00,0,0,0,0,0,0,0,G,0,0
1474,06.12.2020.,07:35:00,0,0,0,0,0,0,0,G,0,0
1475,06.12.2020.,07:40:00,0,0,0,0,0,0,0,G,0,0
1476,06.12.2020.,07:45:00,0,0,0,0,0,0,0,G,0,0
1477,06.12.2020.,07:50:00,0,0,0,0,0,0,0,G,0,0
1478,06.12.2020.,07:55:00,0,0,0,0,0,0,0,G,0,0
1479,06.12.2020.,08:00:00,0,0,0,0,0,0,0,G,0,0
1480,06.12.2020.,08:05:00,0,0,0,0,0,0,0,G,0,0
1481,06.12.2020.,08:10:00,0,0,0,0,0,0,0,G,0,0
1482,06.12.2020.,08:15:00,0,0,0,0,0,0,0,G,0,0
1483,06.12.2020.,08:20:00,0,0,0,0,0,0,0,G,0,0
1484,06.12.2020.,08:25:00,0,0,0,0,0,0,0,G,0,0
1485,06.12.2020.,08:30:00,0,0,0,0,0,0,0,G,0,0
1486,06.12.2020.,08:35:00,0,0,0,0,0,0,0,G,0,0
1487,06.12.2020.,08:40:00,0,0,0,0,0,0,0,G,0,0
1488,06.12.2020.,08:45:00,0,0,0,0,0,0,0,G,0,0
1489,06.12.2020.,08:50:00,0,0,0,0,0,0,0,G,0,0
1490,06.12.2020.,08:55:00,0,0,0,0,0,0,0,G,0,0
1491,06.12.2020.,09:00:00,0,0,0,0,0,0,0,G,0,0
1492,06.12.2020.,09:05:00,0,0,0,0,0,0,0,G,0,0
1493,06.12.2020.,09:10:00,0,0,0,0,0,0,0,G,0,0
1494,06.12.2020.,09:15:00,0,0,0,0,0,0,0,G,0,0
1495,06.12.2020.,09:20:00,0,0,0,0,0,0,0,G,0,0
1496,06.12.2020.,09:25:00,0,0,0,0,0,0,0,G,0,0
1497,06.12.2020.,09:30:00,0,0,0,0,0,0,0,G,0,0
1498,06.12.2020.,09:35:00,0,0,0,0,0,0,0,G,0,0
1499,06.12.2020.,09:40:00,0,0,0,0,0,0,0,G,0,0
1500,06.12.2020.,09:45:00,0,0,0,0,0,0,0,G,0,0
1501,06.12.2020.,09:50:00,0,0,0,0,0,0,0,G,0,0
1502,06.12.2020.,09:55:00,0,0,0,0,0,0,0,G,0,0
1503,06.12.2020.,10:00:00,0,0,0,0,0,0,0,G,0,0
1504,06.12.2020.,10:05:00,0,0,0,0,0,0,0,G,0,0
1505,06.12.2020.,10:10:00,0,0,0,0,0,0,0,G,0,0
1506,06.12.2020.,10:15:00,0,0,0,0,0,0,0,G,0,0
1507,06.12.2020.,10:20:00,0,0,0,0,0,0,0,G,0,0
1508,06.12.2020.,10:25:00,0,0,0,0,0,0,0,G,0,0
1509,06.12.2020.,10:30:00,0,0,0,0,0,0,0,G,0,0
1510,06.12.2020.,10:35:00,0,0,0,0,0,0,0,G,0,0
1511,06.12.2020.,10:40:00,0,0,0,0,0,0,0,G,0,0
1512,06.12.2020.,10:45:00,0,0,0,0,0,0,0,G,0,0
1513,06.12.2020.,10:50:00,0,0,0,0,0,0,0,G,0,0
1514,06.12.2020.,10:55:00,0,0,0,0,0,0,0,G,0,0
1515,06.12.2020.,11:00:00,0,0,0,0,0,0,0,G,0,0
1516,06.12.2020.,11:05:00,0,0,0,0,0,0,0,G,0,0
1517,06.12.2020.,11:10:00,0,0,0,0,0,0,0,G,0,0
1518,06.12.2020.,11:15:00,0,0,0,0,0,0,0,G,0,0
1519,06.12.2020.,11:20:00,0,0,0,0,0,0,0,G,0,0
1520,06.12.2020.,11:25:00,0,0,0,0,0,0,0,G,0,0
1521,06.12.2020.,11:30:00,0,0,0,0,0,0,0,G,0,0
1522,06.12.2020.,11:35:00,0,0,0,0,0,0,0,G,0,0
1523,06.12.2020.,11:40:00,0,0,0,0,0,0,0,G,0,0
1524,06.12.2020.,11:45:00,0,0,0,0,0,0,0,G,0,0
1525,06.12.2020.,11:50:00,0,0,0,0,0,0,0,G,0,0
1526,06.12.2020.,11:55:00,0,0,0,0,0,0,0,G,0,0
1527,06.12.2020.,12:00:00,0,0,0,0,0,0,0,G,0,0
1528,06.12.2020.,12:05:00,0,0,0,0,0,0,0,G,0,0
1529,06.12.2020.,12:10:00,0,0,0,0,0,0,0,G,0,0
1530,06.12.2020.,12:15:00,0,0,0,0,0,0,0,G,0,0
1531,06.12.2020.,12:20:00,0,0,0,0,0,0,0,G,0,0
1532,06.12.2020.,12:25:00,0,0,0,0,0,0,0,G,0,0
1533,06.12.2020.,12:30:00,0,0,0,0,0,0,0,G,0,0
1534,06.12.2020.,12:35:00,0,0,0,0,0,0,0,G,0,0
1535,06.12.2020.,12:40:00,0,0,0,0,0,0,0,G,0,0
1536,06.12.2020.,12:45:00,0,0,0,0,0,0,0,G,0,0
1537,06.12.2020.,12:50:00,0,0,0,0,0,0,0,G,0,0
1538,06.12.2020.,12:55:00,0,0,0,0,0,0,0,G,0,0
1539,06.12.2020.,13:00:00,0,0,0,0,0,0,0,G,0,0
1540,06.12.2020.,13:05:00,0,0,0,0,0,0,0,G,0,0
1541,06.12.2020.,13:10:00,0,0,0,0,0,0,0,G,0,0
1542,06.12.2020.,13:15:00,0,0,0,0,0,0,0,G,0,0
1543,06.12.2020.,13:20:00,0,0,0,0,0,0,0,G,0,0
1544,06.12.2020.,13:25:00,0,0,0,0,0,0,0,G,0,0
1545,06.12.2020.,13:30:00,0,0,0,0,0,0,0,G,0,0
1546,06.12.2020.,13:35:00,0,0,0,0,0,0,0,G,0,0
1547,06.12.2020.,13:40:00,0,0,0,0,0,0,0,G,0,0
1548,06.12.2020.,13:45:00,0,0,0,0,0,0,0,G,0,0
1549,06.12.2020.,13:50:00,0,0,0,0,0,0,0,G,0,0
1550,06.12.2020.,13:55:00,0,0,0,0,0,0,0,G,0,0
1551,06.12.2020.,14:00:00,0,0,0,0,0,0,0,G,0,0
1552,06.12.2020.,14:05:00,0,0,0,0,0,0,0,G,0,0
1553,06.12.2020.,14:10:00,0,0,0,0,0,0,0,G,0,0
1554,06.12.2020.,14:15:00,0,0,0,0,0,0,0,G,0,0
1555,06.12.2020.,14:20:00,0,0,0,0,0,0,0,G,0,0
1556,06.12.2020.,14:25:00,0,0,0,0,0,0,0,G,0,0
1557,06.12.2020.,14:30:00,0,0,0,0,0,0,0,G,0,0
1558,06.12.2020.,14:35:00,0,0,0,0,0,0,0,G,0,0
1559,06.12.2020.,14:40:00,0,0,0,0,0,0,0,G,0,0
1560,06.12.2020.,14:45:00,0,0,0,0,0,0,0,G,0,0
1561,06.12.2020.,14:50:00,0,0,0,0,0,0,0,G,0,0
1562,06.12.2020.,14:55:00,0,0,0,0,0,0,0,G,0,0
1563,06.12.2020.,15:00:00,0,0,0,0,0,0,0,G,0,0
1564,06.12.2020.,15:05:00,0,0,0,0,0,0,0,G,0,0
1565,06.12.2020.,15:10:00,0,0,0,0,0,0,0,G,0,0
1566,06.12.2020.,15:15:00,0,0,0,0,0,0,0,G,0,0
1567,06.12.2020.,15:20:00,0,0,0,0,0,0,0,G,0,0
1568,06.12.2020.,15:25:00,0,0,0,0,0,0,0,G,0,0
1569,06.12.2020.,15:30:00,0,0,0,0,0,0,0,G,0,0
1570,06.12.2020.,15:35:00,0,0,0,0,0,0,0,G,0,0
1571,06.12.2020.,15:40:00,0,0,0,0,0,0,0,G,0,0
1572,06.12.2020.,15:45:00,0,0,0,0,0,0,0,G,0,0
1573,06.12.2020.,15:50:00,0,0,0,0,0,0,0,G,0,0
1574,06.12.2020.,15:55:00,0,0,0,0,0,0,0,G,0,0
1575,06.12.2020.,16:00:00,0,0,0,0,0,0,0,G,0,0
1576,06.12.2020.,16:05:00,0,0,0,0,0,0,0,G,0,0
1577,06.12.2020.,16:10:00,0,0,0,0,0,0,0,G,0,0
1578,06.12.2020.,16:15:00,0,0,0,0,0,0,0,G,0,0
1579,06.12.2020.,16:20:00,0,0,0,0,0,0,0,G,0,0
1580,06.12.2020.,16:25:00,0,0,0,0,0,0,0,G,0,0
1581,06.12.2020.,16:30:00,0,0,0,0,0,0,0,G,0,0
1582,06.12.2020.,16:35:00,0,0,0,0,0,0,0,G,0,0
1583,06.12.2020.,16:40:00,0,0,0,0,0,0,0,G,0,0
1584,06.12.2020.,16:45:00,0,0,0,0,0,0,0,G,0,0
1585,06.12.2020.,16:50:00,0,0,0,0,0,0,0,G,0,0
1586,06.12.2020.,16:55:00,0,0,0,0,0,0,0,G,0,0
1587,06.12.2020.,17:00:00,0,0,0,0,0,0,0,G,0,0
1588,06.12.2020.,17:05:00,0,0,0,0,0,0,0,G,0,0
1589,06.12.2020.,17:10:00,0,0,0,0,0,0,0,G,0,0
1590,06.12.2020.,17:15:00,0,0,0,0,0,0,0,G,0,0
1591,06.12.2020.,17:20:00,0,0,0,0,0,0,0,G,0,0
1592,06.12.2020.,17:25:00,0,0,0,0,0,0,0,G,0,0
1593,06.12.2020.,17:30:00,0,0,0,0,0,0,0,G,0,0
1594,06.12.2020.,17:35:00,0,0,0,0,0,0,0,G,0,0
1595,06.12.2020.,17:40:00,0,0,0,0,0,0,0,G,0,0
1596,06.12.2020.,17:45:00,0,0,0,0,0,0,0,G,0,0
1597,06.12.2020.,17:50:00,0,0,0,0,0,0,0,G,0,0
1598,06.12.2020.,17:55:00,0,0,0,0,0,0,0,G,0,0
1599,06.12.2020.,18:00:00,0,0,0,0,0,0,0,G,0,0
1600,06.12.2020.,18:05:00,0,0,0,0,0,0,0,G,0,0
1601,06.12.2020.,18:10:00,0,0,0,0,0,0,0,G,0,0
1602,06.12.2020.,18:15:00,0,0,0,0,0,0,0,G,0,0
1603,06.12.2020.,18:20:00,0,0,0,0,0,0,0,G,0,0
1604,06.12.2020.,18:25:00,0,0,0,0,0,0,0,G,0,0
1605,06.12.2020.,18:30:00,0,0,0,0,0,0,0,G,0,0
1606,06.12.2020.,18:35:00,0,0,0,0,0,0,0,G,0,0
1607,06.12.2020.,18:40:00,0,0,0,0,0,0,0,G,0,0
1608,06.12.2020.,18:45:00,0,0,0,0,0,0,0,G,0,0
1609,06.12.2020.,18:50:00,0,0,0,0,0,0,0,G,0,0
1610,06.12.2020.,18:55:00,0,0,0,0,0,0,0,G,0,0
1611,06.12.2020.,19:00:00,0,0,0,0,0,0,0,G,0,0
1612,06.12.2020.,19:05:00,0,0,0,0,0,0,0,G,0,0
1613,06.12.2020.,19:10:00,0,0,0,0,0,0,0,G,0,0
1614,06.12.2020.,19:15:00,0,0,0,0,0,0,0,G,0,0
1615,06.12.2020.,19:20:00,0,0,0,0,0,0,0,G,0,0
1616,06.12.2020.,19:25:00,0,0,0,0,0,0,0,G,0,0
1617,06.12.2020.,19:30:00,0,0,0,0,0,0,0,G,0,0
1618,06.12.2020.,19:35:00,0,0,0,0,0,0,0,G,0,0
1619,06.12.2020.,19:40:00,0,0,0,0,0,0,0,G,0,0
1620,06.12.2020.,19:45:00,0,0,0,0,0,0,0,G,0,0
1621,06.12.2020.,19:50:00,0,0,0,0,0,0,0,G,0,0
1622,06.12.2020.,19:55:00,0,0,0,0,0,0,0,G,0,0
1623,06.12.2020.,20:00:00,0,0,0,0,0,0,0,G,0,0
1624,06.12.2020.,20:05:00,0,0,0,0,0,0,0,G,0,0
1625,06.12.2020.,20:10:00,0,0,0,0,0,0,0,G,0,0
1626,06.12.2020.,20:15:00,0,0,0,0,0,0,0,G,0,0
1627,06.12.2020.,20:20:00,0,0,0,0,0,0,0,G,0,0
1628,06.12.2020.,20:25:00,0,0,0,0,0,0,0,G,0,0
1629,06.12.2020.,20:30:00,0,0,0,0,0,0,0,G,0,0
1630,06.12.2020.,20:35:00,0,0,0,0,0,0,0,G,0,0
1631,06.12.2020.,20:40:00,0,0,0,0,0,0,0,G,0,0
1632,06.12.2020.,20:45:00,0,0,0,0,0,0,0,G,0,0
1633,06.12.2020.,20:50:00,0,0,0,0,0,0,0,G,0,0
1634,06.12.2020.,20:55:00,0,0,0,0,0,0,0,G,0,0
1635,06.12.2020.,21:00:00,0,0,0,0,0,0,0,G,0,0
1636,06.12.2020.,21:05:00,0,0,0,0,0,0,0,G,0,0
1637,06.12.2020.,21:10:00,0,0,0,0,0,0,0,G,0,0
1638,06.12.2020.,21:15:00,0,0,0,0,0,0,0,G,0,0
1639,06.12.2020.,21:20:00,0,0,0,0,0,0,0,G,0,0
1640,06.12.2020.,21:25:00,0,0,0,0,0,0,0,G,0,0
1641,06.12.2020.,21:30:00,0,0,0,0,0,0,0,G,0,0
1642,06.12.2020.,21:35:00,0,0,0,0,0,0,0,G,0,0
1643,06.12.2020.,21:40:00,0,0,0,0,0,0,0,G,0,0
1644,06.12.2020.,21:45:00,0,0,0,0,0,0,0,G,0,0
1645,06.12.2020.,21:50:00,0,0,0,0,0,0,0,G,0,0
1646,06.12.2020.,21:55:00,0,0,0,0,0,0,0,G,0,0
1647,06.12.2020.,22:00:00,0,0,0,0,0,0,0,G,0,0
1648,06.12.2020.,22:05:00,0,0,0,0,0,0,0,G,0,0
1649,06.12.2020.,22:10:00,0,0,0,0,0,0,0,G,0,0
1650,06.12.2020.,22:15:00,0,0,0,0,0,0,0,G,0,0
1651,06.12.2020.,22:20:00,0,0,0,0,0,0,0,G,0,0
1652,06.12.2020.,22:25:00,0,0,0,0,0,0,0,G,0,0
1653,06.12.2020.,22:30:00,0,0,0,0,0,0,0,G,0,0
1654,06.12.2020.,22:35:00,0,0,0,0,0,0,0,G,0,0
1655,06.12.2020.,22:40:00,0,0,0,0,0,0,0,G,0,0
1656,06.12.2020.,22:45:00,0,0,0,0,0,0,0,G,0,0
1657,06.12.2020.,22:50:00,0,0,0,0,0,0,0,G,0,0
1658,06.12.2020.,22:55:00,0,0,0,0,0,0,0,G,0,0
1659,06.12.2020.,23:00:00,0,0,0,0,0,0,0,G,0,0
1660,06.12.2020.,23:05:00,0,0,0,0,0,0,0,G,0,0
1661,06.12.2020.,23:10:00,0,0,0,0,0,0,0,G,0,0
1662,06.12.2020.,23:15:00,0,0,0,0,0,0,0,G,0,0
1663,06.12.2020.,23:20:00,0,0,0,0,0,0,0,G,0,0
1664,06.12.2020.,23:25:00,0,0,0,0,0,0,0,G,0,0
1665,06.12.2020.,23:30:00,0,0,0,0,0,0,0,G,0,0
1666,06.12.2020.,23:35:00,0,0,0,0,0,0,0,G,0,0
1667,06.12.2020.,23:40:00,0,0,0,0,0,0,0,G,0,0
1668,06.12.2020.,23:45:00,0,0,0,0,0,0,0,G,0,0
1669,06.12.2020.,23:50:00,0,0,0,0,0,0,0,G,0,0
1670,06.12.2020.,23:55:00,0,0,0,0,0,0,0,G,0,0
1671,07.12.2020.,00:00:00,0,0,0,0,0,0,0,G,0,0
1672,07.12.2020.,00:05:00,0,0,0,0,0,0,0,G,0,0
1673,07.12.2020.,00:10:00,0,0,0,0,0,0,0,G,0,0
1674,07.12.2020.,00:15:00,0,0,0,0,0,0,0,G,0,0
1675,07.12.2020.,00:20:00,0,0,0,0,0,0,0,G,0,0
1676,07.12.2020.,00:25:00,0,0,0,0,0,0,0,G,0,0
1677,07.12.2020.,00:30:00,0,0,0,0,0,0,0,G,0,0
1678,07.12.2020.,00:35:00,0,0,0,0,0,0,0,G,0,0
1679,07.12.2020.,00:40:00,0,0,0,0,0,0,0,G,0,0
1680,07.12.2020.,00:45:00,0,0,0,0,0,0,0,G,0,0
1681,07.12.2020.,00:50:00,0,0,0,0,0,0,0,G,0,0
1682,07.12.2020.,00:55:00,0,0,0,0,0,0,0,G,0,0
1683,07.12.2020.,01:00:00,0,0,0,0,0,0,0,G,0,0
1684,07.12.2020.,01:05:00,0,0,0,0,0,0,0,G,0,0
1685,07.12.2020.,01:10:00,0,0,0,0,0,0,0,G,0,0
1686,07.12.2020.,01:15:00,0,0,0,0,0,0,0,G,0,0
1687,07.12.2020.,01:20:00,0,0,0,0,0,0,0,G,0,0
1688,07.12.2020.,01:25:00,0,0,0,0,0,0,0,G,0,0
1689,07.12.2020.,01:30:00,0,0,0,0,0,0,0,G,0,0
1690,07.12.2020.,01:35:00,0,0,0,0,0,0,0,G,0,0
1691,07.12.2020.,01:40:00,0,0,0,0,0,0,0,G,0,0
1692,07.12.2020.,01:45:00,0,0,0,0,0,0,0,G,0,0
1693,07.12.2020.,01:50:00,0,0,0,0,0,0,0,G,0,0
1694,07.12.2020.,01:55:00,0,0,0,0,0,0,0,G,0,0
1695,07.12.2020.,02:00:00,0,0,0,0,0,0,0,G,0,0
1696,07.12.2020.,02:05:00,0,0,0,0,0,0,0,G,0,0
1697,07.12.2020.,02:10:00,0,0,0,0,0,0,0,G,0,0
1698,07.12.2020.,02:15:00,0,0,0,0,0,0,0,G,0,0
1699,07.12.2020.,02:20:00,0,0,0,0,0,0,0,G,0,0
1700,07.12.2020.,02:25:00,0,0,0,0,0,0,0,G,0,0
1701,07.12.2020.,02:30:00,0,0,0,0,0,0,0,G,0,0
1702,07.12.2020.,02:35:00,0,0,0,0,0,0,0,G,0,0
1703,07.12.2020.,02:40:00,0,0,0,0,0,0,0,G,0,0
1704,07.12.2020.,02:45:00,0,0,0,0,0,0,0,G,0,0
1705,07.12.2020.,02:50:00,0,0,0,0,0,0,0,G,0,0
1706,07.12.2020.,02:55:00,0,0,0,0,0,0,0,G,0,0
1707,07.12.2020.,03:00:00,0,0,0,0,0,0,0,G,0,0
1708,07.12.2020.,03:05:00,0,0,0,0,0,0,0,G,0,0
1709,07.12.2020.,03:10:00,0,0,0,0,0,0,0,G,0,0
1710,07.12.2020.,03:15:00,0,0,0,0,0,0,0,G,0,0
1711,07.12.2020.,03:20:00,0,0,0,0,0,0,0,G,0,0
1712,07.12.2020.,03:25:00,0,0,0,0,0,0,0,G,0,0
1713,07.12.2020.,03:30:00,0,0,0,0,0,0,0,G,0,0
1714,07.12.2020.,03:35:00,0,0,0,0,0,0,0,G,0,0
1715,07.12.2020.,03:40:00,0,0,0,0,0,0,0,G,0,0
1716,07.12.2020.,03:45:00,0,0,0,0,0,0,0,G,0,0
1717,07.12.2020.,03:50:00,0,0,0,0,0,0,0,G,0,0
1718,07.12.2020.,03:55:00,0,0,0,0,0,0,0,G,0,0
1719,07.12.2020.,04:00:00,0,0,0,0,0,0,0,G,0,0
1720,07.12.2020.,04:05:00,0,0,0,0,0,0,0,G,0,0
1721,07.12.2020.,04:10:00,0,0,0,0,0,0,0,G,0,0
1722,07.12.2020.,04:15:00,0,0,0,0,0,0,0,G,0,0
1723,07.12.2020.,04:20:00,0,0,0,0,0,0,0,G,0,0
1724,07.12.2020.,04:25:00,0,0,0,0,0,0,0,G,0,0
1725,07.12.2020.,04:30:00,0,0,0,0,0,0,0,G,0,0
1726,07.12.2020.,04:35:00,0,0,0,0,0,0,0,G,0,0
1727,07.12.2020.,04:40:00,0,0,0,0,0,0,0,G,0,0
1728,07.12.2020.,04:45:00,0,0,0,0,0,0,0,G,0,0
1729,07.12.2020.,04:50:00,0,0,0,0,0,0,0,G,0,0
1730,07.12.2020.,04:55:00,0,0,0,0,0,0,0,G,0,0
1731,07.12.2020.,05:00:00,0,0,0,0,0,0,0,G,0,0
1732,07.12.2020.,05:05:00,0,0,0,0,0,0,0,G,0,0
1733,07.12.2020.,05:10:00,0,0,0,0,0,0,0,G,0,0
1734,07.12.2020.,05:15:00,0,0,0,0,0,0,0,G,0,0
1735,07.12.2020.,05:20:00,0,0,0,0,0,0,0,G,0,0
1736,07.12.2020.,05:25:00,0,0,0,0,0,0,0,G,0,0
1737,07.12.2020.,05:30:00,0,0,0,0,0,0,0,G,0,0
1738,07.12.2020.,05:35:00,0,0,0,0,0,0,0,G,0,0
1739,07.12.2020.,05:40:00,0,0,0,0,0,0,0,G,0,0
1740,07.12.2020.,05:45:00,0,0,0,0,0,0,0,G,0,0
1741,07.12.2020.,05:50:00,0,0,0,0,0,0,0,G,0,0
1742,07.12.2020.,05:55:00,0,0,0,0,0,0,0,G,0,0
1743,07.12.2020.,06:00:00,0,0,0,0,0,0,0,G,0,0
1744,07.12.2020.,06:05:00,0,0,0,0,0,0,0,G,0,0
1745,07.12.2020.,06:10:00,0,0,0,0,0,0,0,G,0,0
1746,07.12.2020.,06:15:00,0,0,0,0,0,0,0,G,0,0
1747,07.12.2020.,06:20:00,0,0,0,0,0,0,0,G,0,0
1748,07.12.2020.,06:25:00,0,0,0,0,0,0,0,G,0,0
1749,07.12.2020.,06:30:00,0,0,0,0,0,0,0,G,0,0
1750,07.12.2020.,06:35:00,0,0,0,0,0,0,0,G,0,0
1751,07.12.2020.,06:40:00,0,0,0,0,0,0,0,G,0,0
1752,07.12.2020.,06:45:00,0,0,0,0,0,0,0,G,0,0
1753,07.12.2020.,06:50:00,0,0,0,0,0,0,0,G,0,0
1754,07.12.2020.,06:55:00,0,0,0,0,0,0,0,G,0,0
1755,07.12.2020.,07:00:00,0,0,0,0,0,0,0,G,0,0
1756,07.12.2020.,07:05:00,0,0,0,0,0,0,0,G,0,0
1757,07.12.2020.,07:10:00,0,0,0,0,0,0,0,G,0,0
1758,07.12.2020.,07:15:00,0,0,0,0,0,0,0,G,0,0
1759,07.12.2020.,07:20:00,0,0,0,0,0,0,0,G,0,0
1760,07.12.2020.,07:25:00,0,0,0,0,0,0,0,G,0,0
1761,07.12.2020.,07:31:00,0,0,0,0,0,0,0,G,0,0
1762,07.12.2020.,07:31:00,0,0,0,0,0,0,0,G,0,0
1763,07.12.2020.,07:35:00,0,0,0,0,0,0,0,G,0,0
1764,07.12.2020.,07:40:00,0,0,0,0,0,0,0,G,0,0
1765,07.12.2020.,07:45:00,0,0,0,0,0,0,0,G,0,0
1766,07.12.2020.,07:50:00,0,0,0,0,0,0,0,G,0,0
1767,07.12.2020.,07:55:00,0,0,0,0,0,0,0,G,0,0
1768,07.12.2020.,08:00:00,0,0,0,0,0,0,0,G,0,0
1769,07.12.2020.,08:05:00,0,0,0,0,0,0,0,G,0,0
1770,07.12.2020.,08:10:00,0,0,0,0,0,0,0,G,0,0
1771,07.12.2020.,08:15:00,0,0,0,0,0,0,0,G,0,0
1772,07.12.2020.,08:20:00,0,0,0,0,0,0,0,G,0,0
1773,07.12.2020.,08:25:00,0,0,0,0,0,0,0,G,0,0
1774,07.12.2020.,08:30:00,0,0,0,0,0,0,0,G,0,0
1775,07.12.2020.,08:35:00,0,0,0,0,0,0,0,G,0,0
1776,07.12.2020.,08:40:00,0,0,0,0,0,0,0,G,0,0
1777,07.12.2020.,08:45:00,0,0,0,0,0,0,0,G,0,0
1778,07.12.2020.,08:50:00,0,0,0,0,0,0,0,G,0,0
1779,07.12.2020.,08:55:00,0,0,0,0,0,0,0,G,0,0
1780,07.12.2020.,09:00:00,0,0,0,0,0,0,0,G,0,0
1781,07.12.2020.,09:05:00,0,0,0,0,0,0,0,G,0,0
1782,07.12.2020.,09:10:00,0,0,0,0,0,0,0,G,0,0
1783,07.12.2020.,09:15:00,0,0,0,0,0,0,0,G,0,0
1784,07.12.2020.,09:20:00,0,0,0,0,0,0,0,G,0,0
1785,07.12.2020.,09:25:00,0,0,0,0,0,0,0,G,0,0
1786,07.12.2020.,09:30:00,0,0,0,0,0,0,0,G,0,0
1787,07.12.2020.,09:35:00,0,0,0,0,0,0,0,G,0,0
1788,07.12.2020.,09:40:00,0,0,0,0,0,0,0,G,0,0
1789,07.12.2020.,09:45:00,0,0,0,0,0,0,0,G,0,0
1790,07.12.2020.,09:50:00,0,0,0,0,0,0,0,G,0,0
1791,07.12.2020.,09:55:00,0,0,0,0,0,0,0,G,0,0
1792,07.12.2020.,10:00:00,0,0,0,0,0,0,0,G,0,0
1793,07.12.2020.,10:05:00,0,0,0,0,0,0,0,G,0,0
1794,07.12.2020.,10:10:00,0,0,0,0,0,0,0,G,0,0
1795,07.12.2020.,10:15:00,0,0,0,0,0,0,0,G,0,0
1796,07.12.2020.,10:20:00,0,0,0,0,0,0,0,G,0,0
1797,07.12.2020.,10:25:00,0,0,0,0,0,0,0,G,0,0
1798,07.12.2020.,10:30:00,0,0,0,0,0,0,0,G,0,0
1799,07.12.2020.,10:35:00,0,0,0,0,0,0,0,G,0,0
1800,07.12.2020.,10:40:00,0,0,0,0,0,0,0,G,0,0
1801,07.12.2020.,10:45:00,0,0,0,0,0,0,0,G,0,0
1802,07.12.2020.,10:50:00,0,0,0,0,0,0,0,G,0,0
1803,07.12.2020.,10:55:00,0,0,0,0,0,0,0,G,0,0
1804,07.12.2020.,11:00:00,0,0,0,0,0,0,0,G,0,0
1805,07.12.2020.,11:05:00,0,0,0,0,0,0,0,G,0,0
1806,07.12.2020.,11:10:00,0,0,0,0,0,0,0,G,0,0
1807,07.12.2020.,11:15:00,0,0,0,0,0,0,0,G,0,0
1808,07.12.2020.,11:20:00,0,0,0,0,0,0,0,G,0,0
1809,07.12.2020.,11:25:00,0,0,0,0,0,0,0,G,0,0
1810,07.12.2020.,11:30:00,0,0,0,0,0,0,0,G,0,0
1811,07.12.2020.,11:35:00,0,0,0,0,0,0,0,G,0,0
1812,07.12.2020.,11:40:00,0,0,0,0,0,0,0,G,0,0
1813,07.12.2020.,11:45:00,0,0,0,0,0,0,0,G,0,0
1814,07.12.2020.,11:50:00,0,0,0,0,0,0,0,G,0,0
1815,07.12.2020.,11:55:00,0,0,0,0,0,0,0,G,0,0
1816,07.12.2020.,12:00:00,0,0,0,0,0,0,0,G,0,0
1817,07.12.2020.,12:05:00,0,0,0,0,0,0,0,G,0,0
1818,07.12.2020.,12:10:00,0,0,0,0,0,0,0,G,0,0
1819,07.12.2020.,12:15:00,0,0,0,0,0,0,0,G,0,0
1820,07.12.2020.,12:20:00,0,0,0,0,0,0,0,G,0,0
1821,07.12.2020.,12:25:00,0,0,0,0,0,0,0,G,0,0
1822,07.12.2020.,12:30:00,0,0,0,0,0,0,0,G,0,0
1823,07.12.2020.,12:35:00,0,0,0,0,0,0,0,G,0,0
1824,07.12.2020.,12:40:00,0,0,0,0,0,0,0,G,0,0
1825,07.12.2020.,12:45:00,0,0,0,0,0,0,0,G,0,0
1826,07.12.2020.,12:50:00,0,0,0,0,0,0,0,G,0,0
1827,07.12.2020.,12:55:00,0,0,0,0,0,0,0,G,0,0
1828,07.12.2020.,13:00:00,0,0,0,0,0,0,0,G,0,0
1829,07.12.2020.,13:05:00,0,0,0,0,0,0,0,G,0,0
1830,07.12.2020.,13:10:00,0,0,0,0,0,0,0,G,0,0
1831,07.12.2020.,13:15:00,0,0,0,0,0,0,0,G,0,0
1832,07.12.2020.,13:20:00,0,0,0,0,0,0,0,G,0,0
1833,07.12.2020.,13:25:00,0,0,0,0,0,0,0,G,0,0
1834,07.12.2020.,13:30:00,0,0,0,0,0,0,0,G,0,0
1835,07.12.2020.,13:35:00,0,0,0,0,0,0,0,G,0,0
1836,07.12.2020.,13:40:00,0,0,0,0,0,0,0,G,0,0
1837,07.12.2020.,13:45:00,0,0,0,0,0,0,0,G,0,0
1838,07.12.2020.,13:50:00,0,0,0,0,0,0,0,G,0,0
1839,07.12.2020.,13:55:00,0,0,0,0,0,0,0,G,0,0
1840,07.12.2020.,14:00:00,0,0,0,0,0,0,0,G,0,0
1841,07.12.2020.,14:05:00,0,0,0,0,0,0,0,G,0,0
1842,07.12.2020.,14:10:00,0,0,0,0,0,0,0,G,0,0
1843,07.12.2020.,14:15:00,0,0,0,0,0,0,0,G,0,0
1844,07.12.2020.,14:20:00,0,0,0,0,0,0,0,G,0,0
1845,07.12.2020.,14:25:00,0,0,0,0,0,0,0,G,0,0
1846,07.12.2020.,14:30:00,0,0,0,0,0,0,0,G,0,0
1847,07.12.2020.,14:35:00,0,0,0,0,0,0,0,G,0,0
1848,07.12.2020.,14:40:00,0,0,0,0,0,0,0,G,0,0
1849,07.12.2020.,14:45:00,0,0,0,0,0,0,0,G,0,0
1850,07.12.2020.,14:50:00,0,0,0,0,0,0,0,G,0,0
1851,07.12.2020.,14:55:00,0,0,0,0,0,0,0,G,0,0
1852,07.12.2020.,15:00:00,0,0,0,0,0,0,0,G,0,0
1853,07.12.2020.,15:05:00,0,0,0,0,0,0,0,G,0,0
1854,07.12.2020.,15:10:00,0,0,0,0,0,0,0,G,0,0
1855,07.12.2020.,15:15:00,0,0,0,0,0,0,0,G,0,0
1856,07.12.2020.,15:20:00,0,0,0,0,0,0,0,G,0,0
1857,07.12.2020.,15:25:00,0,0,0,0,0,0,0,G,0,0
1858,07.12.2020.,15:30:00,0,0,0,0,0,0,0,G,0,0
1859,07.12.2020.,15:35:00,0,0,0,0,0,0,0,G,0,0
1860,07.12.2020.,15:40:00,0,0,0,0,0,0,0,G,0,0
1861,07.12.2020.,15:45:00,0,0,0,0,0,0,0,G,0,0
1862,07.12.2020.,15:50:00,0,0,0,0,0,0,0,G,0,0
1863,07.12.2020.,15:55:00,0,0,0,0,0,0,0,G,0,0
1864,07.12.2020.,16:00:00,0,0,0,0,0,0,0,G,0,0
1865,07.12.2020.,16:05:00,0,0,0,0,0,0,0,G,0,0
1866,07.12.2020.,16:10:00,0,0,0,0,0,0,0,G,0,0
1867,07.12.2020.,16:15:00,0,0,0,0,0,0,0,G,0,0
1868,07.12.2020.,16:20:00,0,0,0,0,0,0,0,G,0,0
1869,07.12.2020.,16:25:00,0,0,0,0,0,0,0,G,0,0
1870,07.12.2020.,16:30:00,0,0,0,0,0,0,0,G,0,0
1871,07.12.2020.,16:35:00,0,0,0,0,0,0,0,G,0,0
1872,07.12.2020.,16:40:00,0,0,0,0,0,0,0,G,0,0
1873,07.12.2020.,16:45:00,0,0,0,0,0,0,0,G,0,0
1874,07.12.2020.,16:50:00,0,0,0,0,0,0,0,G,0,0
1875,07.12.2020.,16:55:00,0,0,0,0,0,0,0,G,0,0
1876,07.12.2020.,17:00:00,0,0,0,0,0,0,0,G,0,0
1877,07.12.2020.,17:05:00,0,0,0,0,0,0,0,G,0,0
1878,07.12.2020.,17:10:00,0,0,0,0,0,0,0,G,0,0
1879,07.12.2020.,17:15:00,0,0,0,0,0,0,0,G,0,0
1880,07.12.2020.,17:20:00,0,0,0,0,0,0,0,G,0,0
1881,07.12.2020.,17:25:00,0,0,0,0,0,0,0,G,0,0
1882,07.12.2020.,17:30:00,0,0,0,0,0,0,0,G,0,0
1883,07.12.2020.,17:35:00,0,0,0,0,0,0,0,G,0,0
1884,07.12.2020.,17:40:00,0,0,0,0,0,0,0,G,0,0
1885,07.12.2020.,17:45:00,0,0,0,0,0,0,0,G,0,0
1886,07.12.2020.,17:50:00,0,0,0,0,0,0,0,G,0,0
1887,07.12.2020.,17:55:00,0,0,0,0,0,0,0,G,0,0
1888,07.12.2020.,18:00:00,0,0,0,0,0,0,0,G,0,0
1889,07.12.2020.,18:05:00,0,0,0,0,0,0,0,G,0,0
1890,07.12.2020.,18:10:00,0,0,0,0,0,0,0,G,0,0
1891,07.12.2020.,18:15:00,0,0,0,0,0,0,0,G,0,0
1892,07.12.2020.,18:20:00,0,0,0,0,0,0,0,G,0,0
1893,07.12.2020.,18:25:00,0,0,0,0,0,0,0,G,0,0
1894,07.12.2020.,18:30:00,0,0,0,0,0,0,0,G,0,0
1895,07.12.2020.,18:35:00,0,0,0,0,0,0,0,G,0,0
1896,07.12.2020.,18:40:00,0,0,0,0,0,0,0,G,0,0
1897,07.12.2020.,18:45:00,0,0,0,0,0,0,0,G,0,0
1898,07.12.2020.,18:50:00,0,0,0,0,0,0,0,G,0,0
1899,07.12.2020.,18:55:00,0,0,0,0,0,0,0,G,0,0
1900,07.12.2020.,19:00:00,0,0,0,0,0,0,0,G,0,0
1901,07.12.2020.,19:05:00,0,0,0,0,0,0,0,G,0,0
1902,07.12.2020.,19:10:00,0,0,0,0,0,0,0,G,0,0
1903,07.12.2020.,19:15:00,0,0,0,0,0,0,0,G,0,0
1904,07.12.2020.,19:20:00,0,0,0,0,0,0,0,G,0,0
1905,07.12.2020.,19:25:00,0,0,0,0,0,0,0,G,0,0
1906,07.12.2020.,19:30:00,0,0,0,0,0,0,0,G,0,0
1907,07.12.2020.,19:35:00,0,0,0,0,0,0,0,G,0,0
1908,07.12.2020.,19:40:00,0,0,0,0,0,0,0,G,0,0
1909,07.12.2020.,19:45:00,0,0,0,0,0,0,0,G,0,0
1910,07.12.2020.,19:50:00,0,0,0,0,0,0,0,G,0,0
1911,07.12.2020.,19:55:00,0,0,0,0,0,0,0,G,0,0
1912,07.12.2020.,20:00:00,0,0,0,0,0,0,0,G,0,0
1913,07.12.2020.,20:05:00,0,0,0,0,0,0,0,G,0,0
1914,07.12.2020.,20:10:00,0,0,0,0,0,0,0,G,0,0
1915,07.12.2020.,20:15:00,0,0,0,0,0,0,0,G,0,0
1916,07.12.2020.,20:20:00,0,0,0,0,0,0,0,G,0,0
1917,07.12.2020.,20:25:00,0,0,0,0,0,0,0,G,0,0
1918,07.12.2020.,20:30:00,0,0,0,0,0,0,0,G,0,0
1919,07.12.2020.,20:35:00,0,0,0,0,0,0,0,G,0,0
1920,07.12.2020.,20:40:00,0,0,0,0,0,0,0,G,0,0
1921,07.12.2020.,20:45:00,0,0,0,0,0,0,0,G,0,0
1922,07.12.2020.,20:50:00,0,0,0,0,0,0,0,G,0,0
1923,07.12.2020.,20:55:00,0,0,0,0,0,0,0,G,0,0
1924,07.12.2020.,21:00:00,0,0,0,0,0,0,0,G,0,0
1925,07.12.2020.,21:05:00,0,0,0,0,0,0,0,G,0,0
1926,07.12.2020.,21:10:00,0,0,0,0,0,0,0,G,0,0
1927,07.12.2020.,21:15:00,0,0,0,0,0,0,0,G,0,0
1928,07.12.2020.,21:20:00,0,0,0,0,0,0,0,G,0,0
1929,07.12.2020.,21:25:00,0,0,0,0,0,0,0,G,0,0
1930,07.12.2020.,21:30:00,0,0,0,0,0,0,0,G,0,0
1931,07.12.2020.,21:35:00,0,0,0,0,0,0,0,G,0,0
1932,07.12.2020.,21:40:00,0,0,0,0,0,0,0,G,0,0
1933,07.12.2020.,21:45:00,0,0,0,0,0,0,0,G,0,0
1934,07.12.2020.,21:50:00,0,0,0,0,0,0,0,G,0,0
1935,07.12.2020.,21:55:00,0,0,0,0,0,0,0,G,0,0
1936,07.12.2020.,22:00:00,0,0,0,0,0,0,0,G,0,0
1937,07.12.2020.,22:05:00,0,0,0,0,0,0,0,G,0,0
1938,07.12.2020.,22:10:00,0,0,0,0,0,0,0,G,0,0
1939,07.12.2020.,22:15:00,0,0,0,0,0,0,0,G,0,0
1940,07.12.2020.,22:20:00,0,0,0,0,0,0,0,G,0,0
1941,07.12.2020.,22:25:00,0,0,0,0,0,0,0,G,0,0
1942,07.12.2020.,22:30:00,0,0,0,0,0,0,0,G,0,0
1943,07.12.2020.,22:35:00,0,0,0,0,0,0,0,G,0,0
1944,07.12.2020.,22:40:00,0,0,0,0,0,0,0,G,0,0
1945,07.12.2020.,22:45:00,0,0,0,0,0,0,0,G,0,0
1946,07.12.2020.,22:50:00,0,0,0,0,0,0,0,G,0,0
1947,07.12.2020.,22:55:00,0,0,0,0,0,0,0,G,0,0
1948,07.12.2020.,23:00:00,0,0,0,0,0,0,0,G,0,0
1949,07.12.2020.,23:05:00,0,0,0,0,0,0,0,G,0,0
1950,07.12.2020.,23:10:00,0,0,0,0,0,0,0,G,0,0
1951,07.12.2020.,23:15:00,0,0,0,0,0,0,0,G,0,0
1952,07.12.2020.,23:20:00,0,0,0,0,0,0,0,G,0,0
1953,07.12.2020.,23:25:00,0,0,0,0,0,0,0,G,0,0
1954,07.12.2020.,23:30:00,0,0,0,0,0,0,0,G,0,0
1955,07.12.2020.,23:35:00,0,0,0,0,0,0,0,G,0,0
1956,07.12.2020.,23:40:00,0,0,0,0,0,0,0,G,0,0
1957,07.12.2020.,23:45:00,0,0,0,0,0,0,0,G,0,0
1958,07.12.2020.,23:50:00,0,0,0,0,0,0,0,G,0,0
1959,07.12.2020.,23:55:00,0,0,0,0,0,0,0,G,0,0
1960,08.12.2020.,00:00:00,0,0,0,0,0,0,0,G,0,0
1961,08.12.2020.,00:05:00,0,0,0,0,0,0,0,G,0,0
1962,08.12.2020.,00:10:00,0,0,0,0,0,0,0,G,0,0
1963,08.12.2020.,00:15:00,0,0,0,0,0,0,0,G,0,0
1964,08.12.2020.,00:20:00,0,0,0,0,0,0,0,G,0,0
1965,08.12.2020.,00:25:00,0,0,0,0,0,0,0,G,0,0
1966,08.12.2020.,00:30:00,0,0,0,0,0,0,0,G,0,0
1967,08.12.2020.,00:35:00,0,0,0,0,0,0,0,G,0,0
1968,08.12.2020.,00:40:00,0,0,0,0,0,0,0,G,0,0
1969,08.12.2020.,00:45:00,0,0,0,0,0,0,0,G,0,0
1970,08.12.2020.,00:50:00,0,0,0,0,0,0,0,G,0,0
1971,08.12.2020.,00:55:00,0,0,0,0,0,0,0,G,0,0
1972,08.12.2020.,01:00:00,0,0,0,0,0,0,0,G,0,0
1973,08.12.2020.,01:05:00,0,0,0,0,0,0,0,G,0,0
1974,08.12.2020.,01:10:00,0,0,0,0,0,0,0,G,0,0
1975,08.12.2020.,01:15:00,0,0,0,0,0,0,0,G,0,0
1976,08.12.2020.,01:20:00,0,0,0,0,0,0,0,G,0,0
1977,08.12.2020.,01:25:00,0,0,0,0,0,0,0,G,0,0
1978,08.12.2020.,01:30:00,0,0,0,0,0,0,0,G,0,0
1979,08.12.2020.,01:35:00,0,0,0,0,0,0,0,G,0,0
1980,08.12.2020.,01:40:00,0,0,0,0,0,0,0,G,0,0
1981,08.12.2020.,01:45:00,0,0,0,0,0,0,0,G,0,0
1982,08.12.2020.,01:50:00,0,0,0,0,0,0,0,G,0,0
1983,08.12.2020.,01:55:00,0,0,0,0,0,0,0,G,0,0
1984,08.12.2020.,02:00:00,0,0,0,0,0,0,0,G,0,0
1985,08.12.2020.,02:05:00,0,0,0,0,0,0,0,G,0,0
1986,08.12.2020.,02:10:00,0,0,0,0,0,0,0,G,0,0
1987,08.12.2020.,02:15:00,0,0,0,0,0,0,0,G,0,0
1988,08.12.2020.,02:20:00,0,0,0,0,0,0,0,G,0,0
1989,08.12.2020.,02:25:00,0,0,0,0,0,0,0,G,0,0
1990,08.12.2020.,02:30:00,0,0,0,0,0,0,0,G,0,0
1991,08.12.2020.,02:35:00,0,0,0,0,0,0,0,G,0,0
1992,08.12.2020.,02:40:00,0,0,0,0,0,0,0,G,0,0
1993,08.12.2020.,02:45:00,0,0,0,0,0,0,0,G,0,0
1994,08.12.2020.,02:50:00,0,0,0,0,0,0,0,G,0,0
1995,08.12.2020.,02:55:00,0,0,0,0,0,0,0,G,0,0
1996,08.12.2020.,03:00:00,0,0,0,0,0,0,0,G,0,0
1997,08.12.2020.,03:05:00,0,0,0,0,0,0,0,G,0,0
1998,08.12.2020.,03:10:00,0,0,0,0,0,0,0,G,0,0
1999,08.12.2020.,03:15:00,0,0,0,0,0,0,0,G,0,0
2000,08.12.2020.,03:20:00,0,0,0,0,0,0,0,G,0,0
2001,08.12.2020.,03:25:00,0,0,0,0,0,0,0,G,0,0
2002,08.12.2020.,03:30:00,0,0,0,0,0,0,0,G,0,0
2003,08.12.2020.,03:35:00,0,0,0,0,0,0,0,G,0,0
2004,08.12.2020.,03:40:00,0,0,0,0,0,0,0,G,0,0
2005,08.12.2020.,03:45:00,0,0,0,0,0,0,0,G,0,0
2006,08.12.2020.,03:46:00,0,0,0,0,0,0,0,G,0,0
2007,08.12.2020.,03:50:00,0,0,0,0,0,0,0,G,0,0
2008,08.12.2020.,03:55:00,0,0,0,0,0,0,0,G,0,0
2009,08.12.2020.,04:00:00,0,0,0,0,0,0,0,G,0,0
2010,08.12.2020.,04:05:00,0,0,0,0,0,0,0,G,0,0
2011,08.12.2020.,04:10:00,0,0,0,0,0,0,0,G,0,0
2012,08.12.2020.,04:15:00,0,0,0,0,0,0,0,G,0,0
2013,08.12.2020.,04:20:00,0,0,0,0,0,0,0,G,0,0
2014,08.12.2020.,04:25:00,0,0,0,0,0,0,0,G,0,0
2015,08.12.2020.,04:30:00,0,0,0,0,0,0,0,G,0,0
2016,08.12.2020.,04:35:00,0,0,0,0,0,0,0,G,0,0
2017,08.12.2020.,04:40:00,0,0,0,0,0,0,0,G,0,0
2018,08.12.2020.,04:45:00,0,0,0,0,0,0,0,G,0,0
2019,08.12.2020.,04:50:00,0,0,0,0,0,0,0,G,0,0
2020,08.12.2020.,04:55:00,0,0,0,0,0,0,0,G,0,0
2021,08.12.2020.,05:00:00,0,0,0,0,0,0,0,G,0,0
2022,08.12.2020.,05:05:00,0,0,0,0,0,0,0,G,0,0
2023,08.12.2020.,05:10:00,0,0,0,0,0,0,0,G,0,0
2024,08.12.2020.,05:15:00,0,0,0,0,0,0,0,G,0,0
2025,08.12.2020.,05:20:00,0,0,0,0,0,0,0,G,0,0
2026,08.12.2020.,05:25:00,0,0,0,0,0,0,0,G,0,0
2027,08.12.2020.,05:30:00,0,0,0,0,0,0,0,G,0,0
2028,08.12.2020.,05:35:00,0,0,0,0,0,0,0,G,0,0
2029,08.12.2020.,05:40:00,0,0,0,0,0,0,0,G,0,0
2030,08.12.2020.,05:45:00,0,0,0,0,0,0,0,G,0,0
2031,08.12.2020.,05:50:00,0,0,0,0,0,0,0,G,0,0
2032,08.12.2020.,05:55:00,0,0,0,0,0,0,0,G,0,0
2033,08.12.2020.,06:00:00,0,0,0,0,0,0,0,G,0,0
2034,08.12.2020.,06:05:00,0,0,0,0,0,0,0,G,0,0
2035,08.12.2020.,06:10:00,0,0,0,0,0,0,0,G,0,0
2036,08.12.2020.,06:15:00,0,0,0,0,0,0,0,G,0,0
2037,08.12.2020.,06:20:00,0,0,0,0,0,0,0,G,0,0
2038,08.12.2020.,06:25:00,0,0,0,0,0,0,0,G,0,0
2039,08.12.2020.,06:30:00,0,0,0,0,0,0,0,G,0,0
2040,08.12.2020.,06:35:00,0,0,0,0,0,0,0,G,0,0
2041,08.12.2020.,06:40:00,0,0,0,0,0,0,0,G,0,0
2042,08.12.2020.,06:45:00,0,0,0,0,0,0,0,G,0,0
2043,08.12.2020.,06:50:00,0,0,0,0,0,0,0,G,0,0
2044,08.12.2020.,06:55:00,0,0,0,0,0,0,0,G,0,0
2045,08.12.2020.,07:00:00,0,0,0,0,0,0,0,G,0,0
2046,08.12.2020.,07:05:00,0,0,0,0,0,0,0,G,0,0
2047,08.12.2020.,07:10:00,0,0,0,0,0,0,0,G,0,0
2048,08.12.2020.,07:15:00,0,0,0,0,0,0,0,G,0,0
2049,08.12.2020.,07:20:00,0,0,0,0,0,0,0,G,0,0
2050,08.12.2020.,07:25:00,0,0,0,0,0,0,0,G,0,0
2051,08.12.2020.,07:30:00,0,0,0,0,0,0,0,G,0,0
2052,08.12.2020.,07:35:00,0,0,0,0,0,0,0,G,0,0
2053,08.12.2020.,07:40:00,0,0,0,0,0,0,0,G,0,0
2054,08.12.2020.,07:45:00,0,0,0,0,0,0,0,G,0,0
2055,08.12.2020.,07:50:00,0,0,0,0,0,0,0,G,0,0
2056,08.12.2020.,07:55:00,0,0,0,0,0,0,0,G,0,0
2057,08.12.2020.,08:00:00,0,0,0,0,0,0,0,G,0,0
2058,08.12.2020.,08:05:00,0,0,0,0,0,0,0,G,0,0
2059,08.12.2020.,08:10:00,0,0,0,0,0,0,0,G,0,0
2060,08.12.2020.,08:15:00,0,0,0,0,0,0,0,G,0,0
2061,08.12.2020.,08:20:00,0,0,0,0,0,0,0,G,0,0
2062,08.12.2020.,08:25:00,0,0,0,0,0,0,0,G,0,0
2063,08.12.2020.,08:30:00,0,0,0,0,0,0,0,G,0,0
2064,08.12.2020.,08:35:00,0,0,0,0,0,0,0,G,0,0
2065,08.12.2020.,08:40:00,0,0,0,0,0,0,0,G,0,0
2066,08.12.2020.,08:45:00,0,0,0,0,0,0,0,G,0,0
2067,08.12.2020.,08:50:00,0,0,0,0,0,0,0,G,0,0
2068,08.12.2020.,09:50:00,0,0,0,0,0,0,0,G,0,0
2069,08.12.2020.,09:55:00,0,0,0,0,0,0,0,G,0,0
2070,08.12.2020.,10:00:00,0,0,0,0,0,0,0,G,0,0
2071,08.12.2020.,10:05:00,0,0,0,0,0,0,0,G,0,0
2072,08.12.2020.,10:10:00,0,0,0,0,0,0,0,G,0,0
2073,08.12.2020.,10:15:00,0,0,0,0,0,0,0,G,0,0
2074,08.12.2020.,10:20:00,0,0,0,0,0,0,0,G,0,0
2075,08.12.2020.,10:25:00,0,0,0,0,0,0,0,G,0,0
2076,08.12.2020.,10:30:00,0,0,0,0,0,0,0,G,0,0
2077,08.12.2020.,10:35:00,0,0,0,0,0,0,0,G,0,0
2078,08.12.2020.,10:40:00,0,0,0,0,0,0,0,G,0,0
2079,08.12.2020.,10:45:00,0,0,0,0,0,0,0,G,0,0
2080,08.12.2020.,10:50:00,0,0,0,0,0,0,0,G,0,0
2081,08.12.2020.,10:55:00,0,0,0,0,0,0,0,G,0,0
2082,08.12.2020.,11:00:00,0,0,0,0,0,0,0,G,0,0
2083,08.12.2020.,11:05:00,0,0,0,0,0,0,0,G,0,0
2084,08.12.2020.,11:10:00,0,0,0,0,0,0,0,G,0,0
2085,08.12.2020.,11:15:00,0,0,0,0,0,0,0,G,0,0
2086,08.12.2020.,11:20:00,0,0,0,0,0,0,0,G,0,0
2087,08.12.2020.,11:25:00,0,0,0,0,0,0,0,G,0,0
2088,08.12.2020.,11:30:00,0,0,0,0,0,0,0,G,0,0
2089,08.12.2020.,11:35:00,0,0,0,0,0,0,0,G,0,0
2090,08.12.2020.,11:40:00,0,0,0,0,0,0,0,G,0,0
2091,08.12.2020.,11:45:00,0,0,0,0,0,0,0,G,0,0
2092,08.12.2020.,11:50:00,0,0,0,0,0,0,0,G,0,0
2093,08.12.2020.,11:55:00,0,0,0,0,0,0,0,G,0,0
2094,08.12.2020.,12:00:00,0,0,0,0,0,0,0,G,0,0
2095,08.12.2020.,12:05:00,0,0,0,0,0,0,0,G,0,0
2096,08.12.2020.,12:10:00,0,0,0,0,0,0,0,G,0,0
2097,08.12.2020.,12:15:00,0,0,0,0,0,0,0,G,0,0
2098,08.12.2020.,12:20:00,0,0,0,0,0,0,0,G,0,0
2099,08.12.2020.,12:25:00,0,0,0,0,0,0,0,G,0,0
2100,08.12.2020.,12:30:00,0,0,0,0,0,0,0,G,0,0
2101,08.12.2020.,12:35:00,0,0,0,0,0,0,0,G,0,0
2102,08.12.2020.,12:40:00,0,0,0,0,0,0,0,G,0,0
2103,08.12.2020.,12:45:00,0,0,0,0,0,0,0,G,0,0
2104,08.12.2020.,12:50:00,0,0,0,0,0,0,0,G,0,0
2105,08.12.2020.,12:55:00,0,0,0,0,0,0,0,G,0,0
2106,08.12.2020.,13:00:00,0,0,0,0,0,0,0,G,0,0
2107,08.12.2020.,13:05:00,0,0,0,0,0,0,0,G,0,0
2108,08.12.2020.,13:10:00,0,0,0,0,0,0,0,G,0,0
2109,08.12.2020.,13:15:00,0,0,0,0,0,0,0,G,0,0
2110,08.12.2020.,13:20:00,0,0,0,0,0,0,0,G,0,0
2111,08.12.2020.,13:25:00,0,0,0,0,0,0,0,G,0,0
2112,08.12.2020.,13:30:00,0,0,0,0,0,0,0,G,0,0
2113,08.12.2020.,13:35:00,0,0,0,0,0,0,0,G,0,0
2114,08.12.2020.,13:40:00,0,0,0,0,0,0,0,G,0,0
2115,08.12.2020.,13:45:00,0,0,0,0,0,0,0,G,0,0
2116,08.12.2020.,13:50:00,0,0,0,0,0,0,0,G,0,0
2117,08.12.2020.,13:55:00,0,0,0,0,0,0,0,G,0,0
2118,08.12.2020.,14:00:00,0,0,0,0,0,0,0,G,0,0
2119,08.12.2020.,14:05:00,0,0,0,0,0,0,0,G,0,0
2120,08.12.2020.,14:10:00,0,0,0,0,0,0,0,G,0,0
2121,08.12.2020.,14:15:00,0,0,0,0,0,0,0,G,0,0
2122,08.12.2020.,14:20:00,0,0,0,0,0,0,0,G,0,0
2123,08.12.2020.,14:25:00,0,0,0,0,0,0,0,G,0,0
2124,08.12.2020.,14:30:00,0,0,0,0,0,0,0,G,0,0
2125,08.12.2020.,14:35:00,0,0,0,0,0,0,0,G,0,0
2126,08.12.2020.,14:40:00,0,0,0,0,0,0,0,G,0,0
2127,08.12.2020.,14:45:00,0,0,0,0,0,0,0,G,0,0
2128,08.12.2020.,14:50:00,0,0,0,0,0,0,0,G,0,0
2129,08.12.2020.,14:55:00,0,0,0,0,0,0,0,G,0,0
2130,08.12.2020.,14:59:00,0,0,0,0,0,0,0,G,0,0
2131,08.12.2020.,15:00:00,0,0,0,0,0,0,0,G,0,0
2132,08.12.2020.,15:05:00,0,0,0,0,0,0,0,G,0,0
2133,08.12.2020.,15:10:00,0,0,0,0,0,0,0,G,0,0
2134,08.12.2020.,15:15:00,0,0,0,0,0,0,0,G,0,0
2135,08.12.2020.,15:20:00,0,0,0,0,0,0,0,G,0,0
2136,08.12.2020.,15:25:00,0,0,0,0,0,0,0,G,0,0
2137,08.12.2020.,15:30:00,0,0,0,0,0,0,0,G,0,0
2138,08.12.2020.,15:35:00,0,0,0,0,0,0,0,G,0,0
2139,08.12.2020.,15:40:00,0,0,0,0,0,0,0,G,0,0
2140,08.12.2020.,15:45:00,0,0,0,0,0,0,0,G,0,0
2141,08.12.2020.,15:50:00,0,0,0,0,0,0,0,G,0,0
2142,08.12.2020.,15:55:00,0,0,0,0,0,0,0,G,0,0
2143,08.12.2020.,16:00:00,0,0,0,0,0,0,0,G,0,0
2144,08.12.2020.,16:05:00,0,0,0,0,0,0,0,G,0,0
2145,08.12.2020.,16:10:00,0,0,0,0,0,0,0,G,0,0
2146,08.12.2020.,16:15:00,0,0,0,0,0,0,0,G,0,0
2147,08.12.2020.,16:20:00,0,0,0,0,0,0,0,G,0,0
2148,08.12.2020.,16:25:00,0,0,0,0,0,0,0,G,0,0
2149,08.12.2020.,16:30:00,0,0,0,0,0,0,0,G,0,0
2150,08.12.2020.,16:35:00,0,0,0,0,0,0,0,G,0,0
2151,08.12.2020.,16:40:00,0,0,0,0,0,0,0,G,0,0
2152,08.12.2020.,16:45:00,0,0,0,0,0,0,0,G,0,0
2153,08.12.2020.,16:50:00,0,0,0,0,0,0,0,G,0,0
2154,08.12.2020.,16:55:00,0,0,0,0,0,0,0,G,0,0
2155,08.12.2020.,17:00:00,0,0,0,0,0,0,0,G,0,0
2156,08.12.2020.,17:05:00,0,0,0,0,0,0,0,G,0,0
2157,08.12.2020.,17:10:00,0,0,0,0,0,0,0,G,0,0
2158,08.12.2020.,17:15:00,0,0,0,0,0,0,0,G,0,0
2159,08.12.2020.,17:20:00,0,0,0,0,0,0,0,G,0,0
2160,08.12.2020.,17:25:00,0,0,0,0,0,0,0,G,0,0
2161,08.12.2020.,17:30:00,0,0,0,0,0,0,0,G,0,0
2162,08.12.2020.,17:35:00,0,0,0,0,0,0,0,G,0,0
2163,08.12.2020.,17:40:00,0,0,0,0,0,0,0,G,0,0
2164,08.12.2020.,17:45:00,0,0,0,0,0,0,0,G,0,0
2165,08.12.2020.,17:50:00,0,0,0,0,0,0,0,G,0,0
2166,08.12.2020.,17:55:00,0,0,0,0,0,0,0,G,0,0
2167,08.12.2020.,18:00:00,0,0,0,0,0,0,0,G,0,0
2168,08.12.2020.,18:05:00,0,0,0,0,0,0,0,G,0,0
2169,08.12.2020.,18:10:00,0,0,0,0,0,0,0,G,0,0
2170,08.12.2020.,18:15:00,0,0,0,0,0,0,0,G,0,0
2171,08.12.2020.,18:20:00,0,0,0,0,0,0,0,G,0,0
2172,08.12.2020.,18:25:00,0,0,0,0,0,0,0,G,0,0
2173,08.12.2020.,18:30:00,0,0,0,0,0,0,0,G,0,0
2174,08.12.2020.,18:35:00,0,0,0,0,0,0,0,G,0,0
2175,08.12.2020.,18:40:00,0,0,0,0,0,0,0,G,0,0
2176,08.12.2020.,18:45:00,0,0,0,0,0,0,0,G,0,0
2177,08.12.2020.,18:50:00,0,0,0,0,0,0,0,G,0,0
2178,08.12.2020.,18:55:00,0,0,0,0,0,0,0,G,0,0
2179,08.12.2020.,19:00:00,0,0,0,0,0,0,0,G,0,0
2180,08.12.2020.,19:05:00,0,0,0,0,0,0,0,G,0,0
2181,08.12.2020.,19:10:00,0,0,0,0,0,0,0,G,0,0
2182,08.12.2020.,19:15:00,0,0,0,0,0,0,0,G,0,0
2183,08.12.2020.,19:20:00,0,0,0,0,0,0,0,G,0,0
2184,08.12.2020.,19:25:00,0,0,0,0,0,0,0,G,0,0
2185,08.12.2020.,19:30:00,0,0,0,0,0,0,0,G,0,0
2186,08.12.2020.,19:35:00,0,0,0,0,0,0,0,G,0,0
2187,08.12.2020.,19:40:00,0,0,0,0,0,0,0,G,0,0
2188,08.12.2020.,19:45:00,0,0,0,0,0,0,0,G,0,0
2189,08.12.2020.,19:50:00,0,0,0,0,0,0,0,G,0,0
2190,08.12.2020.,19:55:00,0,0,0,0,0,0,0,G,0,0
2191,08.12.2020.,20:00:00,0,0,0,0,0,0,0,G,0,0
2192,08.12.2020.,20:05:00,0,0,0,0,0,0,0,G,0,0
2193,08.12.2020.,20:10:00,0,0,0,0,0,0,0,G,0,0
2194,08.12.2020.,20:15:00,0,0,0,0,0,0,0,G,0,0
2195,08.12.2020.,20:20:00,0,0,0,0,0,0,0,G,0,0
2196,08.12.2020.,20:25:00,0,0,0,0,0,0,0,G,0,0
2197,08.12.2020.,20:30:00,0,0,0,0,0,0,0,G,0,0
2198,08.12.2020.,20:35:00,0,0,0,0,0,0,0,G,0,0
2199,08.12.2020.,20:40:00,0,0,0,0,0,0,0,G,0,0
2200,08.12.2020.,20:45:00,0,0,0,0,0,0,0,G,0,0
2201,08.12.2020.,20:50:00,0,0,0,0,0,0,0,G,0,0
2202,08.12.2020.,20:55:00,0,0,0,0,0,0,0,G,0,0
2203,08.12.2020.,21:00:00,0,0,0,0,0,0,0,G,0,0
2204,08.12.2020.,21:05:00,0,0,0,0,0,0,0,G,0,0
2205,08.12.2020.,21:10:00,0,0,0,0,0,0,0,G,0,0
2206,08.12.2020.,21:15:00,0,0,0,0,0,0,0,G,0,0
2207,08.12.2020.,21:20:00,0,0,0,0,0,0,0,G,0,0
2208,08.12.2020.,21:25:00,0,0,0,0,0,0,0,G,0,0
2209,08.12.2020.,21:30:00,0,0,0,0,0,0,0,G,0,0
2210,08.12.2020.,21:35:00,0,0,0,0,0,0,0,G,0,0
2211,08.12.2020.,21:40:00,0,0,0,0,0,0,0,G,0,0
2212,08.12.2020.,21:45:00,0,0,0,0,0,0,0,G,0,0
2213,08.12.2020.,21:50:00,0,0,0,0,0,0,0,G,0,0
2214,08.12.2020.,21:55:00,0,0,0,0,0,0,0,G,0,0
2215,08.12.2020.,22:00:00,0,0,0,0,0,0,0,G,0,0
2216,08.12.2020.,22:05:00,0,0,0,0,0,0,0,G,0,0
2217,08.12.2020.,22:10:00,0,0,0,0,0,0,0,G,0,0
2218,08.12.2020.,22:15:00,0,0,0,0,0,0,0,G,0,0
2219,08.12.2020.,22:20:00,0,0,0,0,0,0,0,G,0,0
2220,08.12.2020.,22:25:00,0,0,0,0,0,0,0,G,0,0
2221,08.12.2020.,22:30:00,0,0,0,0,0,0,0,G,0,0
2222,08.12.2020.,22:35:00,0,0,0,0,0,0,0,G,0,0
2223,08.12.2020.,22:40:00,0,0,0,0,0,0,0,G,0,0
2224,08.12.2020.,22:45:00,0,0,0,0,0,0,0,G,0,0
2225,08.12.2020.,22:50:00,0,0,0,0,0,0,0,G,0,0
2226,08.12.2020.,22:55:00,0,0,0,0,0,0,0,G,0,0
2227,08.12.2020.,23:00:00,0,0,0,0,0,0,0,G,0,0
2228,08.12.2020.,23:05:00,0,0,0,0,0,0,0,G,0,0
2229,08.12.2020.,23:10:00,0,0,0,0,0,0,0,G,0,0
2230,08.12.2020.,23:15:00,0,0,0,0,0,0,0,G,0,0
2231,08.12.2020.,23:20:00,0,0,0,0,0,0,0,G,0,0
2232,08.12.2020.,23:25:00,0,0,0,0,0,0,0,G,0,0
2233,08.12.2020.,23:30:00,0,0,0,0,0,0,0,G,0,0
2234,08.12.2020.,23:35:00,0,0,0,0,0,0,0,G,0,0
2235,08.12.2020.,23:40:00,0,0,0,0,0,0,0,G,0,0
2236,08.12.2020.,23:45:00,0,0,0,0,0,0,0,G,0,0
2237,08.12.2020.,23:50:00,0,0,0,0,0,0,0,G,0,0
2238,08.12.2020.,23:55:00,0,0,0,0,0,0,0,G,0,0
2239,09.12.2020.,00:00:00,0,0,0,0,0,0,0,G,0,0
2240,09.12.2020.,00:05:00,0,0,0,0,0,0,0,G,0,0
2241,09.12.2020.,00:10:00,0,0,0,0,0,0,0,G,0,0
2242,09.12.2020.,00:15:00,0,0,0,0,0,0,0,G,0,0
2243,09.12.2020.,00:20:00,0,0,0,0,0,0,0,G,0,0
2244,09.12.2020.,00:25:00,0,0,0,0,0,0,0,G,0,0
2245,09.12.2020.,00:30:00,0,0,0,0,0,0,0,G,0,0
2246,09.12.2020.,00:35:00,0,0,0,0,0,0,0,G,0,0
2247,09.12.2020.,00:40:00,0,0,0,0,0,0,0,G,0,0
2248,09.12.2020.,00:45:00,0,0,0,0,0,0,0,G,0,0
2249,09.12.2020.,00:50:00,0,0,0,0,0,0,0,G,0,0
2250,09.12.2020.,00:55:00,0,0,0,0,0,0,0,G,0,0
2251,09.12.2020.,01:00:00,0,0,0,0,0,0,0,G,0,0
2252,09.12.2020.,01:05:00,0,0,0,0,0,0,0,G,0,0
2253,09.12.2020.,01:10:00,0,0,0,0,0,0,0,G,0,0
2254,09.12.2020.,01:15:00,0,0,0,0,0,0,0,G,0,0
2255,09.12.2020.,01:20:00,0,0,0,0,0,0,0,G,0,0
2256,09.12.2020.,01:25:00,0,0,0,0,0,0,0,G,0,0
2257,09.12.2020.,01:30:00,0,0,0,0,0,0,0,G,0,0
2258,09.12.2020.,01:35:00,0,0,0,0,0,0,0,G,0,0
2259,09.12.2020.,01:40:00,0,0,0,0,0,0,0,G,0,0
2260,09.12.2020.,01:45:00,0,0,0,0,0,0,0,G,0,0
2261,09.12.2020.,01:50:00,0,0,0,0,0,0,0,G,0,0
2262,09.12.2020.,01:55:00,0,0,0,0,0,0,0,G,0,0
2263,09.12.2020.,02:00:00,0,0,0,0,0,0,0,G,0,0
2264,09.12.2020.,02:05:00,0,0,0,0,0,0,0,G,0,0
2265,09.12.2020.,02:10:00,0,0,0,0,0,0,0,G,0,0
2266,09.12.2020.,02:15:00,0,0,0,0,0,0,0,G,0,0
2267,09.12.2020.,02:20:00,0,0,0,0,0,0,0,G,0,0
2268,09.12.2020.,02:25:00,0,0,0,0,0,0,0,G,0,0
2269,09.12.2020.,02:30:00,0,0,0,0,0,0,0,G,0,0
2270,09.12.2020.,02:35:00,0,0,0,0,0,0,0,G,0,0
2271,09.12.2020.,02:40:00,0,0,0,0,0,0,0,G,0,0
2272,09.12.2020.,02:45:00,0,0,0,0,0,0,0,G,0,0
2273,09.12.2020.,02:50:00,0,0,0,0,0,0,0,G,0,0
2274,09.12.2020.,02:55:00,0,0,0,0,0,0,0,G,0,0
2275,09.12.2020.,03:00:00,0,0,0,0,0,0,0,G,0,0
2276,09.12.2020.,03:05:00,0,0,0,0,0,0,0,G,0,0
2277,09.12.2020.,03:10:00,0,0,0,0,0,0,0,G,0,0
2278,09.12.2020.,03:15:00,0,0,0,0,0,0,0,G,0,0
2279,09.12.2020.,03:20:00,0,0,0,0,0,0,0,G,0,0
2280,09.12.2020.,03:25:00,0,0,0,0,0,0,0,G,0,0
2281,09.12.2020.,03:30:00,0,0,0,0,0,0,0,G,0,0
2282,09.12.2020.,03:35:00,0,0,0,0,0,0,0,G,0,0
2283,09.12.2020.,03:40:00,0,0,0,0,0,0,0,G,0,0
2284,09.12.2020.,03:45:00,0,0,0,0,0,0,0,G,0,0
2285,09.12.2020.,03:50:00,0,0,0,0,0,0,0,G,0,0
2286,09.12.2020.,03:55:00,0,0,0,0,0,0,0,G,0,0
2287,09.12.2020.,04:00:00,0,0,0,0,0,0,0,G,0,0
2288,09.12.2020.,04:05:00,0,0,0,0,0,0,0,G,0,0
2289,09.12.2020.,04:10:00,0,0,0,0,0,0,0,G,0,0
2290,09.12.2020.,04:15:00,0,0,0,0,0,0,0,G,0,0
2291,09.12.2020.,04:20:00,0,0,0,0,0,0,0,G,0,0
2292,09.12.2020.,04:25:00,0,0,0,0,0,0,0,G,0,0
2293,09.12.2020.,04:30:00,0,0,0,0,0,0,0,G,0,0
2294,09.12.2020.,04:35:00,0,0,0,0,0,0,0,G,0,0
2295,09.12.2020.,04:40:00,0,0,0,0,0,0,0,G,0,0
2296,09.12.2020.,04:45:00,0,0,0,0,0,0,0,G,0,0
2297,09.12.2020.,04:50:00,0,0,0,0,0,0,0,G,0,0
2298,09.12.2020.,04:55:00,0,0,0,0,0,0,0,G,0,0
2299,09.12.2020.,05:00:00,0,0,0,0,0,0,0,G,0,0
2300,09.12.2020.,05:05:00,0,0,0,0,0,0,0,G,0,0
2301,09.12.2020.,05:10:00,0,0,0,0,0,0,0,G,0,0
2302,09.12.2020.,05:15:00,0,0,0,0,0,0,0,G,0,0
2303,09.12.2020.,05:20:00,0,0,0,0,0,0,0,G,0,0
2304,09.12.2020.,05:25:00,0,0,0,0,0,0,0,G,0,0
2305,09.12.2020.,05:30:00,0,0,0,0,0,0,0,G,0,0
2306,09.12.2020.,05:35:00,0,0,0,0,0,0,0,G,0,0
2307,09.12.2020.,05:40:00,0,0,0,0,0,0,0,G,0,0
2308,09.12.2020.,05:45:00,0,0,0,0,0,0,0,G,0,0
2309,09.12.2020.,05:50:00,0,0,0,0,0,0,0,G,0,0
2310,09.12.2020.,05:55:00,0,0,0,0,0,0,0,G,0,0
2311,09.12.2020.,06:00:00,0,0,0,0,0,0,0,G,0,0
2312,09.12.2020.,06:05:00,0,0,0,0,0,0,0,G,0,0
2313,09.12.2020.,06:10:00,0,0,0,0,0,0,0,G,0,0
2314,09.12.2020.,06:15:00,0,0,0,0,0,0,0,G,0,0
2315,09.12.2020.,06:20:00,0,0,0,0,0,0,0,G,0,0
2316,09.12.2020.,06:25:00,0,0,0,0,0,0,0,G,0,0
2317,09.12.2020.,06:30:00,0,0,0,0,0,0,0,G,0,0
2318,09.12.2020.,06:35:00,0,0,0,0,0,0,0,G,0,0
2319,09.12.2020.,06:40:00,0,0,0,0,0,0,0,G,0,0
2320,09.12.2020.,06:45:00,0,0,0,0,0,0,0,G,0,0
2321,09.12.2020.,06:50:00,0,0,0,0,0,0,0,G,0,0
2322,09.12.2020.,06:55:00,0,0,0,0,0,0,0,G,0,0
2323,09.12.2020.,07:00:00,0,0,0,0,0,0,0,G,0,0
2324,09.12.2020.,07:05:00,0,0,0,0,0,0,0,G,0,0
2325,09.12.2020.,07:10:00,0,0,0,0,0,0,0,G,0,0
2326,09.12.2020.,07:15:00,0,0,0,0,0,0,0,G,0,0
2327,09.12.2020.,07:20:00,0,0,0,0,0,0,0,G,0,0
2328,09.12.2020.,07:25:00,0,0,0,0,0,0,0,G,0,0
2329,09.12.2020.,07:30:00,0,0,0,0,0,0,0,G,0,0
2330,09.12.2020.,07:35:00,0,0,0,0,0,0,0,G,0,0
2331,09.12.2020.,07:40:00,0,0,0,0,0,0,0,G,0,0
2332,09.12.2020.,07:45:00,0,0,0,0,0,0,0,G,0,0
2333,09.12.2020.,07:50:00,0,0,0,0,0,0,0,G,0,0
2334,09.12.2020.,07:55:00,0,0,0,0,0,0,0,G,0,0
2335,09.12.2020.,08:00:00,0,0,0,0,0,0,0,G,0,0
2336,09.12.2020.,08:05:00,0,0,0,0,0,0,0,G,0,0
2337,09.12.2020.,08:10:00,0,0,0,0,0,0,0,G,0,0
2338,09.12.2020.,08:15:00,0,0,0,0,0,0,0,G,0,0
2339,09.12.2020.,08:20:00,0,0,0,0,0,0,0,G,0,0
2340,09.12.2020.,08:25:00,0,0,0,0,0,0,0,G,0,0
2341,09.12.2020.,08:30:00,0,0,0,0,0,0,0,G,0,0
2342,09.12.2020.,08:35:00,0,0,0,0,0,0,0,G,0,0
2343,09.12.2020.,08:40:00,0,0,0,0,0,0,0,G,0,0
2344,09.12.2020.,08:45:00,0,0,0,0,0,0,0,G,0,0
2345,09.12.2020.,08:50:00,0,0,0,0,0,0,0,G,0,0
2346,09.12.2020.,08:55:00,0,0,0,0,0,0,0,G,0,0
2347,09.12.2020.,09:00:00,0,0,0,0,0,0,0,G,0,0
2348,09.12.2020.,09:05:00,0,0,0,0,0,0,0,G,0,0
2349,09.12.2020.,09:10:00,0,0,0,0,0,0,0,G,0,0
2350,09.12.2020.,09:15:00,0,0,0,0,0,0,0,G,0,0
2351,09.12.2020.,09:20:00,0,0,0,0,0,0,0,G,0,0
2352,09.12.2020.,09:25:00,0,0,0,0,0,0,0,G,0,0
2353,09.12.2020.,09:30:00,0,0,0,0,0,0,0,G,0,0
2354,09.12.2020.,09:35:00,0,0,0,0,0,0,0,G,0,0
2355,09.12.2020.,09:40:00,0,0,0,0,0,0,0,G,0,0
2356,09.12.2020.,09:45:00,0,0,0,0,0,0,0,G,0,0
2357,09.12.2020.,09:50:00,0,0,0,0,0,0,0,G,0,0
2358,09.12.2020.,09:55:00,0,0,0,0,0,0,0,G,0,0
2359,09.12.2020.,10:00:00,0,0,0,0,0,0,0,G,0,0
2360,09.12.2020.,10:05:00,0,0,0,0,0,0,0,G,0,0
2361,09.12.2020.,10:10:00,0,0,0,0,0,0,0,G,0,0
2362,09.12.2020.,10:15:00,0,0,0,0,0,0,0,G,0,0
2363,09.12.2020.,10:20:00,0,0,0,0,0,0,0,G,0,0
2364,09.12.2020.,10:25:00,0,0,0,0,0,0,0,G,0,0
2365,09.12.2020.,10:30:00,0,0,0,0,0,0,0,G,0,0
2366,09.12.2020.,10:35:00,0,0,0,0,0,0,0,G,0,0
2367,09.12.2020.,10:40:00,0,0,0,0,0,0,0,G,0,0
2368,09.12.2020.,10:45:00,0,0,0,0,0,0,0,G,0,0
2369,09.12.2020.,10:50:00,0,0,0,0,0,0,0,G,0,0
2370,09.12.2020.,10:55:00,0,0,0,0,0,0,0,G,0,0
2371,09.12.2020.,11:00:00,0,0,0,0,0,0,0,G,0,0
2372,09.12.2020.,11:05:00,0,0,0,0,0,0,0,G,0,0
2373,09.12.2020.,11:10:00,0,0,0,0,0,0,0,G,0,0
2374,09.12.2020.,11:15:00,0,0,0,0,0,0,0,G,0,0
2375,09.12.2020.,11:20:00,0,0,0,0,0,0,0,G,0,0
2376,09.12.2020.,11:25:00,0,0,0,0,0,0,0,G,0,0
2377,09.12.2020.,11:30:00,0,0,0,0,0,0,0,G,0,0
2378,09.12.2020.,11:35:00,0,0,0,0,0,0,0,G,0,0
2379,09.12.2020.,11:40:00,0,0,0,0,0,0,0,G,0,0
2380,09.12.2020.,11:45:00,0,0,0,0,0,0,0,G,0,0
2381,09.12.2020.,11:50:00,0,0,0,0,0,0,0,G,0,0
2382,09.12.2020.,11:55:00,0,0,0,0,0,0,0,G,0,0
2383,09.12.2020.,12:00:00,0,0,0,0,0,0,0,G,0,0
2384,09.12.2020.,12:05:00,0,0,0,0,0,0,0,G,0,0
2385,09.12.2020.,12:10:00,0,0,0,0,0,0,0,G,0,0
2386,09.12.2020.,12:15:00,0,0,0,0,0,0,0,G,0,0
2387,09.12.2020.,12:20:00,0,0,0,0,0,0,0,G,0,0
2388,09.12.2020.,12:25:00,0,0,0,0,0,0,0,G,0,0
2389,09.12.2020.,12:30:00,0,0,0,0,0,0,0,G,0,0
2390,09.12.2020.,12:35:00,0,0,0,0,0,0,0,G,0,0
2391,09.12.2020.,12:40:00,0,0,0,0,0,0,0,G,0,0
2392,09.12.2020.,12:45:00,0,0,0,0,0,0,0,G,0,0
2393,09.12.2020.,12:50:00,0,0,0,0,0,0,0,G,0,0
2394,09.12.2020.,12:55:00,0,0,0,0,0,0,0,G,0,0
2395,09.12.2020.,13:00:00,0,0,0,0,0,0,0,G,0,0
2396,09.12.2020.,13:05:00,0,0,0,0,0,0,0,G,0,0
2397,09.12.2020.,13:10:00,0,0,0,0,0,0,0,G,0,0
2398,09.12.2020.,13:15:00,0,0,0,0,0,0,0,G,0,0
2399,09.12.2020.,13:20:00,0,0,0,0,0,0,0,G,0,0
2400,09.12.2020.,13:25:00,0,0,0,0,0,0,0,G,0,0
2401,09.12.2020.,13:30:00,0,0,0,0,0,0,0,G,0,0
2402,09.12.2020.,13:35:00,0,0,0,0,0,0,0,G,0,0
2403,09.12.2020.,13:40:00,0,0,0,0,0,0,0,G,0,0
2404,09.12.2020.,13:45:00,0,0,0,0,0,0,0,G,0,0
2405,09.12.2020.,13:50:00,0,0,0,0,0,0,0,G,0,0
2406,09.12.2020.,13:55:00,0,0,0,0,0,0,0,G,0,0
2407,09.12.2020.,14:00:00,0,0,0,0,0,0,0,G,0,0
2408,09.12.2020.,14:05:00,0,0,0,0,0,0,0,G,0,0
2409,09.12.2020.,14:10:00,0,0,0,0,0,0,0,G,0,0
2410,09.12.2020.,14:15:00,0,0,0,0,0,0,0,G,0,0
2411,09.12.2020.,14:20:00,0,0,0,0,0,0,0,G,0,0
2412,09.12.2020.,14:25:00,0,0,0,0,0,0,0,G,0,0
2413,09.12.2020.,14:30:00,0,0,0,0,0,0,0,G,0,0
2414,09.12.2020.,14:35:00,0,0,0,0,0,0,0,G,0,0
2415,09.12.2020.,14:40:00,0,0,0,0,0,0,0,G,0,0
2416,09.12.2020.,14:45:00,0,0,0,0,0,0,0,G,0,0
2417,09.12.2020.,14:50:00,0,0,0,0,0,0,0,G,0,0
2418,09.12.2020.,14:55:00,0,0,0,0,0,0,0,G,0,0
2419,09.12.2020.,15:00:00,0,0,0,0,0,0,0,G,0,0
2420,09.12.2020.,15:05:00,0,0,0,0,0,0,0,G,0,0
2421,09.12.2020.,15:10:00,0,0,0,0,0,0,0,G,0,0
2422,09.12.2020.,15:15:00,0,0,0,0,0,0,0,G,0,0
2423,09.12.2020.,15:20:00,0,0,0,0,0,0,0,G,0,0
2424,09.12.2020.,15:25:00,0,0,0,0,0,0,0,G,0,0
2425,09.12.2020.,15:30:00,0,0,0,0,0,0,0,G,0,0
2426,09.12.2020.,15:36:00,0,0,0,0,0,0,0,G,0,0
2427,09.12.2020.,15:42:00,0,0,0,0,0,0,0,G,0,0
2428,09.12.2020.,15:42:00,0,0,0,0,0,0,0,G,0,0
2429,09.12.2020.,15:45:00,0,0,0,0,0,0,0,G,0,0
2430,09.12.2020.,15:50:00,0,0,0,0,0,0,0,G,0,0
2431,09.12.2020.,15:55:00,0,0,0,0,0,0,0,G,0,0
2432,09.12.2020.,16:00:00,0,0,0,0,0,0,0,G,0,0
2433,09.12.2020.,16:05:00,0,0,0,0,0,0,0,G,0,0
2434,09.12.2020.,16:10:00,0,0,0,0,0,0,0,G,0,0
2435,09.12.2020.,16:15:00,0,0,0,0,0,0,0,G,0,0
2436,09.12.2020.,16:20:00,0,0,0,0,0,0,0,G,0,0
2437,09.12.2020.,16:25:00,0,0,0,0,0,0,0,G,0,0
2438,09.12.2020.,16:30:00,0,0,0,0,0,0,0,G,0,0
2439,09.12.2020.,16:35:00,0,0,0,0,0,0,0,G,0,0
2440,09.12.2020.,16:40:00,0,0,0,0,0,0,0,G,0,0
2441,09.12.2020.,16:45:00,0,0,0,0,0,0,0,G,0,0
2442,09.12.2020.,16:50:00,0,0,0,0,0,0,0,G,0,0
2443,09.12.2020.,16:55:00,0,0,0,0,0,0,0,G,0,0
2444,09.12.2020.,17:00:00,0,0,0,0,0,0,0,G,0,0
2445,09.12.2020.,17:05:00,0,0,0,0,0,0,0,G,0,0
2446,09.12.2020.,17:10:00,0,0,0,0,0,0,0,G,0,0
2447,09.12.2020.,17:15:00,0,0,0,0,0,0,0,G,0,0
2448,09.12.2020.,17:20:00,0,0,0,0,0,0,0,G,0,0
2449,09.12.2020.,17:25:00,0,0,0,0,0,0,0,G,0,0
2450,09.12.2020.,17:30:00,0,0,0,0,0,0,0,G,0,0
2451,09.12.2020.,17:35:00,0,0,0,0,0,0,0,G,0,0
2452,09.12.2020.,17:40:00,0,0,0,0,0,0,0,G,0,0
2453,09.12.2020.,17:45:00,0,0,0,0,0,0,0,G,0,0
2454,09.12.2020.,17:50:00,0,0,0,0,0,0,0,G,0,0
2455,09.12.2020.,17:55:00,0,0,0,0,0,0,0,G,0,0
2456,09.12.2020.,18:00:00,0,0,0,0,0,0,0,G,0,0
2457,09.12.2020.,18:05:00,0,0,0,0,0,0,0,G,0,0
2458,09.12.2020.,18:10:00,0,0,0,0,0,0,0,G,0,0
2459,09.12.2020.,18:15:00,0,0,0,0,0,0,0,G,0,0
2460,09.12.2020.,18:20:00,0,0,0,0,0,0,0,G,0,0
2461,09.12.2020.,18:25:00,0,0,0,0,0,0,0,G,0,0
2462,09.12.2020.,18:30:00,0,0,0,0,0,0,0,G,0,0
2463,09.12.2020.,18:35:00,0,0,0,0,0,0,0,G,0,0
2464,09.12.2020.,18:40:00,0,0,0,0,0,0,0,G,0,0
2465,09.12.2020.,18:45:00,0,0,0,0,0,0,0,G,0,0
2466,09.12.2020.,18:50:00,0,0,0,0,0,0,0,G,0,0
2467,09.12.2020.,18:55:00,0,0,0,0,0,0,0,G,0,0
2468,09.12.2020.,19:00:00,0,0,0,0,0,0,0,G,0,0
2469,09.12.2020.,19:05:00,0,0,0,0,0,0,0,G,0,0
2470,09.12.2020.,19:10:00,0,0,0,0,0,0,0,G,0,0
2471,09.12.2020.,19:15:00,0,0,0,0,0,0,0,G,0,0
2472,09.12.2020.,19:20:00,0,0,0,0,0,0,0,G,0,0
2473,09.12.2020.,19:25:00,0,0,0,0,0,0,0,G,0,0
2474,09.12.2020.,19:30:00,0,0,0,0,0,0,0,G,0,0
2475,09.12.2020.,19:35:00,0,0,0,0,0,0,0,G,0,0
2476,09.12.2020.,19:40:00,0,0,0,0,0,0,0,G,0,0
2477,09.12.2020.,19:45:00,0,0,0,0,0,0,0,G,0,0
2478,09.12.2020.,19:50:00,0,0,0,0,0,0,0,G,0,0
2479,09.12.2020.,19:55:00,0,0,0,0,0,0,0,G,0,0
2480,09.12.2020.,20:00:00,0,0,0,0,0,0,0,G,0,0
2481,09.12.2020.,20:05:00,0,0,0,0,0,0,0,G,0,0
2482,09.12.2020.,20:10:00,0,0,0,0,0,0,0,G,0,0
2483,09.12.2020.,20:15:00,0,0,0,0,0,0,0,G,0,0
2484,09.12.2020.,20:20:00,0,0,0,0,0,0,0,G,0,0
2485,09.12.2020.,20:25:00,0,0,0,0,0,0,0,G,0,0
2486,09.12.2020.,20:30:00,0,0,0,0,0,0,0,G,0,0
2487,09.12.2020.,20:35:00,0,0,0,0,0,0,0,G,0,0
2488,09.12.2020.,20:40:00,0,0,0,0,0,0,0,G,0,0
2489,09.12.2020.,20:45:00,0,0,0,0,0,0,0,G,0,0
2490,09.12.2020.,20:50:00,0,0,0,0,0,0,0,G,0,0
2491,09.12.2020.,20:55:00,0,0,0,0,0,0,0,G,0,0
2492,09.12.2020.,21:00:00,0,0,0,0,0,0,0,G,0,0
2493,09.12.2020.,21:05:00,0,0,0,0,0,0,0,G,0,0
2494,09.12.2020.,21:10:00,0,0,0,0,0,0,0,G,0,0
2495,09.12.2020.,21:15:00,0,0,0,0,0,0,0,G,0,0
2496,09.12.2020.,21:20:00,0,0,0,0,0,0,0,G,0,0
2497,09.12.2020.,21:25:00,0,0,0,0,0,0,0,G,0,0
2498,09.12.2020.,21:30:00,0,0,0,0,0,0,0,G,0,0
2499,09.12.2020.,21:35:00,0,0,0,0,0,0,0,G,0,0
2500,09.12.2020.,21:40:00,0,0,0,0,0,0,0,G,0,0
2501,09.12.2020.,21:45:00,0,0,0,0,0,0,0,G,0,0
2502,09.12.2020.,21:50:00,0,0,0,0,0,0,0,G,0,0
2503,09.12.2020.,21:55:00,0,0,0,0,0,0,0,G,0,0
2504,09.12.2020.,22:00:00,0,0,0,0,0,0,0,G,0,0
2505,09.12.2020.,22:05:00,0,0,0,0,0,0,0,G,0,0
2506,09.12.2020.,22:10:00,0,0,0,0,0,0,0,G,0,0
2507,09.12.2020.,22:15:00,0,0,0,0,0,0,0,G,0,0
2508,09.12.2020.,22:20:00,0,0,0,0,0,0,0,G,0,0
2509,09.12.2020.,22:25:00,0,0,0,0,0,0,0,G,0,0
2510,09.12.2020.,22:30:00,0,0,0,0,0,0,0,G,0,0
2511,09.12.2020.,22:35:00,0,0,0,0,0,0,0,G,0,0
2512,09.12.2020.,22:40:00,0,0,0,0,0,0,0,G,0,0
2513,09.12.2020.,22:45:00,0,0,0,0,0,0,0,G,0,0
2514,09.12.2020.,22:50:00,0,0,0,0,0,0,0,G,0,0
2515,09.12.2020.,22:55:00,0,0,0,0,0,0,0,G,0,0
2516,09.12.2020.,23:00:00,0,0,0,0,0,0,0,G,0,0
2517,09.12.2020.,23:05:00,0,0,0,0,0,0,0,G,0,0
2518,09.12.2020.,23:10:00,0,0,0,0,0,0,0,G,0,0
2519,09.12.2020.,23:15:00,0,0,0,0,0,0,0,G,0,0
2520,09.12.2020.,23:20:00,0,0,0,0,0,0,0,G,0,0
2521,09.12.2020.,23:25:00,0,0,0,0,0,0,0,G,0,0
2522,09.12.2020.,23:30:00,0,0,0,0,0,0,0,G,0,0
2523,09.12.2020.,23:35:00,0,0,0,0,0,0,0,G,0,0
2524,09.12.2020.,23:40:00,0,0,0,0,0,0,0,G,0,0
2525,09.12.2020.,23:45:00,0,0,0,0,0,0,0,G,0,0
2526,09.12.2020.,23:50:00,0,0,0,0,0,0,0,G,0,0
2527,09.12.2020.,23:55:00,0,0,0,0,0,0,0,G,0,0
2528,10.12.2020.,00:00:00,0,0,0,0,0,0,0,G,0,0
2529,10.12.2020.,00:05:00,0,0,0,0,0,0,0,G,0,0
2530,10.12.2020.,00:10:00,0,0,0,0,0,0,0,G,0,0
2531,10.12.2020.,00:15:00,0,0,0,0,0,0,0,G,0,0
2532,10.12.2020.,00:20:00,0,0,0,0,0,0,0,G,0,0
2533,10.12.2020.,00:25:00,0,0,0,0,0,0,0,G,0,0
2534,10.12.2020.,00:30:00,0,0,0,0,0,0,0,G,0,0
2535,10.12.2020.,00:35:00,0,0,0,0,0,0,0,G,0,0
2536,10.12.2020.,00:40:00,0,0,0,0,0,0,0,G,0,0
2537,10.12.2020.,00:45:00,0,0,0,0,0,0,0,G,0,0
2538,10.12.2020.,00:50:00,0,0,0,0,0,0,0,G,0,0
2539,10.12.2020.,00:55:00,0,0,0,0,0,0,0,G,0,0
2540,10.12.2020.,01:00:00,0,0,0,0,0,0,0,G,0,0
2541,10.12.2020.,01:05:00,0,0,0,0,0,0,0,G,0,0
2542,10.12.2020.,01:10:00,0,0,0,0,0,0,0,G,0,0
2543,10.12.2020.,01:15:00,0,0,0,0,0,0,0,G,0,0
2544,10.12.2020.,01:20:00,0,0,0,0,0,0,0,G,0,0
2545,10.12.2020.,01:25:00,0,0,0,0,0,0,0,G,0,0
2546,10.12.2020.,01:30:00,0,0,0,0,0,0,0,G,0,0
2547,10.12.2020.,01:35:00,0,0,0,0,0,0,0,G,0,0
2548,10.12.2020.,01:40:00,0,0,0,0,0,0,0,G,0,0
2549,10.12.2020.,01:45:00,0,0,0,0,0,0,0,G,0,0
2550,10.12.2020.,01:50:00,0,0,0,0,0,0,0,G,0,0
2551,10.12.2020.,01:55:00,0,0,0,0,0,0,0,G,0,0
2552,10.12.2020.,02:00:00,0,0,0,0,0,0,0,G,0,0
2553,10.12.2020.,02:05:00,0,0,0,0,0,0,0,G,0,0
2554,10.12.2020.,02:10:00,0,0,0,0,0,0,0,G,0,0
2555,10.12.2020.,02:15:00,0,0,0,0,0,0,0,G,0,0
2556,10.12.2020.,02:20:00,0,0,0,0,0,0,0,G,0,0
2557,10.12.2020.,02:25:00,0,0,0,0,0,0,0,G,0,0
2558,10.12.2020.,02:30:00,0,0,0,0,0,0,0,G,0,0
2559,10.12.2020.,02:35:00,0,0,0,0,0,0,0,G,0,0
2560,10.12.2020.,02:40:00,0,0,0,0,0,0,0,G,0,0
2561,10.12.2020.,02:45:00,0,0,0,0,0,0,0,G,0,0
2562,10.12.2020.,02:50:00,0,0,0,0,0,0,0,G,0,0
2563,10.12.2020.,02:55:00,0,0,0,0,0,0,0,G,0,0
2564,10.12.2020.,03:00:00,0,0,0,0,0,0,0,G,0,0
2565,10.12.2020.,03:05:00,0,0,0,0,0,0,0,G,0,0
2566,10.12.2020.,03:10:00,0,0,0,0,0,0,0,G,0,0
2567,10.12.2020.,03:15:00,0,0,0,0,0,0,0,G,0,0
2568,10.12.2020.,03:20:00,0,0,0,0,0,0,0,G,0,0
2569,10.12.2020.,03:25:00,0,0,0,0,0,0,0,G,0,0
2570,10.12.2020.,03:30:00,0,0,0,0,0,0,0,G,0,0
2571,10.12.2020.,03:35:00,0,0,0,0,0,0,0,G,0,0
2572,10.12.2020.,03:40:00,0,0,0,0,0,0,0,G,0,0
2573,10.12.2020.,03:45:00,0,0,0,0,0,0,0,G,0,0
2574,10.12.2020.,03:50:00,0,0,0,0,0,0,0,G,0,0
2575,10.12.2020.,03:55:00,0,0,0,0,0,0,0,G,0,0
2576,10.12.2020.,04:00:00,0,0,0,0,0,0,0,G,0,0
2577,10.12.2020.,04:05:00,0,0,0,0,0,0,0,G,0,0
2578,10.12.2020.,04:10:00,0,0,0,0,0,0,0,G,0,0
2579,10.12.2020.,04:15:00,0,0,0,0,0,0,0,G,0,0
2580,10.12.2020.,04:20:00,0,0,0,0,0,0,0,G,0,0
2581,10.12.2020.,04:25:00,0,0,0,0,0,0,0,G,0,0
2582,10.12.2020.,04:30:00,0,0,0,0,0,0,0,G,0,0
2583,10.12.2020.,04:35:00,0,0,0,0,0,0,0,G,0,0
2584,10.12.2020.,04:40:00,0,0,0,0,0,0,0,G,0,0
2585,10.12.2020.,04:45:00,0,0,0,0,0,0,0,G,0,0
2586,10.12.2020.,04:50:00,0,0,0,0,0,0,0,G,0,0
2587,10.12.2020.,04:55:00,0,0,0,0,0,0,0,G,0,0
2588,10.12.2020.,05:00:00,0,0,0,0,0,0,0,G,0,0
2589,10.12.2020.,05:05:00,0,0,0,0,0,0,0,G,0,0
2590,10.12.2020.,05:10:00,0,0,0,0,0,0,0,G,0,0
2591,10.12.2020.,05:15:00,0,0,0,0,0,0,0,G,0,0
2592,10.12.2020.,05:20:00,0,0,0,0,0,0,0,G,0,0
2593,10.12.2020.,05:25:00,0,0,0,0,0,0,0,G,0,0
2594,10.12.2020.,05:30:00,0,0,0,0,0,0,0,G,0,0
2595,10.12.2020.,05:35:00,0,0,0,0,0,0,0,G,0,0
2596,10.12.2020.,05:40:00,0,0,0,0,0,0,0,G,0,0
2597,10.12.2020.,05:45:00,0,0,0,0,0,0,0,G,0,0
2598,10.12.2020.,05:50:00,0,0,0,0,0,0,0,G,0,0
2599,10.12.2020.,05:55:00,0,0,0,0,0,0,0,G,0,0
2600,10.12.2020.,06:00:00,0,0,0,0,0,0,0,G,0,0
2601,10.12.2020.,06:05:00,0,0,0,0,0,0,0,G,0,0
2602,10.12.2020.,06:10:00,0,0,0,0,0,0,0,G,0,0
2603,10.12.2020.,06:15:00,0,0,0,0,0,0,0,G,0,0
2604,10.12.2020.,06:20:00,0,0,0,0,0,0,0,G,0,0
2605,10.12.2020.,06:25:00,0,0,0,0,0,0,0,G,0,0
2606,10.12.2020.,06:30:00,0,0,0,0,0,0,0,G,0,0
2607,10.12.2020.,06:35:00,0,0,0,0,0,0,0,G,0,0
2608,10.12.2020.,06:40:00,0,0,0,0,0,0,0,G,0,0
2609,10.12.2020.,06:45:00,0,0,0,0,0,0,0,G,0,0
2610,10.12.2020.,06:50:00,0,0,0,0,0,0,0,G,0,0
2611,10.12.2020.,06:55:00,0,0,0,0,0,0,0,G,0,0
2612,10.12.2020.,07:00:00,0,0,0,0,0,0,0,G,0,0
2613,10.12.2020.,07:05:00,0,0,0,0,0,0,0,G,0,0
2614,10.12.2020.,07:10:00,0,0,0,0,0,0,0,G,0,0
2615,10.12.2020.,07:15:00,0,0,0,0,0,0,0,G,0,0
2616,10.12.2020.,07:20:00,0,0,0,0,0,0,0,G,0,0
2617,10.12.2020.,07:25:00,0,0,0,0,0,0,0,G,0,0
2618,10.12.2020.,07:30:00,0,0,0,0,0,0,0,G,0,0
2619,10.12.2020.,07:35:00,0,0,0,0,0,0,0,G,0,0
2620,10.12.2020.,07:40:00,0,0,0,0,0,0,0,G,0,0
2621,10.12.2020.,07:45:00,0,0,0,0,0,0,0,G,0,0
2622,10.12.2020.,07:50:00,0,0,0,0,0,0,0,G,0,0
2623,10.12.2020.,07:55:00,0,0,0,0,0,0,0,G,0,0
2624,10.12.2020.,08:00:00,0,0,0,0,0,0,0,G,0,0
2625,10.12.2020.,08:05:00,0,0,0,0,0,0,0,G,0,0
2626,10.12.2020.,08:10:00,0,0,0,0,0,0,0,G,0,0
2627,10.12.2020.,08:15:00,0,0,0,0,0,0,0,G,0,0
2628,10.12.2020.,08:20:00,0,0,0,0,0,0,0,G,0,0
2629,10.12.2020.,08:25:00,0,0,0,0,0,0,0,G,0,0
2630,10.12.2020.,08:30:00,0,0,0,0,0,0,0,G,0,0
2631,10.12.2020.,08:35:00,0,0,0,0,0,0,0,G,0,0
2632,10.12.2020.,08:40:00,0,0,0,0,0,0,0,G,0,0
2633,10.12.2020.,08:45:00,0,0,0,0,0,0,0,G,0,0
2634,10.12.2020.,08:50:00,0,0,0,0,0,0,0,G,0,0
2635,10.12.2020.,08:55:00,0,0,0,0,0,0,0,G,0,0
2636,10.12.2020.,09:00:00,0,0,0,0,0,0,0,G,0,0
2637,10.12.2020.,09:05:00,0,0,0,0,0,0,0,G,0,0
2638,10.12.2020.,09:10:00,0,0,0,0,0,0,0,G,0,0
2639,10.12.2020.,09:15:00,0,0,0,0,0,0,0,G,0,0
2640,10.12.2020.,09:20:00,0,0,0,0,0,0,0,G,0,0
2641,10.12.2020.,09:25:00,0,0,0,0,0,0,0,G,0,0
2642,10.12.2020.,09:30:00,0,0,0,0,0,0,0,G,0,0
2643,10.12.2020.,09:35:00,0,0,0,0,0,0,0,G,0,0
2644,10.12.2020.,09:40:00,0,0,0,0,0,0,0,G,0,0
2645,10.12.2020.,09:45:00,0,0,0,0,0,0,0,G,0,0
2646,10.12.2020.,09:50:00,0,0,0,0,0,0,0,G,0,0
2647,10.12.2020.,09:55:00,0,0,0,0,0,0,0,G,0,0
2648,10.12.2020.,10:00:00,0,0,0,0,0,0,0,G,0,0
2649,10.12.2020.,10:05:00,0,0,0,0,0,0,0,G,0,0
2650,10.12.2020.,10:10:00,0,0,0,0,0,0,0,G,0,0
2651,10.12.2020.,10:15:00,0,0,0,0,0,0,0,G,0,0
2652,10.12.2020.,10:20:00,0,0,0,0,0,0,0,G,0,0
2653,10.12.2020.,10:25:00,0,0,0,0,0,0,0,G,0,0
2654,10.12.2020.,10:30:00,0,0,0,0,0,0,0,G,0,0
2655,10.12.2020.,10:35:00,0,0,0,0,0,0,0,G,0,0
2656,10.12.2020.,10:40:00,0,0,0,0,0,0,0,G,0,0
2657,10.12.2020.,10:45:00,0,0,0,0,0,0,0,G,0,0
2658,10.12.2020.,10:50:00,0,0,0,0,0,0,0,G,0,0
2659,10.12.2020.,10:55:00,0,0,0,0,0,0,0,G,0,0
2660,10.12.2020.,11:00:00,0,0,0,0,0,0,0,G,0,0
2661,10.12.2020.,11:05:00,0,0,0,0,0,0,0,G,0,0
2662,10.12.2020.,11:10:00,0,0,0,0,0,0,0,G,0,0
2663,10.12.2020.,11:15:00,0,0,0,0,0,0,0,G,0,0
2664,10.12.2020.,11:20:00,0,0,0,0,0,0,0,G,0,0
2665,10.12.2020.,11:25:00,0,0,0,0,0,0,0,G,0,0
2666,10.12.2020.,11:30:00,0,0,0,0,0,0,0,G,0,0
2667,10.12.2020.,11:35:00,0,0,0,0,0,0,0,G,0,0
2668,10.12.2020.,11:40:00,0,0,0,0,0,0,0,G,0,0
2669,10.12.2020.,11:45:00,0,0,0,0,0,0,0,G,0,0
2670,10.12.2020.,11:47:00,0,0,0,0,0,0,0,G,0,0
2671,10.12.2020.,11:50:00,0,0,0,0,0,0,0,G,0,0
2672,10.12.2020.,11:55:00,0,0,0,0,0,0,0,G,0,0
2673,10.12.2020.,12:02:00,0,0,0,0,0,0,0,G,0,0
2674,10.12.2020.,12:05:00,0,0,0,0,0,0,0,G,0,0
2675,10.12.2020.,12:10:00,0,0,0,0,0,0,0,G,0,0
2676,10.12.2020.,12:16:00,0,0,0,0,0,0,0,G,0,0
2677,10.12.2020.,12:20:00,0,0,0,0,0,0,0,G,0,0
2678,10.12.2020.,12:25:00,0,0,0,0,0,0,0,G,0,0
2679,10.12.2020.,12:30:00,0,0,0,0,0,0,0,G,0,0
2680,10.12.2020.,12:35:00,0,0,0,0,0,0,0,G,0,0
2681,10.12.2020.,12:40:00,0,0,0,0,0,0,0,G,0,0
2682,10.12.2020.,12:45:00,0,0,0,0,0,0,0,G,0,0
2683,10.12.2020.,12:50:00,0,0,0,0,0,0,0,G,0,0
2684,10.12.2020.,12:55:00,0,0,0,0,0,0,0,G,0,0
2685,10.12.2020.,13:00:00,0,0,0,0,0,0,0,G,0,0
2686,10.12.2020.,13:05:00,0,0,0,0,0,0,0,G,0,0
2687,10.12.2020.,13:10:00,0,0,0,0,0,0,0,G,0,0
2688,10.12.2020.,13:15:00,0,0,0,0,0,0,0,G,0,0
2689,10.12.2020.,13:20:00,0,0,0,0,0,0,0,G,0,0
2690,10.12.2020.,13:25:00,0,0,0,0,0,0,0,G,0,0
2691,10.12.2020.,13:30:00,0,0,0,0,0,0,0,G,0,0
2692,10.12.2020.,13:35:00,0,0,0,0,0,0,0,G,0,0
2693,10.12.2020.,13:42:00,0,0,0,0,0,0,0,G,0,0
2694,10.12.2020.,13:45:00,0,0,0,0,0,0,0,G,0,0
2695,10.12.2020.,13:50:00,0,0,0,0,0,0,0,G,0,0
2696,10.12.2020.,13:55:00,0,0,0,0,0,0,0,G,0,0
2697,10.12.2020.,14:00:00,0,0,0,0,0,0,0,G,0,0
2698,10.12.2020.,14:05:00,0,0,0,0,0,0,0,G,0,0
2699,10.12.2020.,14:10:00,0,0,0,0,0,0,0,G,0,0
2700,10.12.2020.,14:15:00,0,0,0,0,0,0,0,G,0,0
2701,10.12.2020.,14:20:00,0,0,0,0,0,0,0,G,0,0
2702,10.12.2020.,14:25:00,0,0,0,0,0,0,0,G,0,0
2703,10.12.2020.,14:30:00,0,0,0,0,0,0,0,G,0,0
2704,10.12.2020.,14:35:00,0,0,0,0,0,0,0,G,0,0
2705,10.12.2020.,14:40:00,0,0,0,0,0,0,0,G,0,0
2706,10.12.2020.,14:45:00,0,0,0,0,0,0,0,G,0,0
2707,10.12.2020.,14:50:00,0,0,0,0,0,0,0,G,0,0
2708,10.12.2020.,14:55:00,0,0,0,0,0,0,0,G,0,0
2709,10.12.2020.,15:00:00,0,0,0,0,0,0,0,G,0,0
2710,10.12.2020.,15:05:00,0,0,0,0,0,0,0,G,0,0
2711,10.12.2020.,15:10:00,0,0,0,0,0,0,0,G,0,0
2712,10.12.2020.,15:15:00,0,0,0,0,0,0,0,G,0,0
2713,10.12.2020.,15:20:00,0,0,0,0,0,0,0,G,0,0
2714,10.12.2020.,15:25:00,0,0,0,0,0,0,0,G,0,0
2715,10.12.2020.,15:30:00,0,0,0,0,0,0,0,G,0,0
2716,10.12.2020.,15:35:00,0,0,0,0,0,0,0,G,0,0
2717,10.12.2020.,15:40:00,0,0,0,0,0,0,0,G,0,0
2718,10.12.2020.,15:45:00,0,0,0,0,0,0,0,G,0,0
2719,10.12.2020.,15:50:00,0,0,0,0,0,0,0,G,0,0
2720,10.12.2020.,15:55:00,0,0,0,0,0,0,0,G,0,0
2721,10.12.2020.,16:00:00,0,0,0,0,0,0,0,G,0,0
2722,10.12.2020.,16:05:00,0,0,0,0,0,0,0,G,0,0
2723,10.12.2020.,16:10:00,0,0,0,0,0,0,0,G,0,0
2724,10.12.2020.,16:15:00,0,0,0,0,0,0,0,G,0,0
2725,10.12.2020.,16:20:00,0,0,0,0,0,0,0,G,0,0
2726,10.12.2020.,16:25:00,0,0,0,0,0,0,0,G,0,0
2727,10.12.2020.,16:30:00,0,0,0,0,0,0,0,G,0,0
2728,10.12.2020.,16:35:00,0,0,0,0,0,0,0,G,0,0
2729,10.12.2020.,16:40:00,0,0,0,0,0,0,0,G,0,0
2730,10.12.2020.,16:45:00,0,0,0,0,0,0,0,G,0,0
2731,10.12.2020.,16:50:00,0,0,0,0,0,0,0,G,0,0
2732,10.12.2020.,16:55:00,0,0,0,0,0,0,0,G,0,0
2733,10.12.2020.,17:00:00,0,0,0,0,0,0,0,G,0,0
2734,10.12.2020.,17:05:00,0,0,0,0,0,0,0,G,0,0
2735,10.12.2020.,17:10:00,0,0,0,0,0,0,0,G,0,0
2736,10.12.2020.,17:15:00,0,0,0,0,0,0,0,G,0,0
2737,10.12.2020.,17:20:00,0,0,0,0,0,0,0,G,0,0
2738,10.12.2020.,17:25:00,0,0,0,0,0,0,0,G,0,0
2739,10.12.2020.,17:30:00,0,0,0,0,0,0,0,G,0,0
2740,10.12.2020.,17:35:00,0,0,0,0,0,0,0,G,0,0
2741,10.12.2020.,17:40:00,0,0,0,0,0,0,0,G,0,0
2742,10.12.2020.,17:45:00,0,0,0,0,0,0,0,G,0,0
2743,10.12.2020.,17:50:00,0,0,0,0,0,0,0,G,0,0
2744,10.12.2020.,17:55:00,0,0,0,0,0,0,0,G,0,0
2745,10.12.2020.,18:00:00,0,0,0,0,0,0,0,G,0,0
2746,10.12.2020.,18:05:00,0,0,0,0,0,0,0,G,0,0
2747,10.12.2020.,18:10:00,0,0,0,0,0,0,0,G,0,0
2748,10.12.2020.,18:15:00,0,0,0,0,0,0,0,G,0,0
2749,10.12.2020.,18:20:00,0,0,0,0,0,0,0,G,0,0
2750,10.12.2020.,18:25:00,0,0,0,0,0,0,0,G,0,0
2751,10.12.2020.,18:30:00,0,0,0,0,0,0,0,G,0,0
2752,10.12.2020.,18:35:00,0,0,0,0,0,0,0,G,0,0
2753,10.12.2020.,18:40:00,0,0,0,0,0,0,0,G,0,0
2754,10.12.2020.,18:45:00,0,0,0,0,0,0,0,G,0,0
2755,10.12.2020.,18:50:00,0,0,0,0,0,0,0,G,0,0
2756,10.12.2020.,18:55:00,0,0,0,0,0,0,0,G,0,0
2757,10.12.2020.,19:00:00,0,0,0,0,0,0,0,G,0,0
2758,10.12.2020.,19:05:00,0,0,0,0,0,0,0,G,0,0
2759,10.12.2020.,19:10:00,0,0,0,0,0,0,0,G,0,0
2760,10.12.2020.,19:15:00,0,0,0,0,0,0,0,G,0,0
2761,10.12.2020.,19:20:00,0,0,0,0,0,0,0,G,0,0
2762,10.12.2020.,19:25:00,0,0,0,0,0,0,0,G,0,0
2763,10.12.2020.,19:30:00,0,0,0,0,0,0,0,G,0,0
2764,10.12.2020.,19:35:00,0,0,0,0,0,0,0,G,0,0
2765,10.12.2020.,19:40:00,0,0,0,0,0,0,0,G,0,0
2766,10.12.2020.,19:45:00,0,0,0,0,0,0,0,G,0,0
2767,10.12.2020.,19:50:00,0,0,0,0,0,0,0,G,0,0
2768,10.12.2020.,19:55:00,0,0,0,0,0,0,0,G,0,0
2769,10.12.2020.,20:00:00,0,0,0,0,0,0,0,G,0,0
2770,10.12.2020.,20:05:00,0,0,0,0,0,0,0,G,0,0
2771,10.12.2020.,20:10:00,0,0,0,0,0,0,0,G,0,0
2772,10.12.2020.,20:15:00,0,0,0,0,0,0,0,G,0,0
2773,10.12.2020.,20:20:00,0,0,0,0,0,0,0,G,0,0
2774,10.12.2020.,20:25:00,0,0,0,0,0,0,0,G,0,0
2775,10.12.2020.,20:30:00,0,0,0,0,0,0,0,G,0,0
2776,10.12.2020.,20:35:00,0,0,0,0,0,0,0,G,0,0
2777,10.12.2020.,20:40:00,0,0,0,0,0,0,0,G,0,0
2778,10.12.2020.,20:45:00,0,0,0,0,0,0,0,G,0,0
2779,10.12.2020.,20:50:00,0,0,0,0,0,0,0,G,0,0
2780,10.12.2020.,20:55:00,0,0,0,0,0,0,0,G,0,0
2781,10.12.2020.,21:00:00,0,0,0,0,0,0,0,G,0,0
2782,10.12.2020.,21:05:00,0,0,0,0,0,0,0,G,0,0
2783,10.12.2020.,21:10:00,0,0,0,0,0,0,0,G,0,0
2784,10.12.2020.,21:15:00,0,0,0,0,0,0,0,G,0,0
2785,10.12.2020.,21:20:00,0,0,0,0,0,0,0,G,0,0
2786,10.12.2020.,21:25:00,0,0,0,0,0,0,0,G,0,0
2787,10.12.2020.,21:30:00,0,0,0,0,0,0,0,G,0,0
2788,10.12.2020.,21:35:00,0,0,0,0,0,0,0,G,0,0
2789,10.12.2020.,21:40:00,0,0,0,0,0,0,0,G,0,0
2790,10.12.2020.,21:45:00,0,0,0,0,0,0,0,G,0,0
2791,10.12.2020.,21:50:00,0,0,0,0,0,0,0,G,0,0
2792,10.12.2020.,21:55:00,0,0,0,0,0,0,0,G,0,0
2793,10.12.2020.,22:00:00,0,0,0,0,0,0,0,G,0,0
2794,10.12.2020.,22:05:00,0,0,0,0,0,0,0,G,0,0
2795,10.12.2020.,22:10:00,0,0,0,0,0,0,0,G,0,0
2796,10.12.2020.,22:15:00,0,0,0,0,0,0,0,G,0,0
2797,10.12.2020.,22:20:00,0,0,0,0,0,0,0,G,0,0
2798,10.12.2020.,22:25:00,0,0,0,0,0,0,0,G,0,0
2799,10.12.2020.,22:30:00,0,0,0,0,0,0,0,G,0,0
2800,10.12.2020.,22:35:00,0,0,0,0,0,0,0,G,0,0
2801,10.12.2020.,22:40:00,0,0,0,0,0,0,0,G,0,0
2802,10.12.2020.,22:45:00,0,0,0,0,0,0,0,G,0,0
2803,10.12.2020.,22:50:00,0,0,0,0,0,0,0,G,0,0
2804,10.12.2020.,22:55:00,0,0,0,0,0,0,0,G,0,0
2805,10.12.2020.,23:00:00,0,0,0,0,0,0,0,G,0,0
2806,10.12.2020.,23:05:00,0,0,0,0,0,0,0,G,0,0
2807,10.12.2020.,23:10:00,0,0,0,0,0,0,0,G,0,0
2808,10.12.2020.,23:15:00,0,0,0,0,0,0,0,G,0,0
2809,10.12.2020.,23:20:00,0,0,0,0,0,0,0,G,0,0
2810,10.12.2020.,23:25:00,0,0,0,0,0,0,0,G,0,0
2811,10.12.2020.,23:30:00,0,0,0,0,0,0,0,G,0,0
2812,10.12.2020.,23:35:00,0,0,0,0,0,0,0,G,0,0
2813,10.12.2020.,23:40:00,0,0,0,0,0,0,0,G,0,0
2814,10.12.2020.,23:45:00,0,0,0,0,0,0,0,G,0,0
2815,10.12.2020.,23:50:00,0,0,0,0,0,0,0,G,0,0
2816,10.12.2020.,23:55:00,0,0,0,0,0,0,0,G,0,0
2817,11.12.2020.,00:00:00,0,0,0,0,0,0,0,G,0,0
2818,11.12.2020.,00:05:00,0,0,0,0,0,0,0,G,0,0
2819,11.12.2020.,00:10:00,0,0,0,0,0,0,0,G,0,0
2820,11.12.2020.,00:15:00,0,0,0,0,0,0,0,G,0,0
2821,11.12.2020.,00:20:00,0,0,0,0,0,0,0,G,0,0
2822,11.12.2020.,00:25:00,0,0,0,0,0,0,0,G,0,0
2823,11.12.2020.,00:30:00,0,0,0,0,0,0,0,G,0,0
2824,11.12.2020.,00:35:00,0,0,0,0,0,0,0,G,0,0
2825,11.12.2020.,00:40:00,0,0,0,0,0,0,0,G,0,0
2826,11.12.2020.,00:45:00,0,0,0,0,0,0,0,G,0,0
2827,11.12.2020.,00:50:00,0,0,0,0,0,0,0,G,0,0
2828,11.12.2020.,00:55:00,0,0,0,0,0,0,0,G,0,0
2829,11.12.2020.,01:00:00,0,0,0,0,0,0,0,G,0,0
2830,11.12.2020.,01:05:00,0,0,0,0,0,0,0,G,0,0
2831,11.12.2020.,01:10:00,0,0,0,0,0,0,0,G,0,0
2832,11.12.2020.,01:15:00,0,0,0,0,0,0,0,G,0,0
2833,11.12.2020.,01:20:00,0,0,0,0,0,0,0,G,0,0
2834,11.12.2020.,01:25:00,0,0,0,0,0,0,0,G,0,0
2835,11.12.2020.,01:30:00,0,0,0,0,0,0,0,G,0,0
2836,11.12.2020.,01:35:00,0,0,0,0,0,0,0,G,0,0
2837,11.12.2020.,01:40:00,0,0,0,0,0,0,0,G,0,0
2838,11.12.2020.,01:45:00,0,0,0,0,0,0,0,G,0,0
2839,11.12.2020.,01:50:00,0,0,0,0,0,0,0,G,0,0
2840,11.12.2020.,01:55:00,0,0,0,0,0,0,0,G,0,0
2841,11.12.2020.,02:00:00,0,0,0,0,0,0,0,G,0,0
2842,11.12.2020.,02:05:00,0,0,0,0,0,0,0,G,0,0
2843,11.12.2020.,02:10:00,0,0,0,0,0,0,0,G,0,0
2844,11.12.2020.,02:15:00,0,0,0,0,0,0,0,G,0,0
2845,11.12.2020.,02:20:00,0,0,0,0,0,0,0,G,0,0
2846,11.12.2020.,02:25:00,0,0,0,0,0,0,0,G,0,0
2847,11.12.2020.,02:30:00,0,0,0,0,0,0,0,G,0,0
2848,11.12.2020.,02:35:00,0,0,0,0,0,0,0,G,0,0
2849,11.12.2020.,02:40:00,0,0,0,0,0,0,0,G,0,0
2850,11.12.2020.,02:45:00,0,0,0,0,0,0,0,G,0,0
2851,11.12.2020.,02:50:00,0,0,0,0,0,0,0,G,0,0
2852,11.12.2020.,02:55:00,0,0,0,0,0,0,0,G,0,0
2853,11.12.2020.,03:00:00,0,0,0,0,0,0,0,G,0,0
2854,11.12.2020.,03:05:00,0,0,0,0,0,0,0,G,0,0
2855,11.12.2020.,03:10:00,0,0,0,0,0,0,0,G,0,0
2856,11.12.2020.,03:15:00,0,0,0,0,0,0,0,G,0,0
2857,11.12.2020.,03:20:00,0,0,0,0,0,0,0,G,0,0
2858,11.12.2020.,03:25:00,0,0,0,0,0,0,0,G,0,0
2859,11.12.2020.,03:30:00,0,0,0,0,0,0,0,G,0,0
2860,11.12.2020.,03:35:00,0,0,0,0,0,0,0,G,0,0
2861,11.12.2020.,03:40:00,0,0,0,0,0,0,0,G,0,0
2862,11.12.2020.,03:45:00,0,0,0,0,0,0,0,G,0,0
2863,11.12.2020.,03:50:00,0,0,0,0,0,0,0,G,0,0
2864,11.12.2020.,03:55:00,0,0,0,0,0,0,0,G,0,0
2865,11.12.2020.,04:00:00,0,0,0,0,0,0,0,G,0,0
2866,11.12.2020.,04:05:00,0,0,0,0,0,0,0,G,0,0
2867,11.12.2020.,04:10:00,0,0,0,0,0,0,0,G,0,0
2868,11.12.2020.,04:15:00,0,0,0,0,0,0,0,G,0,0
2869,11.12.2020.,04:20:00,0,0,0,0,0,0,0,G,0,0
2870,11.12.2020.,04:25:00,0,0,0,0,0,0,0,G,0,0
2871,11.12.2020.,04:30:00,0,0,0,0,0,0,0,G,0,0
2872,11.12.2020.,04:35:00,0,0,0,0,0,0,0,G,0,0
2873,11.12.2020.,04:40:00,0,0,0,0,0,0,0,G,0,0
2874,11.12.2020.,04:45:00,0,0,0,0,0,0,0,G,0,0
2875,11.12.2020.,04:50:00,0,0,0,0,0,0,0,G,0,0
2876,11.12.2020.,04:55:00,0,0,0,0,0,0,0,G,0,0
2877,11.12.2020.,05:00:00,0,0,0,0,0,0,0,G,0,0
2878,11.12.2020.,05:05:00,0,0,0,0,0,0,0,G,0,0
2879,11.12.2020.,05:10:00,0,0,0,0,0,0,0,G,0,0
2880,11.12.2020.,05:15:00,0,0,0,0,0,0,0,G,0,0
2881,11.12.2020.,05:20:00,0,0,0,0,0,0,0,G,0,0
2882,11.12.2020.,05:25:00,0,0,0,0,0,0,0,G,0,0
2883,11.12.2020.,05:30:00,0,0,0,0,0,0,0,G,0,0
2884,11.12.2020.,05:35:00,0,0,0,0,0,0,0,G,0,0
2885,11.12.2020.,05:40:00,0,0,0,0,0,0,0,G,0,0
2886,11.12.2020.,05:45:00,0,0,0,0,0,0,0,G,0,0
2887,11.12.2020.,05:50:00,0,0,0,0,0,0,0,G,0,0
2888,11.12.2020.,05:55:00,0,0,0,0,0,0,0,G,0,0
2889,11.12.2020.,06:00:00,0,0,0,0,0,0,0,G,0,0
2890,11.12.2020.,06:05:00,0,0,0,0,0,0,0,G,0,0
2891,11.12.2020.,06:10:00,0,0,0,0,0,0,0,G,0,0
2892,11.12.2020.,06:15:00,0,0,0,0,0,0,0,G,0,0
2893,11.12.2020.,06:20:00,0,0,0,0,0,0,0,G,0,0
2894,11.12.2020.,06:25:00,0,0,0,0,0,0,0,G,0,0
2895,11.12.2020.,06:30:00,0,0,0,0,0,0,0,G,0,0
2896,11.12.2020.,06:35:00,0,0,0,0,0,0,0,G,0,0
2897,11.12.2020.,06:40:00,0,0,0,0,0,0,0,G,0,0
2898,11.12.2020.,06:45:00,0,0,0,0,0,0,0,G,0,0
2899,11.12.2020.,06:50:00,0,0,0,0,0,0,0,G,0,0
2900,11.12.2020.,06:55:00,0,0,0,0,0,0,0,G,0,0
2901,11.12.2020.,07:00:00,0,0,0,0,0,0,0,G,0,0
2902,11.12.2020.,07:05:00,0,0,0,0,0,0,0,G,0,0
2903,11.12.2020.,07:10:00,0,0,0,0,0,0,0,G,0,0
2904,11.12.2020.,07:15:00,0,0,0,0,0,0,0,G,0,0
2905,11.12.2020.,07:20:00,0,0,0,0,0,0,0,G,0,0
2906,11.12.2020.,07:25:00,0,0,0,0,0,0,0,G,0,0
2907,11.12.2020.,07:30:00,0,0,0,0,0,0,0,G,0,0
2908,11.12.2020.,07:35:00,0,0,0,0,0,0,0,G,0,0
2909,11.12.2020.,07:40:00,0,0,0,0,0,0,0,G,0,0
2910,11.12.2020.,07:45:00,0,0,0,0,0,0,0,G,0,0
2911,11.12.2020.,07:50:00,0,0,0,0,0,0,0,G,0,0
2912,11.12.2020.,07:55:00,0,0,0,0,0,0,0,G,0,0
2913,11.12.2020.,08:00:00,0,0,0,0,0,0,0,G,0,0
2914,11.12.2020.,08:05:00,0,0,0,0,0,0,0,G,0,0
2915,11.12.2020.,08:10:00,0,0,0,0,0,0,0,G,0,0
2916,11.12.2020.,08:15:00,0,0,0,0,0,0,0,G,0,0
2917,11.12.2020.,08:20:00,0,0,0,0,0,0,0,G,0,0
2918,11.12.2020.,08:25:00,0,0,0,0,0,0,0,G,0,0
2919,11.12.2020.,08:30:00,0,0,0,0,0,0,0,G,0,0
2920,11.12.2020.,08:35:00,0,0,0,0,0,0,0,G,0,0
2921,11.12.2020.,08:40:00,0,0,0,0,0,0,0,G,0,0
2922,11.12.2020.,08:45:00,0,0,0,0,0,0,0,G,0,0
2923,11.12.2020.,08:50:00,0,0,0,0,0,0,0,G,0,0
2924,11.12.2020.,08:55:00,0,0,0,0,0,0,0,G,0,0
2925,11.12.2020.,09:00:00,0,0,0,0,0,0,0,G,0,0
2926,11.12.2020.,09:05:00,0,0,0,0,0,0,0,G,0,0
2927,11.12.2020.,09:10:00,0,0,0,0,0,0,0,G,0,0
2928,11.12.2020.,09:15:00,0,0,0,0,0,0,0,G,0,0
2929,11.12.2020.,09:20:00,0,0,0,0,0,0,0,G,0,0
2930,11.12.2020.,09:25:00,0,0,0,0,0,0,0,G,0,0
2931,11.12.2020.,09:30:00,0,0,0,0,0,0,0,G,0,0
2932,11.12.2020.,09:35:00,0,0,0,0,0,0,0,G,0,0
2933,11.12.2020.,09:40:00,0,0,0,0,0,0,0,G,0,0
2934,11.12.2020.,09:45:00,0,0,0,0,0,0,0,G,0,0
2935,11.12.2020.,09:50:00,0,0,0,0,0,0,0,G,0,0
2936,11.12.2020.,09:55:00,0,0,0,0,0,0,0,G,0,0
2937,11.12.2020.,10:00:00,0,0,0,0,0,0,0,G,0,0
2938,11.12.2020.,10:05:00,0,0,0,0,0,0,0,G,0,0
2939,11.12.2020.,10:10:00,0,0,0,0,0,0,0,G,0,0
2940,11.12.2020.,10:15:00,0,0,0,0,0,0,0,G,0,0
2941,11.12.2020.,10:20:00,0,0,0,0,0,0,0,G,0,0
2942,11.12.2020.,10:25:00,0,0,0,0,0,0,0,G,0,0
2943,11.12.2020.,10:30:00,0,0,0,0,0,0,0,G,0,0
2944,11.12.2020.,10:35:00,0,0,0,0,0,0,0,G,0,0
2945,11.12.2020.,10:40:00,0,0,0,0,0,0,0,G,0,0
2946,11.12.2020.,10:45:00,0,0,0,0,0,0,0,G,0,0
2947,11.12.2020.,10:50:00,0,0,0,0,0,0,0,G,0,0
2948,11.12.2020.,10:55:00,0,0,0,0,0,0,0,G,0,0
2949,11.12.2020.,11:00:00,0,0,0,0,0,0,0,G,0,0
2950,11.12.2020.,11:05:00,0,0,0,0,0,0,0,G,0,0
2951,11.12.2020.,11:10:00,0,0,0,0,0,0,0,G,0,0
2952,11.12.2020.,11:15:00,0,0,0,0,0,0,0,G,0,0
2953,11.12.2020.,11:20:00,0,0,0,0,0,0,0,G,0,0
2954,11.12.2020.,11:25:00,0,0,0,0,0,0,0,G,0,0
2955,11.12.2020.,11:30:00,0,0,0,0,0,0,0,G,0,0
2956,11.12.2020.,11:35:00,0,0,0,0,0,0,0,G,0,0
2957,11.12.2020.,11:40:00,0,0,0,0,0,0,0,G,0,0
2958,11.12.2020.,11:45:00,0,0,0,0,0,0,0,G,0,0
2959,11.12.2020.,11:50:00,0,0,0,0,0,0,0,G,0,0
2960,11.12.2020.,11:55:00,0,0,0,0,0,0,0,G,0,0
2961,11.12.2020.,12:00:00,0,0,0,0,0,0,0,G,0,0
2962,11.12.2020.,12:05:00,0,0,0,0,0,0,0,G,0,0
2963,11.12.2020.,12:10:00,0,0,0,0,0,0,0,G,0,0
2964,11.12.2020.,12:15:00,23,14,1,3,1,0,0,G,0,0
2965,11.12.2020.,12:20:00,23,16,1,3,1,0,0,G,0,0
2966,11.12.2020.,12:25:00,23,16,1,3,1,0,0,G,0,0
2967,11.12.2020.,12:30:00,23,16,1,3,1,0,0,G,0,0
2968,11.12.2020.,12:35:00,23,16,1,3,1,0,0,G,0,0
2969,11.12.2020.,12:40:00,23,17,1,3,1,0,0,G,0,0
2970,11.12.2020.,12:45:00,23,17,1,3,1,0,0,G,0,0
2971,11.12.2020.,12:50:00,23,17,1,3,1,0,0,G,0,0
2972,11.12.2020.,12:55:00,23,17,1,3,1,0,0,G,0,0
2973,11.12.2020.,13:00:00,23,17,1,3,1,0,0,G,0,0
2974,11.12.2020.,13:05:00,23,17,1,3,1,0,0,G,0,0
2975,11.12.2020.,13:10:00,23,17,1,3,1,0,0,G,0,0
2976,11.12.2020.,13:15:00,23,17,1,3,1,0,0,G,0,0
2977,11.12.2020.,13:20:00,23,17,1,3,1,0,0,G,0,0
2978,11.12.2020.,13:25:00,23,17,1,3,1,0,0,G,0,0
2979,11.12.2020.,13:30:00,23,18,1,3,1,0,0,G,0,0
2980,11.12.2020.,13:35:00,23,18,1,3,1,0,0,G,0,0
2981,11.12.2020.,13:40:00,23,18,1,3,1,0,0,G,0,0
2982,11.12.2020.,13:45:00,23,18,1,3,1,0,0,G,0,0
2983,11.12.2020.,13:50:00,23,18,1,3,1,0,0,G,0,0
2984,11.12.2020.,13:55:00,23,18,1,3,1,0,0,G,0,0
2985,11.12.2020.,14:00:00,23,18,1,3,1,0,0,G,0,0
2986,11.12.2020.,14:05:00,23,18,1,3,1,0,0,G,0,0
2987,11.12.2020.,14:10:00,23,18,1,3,1,0,0,G,0,0
2988,11.12.2020.,14:15:00,23,18,1,3,1,0,0,G,0,0
2989,11.12.2020.,14:20:00,23,18,1,3,1,0,0,G,0,0
2990,11.12.2020.,14:25:00,23,18,1,3,1,0,0,G,0,0
2991,11.12.2020.,14:30:00,23,18,1,3,1,0,0,G,0,0
2992,11.12.2020.,14:35:00,23,18,1,3,1,0,0,G,0,0
2993,11.12.2020.,14:40:00,23,18,1,3,1,0,0,G,0,0
2994,11.12.2020.,14:45:00,23,18,1,3,1,0,0,G,0,0
2995,11.12.2020.,14:50:00,23,18,1,3,1,0,0,G,0,0
2996,11.12.2020.,14:55:00,23,18,1,3,1,0,0,G,0,0
2997,11.12.2020.,15:00:00,23,18,1,3,1,0,0,G,0,0
2998,11.12.2020.,15:05:00,23,18,1,3,1,0,0,G,0,0
2999,11.12.2020.,15:10:00,23,18,1,3,1,0,0,G,0,0
3000,11.12.2020.,15:15:00,23,19,1,3,1,0,0,G,0,0
3001,11.12.2020.,15:20:00,23,19,1,3,1,0,0,G,0,0
3002,11.12.2020.,15:25:00,23,19,1,3,1,0,0,G,0,0
3003,11.12.2020.,15:30:00,23,19,1,3,1,0,0,G,0,0
3004,11.12.2020.,15:35:00,23,19,1,3,1,0,0,G,0,0
3005,11.12.2020.,15:40:00,23,19,1,3,1,0,0,G,0,0
3006,11.12.2020.,15:45:00,23,19,1,3,1,0,0,G,0,0
3007,11.12.2020.,15:50:00,23,19,1,3,1,0,0,G,0,0
3008,11.12.2020.,15:55:00,23,19,1,3,1,0,0,G,0,0
3009,11.12.2020.,16:00:00,23,19,1,3,1,0,0,G,0,0
3010,11.12.2020.,16:05:00,23,19,1,3,1,0,0,G,0,0
3011,11.12.2020.,16:10:00,23,19,1,3,1,0,0,G,0,0
3012,11.12.2020.,16:15:00,23,19,1,3,1,0,0,G,0,0
3013,11.12.2020.,16:20:00,23,19,1,3,1,0,0,G,0,0
3014,11.12.2020.,16:25:00,23,19,1,3,1,0,0,G,0,0
3015,11.12.2020.,16:30:00,23,19,1,3,1,0,0,G,0,0
3016,11.12.2020.,16:35:00,23,19,1,3,1,0,0,G,0,0
3017,11.12.2020.,16:40:00,23,19,1,3,1,0,0,G,0,0
3018,11.12.2020.,16:45:00,23,19,1,3,1,0,0,G,0,0
3019,11.12.2020.,16:50:00,23,19,1,3,1,0,0,G,0,0
3020,11.12.2020.,16:55:00,23,19,1,3,1,0,0,G,0,0
3021,11.12.2020.,17:00:00,23,19,1,3,1,0,0,G,0,0
3022,11.12.2020.,17:05:00,23,20,1,3,1,0,0,G,0,0
3023,11.12.2020.,17:10:00,23,20,1,3,1,0,0,G,0,0
3024,11.12.2020.,17:15:00,23,20,1,3,1,0,0,G,0,0
3025,11.12.2020.,17:20:00,23,20,1,3,1,0,0,G,0,0
3026,11.12.2020.,17:25:00,23,20,1,3,1,0,0,G,0,0
3027,11.12.2020.,17:30:00,23,20,1,3,1,0,0,G,0,0
3028,11.12.2020.,17:35:00,23,20,1,3,1,0,0,G,0,0
3029,11.12.2020.,17:40:00,23,20,1,3,1,0,0,G,0,0
3030,11.12.2020.,17:45:00,23,20,1,3,1,0,0,G,0,0
3031,11.12.2020.,17:50:00,23,20,1,3,1,0,0,G,0,0
3032,11.12.2020.,17:55:00,23,20,1,3,1,0,0,G,0,0
3033,11.12.2020.,18:00:00,23,20,1,3,1,0,0,G,0,0
3034,11.12.2020.,18:05:00,23,20,1,3,1,0,0,G,0,0
3035,11.12.2020.,18:10:00,23,20,1,3,1,0,0,G,0,0
3036,11.12.2020.,18:15:00,23,20,1,3,1,0,0,G,0,0
3037,11.12.2020.,18:20:00,23,20,1,3,1,0,0,G,0,0
3038,11.12.2020.,18:25:00,23,20,1,3,1,0,0,G,0,0
3039,11.12.2020.,18:30:00,23,20,1,3,1,0,0,G,0,0
3040,11.12.2020.,18:35:00,23,20,1,3,1,0,0,G,0,0
3041,11.12.2020.,18:40:00,23,20,1,3,1,0,0,G,0,0
3042,11.12.2020.,18:45:00,23,20,1,3,1,0,0,G,0,0
3043,11.12.2020.,18:50:00,23,20,1,3,1,0,0,G,0,0
3044,11.12.2020.,18:55:00,23,20,1,3,1,0,0,G,0,0
3045,11.12.2020.,19:00:00,23,20,1,3,1,0,0,G,0,0
3046,11.12.2020.,19:05:00,23,20,1,3,1,0,0,G,0,0
3047,11.12.2020.,19:10:00,23,20,1,3,1,0,0,G,0,0
3048,11.12.2020.,19:15:00,23,20,1,3,1,0,0,G,0,0
3049,11.12.2020.,19:20:00,23,20,1,3,1,0,0,G,0,0
3050,11.12.2020.,19:25:00,23,20,1,3,1,0,0,G,0,0
3051,11.12.2020.,19:30:00,23,20,1,3,1,0,0,G,0,0
3052,11.12.2020.,19:35:00,23,20,1,3,1,0,0,G,0,0
3053,11.12.2020.,19:40:00,23,20,1,3,1,0,0,G,0,0
3054,11.12.2020.,19:45:00,23,20,1,3,1,0,0,G,0,0
3055,11.12.2020.,19:50:00,23,20,1,2,1,0,0,G,0,0
3056,11.12.2020.,19:55:00,23,20,1,2,1,0,0,G,0,0
3057,11.12.2020.,20:00:00,23,20,1,2,1,0,0,G,0,0
3058,11.12.2020.,20:05:00,23,20,1,2,1,0,0,G,0,0
3059,11.12.2020.,20:10:00,23,20,1,2,1,0,0,G,0,0
3060,11.12.2020.,20:15:00,23,20,1,2,1,0,0,G,0,0
3061,11.12.2020.,20:20:00,23,20,1,2,1,0,0,G,0,0
3062,11.12.2020.,20:25:00,23,20,1,2,1,0,0,G,0,0
3063,11.12.2020.,20:30:00,23,20,1,2,1,0,0,G,0,0
3064,11.12.2020.,20:35:00,23,20,1,2,1,0,0,G,0,0
3065,11.12.2020.,20:40:00,23,20,1,2,1,0,0,G,0,0
3066,11.12.2020.,20:45:00,23,20,1,2,1,0,0,G,0,0
3067,11.12.2020.,20:50:00,23,20,1,2,1,0,0,G,0,0
3068,11.12.2020.,20:55:00,23,20,1,2,1,0,0,G,0,0
3069,11.12.2020.,21:00:00,23,20,1,2,1,0,0,G,0,0
3070,11.12.2020.,21:05:00,23,20,1,2,1,0,0,G,0,0
3071,11.12.2020.,21:10:00,23,20,1,2,1,0,0,G,0,0
3072,11.12.2020.,21:15:00,23,20,1,2,1,0,0,G,0,0
3073,11.12.2020.,21:20:00,23,20,1,2,1,0,0,G,0,0
3074,11.12.2020.,21:25:00,23,21,1,2,1,0,0,G,0,0
3075,11.12.2020.,21:30:00,23,21,1,2,1,0,0,G,0,0
3076,11.12.2020.,21:35:00,23,21,1,2,1,0,0,G,0,0
3077,11.12.2020.,21:40:00,23,21,1,2,1,0,0,G,0,0
3078,11.12.2020.,21:45:00,23,21,1,2,1,0,0,G,0,0
3079,11.12.2020.,21:50:00,23,21,1,2,1,0,0,G,0,0
3080,11.12.2020.,21:55:00,23,21,1,2,1,0,0,G,0,0
3081,11.12.2020.,22:00:00,23,21,1,2,1,0,0,G,0,0
3082,11.12.2020.,22:05:00,23,21,1,2,1,0,0,G,0,0
3083,11.12.2020.,22:10:00,23,21,1,2,1,0,0,G,0,0
3084,11.12.2020.,22:15:00,23,21,1,2,1,0,0,G,0,0
3085,11.12.2020.,22:20:00,23,21,1,2,1,0,0,G,0,0
3086,11.12.2020.,22:25:00,23,21,1,2,1,0,0,G,0,0
3087,11.12.2020.,22:30:00,23,21,1,2,1,0,0,G,0,0
3088,11.12.2020.,22:35:00,23,21,1,2,1,0,0,G,0,0
3089,11.12.2020.,22:40:00,23,21,1,2,1,0,0,G,0,0
3090,11.12.2020.,22:45:00,23,21,1,2,1,0,0,G,0,0
3091,11.12.2020.,22:50:00,23,21,1,2,1,0,0,G,0,0
3092,11.12.2020.,22:55:00,23,21,1,2,1,0,0,G,0,0
3093,11.12.2020.,23:00:00,23,21,1,2,1,0,0,G,0,0
3094,11.12.2020.,23:05:00,23,21,1,2,1,0,0,G,0,0
3095,11.12.2020.,23:10:00,23,21,1,2,1,0,0,G,0,0
3096,11.12.2020.,23:15:00,23,21,1,2,1,0,0,G,0,0
3097,11.12.2020.,23:20:00,23,21,1,2,1,0,0,G,0,0
3098,11.12.2020.,23:25:00,23,21,1,2,1,0,0,G,0,0
3099,11.12.2020.,23:30:00,23,21,1,2,1,0,0,G,0,0
3100,11.12.2020.,23:35:00,23,21,1,2,1,0,0,G,0,0
3101,11.12.2020.,23:40:00,23,21,1,2,1,0,0,G,0,0
3102,11.12.2020.,23:45:00,23,21,1,2,1,0,0,G,0,0
3103,11.12.2020.,23:50:00,23,21,1,2,1,0,0,G,0,0
3104,11.12.2020.,23:55:00,23,21,1,2,1,0,0,G,0,0
3105,12.12.2020.,00:00:00,23,21,1,2,1,0,0,G,0,0
3106,12.12.2020.,00:05:00,23,21,1,2,1,0,0,G,0,0
3107,12.12.2020.,00:10:00,23,21,1,2,1,0,0,G,0,0
3108,12.12.2020.,00:15:00,23,21,1,2,1,0,0,G,0,0
3109,12.12.2020.,00:20:00,23,21,1,2,1,0,0,G,0,0
3110,12.12.2020.,00:25:00,23,21,1,2,1,0,0,G,0,0
3111,12.12.2020.,00:30:00,23,21,1,2,1,0,0,G,0,0
3112,12.12.2020.,00:35:00,23,21,1,2,1,0,0,G,0,0
3113,12.12.2020.,00:40:00,23,21,1,2,1,0,0,G,0,0
3114,12.12.2020.,00:45:00,23,21,1,2,1,0,0,G,0,0
3115,12.12.2020.,00:50:00,23,21,1,2,1,0,0,G,0,0
3116,12.12.2020.,00:55:00,23,21,1,2,1,0,0,G,0,0
3117,12.12.2020.,01:00:00,23,21,1,2,1,0,0,G,0,0
3118,12.12.2020.,01:05:00,23,21,1,2,1,0,0,G,0,0
3119,12.12.2020.,01:10:00,23,21,1,2,1,0,0,G,0,0
3120,12.12.2020.,01:15:00,23,21,1,2,1,0,0,G,0,0
3121,12.12.2020.,01:20:00,23,21,1,2,1,0,0,G,0,0
3122,12.12.2020.,01:25:00,23,21,1,2,1,0,0,G,0,0
3123,12.12.2020.,01:30:00,23,21,1,2,1,0,0,G,0,0
3124,12.12.2020.,01:35:00,23,21,1,2,1,0,0,G,0,0
3125,12.12.2020.,01:40:00,23,21,1,2,1,0,0,G,0,0
3126,12.12.2020.,01:45:00,23,21,1,2,1,0,0,G,0,0
3127,12.12.2020.,01:50:00,23,21,1,2,1,0,0,G,0,0
3128,12.12.2020.,01:55:00,23,21,1,2,1,0,0,G,0,0
3129,12.12.2020.,02:00:00,23,21,1,2,1,0,0,G,0,0
3130,12.12.2020.,02:05:00,23,21,1,2,1,0,0,G,0,0
3131,12.12.2020.,02:10:00,23,21,1,2,1,0,0,G,0,0
3132,12.12.2020.,02:15:00,23,21,1,2,1,0,0,G,0,0
3133,12.12.2020.,02:20:00,23,21,1,2,1,0,0,G,0,0
3134,12.12.2020.,02:25:00,23,21,1,2,1,0,0,G,0,0
3135,12.12.2020.,02:30:00,23,22,1,1,1,0,0,G,0,0
3136,12.12.2020.,02:35:00,23,22,1,1,1,0,0,G,0,0
3137,12.12.2020.,02:40:00,23,22,1,1,1,0,0,G,0,0
3138,12.12.2020.,02:45:00,23,22,1,1,1,0,0,G,0,0
3139,12.12.2020.,02:50:00,23,22,1,1,1,0,0,G,0,0
3140,12.12.2020.,02:55:00,23,22,1,1,1,0,0,G,0,0
3141,12.12.2020.,03:00:00,23,22,1,1,1,0,0,G,0,0
3142,12.12.2020.,03:05:00,23,22,1,1,1,0,0,G,0,0
3143,12.12.2020.,03:10:00,23,22,1,1,1,0,0,G,0,0
3144,12.12.2020.,03:15:00,23,22,1,1,1,0,0,G,0,0
3145,12.12.2020.,03:20:00,23,22,1,1,1,0,0,G,0,0
3146,12.12.2020.,03:25:00,23,22,1,1,1,0,0,G,0,0
3147,12.12.2020.,03:30:00,23,22,1,1,1,0,0,G,0,0
3148,12.12.2020.,03:35:00,23,22,1,1,1,0,0,G,0,0
3149,12.12.2020.,03:40:00,23,22,1,1,1,0,0,G,0,0
3150,12.12.2020.,03:45:00,23,22,1,1,1,0,0,G,0,0
3151,12.12.2020.,03:50:00,23,22,1,1,1,0,0,G,0,0
3152,12.12.2020.,03:55:00,23,22,1,1,1,0,0,G,0,0
3153,12.12.2020.,04:00:00,23,22,1,1,1,0,0,G,0,0
3154,12.12.2020.,04:05:00,23,22,1,1,1,0,0,G,0,0
3155,12.12.2020.,04:10:00,23,22,1,1,1,0,0,G,0,0
3156,12.12.2020.,04:15:00,23,22,1,1,1,0,0,G,0,0
3157,12.12.2020.,04:20:00,23,22,1,1,1,0,0,G,0,0
3158,12.12.2020.,04:25:00,23,22,1,1,1,0,0,G,0,0
3159,12.12.2020.,04:30:00,23,22,1,1,1,0,0,G,0,0
3160,12.12.2020.,04:35:00,23,22,1,1,1,0,0,G,0,0
3161,12.12.2020.,04:40:00,23,22,1,1,1,0,0,G,0,0
3162,12.12.2020.,04:45:00,23,22,1,1,1,0,0,G,0,0
3163,12.12.2020.,04:50:00,23,22,1,1,1,0,0,G,0,0
3164,12.12.2020.,04:55:00,23,22,1,1,1,0,0,G,0,0
3165,12.12.2020.,05:00:00,23,22,1,1,1,0,0,G,0,0
3166,12.12.2020.,05:05:00,23,22,1,1,1,0,0,G,0,0
3167,12.12.2020.,05:10:00,23,22,1,1,1,0,0,G,0,0
3168,12.12.2020.,05:15:00,23,22,1,1,1,0,0,G,0,0
3169,12.12.2020.,05:20:00,23,22,1,1,1,0,0,G,0,0
3170,12.12.2020.,05:25:00,23,22,1,1,1,0,0,G,0,0
3171,12.12.2020.,05:30:00,23,22,1,1,1,0,0,G,0,0
3172,12.12.2020.,05:35:00,23,22,1,1,1,0,0,G,0,0
3173,12.12.2020.,05:40:00,23,22,1,1,1,0,0,G,0,0
3174,12.12.2020.,05:45:00,23,22,1,1,1,0,0,G,0,0
3175,12.12.2020.,05:50:00,23,22,1,1,1,0,0,G,0,0
3176,12.12.2020.,05:55:00,23,22,1,1,1,0,0,G,0,0
3177,12.12.2020.,06:00:00,23,22,1,1,1,0,0,G,0,0
3178,12.12.2020.,06:05:00,23,22,1,1,1,0,0,G,0,0
3179,12.12.2020.,06:10:00,23,22,1,1,1,0,0,G,0,0
3180,12.12.2020.,06:15:00,23,22,1,1,1,0,0,G,0,0
3181,12.12.2020.,06:20:00,23,22,1,1,1,0,0,G,0,0
3182,12.12.2020.,06:25:00,23,22,1,1,1,0,0,G,0,0
3183,12.12.2020.,06:30:00,23,22,1,1,1,0,0,G,0,0
3184,12.12.2020.,06:35:00,23,22,1,1,1,0,0,G,0,0
3185,12.12.2020.,06:40:00,23,22,1,1,1,0,0,G,0,0
3186,12.12.2020.,06:45:00,23,22,1,1,1,0,0,G,0,0
3187,12.12.2020.,06:50:00,23,22,1,1,1,0,0,G,0,0
3188,12.12.2020.,06:55:00,23,22,1,1,1,0,0,G,0,0
3189,12.12.2020.,07:00:00,23,22,1,1,1,0,0,G,0,0
3190,12.12.2020.,07:05:00,23,22,1,1,1,0,0,G,0,0
3191,12.12.2020.,07:10:00,23,22,1,1,1,0,0,G,0,0
3192,12.12.2020.,07:15:00,23,22,1,1,1,0,0,G,0,0
3193,12.12.2020.,07:20:00,23,22,1,1,1,0,0,G,0,0
3194,12.12.2020.,07:25:00,23,22,1,1,1,0,0,G,0,0
3195,12.12.2020.,07:30:00,23,22,1,1,1,0,0,G,0,0
3196,12.12.2020.,07:35:00,23,22,1,1,1,0,0,G,0,0
3197,12.12.2020.,07:40:00,23,22,1,1,1,0,0,G,0,0
3198,12.12.2020.,07:45:00,23,22,1,1,1,0,0,G,0,0
3199,12.12.2020.,07:50:00,23,22,1,1,1,0,0,G,0,0
3200,12.12.2020.,07:55:00,23,22,1,1,1,0,0,G,0,0
3201,12.12.2020.,08:00:00,23,22,1,1,1,0,0,G,0,0
3202,12.12.2020.,08:05:00,23,22,1,1,1,0,0,G,0,0
3203,12.12.2020.,08:10:00,23,22,1,1,1,0,0,G,0,0
3204,12.12.2020.,08:15:00,23,22,1,1,1,0,0,G,0,0
3205,12.12.2020.,08:20:00,23,22,1,1,1,0,0,G,0,0
3206,12.12.2020.,08:25:00,23,22,1,1,1,0,0,G,0,0
3207,12.12.2020.,08:30:00,23,22,1,1,1,0,0,G,0,0
3208,12.12.2020.,08:35:00,23,22,1,1,1,0,0,G,0,0
3209,12.12.2020.,08:40:00,23,22,1,1,1,0,0,G,0,0
3210,12.12.2020.,08:45:00,23,22,1,1,1,0,0,G,0,0
3211,12.12.2020.,08:50:00,23,22,1,1,1,0,0,G,0,0
3212,12.12.2020.,08:55:00,23,22,1,1,1,0,0,G,0,0
3213,12.12.2020.,09:00:00,23,22,1,1,1,0,0,G,0,0
3214,12.12.2020.,09:05:00,23,22,1,1,1,0,0,G,0,0
3215,12.12.2020.,09:10:00,23,22,1,1,1,0,0,G,0,0
3216,12.12.2020.,09:15:00,23,22,1,1,1,0,0,G,0,0
3217,12.12.2020.,09:20:00,23,22,1,1,1,0,0,G,0,0
3218,12.12.2020.,09:25:00,23,22,1,1,1,0,0,G,0,0
3219,12.12.2020.,09:30:00,23,22,1,1,1,0,0,G,0,0
3220,12.12.2020.,09:35:00,23,22,1,1,1,0,0,G,0,0
3221,12.12.2020.,09:40:00,23,22,1,1,1,0,0,G,0,0
3222,12.12.2020.,09:45:00,23,22,1,1,1,0,0,G,0,0
3223,12.12.2020.,09:50:00,23,22,1,1,1,0,0,G,0,0
3224,12.12.2020.,09:55:00,23,22,1,1,1,0,0,G,0,0
3225,12.12.2020.,10:00:00,23,22,1,1,1,0,0,G,0,0
3226,12.12.2020.,10:05:00,23,22,1,1,1,0,0,G,0,0
3227,12.12.2020.,10:10:00,23,22,1,1,1,0,0,G,0,0
3228,12.12.2020.,10:15:00,23,22,1,1,1,0,0,G,0,0
3229,12.12.2020.,10:20:00,23,22,1,1,1,0,0,G,0,0
3230,12.12.2020.,10:25:00,23,22,1,1,1,0,0,G,0,0
3231,12.12.2020.,10:30:00,23,22,1,1,1,0,0,G,0,0
3232,12.12.2020.,10:35:00,23,22,1,1,1,0,0,G,0,0
3233,12.12.2020.,10:40:00,23,22,1,1,1,0,0,G,0,0
3234,12.12.2020.,10:45:00,23,22,1,1,1,0,0,G,0,0
3235,12.12.2020.,10:50:00,23,22,1,1,1,0,0,G,0,0
3236,12.12.2020.,10:55:00,23,22,1,1,1,0,0,G,0,0
3237,12.12.2020.,11:00:00,23,22,1,1,1,0,0,G,0,0
3238,12.12.2020.,11:05:00,23,22,1,1,1,0,0,G,0,0
3239,12.12.2020.,11:10:00,23,22,1,1,1,0,0,G,0,0
3240,12.12.2020.,11:15:00,23,22,1,1,1,0,0,G,0,0
3241,12.12.2020.,11:20:00,23,22,1,1,1,0,0,G,0,0
3242,12.12.2020.,11:25:00,23,22,1,1,1,0,0,G,0,0
3243,12.12.2020.,11:30:00,23,22,1,1,1,0,0,G,0,0
3244,12.12.2020.,11:35:00,23,22,1,1,1,0,0,G,0,0
3245,12.12.2020.,11:40:00,23,22,1,1,1,0,0,G,0,0
3246,12.12.2020.,11:45:00,23,22,1,1,1,0,0,G,0,0
3247,12.12.2020.,11:50:00,23,22,1,1,1,0,0,G,0,0
3248,12.12.2020.,11:55:00,23,22,1,1,1,0,0,G,0,0
3249,12.12.2020.,12:00:00,23,22,1,1,1,0,0,G,0,0
3250,12.12.2020.,12:05:00,23,22,1,1,1,0,0,G,0,0
3251,12.12.2020.,12:10:00,23,22,1,1,1,0,0,G,0,0
3252,12.12.2020.,12:15:00,23,22,1,1,1,0,0,G,0,0
3253,12.12.2020.,12:20:00,23,22,1,1,1,0,0,G,0,0
3254,12.12.2020.,12:25:00,23,22,1,1,1,0,0,G,0,0
3255,12.12.2020.,12:30:00,23,22,1,1,1,0,0,G,0,0
3256,12.12.2020.,12:35:00,23,22,1,1,1,0,0,G,0,0
3257,12.12.2020.,12:40:00,23,22,1,1,1,0,0,G,0,0
3258,12.12.2020.,12:45:00,23,22,1,1,1,0,0,G,0,0
3259,12.12.2020.,12:50:00,23,22,1,1,1,0,0,G,0,0
3260,12.12.2020.,12:55:00,23,22,1,1,1,0,0,G,0,0
3261,12.12.2020.,13:00:00,23,22,1,1,1,0,0,G,0,0
3262,12.12.2020.,13:05:00,23,22,1,1,1,0,0,G,0,0
3263,12.12.2020.,13:10:00,23,22,1,1,1,0,0,G,0,0
3264,12.12.2020.,13:15:00,23,22,1,1,1,0,0,G,0,0
3265,12.12.2020.,13:20:00,23,22,1,1,1,0,0,G,0,0
3266,12.12.2020.,13:25:00,23,22,1,1,1,0,0,G,0,0
3267,12.12.2020.,13:30:00,23,22,1,1,1,0,0,G,0,0
3268,12.12.2020.,13:35:00,23,22,1,1,1,0,0,G,0,0
3269,12.12.2020.,13:40:00,23,22,1,1,1,0,0,G,0,0
3270,12.12.2020.,13:45:00,23,22,1,1,1,0,0,G,0,0
3271,12.12.2020.,13:50:00,23,22,1,1,1,0,0,G,0,0
3272,12.12.2020.,13:55:00,23,22,1,1,1,0,0,G,0,0
3273,12.12.2020.,14:00:00,23,22,1,1,1,0,0,G,0,0
3274,12.12.2020.,14:05:00,23,22,1,1,1,0,0,G,0,0
3275,12.12.2020.,14:10:00,23,22,1,1,1,0,0,G,0,0
3276,12.12.2020.,14:15:00,23,22,1,1,1,0,0,G,0,0
3277,12.12.2020.,14:20:00,23,22,1,1,1,0,0,G,0,0
3278,12.12.2020.,14:25:00,23,22,1,1,1,0,0,G,0,0
3279,12.12.2020.,14:30:00,23,22,1,1,1,0,0,G,0,0
3280,12.12.2020.,14:35:00,23,22,1,1,1,0,0,G,0,0
3281,12.12.2020.,14:40:00,23,22,1,1,1,0,0,G,0,0
3282,12.12.2020.,14:45:00,23,22,1,1,1,0,0,G,0,0
3283,12.12.2020.,14:50:00,23,22,1,1,1,0,0,G,0,0
3284,12.12.2020.,14:55:00,23,22,1,1,1,0,0,G,0,0
3285,12.12.2020.,15:00:00,23,22,1,1,1,0,0,G,0,0
3286,12.12.2020.,15:05:00,23,22,1,1,1,0,0,G,0,0
3287,12.12.2020.,15:10:00,23,22,1,1,1,0,0,G,0,0
3288,12.12.2020.,15:15:00,23,22,1,1,1,0,0,G,0,0
3289,12.12.2020.,15:20:00,23,22,1,1,1,0,0,G,0,0
3290,12.12.2020.,15:25:00,23,22,1,1,1,0,0,G,0,0
3291,12.12.2020.,15:30:00,23,22,1,1,1,0,0,G,0,0
3292,12.12.2020.,15:35:00,23,22,1,1,1,0,0,G,0,0
3293,12.12.2020.,15:40:00,23,22,1,1,1,0,0,G,0,0
3294,12.12.2020.,15:45:00,23,22,1,1,1,0,0,G,0,0
3295,12.12.2020.,15:50:00,23,22,1,1,1,0,0,G,0,0
3296,12.12.2020.,15:55:00,23,22,1,1,1,0,0,G,0,0
3297,12.12.2020.,16:00:00,23,22,1,1,1,0,0,G,0,0
3298,12.12.2020.,16:05:00,23,22,1,1,1,0,0,G,0,0
3299,12.12.2020.,16:10:00,23,22,1,1,1,0,0,G,0,0
3300,12.12.2020.,16:15:00,23,22,1,1,1,0,0,G,0,0
3301,12.12.2020.,16:20:00,23,22,1,1,1,0,0,G,0,0
3302,12.12.2020.,16:25:00,23,22,1,1,1,0,0,G,0,0
3303,12.12.2020.,16:30:00,23,22,1,1,1,0,0,G,0,0
3304,12.12.2020.,16:35:00,23,22,1,1,1,0,0,G,0,0
3305,12.12.2020.,16:40:00,23,22,1,1,1,0,0,G,0,0
3306,12.12.2020.,16:45:00,23,22,1,1,1,0,0,G,0,0
3307,12.12.2020.,16:50:00,23,22,1,1,1,0,0,G,0,0
3308,12.12.2020.,16:55:00,23,22,1,1,1,0,0,G,0,0
3309,12.12.2020.,17:00:00,23,22,1,1,1,0,0,G,0,0
3310,12.12.2020.,17:05:00,23,22,1,1,1,0,0,G,0,0
3311,12.12.2020.,17:10:00,23,22,1,1,1,0,0,G,0,0
3312,12.12.2020.,17:15:00,23,22,1,0,1,0,0,G,0,0
3313,12.12.2020.,17:20:00,23,22,1,0,1,0,0,G,0,0
3314,12.12.2020.,17:25:00,23,22,1,0,1,0,0,G,0,0
3315,12.12.2020.,17:30:00,23,22,1,0,1,0,0,G,0,0
3316,12.12.2020.,17:35:00,23,22,1,0,1,0,0,G,0,0
3317,12.12.2020.,17:40:00,23,22,1,0,1,0,0,G,0,0
3318,12.12.2020.,17:45:00,23,22,1,0,1,0,0,G,0,0
3319,12.12.2020.,17:50:00,23,22,1,0,1,0,0,G,0,0
3320,12.12.2020.,17:55:00,23,22,1,1,1,0,0,G,0,0
3321,12.12.2020.,18:00:00,23,22,1,1,1,0,0,G,0,0
3322,12.12.2020.,18:05:00,23,22,1,1,1,0,0,G,0,0
3323,12.12.2020.,18:10:00,23,22,1,1,1,0,0,G,0,0
3324,12.12.2020.,18:15:00,23,22,1,1,1,0,0,G,0,0
3325,12.12.2020.,18:20:00,23,22,1,1,1,0,0,G,0,0
3326,12.12.2020.,18:25:00,23,22,1,1,1,0,0,G,0,0
3327,12.12.2020.,18:30:00,23,22,1,1,1,0,0,G,0,0
3328,12.12.2020.,18:35:00,23,22,1,1,1,0,0,G,0,0
3329,12.12.2020.,18:40:00,23,22,1,1,1,0,0,G,0,0
3330,12.12.2020.,18:45:00,23,22,1,1,1,0,0,G,0,0
3331,12.12.2020.,18:50:00,23,22,1,1,1,0,0,G,0,0
3332,12.12.2020.,18:55:00,23,22,1,1,1,0,0,G,0,0
3333,12.12.2020.,19:00:00,23,22,1,1,1,0,0,G,0,0
3334,12.12.2020.,19:05:00,23,22,1,1,1,0,0,G,0,0
3335,12.12.2020.,19:10:00,23,22,1,1,1,0,0,G,0,0
3336,12.12.2020.,19:15:00,23,22,1,1,1,0,0,G,0,0
3337,12.12.2020.,19:20:00,23,22,1,1,1,0,0,G,0,0
3338,12.12.2020.,19:25:00,23,22,1,1,1,0,0,G,0,0
3339,12.12.2020.,19:30:00,23,22,1,1,1,0,0,G,0,0
3340,12.12.2020.,19:35:00,23,22,1,1,1,0,0,G,0,0
3341,12.12.2020.,19:40:00,23,22,1,1,1,0,0,G,0,0
3342,12.12.2020.,19:45:00,23,22,1,1,1,0,0,G,0,0
3343,12.12.2020.,19:50:00,23,22,1,1,1,0,0,G,0,0
3344,12.12.2020.,19:55:00,23,22,1,1,1,0,0,G,0,0
3345,12.12.2020.,20:00:00,23,22,1,1,1,0,0,G,0,0
3346,12.12.2020.,20:05:00,23,22,1,1,1,0,0,G,0,0
3347,12.12.2020.,20:10:00,23,22,1,1,1,0,0,G,0,0
3348,12.12.2020.,20:15:00,23,22,1,1,1,0,0,G,0,0
3349,12.12.2020.,20:20:00,23,22,1,1,1,0,0,G,0,0
3350,12.12.2020.,20:25:00,23,22,1,1,1,0,0,G,0,0
3351,12.12.2020.,20:30:00,23,22,1,1,1,0,0,G,0,0
3352,12.12.2020.,20:35:00,23,22,1,1,1,0,0,G,0,0
3353,12.12.2020.,20:40:00,23,22,1,1,1,0,0,G,0,0
3354,12.12.2020.,20:45:00,23,22,1,1,1,0,0,G,0,0
3355,12.12.2020.,20:50:00,23,22,1,1,1,0,0,G,0,0
3356,12.12.2020.,20:55:00,23,22,1,1,1,0,0,G,0,0
3357,12.12.2020.,21:00:00,23,22,1,1,1,0,0,G,0,0
3358,12.12.2020.,21:05:00,23,22,1,1,1,0,0,G,0,0
3359,12.12.2020.,21:10:00,23,22,1,1,1,0,0,G,0,0
3360,12.12.2020.,21:15:00,23,22,1,1,1,0,0,G,0,0
3361,12.12.2020.,21:20:00,23,22,1,1,1,0,0,G,0,0
3362,12.12.2020.,21:25:00,23,22,1,1,1,0,0,G,0,0
3363,12.12.2020.,21:30:00,23,22,1,0,1,0,0,G,0,0
3364,12.12.2020.,21:35:00,23,22,1,0,1,0,0,G,0,0
3365,12.12.2020.,21:40:00,23,22,1,0,1,0,0,G,0,0
3366,12.12.2020.,21:45:00,23,22,1,0,1,0,0,G,0,0
3367,12.12.2020.,21:50:00,23,22,1,0,1,0,0,G,0,0
3368,12.12.2020.,21:55:00,23,22,1,0,1,0,0,G,0,0
3369,12.12.2020.,22:00:00,23,22,1,0,1,0,0,G,0,0
3370,12.12.2020.,22:05:00,23,22,1,0,1,0,0,G,0,0
3371,12.12.2020.,22:10:00,23,22,1,0,1,0,0,G,0,0
3372,12.12.2020.,22:15:00,23,22,1,0,1,0,0,G,0,0
3373,12.12.2020.,22:20:00,23,22,1,0,1,0,0,G,0,0
3374,12.12.2020.,22:25:00,23,22,1,0,1,0,0,G,0,0
3375,12.12.2020.,22:30:00,23,22,1,1,1,0,0,G,0,0
3376,12.12.2020.,22:35:00,23,22,1,1,1,0,0,G,0,0
3377,12.12.2020.,22:40:00,23,22,1,1,1,0,0,G,0,0
3378,12.12.2020.,22:45:00,23,22,1,1,1,0,0,G,0,0
3379,12.12.2020.,22:50:00,23,22,1,1,1,0,0,G,0,0
3380,12.12.2020.,22:55:00,23,22,1,1,1,0,0,G,0,0
3381,12.12.2020.,23:00:00,23,22,1,1,1,0,0,G,0,0
3382,12.12.2020.,23:05:00,23,22,1,1,1,0,0,G,0,0
3383,12.12.2020.,23:10:00,23,22,1,1,1,0,0,G,0,0
3384,12.12.2020.,23:15:00,23,22,1,1,1,0,0,G,0,0
3385,12.12.2020.,23:20:00,23,22,1,1,1,0,0,G,0,0
3386,12.12.2020.,23:25:00,23,22,1,1,1,0,0,G,0,0
3387,12.12.2020.,23:30:00,23,22,1,1,1,0,0,G,0,0
3388,12.12.2020.,23:35:00,23,22,1,1,1,0,0,G,0,0
3389,12.12.2020.,23:40:00,23,22,1,1,1,0,0,G,0,0
3390,12.12.2020.,23:45:00,23,22,1,1,1,0,0,G,0,0
3391,12.12.2020.,23:50:00,23,22,1,1,1,0,0,G,0,0
3392,12.12.2020.,23:55:00,23,22,1,1,1,0,0,G,0,0
3393,13.12.2020.,00:00:00,23,22,1,1,1,0,0,G,0,0
3394,13.12.2020.,00:05:00,23,22,1,1,1,0,0,G,0,0
3395,13.12.2020.,00:10:00,23,22,1,1,1,0,0,G,0,0
3396,13.12.2020.,00:15:00,23,22,1,1,1,0,0,G,0,0
3397,13.12.2020.,00:20:00,23,22,1,1,1,0,0,G,0,0
3398,13.12.2020.,00:25:00,23,22,1,1,1,0,0,G,0,0
3399,13.12.2020.,00:30:00,23,22,1,1,1,0,0,G,0,0
3400,13.12.2020.,00:35:00,23,22,1,0,1,0,0,G,0,0
3401,13.12.2020.,00:40:00,23,22,1,0,1,0,0,G,0,0
3402,13.12.2020.,00:45:00,23,23,1,0,1,0,0,G,0,0
3403,13.12.2020.,00:50:00,23,23,1,0,1,0,0,G,0,0
3404,13.12.2020.,00:55:00,23,23,1,0,1,0,0,G,0,0
3405,13.12.2020.,01:00:00,23,23,1,0,1,0,0,G,0,0
3406,13.12.2020.,01:05:00,23,22,1,0,1,0,0,G,0,0
3407,13.12.2020.,01:10:00,23,22,1,0,1,0,0,G,0,0
3408,13.12.2020.,01:15:00,23,22,1,1,1,0,0,G,0,0
3409,13.12.2020.,01:20:00,23,22,1,1,1,0,0,G,0,0
3410,13.12.2020.,01:25:00,23,22,1,1,1,0,0,G,0,0
3411,13.12.2020.,01:30:00,23,22,1,1,1,0,0,G,0,0
3412,13.12.2020.,01:35:00,23,22,1,1,1,0,0,G,0,0
3413,13.12.2020.,01:40:00,23,22,1,1,1,0,0,G,0,0
3414,13.12.2020.,01:45:00,23,22,1,1,1,0,0,G,0,0
3415,13.12.2020.,01:50:00,23,22,1,1,1,0,0,G,0,0
3416,13.12.2020.,01:55:00,23,22,1,1,1,0,0,G,0,0
3417,13.12.2020.,02:00:00,23,22,1,1,1,0,0,G,0,0
3418,13.12.2020.,02:05:00,23,22,1,1,1,0,0,G,0,0
3419,13.12.2020.,02:10:00,23,22,1,1,1,0,0,G,0,0
3420,13.12.2020.,02:15:00,23,22,1,1,1,0,0,G,0,0
3421,13.12.2020.,02:20:00,23,22,1,1,1,0,0,G,0,0
3422,13.12.2020.,02:25:00,23,22,1,0,1,0,0,G,0,0
3423,13.12.2020.,02:30:00,23,22,1,0,1,0,0,G,0,0
3424,13.12.2020.,02:35:00,23,22,1,0,1,0,0,G,0,0
3425,13.12.2020.,02:40:00,23,22,1,0,1,0,0,G,0,0
3426,13.12.2020.,02:45:00,23,22,1,0,1,0,0,G,0,0
3427,13.12.2020.,02:50:00,23,22,1,0,1,0,0,G,0,0
3428,13.12.2020.,02:55:00,23,22,1,1,1,0,0,G,0,0
3429,13.12.2020.,03:00:00,23,22,1,1,1,0,0,G,0,0
3430,13.12.2020.,03:05:00,23,22,1,1,1,0,0,G,0,0
3431,13.12.2020.,03:10:00,23,22,1,1,1,0,0,G,0,0
3432,13.12.2020.,03:15:00,23,22,1,1,1,0,0,G,0,0
3433,13.12.2020.,03:20:00,23,22,1,1,1,0,0,G,0,0
3434,13.12.2020.,03:25:00,23,22,1,1,1,0,0,G,0,0
3435,13.12.2020.,03:30:00,23,22,1,1,1,0,0,G,0,0
3436,13.12.2020.,03:35:00,23,22,1,1,1,0,0,G,0,0
3437,13.12.2020.,03:40:00,23,22,1,1,1,0,0,G,0,0
3438,13.12.2020.,03:45:00,23,22,1,1,1,0,0,G,0,0
3439,13.12.2020.,03:50:00,23,22,1,1,1,0,0,G,0,0
3440,13.12.2020.,03:55:00,23,22,1,1,1,0,0,G,0,0
3441,13.12.2020.,04:00:00,23,22,1,1,1,0,0,G,0,0
3442,13.12.2020.,04:05:00,23,22,1,1,1,0,0,G,0,0
3443,13.12.2020.,04:10:00,23,22,1,1,1,0,0,G,0,0
3444,13.12.2020.,04:15:00,23,22,1,1,1,0,0,G,0,0
3445,13.12.2020.,04:20:00,23,22,1,1,1,0,0,G,0,0
3446,13.12.2020.,04:25:00,23,22,1,1,1,0,0,G,0,0
3447,13.12.2020.,04:30:00,23,22,1,1,1,0,0,G,0,0
3448,13.12.2020.,04:35:00,23,22,1,1,1,0,0,G,0,0
3449,13.12.2020.,04:40:00,23,22,1,1,1,0,0,G,0,0
3450,13.12.2020.,04:45:00,23,22,1,1,1,0,0,G,0,0
3451,13.12.2020.,04:50:00,23,22,1,1,1,0,0,G,0,0
3452,13.12.2020.,04:55:00,23,22,1,1,1,0,0,G,0,0
3453,13.12.2020.,05:00:00,23,22,1,1,1,0,0,G,0,0
3454,13.12.2020.,05:05:00,23,22,1,1,1,0,0,G,0,0
3455,13.12.2020.,05:10:00,23,22,1,1,1,0,0,G,0,0
3456,13.12.2020.,05:15:00,23,22,1,1,1,0,0,G,0,0
3457,13.12.2020.,05:20:00,23,22,1,0,1,0,0,G,0,0
3458,13.12.2020.,05:25:00,23,22,1,0,1,0,0,G,0,0
3459,13.12.2020.,05:30:00,23,22,1,0,1,0,0,G,0,0
3460,13.12.2020.,05:35:00,23,22,1,0,1,0,0,G,0,0
3461,13.12.2020.,05:40:00,23,22,1,0,1,0,0,G,0,0
3462,13.12.2020.,05:45:00,23,22,1,0,1,0,0,G,0,0
3463,13.12.2020.,05:50:00,23,22,1,0,1,0,0,G,0,0
3464,13.12.2020.,05:55:00,23,22,1,0,1,0,0,G,0,0
3465,13.12.2020.,06:00:00,23,22,1,0,1,0,0,G,0,0
3466,13.12.2020.,06:05:00,23,22,1,1,1,0,0,G,0,0
3467,13.12.2020.,06:10:00,23,22,1,1,1,0,0,G,0,0
3468,13.12.2020.,06:15:00,23,22,1,1,1,0,0,G,0,0
3469,13.12.2020.,06:20:00,23,22,1,1,1,0,0,G,0,0
3470,13.12.2020.,06:25:00,23,22,1,1,1,0,0,G,0,0
3471,13.12.2020.,06:30:00,23,22,1,1,1,0,0,G,0,0
3472,13.12.2020.,06:35:00,23,22,1,1,1,0,0,G,0,0
3473,13.12.2020.,06:40:00,23,22,1,1,1,0,0,G,0,0
3474,13.12.2020.,06:45:00,23,22,1,1,1,0,0,G,0,0
3475,13.12.2020.,06:50:00,23,22,1,1,1,0,0,G,0,0
3476,13.12.2020.,06:55:00,23,22,1,1,1,0,0,G,0,0
3477,13.12.2020.,07:00:00,23,22,1,1,1,0,0,G,0,0
3478,13.12.2020.,07:05:00,23,22,1,1,1,0,0,G,0,0
3479,13.12.2020.,07:10:00,23,22,1,1,1,0,0,G,0,0
3480,13.12.2020.,07:15:00,23,22,1,1,1,0,0,G,0,0
3481,13.12.2020.,07:20:00,23,22,1,1,1,0,0,G,0,0
3482,13.12.2020.,07:25:00,23,22,1,1,1,0,0,G,0,0
3483,13.12.2020.,07:30:00,23,22,1,1,1,0,0,G,0,0
3484,13.12.2020.,07:35:00,23,22,1,1,1,0,0,G,0,0
3485,13.12.2020.,07:40:00,23,22,1,1,1,0,0,G,0,0
3486,13.12.2020.,07:45:00,23,22,1,1,1,0,0,G,0,0
3487,13.12.2020.,07:50:00,23,22,1,1,1,0,0,G,0,0
3488,13.12.2020.,07:55:00,23,22,1,1,1,0,0,G,0,0
3489,13.12.2020.,08:00:00,23,22,1,1,1,0,0,G,0,0
3490,13.12.2020.,08:05:00,23,22,1,1,1,0,0,G,0,0
3491,13.12.2020.,08:10:00,23,22,1,1,1,0,0,G,0,0
3492,13.12.2020.,08:15:00,23,22,1,1,1,0,0,G,0,0
3493,13.12.2020.,08:20:00,23,22,1,1,1,0,0,G,0,0
3494,13.12.2020.,08:25:00,23,22,1,0,1,0,0,G,0,0
3495,13.12.2020.,08:30:00,23,22,1,0,1,0,0,G,0,0
3496,13.12.2020.,08:35:00,23,22,1,0,1,0,0,G,0,0
3497,13.12.2020.,08:40:00,23,22,1,0,1,0,0,G,0,0
3498,13.12.2020.,08:45:00,23,22,1,0,1,0,0,G,0,0
3499,13.12.2020.,08:50:00,23,22,1,0,1,0,0,G,0,0
3500,13.12.2020.,08:55:00,23,22,1,0,1,0,0,G,0,0
3501,13.12.2020.,09:00:00,23,22,1,0,1,0,0,G,0,0
3502,13.12.2020.,09:05:00,23,22,1,0,1,0,0,G,0,0
3503,13.12.2020.,09:10:00,23,22,1,0,1,0,0,G,0,0
3504,13.12.2020.,09:15:00,23,22,1,0,1,0,0,G,0,0
3505,13.12.2020.,09:20:00,23,22,1,0,1,0,0,G,0,0
3506,13.12.2020.,09:25:00,23,22,1,0,1,0,0,G,0,0
3507,13.12.2020.,09:30:00,23,22,1,0,1,0,0,G,0,0
3508,13.12.2020.,09:35:00,23,22,1,0,1,0,0,G,0,0
3509,13.12.2020.,09:40:00,23,22,1,0,1,0,0,G,0,0
3510,13.12.2020.,09:45:00,23,22,1,0,1,0,0,G,0,0
3511,13.12.2020.,09:50:00,23,22,1,0,1,0,0,G,0,0
3512,13.12.2020.,09:55:00,23,22,1,0,1,0,0,G,0,0
3513,13.12.2020.,10:00:00,23,22,1,0,1,0,0,G,0,0
3514,13.12.2020.,10:05:00,23,22,1,0,1,0,0,G,0,0
3515,13.12.2020.,10:10:00,23,22,1,1,1,0,0,G,0,0
3516,13.12.2020.,10:15:00,23,22,1,1,1,0,0,G,0,0
3517,13.12.2020.,10:20:00,23,22,1,1,1,0,0,G,0,0
3518,13.12.2020.,10:25:00,23,22,1,1,1,0,0,G,0,0
3519,13.12.2020.,10:30:00,23,22,1,1,1,0,0,G,0,0
3520,13.12.2020.,10:35:00,23,22,1,1,1,0,0,G,0,0
3521,13.12.2020.,10:40:00,23,22,1,1,1,0,0,G,0,0
3522,13.12.2020.,10:45:00,23,22,1,1,1,0,0,G,0,0
3523,13.12.2020.,10:50:00,23,22,1,1,1,0,0,G,0,0
3524,13.12.2020.,10:55:00,23,22,1,1,1,0,0,G,0,0
3525,13.12.2020.,11:00:00,23,22,1,1,1,0,0,G,0,0
3526,13.12.2020.,11:05:00,23,22,1,1,1,0,0,G,0,0
3527,13.12.2020.,11:10:00,23,22,1,1,1,0,0,G,0,0
3528,13.12.2020.,11:15:00,23,22,1,0,1,0,0,G,0,0
3529,13.12.2020.,11:20:00,23,22,1,0,1,0,0,G,0,0
3530,13.12.2020.,11:25:00,23,22,1,0,1,0,0,G,0,0
3531,13.12.2020.,11:30:00,23,22,1,0,1,0,0,G,0,0
3532,13.12.2020.,11:35:00,23,22,1,0,1,0,0,G,0,0
3533,13.12.2020.,11:40:00,23,22,1,0,1,0,0,G,0,0
3534,13.12.2020.,11:45:00,23,22,1,0,1,0,0,G,0,0
3535,13.12.2020.,11:50:00,23,22,1,0,1,0,0,G,0,0
3536,13.12.2020.,11:55:00,23,22,1,0,1,0,0,G,0,0
3537,13.12.2020.,12:00:00,23,22,1,0,1,0,0,G,0,0
3538,13.12.2020.,12:05:00,23,22,1,0,1,0,0,G,0,0
3539,13.12.2020.,12:10:00,23,22,1,0,1,0,0,G,0,0
3540,13.12.2020.,12:15:00,23,22,1,0,1,0,0,G,0,0
3541,13.12.2020.,12:20:00,23,22,1,0,1,0,0,G,0,0
3542,13.12.2020.,12:25:00,23,22,1,0,1,0,0,G,0,0
3543,13.12.2020.,12:30:00,23,22,1,0,1,0,0,G,0,0
3544,13.12.2020.,12:35:00,23,22,1,0,1,0,0,G,0,0
3545,13.12.2020.,12:40:00,23,22,1,0,1,0,0,G,0,0
3546,13.12.2020.,12:45:00,23,22,1,0,1,0,0,G,0,0
3547,13.12.2020.,12:50:00,23,22,1,0,1,0,0,G,0,0
3548,13.12.2020.,12:55:00,23,22,1,0,1,0,0,G,0,0
3549,13.12.2020.,13:00:00,23,22,1,0,1,0,0,G,0,0
3550,13.12.2020.,13:05:00,23,22,1,0,1,0,0,G,0,0
3551,13.12.2020.,13:10:00,23,22,1,0,1,0,0,G,0,0
3552,13.12.2020.,13:15:00,23,22,1,0,1,0,0,G,0,0
3553,13.12.2020.,13:20:00,23,22,1,0,1,0,0,G,0,0
3554,13.12.2020.,13:25:00,23,22,1,0,1,0,0,G,0,0
3555,13.12.2020.,13:30:00,23,22,1,0,1,0,0,G,0,0
3556,13.12.2020.,13:35:00,23,22,1,0,1,0,0,G,0,0
3557,13.12.2020.,13:40:00,23,22,1,0,1,0,0,G,0,0
3558,13.12.2020.,13:45:00,23,22,1,0,1,0,0,G,0,0
3559,13.12.2020.,13:50:00,23,22,1,0,1,0,0,G,0,0
3560,13.12.2020.,13:55:00,23,22,1,0,1,0,0,G,0,0
3561,13.12.2020.,14:00:00,23,22,1,0,1,0,0,G,0,0
3562,13.12.2020.,14:05:00,23,22,1,0,1,0,0,G,0,0
3563,13.12.2020.,14:10:00,23,22,1,0,1,0,0,G,0,0
3564,13.12.2020.,14:15:00,23,22,1,0,1,0,0,G,0,0
3565,13.12.2020.,14:20:00,23,22,1,0,1,0,0,G,0,0
3566,13.12.2020.,14:25:00,23,22,1,0,1,0,0,G,0,0
3567,13.12.2020.,14:30:00,23,22,1,0,1,0,0,G,0,0
3568,13.12.2020.,14:35:00,23,22,1,0,1,0,0,G,0,0
3569,13.12.2020.,14:40:00,23,22,1,0,1,0,0,G,0,0
3570,13.12.2020.,14:45:00,23,22,1,0,1,0,0,G,0,0
3571,13.12.2020.,14:50:00,23,22,1,0,1,0,0,G,0,0
3572,13.12.2020.,14:55:00,23,22,1,0,1,0,0,G,0,0
3573,13.12.2020.,15:00:00,23,22,1,0,1,0,0,G,0,0
3574,13.12.2020.,15:05:00,23,22,1,0,1,0,0,G,0,0
3575,13.12.2020.,15:10:00,23,22,1,0,1,0,0,G,0,0
3576,13.12.2020.,15:15:00,23,22,1,0,1,0,0,G,0,0
3577,13.12.2020.,15:20:00,23,22,1,0,1,0,0,G,0,0
3578,13.12.2020.,15:25:00,23,22,1,0,1,0,0,G,0,0
3579,13.12.2020.,15:30:00,23,22,1,0,1,0,0,G,0,0
3580,13.12.2020.,15:35:00,23,22,1,0,1,0,0,G,0,0
3581,13.12.2020.,15:40:00,23,22,1,0,1,0,0,G,0,0
3582,13.12.2020.,15:45:00,23,22,1,0,1,0,0,G,0,0
3583,13.12.2020.,15:50:00,23,22,1,0,1,0,0,G,0,0
3584,13.12.2020.,15:55:00,23,22,1,0,1,0,0,G,0,0
3585,13.12.2020.,16:00:00,23,22,1,0,1,0,0,G,0,0
3586,13.12.2020.,16:05:00,23,22,1,1,1,0,0,G,0,0
3587,13.12.2020.,16:10:00,23,22,1,1,1,0,0,G,0,0
3588,13.12.2020.,16:15:00,23,22,1,1,1,0,0,G,0,0
3589,13.12.2020.,16:20:00,23,22,1,1,1,0,0,G,0,0
3590,13.12.2020.,16:25:00,23,22,1,1,1,0,0,G,0,0
3591,13.12.2020.,16:30:00,23,22,1,1,1,0,0,G,0,0
3592,13.12.2020.,16:35:00,23,22,1,1,1,0,0,G,0,0
3593,13.12.2020.,16:40:00,23,22,1,1,1,0,0,G,0,0
3594,13.12.2020.,16:45:00,23,22,1,1,1,0,0,G,0,0
3595,13.12.2020.,16:50:00,23,22,1,1,1,0,0,G,0,0
3596,13.12.2020.,16:55:00,23,22,1,1,1,0,0,G,0,0
3597,13.12.2020.,17:00:00,23,22,1,1,1,0,0,G,0,0
3598,13.12.2020.,17:05:00,23,22,1,1,1,0,0,G,0,0
3599,13.12.2020.,17:10:00,23,22,1,1,1,0,0,G,0,0
3600,13.12.2020.,17:15:00,23,22,1,1,1,0,0,G,0,0
3601,13.12.2020.,17:20:00,23,22,1,1,1,0,0,G,0,0
3602,13.12.2020.,17:25:00,23,22,1,1,1,0,0,G,0,0
3603,13.12.2020.,17:30:00,23,22,1,1,1,0,0,G,0,0
3604,13.12.2020.,17:35:00,23,22,1,1,1,0,0,G,0,0
3605,13.12.2020.,17:40:00,23,22,1,1,1,0,0,G,0,0
3606,13.12.2020.,17:45:00,23,22,1,0,1,0,0,G,0,0
3607,13.12.2020.,17:50:00,23,22,1,0,1,0,0,G,0,0
3608,13.12.2020.,17:55:00,23,22,1,0,1,0,0,G,0,0
3609,13.12.2020.,18:00:00,23,22,1,0,1,0,0,G,0,0
3610,13.12.2020.,18:05:00,23,22,1,0,1,0,0,G,0,0
3611,13.12.2020.,18:10:00,23,22,1,0,1,0,0,G,0,0
3612,13.12.2020.,18:15:00,23,22,1,0,1,0,0,G,0,0
3613,13.12.2020.,18:20:00,23,22,1,0,1,0,0,G,0,0
3614,13.12.2020.,18:25:00,23,22,1,0,1,0,0,G,0,0
3615,13.12.2020.,18:30:00,23,22,1,0,1,0,0,G,0,0
3616,13.12.2020.,18:35:00,23,22,1,0,1,0,0,G,0,0
3617,13.12.2020.,18:40:00,23,22,1,0,1,0,0,G,0,0
3618,13.12.2020.,18:45:00,23,22,1,0,1,0,0,G,0,0
3619,13.12.2020.,18:50:00,23,22,1,0,1,0,0,G,0,0
3620,13.12.2020.,18:55:00,23,22,1,0,1,0,0,G,0,0
3621,13.12.2020.,19:00:00,23,22,1,0,1,0,0,G,0,0
3622,13.12.2020.,19:05:00,23,22,1,1,1,0,0,G,0,0
3623,13.12.2020.,19:10:00,23,22,1,1,1,0,0,G,0,0
3624,13.12.2020.,19:15:00,23,22,1,1,1,0,0,G,0,0
3625,13.12.2020.,19:20:00,23,22,1,1,1,0,0,G,0,0
3626,13.12.2020.,19:25:00,23,22,1,1,1,0,0,G,0,0
3627,13.12.2020.,19:30:00,23,22,1,1,1,0,0,G,0,0
3628,13.12.2020.,19:35:00,23,22,1,1,1,0,0,G,0,0
3629,13.12.2020.,19:40:00,23,22,1,1,1,0,0,G,0,0
3630,13.12.2020.,19:45:00,23,22,1,1,1,0,0,G,0,0
3631,13.12.2020.,19:50:00,23,22,1,1,1,0,0,G,0,0
3632,13.12.2020.,19:55:00,23,22,1,1,1,0,0,G,0,0
3633,13.12.2020.,20:00:00,23,22,1,1,1,0,0,G,0,0
3634,13.12.2020.,20:05:00,23,22,1,1,1,0,0,G,0,0
3635,13.12.2020.,20:10:00,23,22,1,1,1,0,0,G,0,0
3636,13.12.2020.,20:15:00,23,22,1,0,1,0,0,G,0,0
3637,13.12.2020.,20:20:00,23,22,1,0,1,0,0,G,0,0
3638,13.12.2020.,20:25:00,23,22,1,0,1,0,0,G,0,0
3639,13.12.2020.,20:30:00,23,22,1,0,1,0,0,G,0,0
3640,13.12.2020.,20:35:00,23,22,1,0,1,0,0,G,0,0
3641,13.12.2020.,20:40:00,23,22,1,0,1,0,0,G,0,0
3642,13.12.2020.,20:45:00,23,22,1,0,1,0,0,G,0,0
3643,13.12.2020.,20:50:00,23,22,1,0,1,0,0,G,0,0
3644,13.12.2020.,20:55:00,23,22,1,0,1,0,0,G,0,0
3645,13.12.2020.,21:00:00,23,22,1,0,1,0,0,G,0,0
3646,13.12.2020.,21:05:00,23,22,1,0,1,0,0,G,0,0
3647,13.12.2020.,21:10:00,23,22,1,0,1,0,0,G,0,0
3648,13.12.2020.,21:15:00,23,22,1,0,1,0,0,G,0,0
3649,13.12.2020.,21:20:00,23,22,1,0,1,0,0,G,0,0
3650,13.12.2020.,21:25:00,23,22,1,0,1,0,0,G,0,0
3651,13.12.2020.,21:30:00,23,22,1,0,1,0,0,G,0,0
3652,13.12.2020.,21:35:00,23,22,1,0,1,0,0,G,0,0
3653,13.12.2020.,21:40:00,23,22,1,0,1,0,0,G,0,0
3654,13.12.2020.,21:45:00,23,22,1,0,1,0,0,G,0,0
3655,13.12.2020.,21:50:00,23,22,1,0,1,0,0,G,0,0
3656,13.12.2020.,21:55:00,23,22,1,0,1,0,0,G,0,0
3657,13.12.2020.,22:00:00,23,22,1,0,1,0,0,G,0,0
3658,13.12.2020.,22:05:00,23,22,1,0,1,0,0,G,0,0
3659,13.12.2020.,22:10:00,23,22,1,0,1,0,0,G,0,0
3660,13.12.2020.,22:15:00,23,22,1,1,1,0,0,G,0,0
3661,13.12.2020.,22:20:00,23,22,1,1,1,0,0,G,0,0
3662,13.12.2020.,22:25:00,23,22,1,1,1,0,0,G,0,0
3663,13.12.2020.,22:30:00,23,22,1,1,1,0,0,G,0,0
3664,13.12.2020.,22:35:00,23,22,1,1,1,0,0,G,0,0
3665,13.12.2020.,22:40:00,23,22,1,1,1,0,0,G,0,0
3666,13.12.2020.,22:45:00,23,22,1,1,1,0,0,G,0,0
3667,13.12.2020.,22:50:00,23,22,1,1,1,0,0,G,0,0
3668,13.12.2020.,22:55:00,23,22,1,1,1,0,0,G,0,0
3669,13.12.2020.,23:00:00,23,22,1,1,1,0,0,G,0,0
3670,13.12.2020.,23:05:00,23,22,1,1,1,0,0,G,0,0
3671,13.12.2020.,23:10:00,23,22,1,1,1,0,0,G,0,0
3672,13.12.2020.,23:15:00,23,22,1,1,1,0,0,G,0,0
3673,13.12.2020.,23:20:00,23,22,1,1,1,0,0,G,0,0
3674,13.12.2020.,23:25:00,23,22,1,1,1,0,0,G,0,0
3675,13.12.2020.,23:30:00,23,22,1,1,1,0,0,G,0,0
3676,13.12.2020.,23:35:00,23,22,1,1,1,0,0,G,0,0
3677,13.12.2020.,23:40:00,23,22,1,1,1,0,0,G,0,0
3678,13.12.2020.,23:45:00,23,22,1,1,1,0,0,G,0,0
3679,13.12.2020.,23:50:00,23,22,1,0,1,0,0,G,0,0
3680,13.12.2020.,23:55:00,23,22,1,0,1,0,0,G,0,0
3681,14.12.2020.,00:00:00,23,22,1,0,1,0,0,G,0,0
3682,14.12.2020.,00:05:00,23,22,1,0,1,0,0,G,0,0
3683,14.12.2020.,00:10:00,23,22,1,0,1,0,0,G,0,0
3684,14.12.2020.,00:15:00,23,22,1,0,1,0,0,G,0,0
3685,14.12.2020.,00:20:00,23,22,1,0,1,0,0,G,0,0
3686,14.12.2020.,00:25:00,23,22,1,0,1,0,0,G,0,0
3687,14.12.2020.,00:30:00,23,22,1,0,1,0,0,G,0,0
3688,14.12.2020.,00:35:00,23,22,1,0,1,0,0,G,0,0
3689,14.12.2020.,00:40:00,23,22,1,0,1,0,0,G,0,0
3690,14.12.2020.,00:45:00,23,22,1,0,1,0,0,G,0,0
3691,14.12.2020.,00:50:00,23,22,1,0,1,0,0,G,0,0
3692,14.12.2020.,00:55:00,23,22,1,0,1,0,0,G,0,0
3693,14.12.2020.,01:00:00,23,22,1,0,1,0,0,G,0,0
3694,14.12.2020.,01:05:00,23,22,1,0,1,0,0,G,0,0
3695,14.12.2020.,01:10:00,23,22,1,1,1,0,0,G,0,0
3696,14.12.2020.,01:15:00,23,22,1,1,1,0,0,G,0,0
3697,14.12.2020.,01:20:00,23,22,1,1,1,0,0,G,0,0
3698,14.12.2020.,01:25:00,23,22,1,1,1,0,0,G,0,0
3699,14.12.2020.,01:30:00,23,22,1,1,1,0,0,G,0,0
3700,14.12.2020.,01:35:00,23,22,1,1,1,0,0,G,0,0
3701,14.12.2020.,01:40:00,23,22,1,1,1,0,0,G,0,0
3702,14.12.2020.,01:45:00,23,22,1,1,1,0,0,G,0,0
3703,14.12.2020.,01:50:00,23,22,1,1,1,0,0,G,0,0
3704,14.12.2020.,01:55:00,23,22,1,1,1,0,0,G,0,0
3705,14.12.2020.,02:00:00,23,22,1,1,1,0,0,G,0,0
3706,14.12.2020.,02:05:00,23,22,1,1,1,0,0,G,0,0
3707,14.12.2020.,02:10:00,23,22,1,1,1,0,0,G,0,0
3708,14.12.2020.,02:15:00,23,22,1,1,1,0,0,G,0,0
3709,14.12.2020.,02:20:00,23,22,1,1,1,0,0,G,0,0
3710,14.12.2020.,02:25:00,23,22,1,1,1,0,0,G,0,0
3711,14.12.2020.,02:30:00,23,22,1,1,1,0,0,G,0,0
3712,14.12.2020.,02:35:00,23,22,1,1,1,0,0,G,0,0
3713,14.12.2020.,02:40:00,23,22,1,0,1,0,0,G,0,0
3714,14.12.2020.,02:45:00,23,22,1,0,1,0,0,G,0,0
3715,14.12.2020.,02:50:00,23,22,1,0,1,0,0,G,0,0
3716,14.12.2020.,02:55:00,23,22,1,0,1,0,0,G,0,0
3717,14.12.2020.,03:00:00,23,22,1,0,1,0,0,G,0,0
3718,14.12.2020.,03:05:00,23,22,1,0,1,0,0,G,0,0
3719,14.12.2020.,03:10:00,23,22,1,0,1,0,0,G,0,0
3720,14.12.2020.,03:15:00,23,22,1,0,1,0,0,G,0,0
3721,14.12.2020.,03:20:00,23,22,1,0,1,0,0,G,0,0
3722,14.12.2020.,03:25:00,23,22,1,0,1,0,0,G,0,0
3723,14.12.2020.,03:30:00,23,22,1,0,1,0,0,G,0,0
3724,14.12.2020.,03:35:00,23,22,1,0,1,0,0,G,0,0
3725,14.12.2020.,03:40:00,23,22,1,0,1,0,0,G,0,0
3726,14.12.2020.,03:45:00,23,22,1,0,1,0,0,G,0,0
3727,14.12.2020.,03:50:00,23,22,1,0,1,0,0,G,0,0
3728,14.12.2020.,03:55:00,23,22,1,0,1,0,0,G,0,0
3729,14.12.2020.,04:00:00,23,22,1,1,1,0,0,G,0,0
3730,14.12.2020.,04:05:00,23,22,1,1,1,0,0,G,0,0
3731,14.12.2020.,04:10:00,23,22,1,1,1,0,0,G,0,0
3732,14.12.2020.,04:15:00,23,22,1,1,1,0,0,G,0,0
3733,14.12.2020.,04:20:00,23,22,1,1,1,0,0,G,0,0
3734,14.12.2020.,04:25:00,23,22,1,1,1,0,0,G,0,0
3735,14.12.2020.,04:30:00,23,22,1,1,1,0,0,G,0,0
3736,14.12.2020.,04:35:00,23,22,1,1,1,0,0,G,0,0
3737,14.12.2020.,04:40:00,23,22,1,1,1,0,0,G,0,0
3738,14.12.2020.,04:45:00,23,22,1,1,1,0,0,G,0,0
3739,14.12.2020.,04:50:00,23,22,1,1,1,0,0,G,0,0
3740,14.12.2020.,04:55:00,23,22,1,1,1,0,0,G,0,0
3741,14.12.2020.,05:00:00,23,22,1,1,1,0,0,G,0,0
3742,14.12.2020.,05:05:00,23,22,1,1,1,0,0,G,0,0
3743,14.12.2020.,05:10:00,23,22,1,1,1,0,0,G,0,0
3744,14.12.2020.,05:15:00,23,22,1,0,1,0,0,G,0,0
3745,14.12.2020.,05:20:00,23,22,1,0,1,0,0,G,0,0
3746,14.12.2020.,05:25:00,23,22,1,0,1,0,0,G,0,0
3747,14.12.2020.,05:30:00,23,22,1,0,1,0,0,G,0,0
3748,14.12.2020.,05:35:00,23,22,1,0,1,0,0,G,0,0
3749,14.12.2020.,05:40:00,23,22,1,0,1,0,0,G,0,0
3750,14.12.2020.,05:45:00,23,22,1,0,1,0,0,G,0,0
3751,14.12.2020.,05:50:00,23,22,1,0,1,0,0,G,0,0
3752,14.12.2020.,05:55:00,23,22,1,0,1,0,0,G,0,0
3753,14.12.2020.,06:00:00,23,22,1,0,1,0,0,G,0,0
3754,14.12.2020.,06:05:00,23,22,1,0,1,0,0,G,0,0
3755,14.12.2020.,06:10:00,23,22,1,0,1,0,0,G,0,0
3756,14.12.2020.,06:15:00,23,22,1,0,1,0,0,G,0,0
3757,14.12.2020.,06:20:00,23,22,1,0,1,0,0,G,0,0
3758,14.12.2020.,06:25:00,23,22,1,1,1,0,0,G,0,0
3759,14.12.2020.,06:30:00,23,22,1,1,1,0,0,G,0,0
3760,14.12.2020.,06:35:00,23,22,1,1,1,0,0,G,0,0
3761,14.12.2020.,06:40:00,23,22,1,1,1,0,0,G,0,0
3762,14.12.2020.,06:45:00,23,22,1,1,1,0,0,G,0,0
3763,14.12.2020.,06:50:00,23,22,1,1,1,0,0,G,0,0
3764,14.12.2020.,06:55:00,23,22,1,1,1,0,0,G,0,0
3765,14.12.2020.,07:00:00,23,22,1,1,1,0,0,G,0,0
3766,14.12.2020.,07:05:00,23,22,1,1,1,0,0,G,0,0
3767,14.12.2020.,07:10:00,23,22,1,1,1,0,0,G,0,0
3768,14.12.2020.,07:15:00,23,22,1,1,1,0,0,G,0,0
3769,14.12.2020.,07:20:00,23,22,1,1,1,0,0,G,0,0
3770,14.12.2020.,07:25:00,23,22,1,1,1,0,0,G,0,0
3771,14.12.2020.,07:30:00,23,22,1,1,1,0,0,G,0,0
3772,14.12.2020.,07:35:00,23,22,1,1,1,0,0,G,0,0
3773,14.12.2020.,07:40:00,23,22,1,1,1,0,0,G,0,0
3774,14.12.2020.,07:45:00,23,22,1,0,1,0,0,G,0,0
3775,14.12.2020.,07:50:00,23,22,1,0,1,0,0,G,0,0
3776,14.12.2020.,07:55:00,23,22,1,0,1,0,0,G,0,0
3777,14.12.2020.,08:00:00,23,22,1,0,1,0,0,G,0,0
3778,14.12.2020.,08:05:00,23,22,1,0,1,0,0,G,0,0
3779,14.12.2020.,08:10:00,23,22,1,0,1,0,0,G,0,0
3780,14.12.2020.,08:15:00,23,22,1,0,1,0,0,G,0,0
3781,14.12.2020.,08:20:00,23,22,1,0,1,0,0,G,0,0
3782,14.12.2020.,08:25:00,23,22,1,0,1,0,0,G,0,0
3783,14.12.2020.,08:30:00,23,22,1,0,1,0,0,G,0,0
3784,14.12.2020.,08:35:00,23,22,1,0,1,0,0,G,0,0
3785,14.12.2020.,08:40:00,23,22,1,0,1,0,0,G,0,0
3786,14.12.2020.,08:45:00,23,22,1,0,1,0,0,G,0,0
3787,14.12.2020.,08:50:00,23,22,1,0,1,0,0,G,0,0
3788,14.12.2020.,08:55:00,23,22,1,0,1,0,0,G,0,0
3789,14.12.2020.,09:00:00,23,22,1,0,1,0,0,G,0,0
3790,14.12.2020.,09:05:00,23,22,1,0,1,0,0,G,0,0
3791,14.12.2020.,09:10:00,23,22,1,0,1,0,0,G,0,0
3792,14.12.2020.,09:15:00,23,22,1,0,1,0,0,G,0,0
3793,14.12.2020.,09:20:00,23,22,1,0,1,0,0,G,0,0
3794,14.12.2020.,09:25:00,23,22,1,0,1,0,0,G,0,0
3795,14.12.2020.,09:30:00,23,22,1,0,1,0,0,G,0,0
3796,14.12.2020.,09:35:00,23,22,1,0,1,0,0,G,0,0
3797,14.12.2020.,09:40:00,23,22,1,0,1,0,0,G,0,0
3798,14.12.2020.,09:45:00,23,22,1,0,1,0,0,G,0,0
3799,14.12.2020.,09:50:00,23,22,1,0,1,0,0,G,0,0
3800,14.12.2020.,09:55:00,23,22,1,0,1,0,0,G,0,0
3801,14.12.2020.,10:00:00,23,22,1,0,1,0,0,G,0,0
3802,14.12.2020.,10:05:00,23,22,1,0,1,0,0,G,0,0
3803,14.12.2020.,10:10:00,23,22,1,0,1,0,0,G,0,0
3804,14.12.2020.,10:15:00,23,22,1,0,1,0,0,G,0,0
3805,14.12.2020.,10:20:00,23,22,1,0,1,0,0,G,0,0
3806,14.12.2020.,10:25:00,23,22,1,0,1,0,0,G,0,0
3807,14.12.2020.,10:30:00,23,22,1,0,1,0,0,G,0,0
3808,14.12.2020.,10:35:00,23,22,1,0,1,0,0,G,0,0
3809,14.12.2020.,10:40:00,23,22,1,1,1,0,0,G,0,0
3810,14.12.2020.,10:45:00,23,22,1,1,1,0,0,G,0,0
3811,14.12.2020.,10:50:00,23,22,1,1,1,0,0,G,0,0
3812,14.12.2020.,10:55:00,23,22,1,1,1,0,0,G,0,0
3813,14.12.2020.,11:00:00,23,22,1,1,1,0,0,G,0,0
3814,14.12.2020.,11:05:00,23,22,1,1,1,0,0,G,0,0
3815,14.12.2020.,11:10:00,23,22,1,1,1,0,0,G,0,0
3816,14.12.2020.,11:15:00,23,22,1,1,1,0,0,G,0,0
3817,14.12.2020.,11:20:00,23,22,1,1,1,0,0,G,0,0
3818,14.12.2020.,11:25:00,23,22,1,1,1,0,0,G,0,0
3819,14.12.2020.,11:30:00,23,22,1,0,1,0,0,G,0,0
3820,14.12.2020.,11:35:00,23,22,1,0,1,0,0,G,0,0
3821,14.12.2020.,11:40:00,23,22,1,0,1,0,0,G,0,0
3822,14.12.2020.,11:45:00,23,22,1,0,1,0,0,G,0,0
3823,14.12.2020.,11:50:00,23,22,1,0,1,0,0,G,0,0
3824,14.12.2020.,11:55:00,23,22,1,0,1,0,0,G,0,0
3825,14.12.2020.,12:00:00,23,22,1,0,1,0,0,G,0,0
3826,14.12.2020.,12:05:00,23,22,1,0,1,0,0,G,0,0
3827,14.12.2020.,12:10:00,23,22,1,0,1,0,0,G,0,0
3828,14.12.2020.,12:15:00,23,22,1,0,1,0,0,G,0,0
3829,14.12.2020.,12:20:00,23,22,1,0,1,0,0,G,0,0
3830,14.12.2020.,12:25:00,23,22,1,0,1,0,0,G,0,0
3831,14.12.2020.,12:30:00,23,22,1,0,1,0,0,G,0,0
3832,14.12.2020.,12:35:00,23,22,1,0,1,0,0,G,0,0
3833,14.12.2020.,12:40:00,23,22,1,0,1,0,0,G,0,0
3834,14.12.2020.,12:45:00,23,22,1,0,1,0,0,G,0,0
3835,14.12.2020.,12:50:00,23,22,1,0,1,0,0,G,0,0
3836,14.12.2020.,12:55:00,23,22,1,0,1,0,0,G,0,0
3837,14.12.2020.,13:00:00,23,22,1,0,1,0,0,G,0,0
3838,14.12.2020.,13:05:00,23,22,1,0,1,0,0,G,0,0
3839,14.12.2020.,13:10:00,23,22,1,0,1,0,0,G,0,0
3840,14.12.2020.,13:15:00,23,22,1,0,1,0,0,G,0,0
3841,14.12.2020.,13:20:00,23,22,1,0,1,0,0,G,0,0
3842,14.12.2020.,13:25:00,23,22,1,0,1,0,0,G,0,0
3843,14.12.2020.,13:30:00,23,22,1,0,1,0,0,G,0,0
3844,14.12.2020.,13:35:00,23,22,1,0,1,0,0,G,0,0
3845,14.12.2020.,13:40:00,23,22,1,0,1,0,0,G,0,0
3846,14.12.2020.,13:45:00,23,22,1,0,1,0,0,G,0,0
3847,14.12.2020.,13:50:00,23,22,1,0,1,0,0,G,0,0
3848,14.12.2020.,13:55:00,23,22,1,0,1,0,0,G,0,0
3849,14.12.2020.,14:00:00,23,22,1,0,1,0,0,G,0,0
3850,14.12.2020.,14:05:00,23,22,1,0,1,0,0,G,0,0
3851,14.12.2020.,14:10:00,23,22,1,0,1,0,0,G,0,0
3852,14.12.2020.,14:15:00,23,22,1,0,1,0,0,G,0,0
3853,14.12.2020.,14:20:00,23,22,1,0,1,0,0,G,0,0
3854,14.12.2020.,14:25:00,23,22,1,0,1,0,0,G,0,0
3855,14.12.2020.,14:30:00,23,22,1,0,1,0,0,G,0,0
3856,14.12.2020.,14:35:00,23,22,1,0,1,0,0,G,0,0
3857,14.12.2020.,14:40:00,23,22,1,0,1,0,0,G,0,0
3858,14.12.2020.,14:45:00,23,22,1,0,1,0,0,G,0,0
3859,14.12.2020.,14:50:00,23,22,1,0,1,0,0,G,0,0
3860,14.12.2020.,14:55:00,23,22,1,0,1,0,0,G,0,0
3861,14.12.2020.,15:00:00,23,22,1,0,1,0,0,G,0,0
3862,14.12.2020.,15:05:00,23,22,1,0,1,0,0,G,0,0
3863,14.12.2020.,15:10:00,23,22,1,0,1,0,0,G,0,0
3864,14.12.2020.,15:15:00,23,23,1,0,0,0,0,G,0,0
3865,14.12.2020.,15:20:00,23,23,1,0,0,0,0,G,0,0
3866,14.12.2020.,15:25:00,23,23,1,0,0,0,0,G,0,0
3867,14.12.2020.,15:30:00,23,23,1,0,0,0,0,G,0,0
3868,14.12.2020.,15:35:00,23,23,1,0,0,0,0,G,0,0
3869,14.12.2020.,15:40:00,23,23,1,0,0,0,0,G,0,0
3870,14.12.2020.,15:45:00,23,23,1,0,0,0,0,G,0,0
3871,14.12.2020.,15:50:00,23,23,1,0,0,0,0,G,0,0
3872,14.12.2020.,15:55:00,23,23,1,0,0,0,0,G,0,0
3873,14.12.2020.,16:00:00,23,23,1,0,1,0,0,G,0,0
3874,14.12.2020.,16:05:00,23,23,1,0,1,0,0,G,0,0
3875,14.12.2020.,16:10:00,23,23,1,0,1,0,0,G,0,0
3876,14.12.2020.,16:15:00,23,23,1,0,1,0,0,G,0,0
3877,14.12.2020.,16:20:00,23,23,1,0,1,0,0,G,0,0
3878,14.12.2020.,16:25:00,23,23,1,0,1,0,0,G,0,0
3879,14.12.2020.,16:30:00,23,23,1,0,1,0,0,G,0,0
3880,14.12.2020.,16:35:00,23,23,1,0,1,0,0,G,0,0
3881,14.12.2020.,16:40:00,23,23,1,0,1,0,0,G,0,0
3882,14.12.2020.,16:45:00,23,23,1,0,1,0,0,G,0,0
3883,14.12.2020.,16:50:00,23,23,1,0,1,0,0,G,0,0
3884,14.12.2020.,16:55:00,23,23,1,0,1,0,0,G,0,0
3885,14.12.2020.,17:00:00,23,23,1,0,1,0,0,G,0,0
3886,14.12.2020.,17:05:00,23,23,1,0,1,0,0,G,0,0
3887,14.12.2020.,17:10:00,23,23,1,0,1,0,0,G,0,0
3888,14.12.2020.,17:15:00,23,23,1,0,1,0,0,G,0,0
3889,14.12.2020.,17:20:00,23,23,1,0,1,0,0,G,0,0
3890,14.12.2020.,17:25:00,23,23,1,0,1,0,0,G,0,0
3891,14.12.2020.,17:30:00,23,23,1,0,1,0,0,G,0,0
3892,14.12.2020.,17:35:00,23,23,1,0,1,0,0,G,0,0
3893,14.12.2020.,17:40:00,23,23,1,0,1,0,0,G,0,0
3894,14.12.2020.,17:45:00,23,23,1,0,1,0,0,G,0,0
3895,14.12.2020.,17:50:00,23,23,1,0,1,0,0,G,0,0
3896,14.12.2020.,17:55:00,23,23,1,0,1,0,0,G,0,0
3897,14.12.2020.,18:00:00,23,23,1,0,1,0,0,G,0,0
3898,14.12.2020.,18:05:00,23,23,1,0,1,0,0,G,0,0
3899,14.12.2020.,18:10:00,23,23,1,0,1,0,0,G,0,0
3900,14.12.2020.,18:15:00,23,23,1,0,1,0,0,G,0,0
3901,14.12.2020.,18:20:00,23,23,1,0,1,0,0,G,0,0
3902,14.12.2020.,18:25:00,23,23,1,0,1,0,0,G,0,0
3903,14.12.2020.,18:30:00,23,23,1,0,1,0,0,G,0,0
3904,14.12.2020.,18:35:00,23,23,1,0,1,0,0,G,0,0
3905,14.12.2020.,18:40:00,23,23,1,0,1,0,0,G,0,0
3906,14.12.2020.,18:45:00,23,22,1,0,1,0,0,G,0,0
3907,14.12.2020.,18:50:00,23,22,1,0,1,0,0,G,0,0
3908,14.12.2020.,18:55:00,23,22,1,0,1,0,0,G,0,0
3909,14.12.2020.,19:00:00,23,22,1,0,1,0,0,G,0,0
3910,14.12.2020.,19:05:00,23,22,1,0,1,0,0,G,0,0
3911,14.12.2020.,19:10:00,23,22,1,0,1,0,0,G,0,0
3912,14.12.2020.,19:15:00,23,22,1,1,1,0,0,G,0,0
3913,14.12.2020.,19:20:00,23,22,1,1,1,0,0,G,0,0
3914,14.12.2020.,19:25:00,23,22,1,1,1,0,0,G,0,0
3915,14.12.2020.,19:30:00,23,22,1,1,1,0,0,G,0,0
3916,14.12.2020.,19:35:00,23,22,1,1,1,0,0,G,0,0
3917,14.12.2020.,19:40:00,23,22,1,1,1,0,0,G,0,0
3918,14.12.2020.,19:45:00,23,22,1,1,1,0,0,G,0,0
3919,14.12.2020.,19:50:00,23,22,1,1,1,0,0,G,0,0
3920,14.12.2020.,19:55:00,23,22,1,1,1,0,0,G,0,0
3921,14.12.2020.,20:00:00,23,22,1,1,1,0,0,G,0,0
3922,14.12.2020.,20:05:00,23,22,1,1,1,0,0,G,0,0
3923,14.12.2020.,20:10:00,23,22,1,1,1,0,0,G,0,0
3924,14.12.2020.,20:15:00,23,22,1,1,1,0,0,G,0,0
3925,14.12.2020.,20:20:00,23,22,1,1,1,0,0,G,0,0
3926,14.12.2020.,20:25:00,23,22,1,1,1,0,0,G,0,0
3927,14.12.2020.,20:30:00,23,22,1,1,1,0,0,G,0,0
3928,14.12.2020.,20:35:00,23,22,1,1,1,0,0,G,0,0
3929,14.12.2020.,20:40:00,23,22,1,0,1,0,0,G,0,0
3930,14.12.2020.,20:45:00,23,22,1,0,1,0,0,G,0,0
3931,14.12.2020.,20:50:00,23,22,1,0,1,0,0,G,0,0
3932,14.12.2020.,20:55:00,23,22,1,0,1,0,0,G,0,0
3933,14.12.2020.,21:00:00,23,22,1,0,1,0,0,G,0,0
3934,14.12.2020.,21:05:00,23,22,1,0,1,0,0,G,0,0
3935,14.12.2020.,21:10:00,23,22,1,0,1,0,0,G,0,0
3936,14.12.2020.,21:15:00,23,22,1,0,1,0,0,G,0,0
3937,14.12.2020.,21:20:00,23,22,1,0,1,0,0,G,0,0
3938,14.12.2020.,21:25:00,23,22,1,0,1,0,0,G,0,0
3939,14.12.2020.,21:30:00,23,22,1,0,1,0,0,G,0,0
3940,14.12.2020.,21:35:00,23,22,1,0,1,0,0,G,0,0
3941,14.12.2020.,21:40:00,23,22,1,0,1,0,0,G,0,0
3942,14.12.2020.,21:45:00,23,22,1,0,1,0,0,G,0,0
3943,14.12.2020.,21:50:00,23,22,1,0,1,0,0,G,0,0
3944,14.12.2020.,21:55:00,23,22,1,0,1,0,0,G,0,0
3945,14.12.2020.,22:00:00,23,22,1,0,1,0,0,G,0,0
3946,14.12.2020.,22:05:00,23,22,1,0,1,0,0,G,0,0
3947,14.12.2020.,22:10:00,23,22,1,0,1,0,0,G,0,0
3948,14.12.2020.,22:15:00,23,22,1,0,1,0,0,G,0,0
3949,14.12.2020.,22:20:00,23,22,1,0,1,0,0,G,0,0
3950,14.12.2020.,22:25:00,23,22,1,0,1,0,0,G,0,0
3951,14.12.2020.,22:30:00,23,22,1,0,1,0,0,G,0,0
3952,14.12.2020.,22:35:00,23,22,1,0,1,0,0,G,0,0
3953,14.12.2020.,22:40:00,23,22,1,0,1,0,0,G,0,0
3954,14.12.2020.,22:45:00,23,22,1,0,1,0,0,G,0,0
3955,14.12.2020.,22:50:00,23,22,1,0,1,0,0,G,0,0
3956,14.12.2020.,22:55:00,23,22,1,0,1,0,0,G,0,0
3957,14.12.2020.,23:00:00,23,22,1,0,1,0,0,G,0,0
3958,14.12.2020.,23:05:00,23,22,1,0,1,0,0,G,0,0
3959,14.12.2020.,23:10:00,23,22,1,0,1,0,0,G,0,0
3960,14.12.2020.,23:15:00,23,22,1,0,1,0,0,G,0,0
3961,14.12.2020.,23:20:00,23,22,1,0,1,0,0,G,0,0
3962,14.12.2020.,23:25:00,23,22,1,0,1,0,0,G,0,0
3963,14.12.2020.,23:30:00,23,22,1,0,1,0,0,G,0,0
3964,14.12.2020.,23:35:00,23,22,1,0,1,0,0,G,0,0
3965,14.12.2020.,23:40:00,23,22,1,0,1,0,0,G,0,0
3966,14.12.2020.,23:45:00,23,22,1,0,1,0,0,G,0,0
3967,14.12.2020.,23:50:00,23,22,1,1,1,0,0,G,0,0
3968,14.12.2020.,23:55:00,23,22,1,1,1,0,0,G,0,0
3969,15.12.2020.,00:00:00,23,22,1,1,1,0,0,G,0,0
3970,15.12.2020.,00:05:00,23,22,1,1,1,0,0,G,0,0
3971,15.12.2020.,00:10:00,23,22,1,1,1,0,0,G,0,0
3972,15.12.2020.,00:15:00,23,22,1,1,1,0,0,G,0,0
3973,15.12.2020.,00:20:00,23,22,1,1,1,0,0,G,0,0
3974,15.12.2020.,00:25:00,23,22,1,1,1,0,0,G,0,0
3975,15.12.2020.,00:30:00,23,22,1,1,1,0,0,G,0,0
3976,15.12.2020.,00:35:00,23,22,1,1,1,0,0,G,0,0
3977,15.12.2020.,00:40:00,23,22,1,1,1,0,0,G,0,0
3978,15.12.2020.,00:45:00,23,22,1,1,1,0,0,G,0,0
3979,15.12.2020.,00:50:00,23,22,1,1,1,0,0,G,0,0
3980,15.12.2020.,00:55:00,23,22,1,1,1,0,0,G,0,0
3981,15.12.2020.,01:00:00,23,22,1,1,1,0,0,G,0,0
3982,15.12.2020.,01:05:00,23,22,1,1,1,0,0,G,0,0
3983,15.12.2020.,01:10:00,23,22,1,0,1,0,0,G,0,0
3984,15.12.2020.,01:15:00,23,22,1,0,1,0,0,G,0,0
3985,15.12.2020.,01:20:00,23,22,1,0,1,0,0,G,0,0
3986,15.12.2020.,01:25:00,23,22,1,0,1,0,0,G,0,0
3987,15.12.2020.,01:30:00,23,22,1,0,1,0,0,G,0,0
3988,15.12.2020.,01:35:00,23,22,1,0,1,0,0,G,0,0
3989,15.12.2020.,01:40:00,23,22,1,0,1,0,0,G,0,0
3990,15.12.2020.,01:45:00,23,22,1,0,1,0,0,G,0,0
3991,15.12.2020.,01:50:00,23,22,1,0,1,0,0,G,0,0
3992,15.12.2020.,01:55:00,23,22,1,0,1,0,0,G,0,0
3993,15.12.2020.,02:00:00,23,22,1,0,1,0,0,G,0,0
3994,15.12.2020.,02:05:00,23,22,1,0,1,0,0,G,0,0
3995,15.12.2020.,02:10:00,23,22,1,0,1,0,0,G,0,0
3996,15.12.2020.,02:15:00,23,22,1,0,1,0,0,G,0,0
3997,15.12.2020.,02:20:00,23,22,1,0,1,0,0,G,0,0
3998,15.12.2020.,02:25:00,23,22,1,0,1,0,0,G,0,0
3999,15.12.2020.,02:30:00,23,22,1,0,1,0,0,G,0,0
4000,15.12.2020.,02:35:00,23,22,1,0,1,0,0,G,0,0
4001,15.12.2020.,02:40:00,23,22,1,0,1,0,0,G,0,0
4002,15.12.2020.,02:45:00,23,22,1,0,1,0,0,G,0,0
4003,15.12.2020.,02:50:00,23,22,1,1,1,0,0,G,0,0
4004,15.12.2020.,02:55:00,23,22,1,1,1,0,0,G,0,0
4005,15.12.2020.,03:00:00,23,22,1,1,1,0,0,G,0,0
4006,15.12.2020.,03:05:00,23,22,1,1,1,0,0,G,0,0
4007,15.12.2020.,03:10:00,23,22,1,1,1,0,0,G,0,0
4008,15.12.2020.,03:15:00,23,22,1,1,1,0,0,G,0,0
4009,15.12.2020.,03:20:00,23,22,1,1,1,0,0,G,0,0
4010,15.12.2020.,03:25:00,23,22,1,1,1,0,0,G,0,0
4011,15.12.2020.,03:30:00,23,22,1,1,1,0,0,G,0,0
4012,15.12.2020.,03:35:00,23,22,1,1,1,0,0,G,0,0
4013,15.12.2020.,03:40:00,23,22,1,1,1,0,0,G,0,0
4014,15.12.2020.,03:45:00,23,22,1,1,1,0,0,G,0,0
4015,15.12.2020.,03:50:00,23,22,1,1,1,0,0,G,0,0
4016,15.12.2020.,03:55:00,23,22,1,1,1,0,0,G,0,0
4017,15.12.2020.,04:00:00,23,22,1,1,1,0,0,G,0,0
4018,15.12.2020.,04:05:00,23,22,1,0,1,0,0,G,0,0
4019,15.12.2020.,04:10:00,23,22,1,0,1,0,0,G,0,0
4020,15.12.2020.,04:15:00,23,22,1,0,1,0,0,G,0,0
4021,15.12.2020.,04:20:00,23,22,1,0,1,0,0,G,0,0
4022,15.12.2020.,04:25:00,23,22,1,0,1,0,0,G,0,0
4023,15.12.2020.,04:30:00,23,22,1,0,1,0,0,G,0,0
4024,15.12.2020.,04:35:00,23,22,1,0,1,0,0,G,0,0
4025,15.12.2020.,04:40:00,23,22,1,0,1,0,0,G,0,0
4026,15.12.2020.,04:45:00,23,22,1,0,1,0,0,G,0,0
4027,15.12.2020.,04:50:00,23,22,1,0,1,0,0,G,0,0
4028,15.12.2020.,04:55:00,23,22,1,0,1,0,0,G,0,0
4029,15.12.2020.,05:00:00,23,22,1,0,1,0,0,G,0,0
4030,15.12.2020.,05:05:00,23,22,1,0,1,0,0,G,0,0
4031,15.12.2020.,05:10:00,23,22,1,0,1,0,0,G,0,0
4032,15.12.2020.,05:15:00,23,22,1,0,1,0,0,G,0,0
4033,15.12.2020.,05:20:00,23,22,1,0,1,0,0,G,0,0
4034,15.12.2020.,05:25:00,23,22,1,0,1,0,0,G,0,0
4035,15.12.2020.,05:30:00,23,22,1,1,1,0,0,G,0,0
4036,15.12.2020.,05:35:00,23,22,1,1,1,0,0,G,0,0
4037,15.12.2020.,05:40:00,23,22,1,1,1,0,0,G,0,0
4038,15.12.2020.,05:45:00,23,22,1,1,1,0,0,G,0,0
4039,15.12.2020.,05:50:00,23,22,1,1,1,0,0,G,0,0
4040,15.12.2020.,05:55:00,23,22,1,1,1,0,0,G,0,0
4041,15.12.2020.,06:00:00,23,22,1,1,1,0,0,G,0,0
4042,15.12.2020.,06:05:00,23,22,1,1,1,0,0,G,0,0
4043,15.12.2020.,06:10:00,23,22,1,1,1,0,0,G,0,0
4044,15.12.2020.,06:15:00,23,22,1,1,1,0,0,G,0,0
4045,15.12.2020.,06:20:00,23,22,1,1,1,0,0,G,0,0
4046,15.12.2020.,06:25:00,23,22,1,1,1,0,0,G,0,0
4047,15.12.2020.,06:30:00,23,22,1,1,1,0,0,G,0,0
4048,15.12.2020.,06:35:00,23,22,1,1,1,0,0,G,0,0
4049,15.12.2020.,06:40:00,23,22,1,1,1,0,0,G,0,0
4050,15.12.2020.,06:45:00,23,22,1,1,1,0,0,G,0,0
4051,15.12.2020.,06:50:00,23,22,1,1,1,0,0,G,0,0
4052,15.12.2020.,06:55:00,23,22,1,1,1,0,0,G,0,0
4053,15.12.2020.,07:00:00,23,22,1,0,1,0,0,G,0,0
4054,15.12.2020.,07:05:00,23,22,1,0,1,0,0,G,0,0
4055,15.12.2020.,07:10:00,23,22,1,0,1,0,0,G,0,0
4056,15.12.2020.,07:15:00,23,22,1,0,1,0,0,G,0,0
4057,15.12.2020.,07:20:00,23,22,1,0,1,0,0,G,0,0
4058,15.12.2020.,07:25:00,23,22,1,0,1,0,0,G,0,0
4059,15.12.2020.,07:30:00,23,22,1,0,1,0,0,G,0,0
4060,15.12.2020.,07:35:00,23,22,1,0,1,0,0,G,0,0
4061,15.12.2020.,07:40:00,23,22,1,0,1,0,0,G,0,0
4062,15.12.2020.,07:45:00,23,22,1,0,1,0,0,G,0,0
4063,15.12.2020.,07:50:00,23,22,1,0,1,0,0,G,0,0
4064,15.12.2020.,07:55:00,23,22,1,0,1,0,0,G,0,0
4065,15.12.2020.,08:00:00,23,22,1,0,1,0,0,G,0,0
4066,15.12.2020.,08:05:00,23,22,1,0,1,0,0,G,0,0
4067,15.12.2020.,08:10:00,23,22,1,0,1,0,0,G,0,0
4068,15.12.2020.,08:15:00,23,22,1,0,1,0,0,G,0,0
4069,15.12.2020.,08:20:00,23,22,1,0,1,0,0,G,0,0
4070,15.12.2020.,08:25:00,23,22,1,0,1,0,0,G,0,0
4071,15.12.2020.,08:30:00,23,22,1,0,1,0,0,G,0,0
4072,15.12.2020.,08:35:00,23,22,1,0,1,0,0,G,0,0
4073,15.12.2020.,08:40:00,23,22,1,0,1,0,0,G,0,0
4074,15.12.2020.,08:45:00,23,22,1,0,1,0,0,G,0,0
4075,15.12.2020.,08:50:00,23,22,1,0,1,0,0,G,0,0
4076,15.12.2020.,08:55:00,23,22,1,0,1,0,0,G,0,0
4077,15.12.2020.,09:00:00,23,22,1,0,1,0,0,G,0,0
4078,15.12.2020.,09:05:00,23,22,1,0,1,0,0,G,0,0
4079,15.12.2020.,09:10:00,23,22,1,0,1,0,0,G,0,0
4080,15.12.2020.,09:15:00,23,22,1,0,1,0,0,G,0,0
4081,15.12.2020.,09:20:00,23,22,1,0,1,0,0,G,0,0
4082,15.12.2020.,09:25:00,23,22,1,0,1,0,0,G,0,0
4083,15.12.2020.,09:30:00,23,22,1,0,1,0,0,G,0,0
4084,15.12.2020.,09:35:00,23,22,1,0,1,0,0,G,0,0
4085,15.12.2020.,09:40:00,23,22,1,0,1,0,0,G,0,0
4086,15.12.2020.,09:45:00,23,22,1,0,1,0,0,G,0,0
4087,15.12.2020.,09:50:00,23,22,1,0,1,0,0,G,0,0
4088,15.12.2020.,09:55:00,23,22,1,0,1,0,0,G,0,0
4089,15.12.2020.,10:00:00,23,22,1,0,1,0,0,G,0,0
4090,15.12.2020.,10:05:00,23,22,1,0,1,0,0,G,0,0
4091,15.12.2020.,10:10:00,23,22,1,0,1,0,0,G,0,0
4092,15.12.2020.,10:15:00,23,22,1,0,1,0,0,G,0,0
4093,15.12.2020.,10:20:00,23,22,1,0,1,0,0,G,0,0
4094,15.12.2020.,10:25:00,23,22,1,0,1,0,0,G,0,0
4095,15.12.2020.,10:30:00,23,22,1,0,1,0,0,G,0,0
4096,15.12.2020.,10:35:00,23,22,1,0,1,0,0,G,0,0
4097,15.12.2020.,10:40:00,23,22,1,0,1,0,0,G,0,0
4098,15.12.2020.,10:45:00,23,22,1,0,1,0,0,G,0,0
4099,15.12.2020.,10:50:00,23,22,1,0,1,0,0,G,0,0
4100,15.12.2020.,10:55:00,23,22,1,0,1,0,0,G,0,0
4101,15.12.2020.,11:00:00,23,22,1,0,1,0,0,G,0,0
4102,15.12.2020.,11:05:00,23,22,1,1,1,0,0,G,0,0
4103,15.12.2020.,11:10:00,23,22,1,1,1,0,0,G,0,0
4104,15.12.2020.,11:15:00,23,22,1,1,1,0,0,G,0,0
4105,15.12.2020.,11:20:00,23,22,1,1,1,0,0,G,0,0
4106,15.12.2020.,11:25:00,23,22,1,1,1,0,0,G,0,0
4107,15.12.2020.,11:30:00,23,22,1,1,1,0,0,G,0,0
4108,15.12.2020.,11:35:00,23,22,1,1,1,0,0,G,0,0
4109,15.12.2020.,11:40:00,23,22,1,1,1,0,0,G,0,0
4110,15.12.2020.,11:45:00,23,22,1,1,1,0,0,G,0,0
4111,15.12.2020.,11:50:00,23,22,1,1,1,0,0,G,0,0
4112,15.12.2020.,11:55:00,23,22,1,1,1,0,0,G,0,0
4113,15.12.2020.,12:00:00,23,22,1,1,1,0,0,G,0,0
4114,15.12.2020.,12:05:00,23,22,1,1,1,0,0,G,0,0
4115,15.12.2020.,12:10:00,23,22,1,0,1,0,0,G,0,0
4116,15.12.2020.,12:15:00,23,22,1,0,1,0,0,G,0,0
4117,15.12.2020.,12:20:00,23,22,1,0,1,0,0,G,0,0
4118,15.12.2020.,12:25:00,23,22,1,0,1,0,0,G,0,0
4119,15.12.2020.,12:30:00,23,22,1,0,1,0,0,G,0,0
4120,15.12.2020.,12:35:00,23,22,1,0,1,0,0,G,0,0
4121,15.12.2020.,12:40:00,23,22,1,0,1,0,0,G,0,0
4122,15.12.2020.,12:45:00,23,22,1,0,1,0,0,G,0,0
4123,15.12.2020.,12:50:00,23,22,1,0,1,0,0,G,0,0
4124,15.12.2020.,12:55:00,23,22,1,0,1,0,0,G,0,0
4125,15.12.2020.,13:00:00,23,22,1,0,1,0,0,G,0,0
4126,15.12.2020.,13:05:00,23,22,1,0,1,0,0,G,0,0
4127,15.12.2020.,13:10:00,23,22,1,0,1,0,0,G,0,0
4128,15.12.2020.,13:15:00,23,22,1,0,1,0,0,G,0,0
4129,15.12.2020.,13:20:00,23,22,1,0,1,0,0,G,0,0
4130,15.12.2020.,13:25:00,23,22,1,0,1,0,0,G,0,0
4131,15.12.2020.,13:30:00,23,22,1,0,1,0,0,G,0,0
4132,15.12.2020.,13:35:00,23,22,1,0,1,0,0,G,0,0
4133,15.12.2020.,13:40:00,23,22,1,0,1,0,0,G,0,0
4134,15.12.2020.,13:45:00,23,22,1,0,1,0,0,G,0,0
4135,15.12.2020.,13:50:00,23,22,1,0,1,0,0,G,0,0
4136,15.12.2020.,13:55:00,23,22,1,0,1,0,0,G,0,0
4137,15.12.2020.,14:00:00,23,22,1,0,1,0,0,G,0,0
4138,15.12.2020.,14:05:00,23,22,1,0,1,0,0,G,0,0
4139,15.12.2020.,14:10:00,23,22,1,0,1,0,0,G,0,0
4140,15.12.2020.,14:15:00,23,22,1,0,1,0,0,G,0,0
4141,15.12.2020.,14:20:00,23,22,1,0,1,0,0,G,0,0
4142,15.12.2020.,14:25:00,23,22,1,0,1,0,0,G,0,0
4143,15.12.2020.,14:30:00,23,22,1,0,1,0,0,G,0,0
4144,15.12.2020.,14:35:00,23,22,1,0,1,0,0,G,0,0
4145,15.12.2020.,14:40:00,23,22,1,0,1,0,0,G,0,0
4146,15.12.2020.,14:45:00,23,22,1,0,1,0,0,G,0,0
4147,15.12.2020.,14:50:00,23,22,1,0,1,0,0,G,0,0
4148,15.12.2020.,14:55:00,23,22,1,0,1,0,0,G,0,0
4149,15.12.2020.,15:00:00,23,22,1,0,1,0,0,G,0,0
4150,15.12.2020.,15:05:00,23,22,1,0,1,0,0,G,0,0
4151,15.12.2020.,15:10:00,23,22,1,0,1,0,0,G,0,0
4152,15.12.2020.,15:15:00,23,22,1,0,1,0,0,G,0,0
4153,15.12.2020.,15:20:00,23,22,1,0,1,0,0,G,0,0
4154,15.12.2020.,15:25:00,23,22,1,0,1,0,0,G,0,0
4155,15.12.2020.,15:30:00,23,22,1,0,1,0,0,G,0,0
4156,15.12.2020.,15:35:00,23,22,1,0,1,0,0,G,0,0
4157,15.12.2020.,15:40:00,23,22,1,0,1,0,0,G,0,0
4158,15.12.2020.,15:45:00,23,22,1,0,1,0,0,G,0,0
4159,15.12.2020.,15:50:00,23,22,1,0,1,0,0,G,0,0
4160,15.12.2020.,15:55:00,23,22,1,0,1,0,0,G,0,0
4161,15.12.2020.,16:00:00,23,22,1,0,1,0,0,G,0,0
4162,15.12.2020.,16:05:00,23,22,1,0,1,0,0,G,0,0
4163,15.12.2020.,16:10:00,23,22,1,0,1,0,0,G,0,0
4164,15.12.2020.,16:15:00,23,22,1,0,1,0,0,G,0,0
4165,15.12.2020.,16:20:00,23,22,1,0,1,0,0,G,0,0
4166,15.12.2020.,16:25:00,23,22,1,0,1,0,0,G,0,0
4167,15.12.2020.,16:30:00,23,22,1,0,1,0,0,G,0,0
4168,15.12.2020.,16:35:00,23,22,1,0,1,0,0,G,0,0
4169,15.12.2020.,16:40:00,23,22,1,0,1,0,0,G,0,0
4170,15.12.2020.,16:45:00,23,22,1,0,1,0,0,G,0,0
4171,15.12.2020.,16:50:00,23,22,1,0,1,0,0,G,0,0
4172,15.12.2020.,16:55:00,23,22,1,0,1,0,0,G,0,0
4173,15.12.2020.,17:00:00,23,22,1,0,1,0,0,G,0,0
4174,15.12.2020.,17:05:00,23,22,1,0,1,0,0,G,0,0
4175,15.12.2020.,17:10:00,23,22,1,0,1,0,0,G,0,0
4176,15.12.2020.,17:15:00,23,22,1,0,1,0,0,G,0,0
4177,15.12.2020.,17:20:00,23,22,1,0,1,0,0,G,0,0
4178,15.12.2020.,17:25:00,23,22,1,0,1,0,0,G,0,0
4179,15.12.2020.,17:30:00,23,22,1,0,1,0,0,G,0,0
4180,15.12.2020.,17:35:00,23,22,1,0,1,0,0,G,0,0
4181,15.12.2020.,17:40:00,23,22,1,0,1,0,0,G,0,0
4182,15.12.2020.,17:45:00,23,22,1,0,1,0,0,G,0,0
4183,15.12.2020.,17:50:00,23,22,1,0,1,0,0,G,0,0
4184,15.12.2020.,17:55:00,23,22,1,0,1,0,0,G,0,0
4185,15.12.2020.,18:00:00,23,22,1,0,1,0,0,G,0,0
4186,15.12.2020.,18:05:00,23,22,1,0,1,0,0,G,0,0
4187,15.12.2020.,18:10:00,23,22,1,1,1,0,0,G,0,0
4188,15.12.2020.,18:15:00,23,22,1,1,1,0,0,G,0,0
4189,15.12.2020.,18:20:00,23,22,1,1,1,0,0,G,0,0
4190,15.12.2020.,18:25:00,23,22,1,1,1,0,0,G,0,0
4191,15.12.2020.,18:30:00,23,22,1,1,1,0,0,G,0,0
4192,15.12.2020.,18:35:00,23,22,1,1,1,0,0,G,0,0
4193,15.12.2020.,18:40:00,23,22,1,1,1,0,0,G,0,0
4194,15.12.2020.,18:45:00,23,22,1,1,1,0,0,G,0,0
4195,15.12.2020.,18:50:00,23,22,1,1,1,0,0,G,0,0
4196,15.12.2020.,18:55:00,23,22,1,1,1,0,0,G,0,0
4197,15.12.2020.,19:00:00,23,22,1,1,1,0,0,G,0,0
4198,15.12.2020.,19:05:00,23,22,1,1,1,0,0,G,0,0
4199,15.12.2020.,19:10:00,23,22,1,1,1,0,0,G,0,0
4200,15.12.2020.,19:15:00,23,22,1,1,1,0,0,G,0,0
4201,15.12.2020.,19:20:00,23,22,1,1,1,0,0,G,0,0
4202,15.12.2020.,19:25:00,23,22,1,1,1,0,0,G,0,0
4203,15.12.2020.,19:30:00,23,22,1,1,1,0,0,G,0,0
4204,15.12.2020.,19:35:00,23,22,1,0,1,0,0,G,0,0
4205,15.12.2020.,19:40:00,23,22,1,0,1,0,0,G,0,0
4206,15.12.2020.,19:45:00,23,22,1,0,1,0,0,G,0,0
4207,15.12.2020.,19:50:00,23,23,1,0,1,0,0,G,0,0
4208,15.12.2020.,19:55:00,23,23,1,0,1,0,0,G,0,0
4209,15.12.2020.,20:00:00,23,23,1,0,1,0,0,G,0,0
4210,15.12.2020.,20:05:00,23,23,1,0,1,0,0,G,0,0
4211,15.12.2020.,20:10:00,23,23,1,0,1,0,0,G,0,0
4212,15.12.2020.,20:15:00,23,23,1,0,1,0,0,G,0,0
4213,15.12.2020.,20:20:00,23,23,1,0,1,0,0,G,0,0
4214,15.12.2020.,20:25:00,23,23,1,0,1,0,0,G,0,0
4215,15.12.2020.,20:30:00,23,23,1,0,1,0,0,G,0,0
4216,15.12.2020.,20:35:00,23,23,1,0,1,0,0,G,0,0
4217,15.12.2020.,20:40:00,23,23,1,0,1,0,0,G,0,0
4218,15.12.2020.,20:45:00,23,23,1,0,1,0,0,G,0,0
4219,15.12.2020.,20:50:00,23,23,1,0,1,0,0,G,0,0
4220,15.12.2020.,20:55:00,23,23,1,0,1,0,0,G,0,0
4221,15.12.2020.,21:00:00,23,23,1,0,1,0,0,G,0,0
4222,15.12.2020.,21:05:00,23,23,1,0,1,0,0,G,0,0
4223,15.12.2020.,21:10:00,23,23,1,0,1,0,0,G,0,0
4224,15.12.2020.,21:15:00,23,23,1,0,1,0,0,G,0,0
4225,15.12.2020.,21:20:00,23,23,1,0,1,0,0,G,0,0
4226,15.12.2020.,21:25:00,23,23,1,0,1,0,0,G,0,0
4227,15.12.2020.,21:30:00,23,23,1,0,1,0,0,G,0,0
4228,15.12.2020.,21:35:00,23,22,1,0,1,0,0,G,0,0
4229,15.12.2020.,21:40:00,23,22,1,0,1,0,0,G,0,0
4230,15.12.2020.,21:45:00,23,22,1,0,1,0,0,G,0,0
4231,15.12.2020.,21:50:00,23,22,1,0,1,0,0,G,0,0
4232,15.12.2020.,21:55:00,23,22,1,0,1,0,0,G,0,0
4233,15.12.2020.,22:00:00,23,22,1,0,1,0,0,G,0,0
4234,15.12.2020.,22:05:00,23,22,1,0,1,0,0,G,0,0
4235,15.12.2020.,22:10:00,23,22,1,0,1,0,0,G,0,0
4236,15.12.2020.,22:15:00,23,22,1,0,1,0,0,G,0,0
4237,15.12.2020.,22:20:00,23,22,1,0,1,0,0,G,0,0
4238,15.12.2020.,22:25:00,23,22,1,0,1,0,0,G,0,0
4239,15.12.2020.,22:30:00,23,22,1,0,1,0,0,G,0,0
4240,15.12.2020.,22:35:00,23,22,1,0,1,0,0,G,0,0
4241,15.12.2020.,22:40:00,23,22,1,0,1,0,0,G,0,0
4242,15.12.2020.,22:45:00,23,22,1,0,1,0,0,G,0,0
4243,15.12.2020.,22:50:00,23,22,1,1,1,0,0,G,0,0
4244,15.12.2020.,22:55:00,23,22,1,1,1,0,0,G,0,0
4245,15.12.2020.,23:00:00,23,22,1,1,1,0,0,G,0,0
4246,15.12.2020.,23:05:00,23,22,1,1,1,0,0,G,0,0
4247,15.12.2020.,23:10:00,23,22,1,1,1,0,0,G,0,0
4248,15.12.2020.,23:15:00,23,22,1,1,1,0,0,G,0,0
4249,15.12.2020.,23:20:00,23,22,1,1,1,0,0,G,0,0
4250,15.12.2020.,23:25:00,23,22,1,1,1,0,0,G,0,0
4251,15.12.2020.,23:30:00,23,22,1,1,1,0,0,G,0,0
4252,15.12.2020.,23:35:00,23,22,1,1,1,0,0,G,0,0
4253,15.12.2020.,23:40:00,23,22,1,1,1,0,0,G,0,0
4254,15.12.2020.,23:45:00,23,22,1,1,1,0,0,G,0,0
4255,15.12.2020.,23:50:00,23,22,1,1,1,0,0,G,0,0
4256,15.12.2020.,23:55:00,23,22,1,1,1,0,0,G,0,0
4257,16.12.2020.,00:00:00,23,22,1,1,1,0,0,G,0,0
4258,16.12.2020.,00:05:00,23,22,1,1,1,0,0,G,0,0
4259,16.12.2020.,00:10:00,23,22,1,0,1,0,0,G,0,0
4260,16.12.2020.,00:15:00,23,22,1,0,1,0,0,G,0,0
4261,16.12.2020.,00:20:00,23,22,1,0,1,0,0,G,0,0
4262,16.12.2020.,00:25:00,23,22,1,0,1,0,0,G,0,0
4263,16.12.2020.,00:30:00,23,22,1,0,1,0,0,G,0,0
4264,16.12.2020.,00:35:00,23,22,1,0,1,0,0,G,0,0
4265,16.12.2020.,00:40:00,23,22,1,0,1,0,0,G,0,0
4266,16.12.2020.,00:45:00,23,22,1,0,1,0,0,G,0,0
4267,16.12.2020.,00:50:00,23,22,1,0,1,0,0,G,0,0
4268,16.12.2020.,00:55:00,23,22,1,0,1,0,0,G,0,0
4269,16.12.2020.,01:00:00,23,22,1,0,1,0,0,G,0,0
4270,16.12.2020.,01:05:00,23,22,1,0,1,0,0,G,0,0
4271,16.12.2020.,01:10:00,23,22,1,0,1,0,0,G,0,0
4272,16.12.2020.,01:15:00,23,22,1,0,1,0,0,G,0,0
4273,16.12.2020.,01:20:00,23,22,1,0,1,0,0,G,0,0
4274,16.12.2020.,01:25:00,23,22,1,0,1,0,0,G,0,0
4275,16.12.2020.,01:30:00,23,22,1,0,1,0,0,G,0,0
4276,16.12.2020.,01:35:00,23,22,1,0,1,0,0,G,0,0
4277,16.12.2020.,01:40:00,23,22,1,1,1,0,0,G,0,0
4278,16.12.2020.,01:45:00,23,22,1,1,1,0,0,G,0,0
4279,16.12.2020.,01:50:00,23,22,1,1,1,0,0,G,0,0
4280,16.12.2020.,01:55:00,23,22,1,1,1,0,0,G,0,0
4281,16.12.2020.,02:00:00,23,22,1,1,1,0,0,G,0,0
4282,16.12.2020.,02:05:00,23,22,1,1,1,0,0,G,0,0
4283,16.12.2020.,02:10:00,23,22,1,1,1,0,0,G,0,0
4284,16.12.2020.,02:15:00,23,22,1,1,1,0,0,G,0,0
4285,16.12.2020.,02:20:00,23,22,1,1,1,0,0,G,0,0
4286,16.12.2020.,02:25:00,23,22,1,1,1,0,0,G,0,0
4287,16.12.2020.,02:30:00,23,22,1,1,1,0,0,G,0,0
4288,16.12.2020.,02:35:00,23,22,1,1,1,0,0,G,0,0
4289,16.12.2020.,02:40:00,23,22,1,1,1,0,0,G,0,0
4290,16.12.2020.,02:45:00,23,22,1,0,1,0,0,G,0,0
4291,16.12.2020.,02:50:00,23,22,1,0,1,0,0,G,0,0
4292,16.12.2020.,02:55:00,23,22,1,0,1,0,0,G,0,0
4293,16.12.2020.,03:00:00,23,22,1,0,1,0,0,G,0,0
4294,16.12.2020.,03:05:00,23,22,1,0,1,0,0,G,0,0
4295,16.12.2020.,03:10:00,23,22,1,0,1,0,0,G,0,0
4296,16.12.2020.,03:15:00,23,22,1,0,1,0,0,G,0,0
4297,16.12.2020.,03:20:00,23,22,1,0,1,0,0,G,0,0
4298,16.12.2020.,03:25:00,23,22,1,0,1,0,0,G,0,0
4299,16.12.2020.,03:30:00,23,22,1,0,1,0,0,G,0,0
4300,16.12.2020.,03:35:00,23,22,1,0,1,0,0,G,0,0
4301,16.12.2020.,03:40:00,23,22,1,0,1,0,0,G,0,0
4302,16.12.2020.,03:45:00,23,22,1,0,1,0,0,G,0,0
4303,16.12.2020.,03:50:00,23,22,1,0,1,0,0,G,0,0
4304,16.12.2020.,03:55:00,23,22,1,0,1,0,0,G,0,0
4305,16.12.2020.,04:00:00,23,22,1,0,1,0,0,G,0,0
4306,16.12.2020.,04:05:00,23,22,1,0,1,0,0,G,0,0
4307,16.12.2020.,04:10:00,23,22,1,1,1,0,0,G,0,0
4308,16.12.2020.,04:15:00,23,22,1,1,1,0,0,G,0,0
4309,16.12.2020.,04:20:00,23,22,1,1,1,0,0,G,0,0
4310,16.12.2020.,04:25:00,23,22,1,1,1,0,0,G,0,0
4311,16.12.2020.,04:30:00,23,22,1,1,1,0,0,G,0,0
4312,16.12.2020.,04:35:00,23,22,1,1,1,0,0,G,0,0
4313,16.12.2020.,04:40:00,23,22,1,1,1,0,0,G,0,0
4314,16.12.2020.,04:45:00,23,22,1,1,1,0,0,G,0,0
4315,16.12.2020.,04:50:00,23,22,1,1,1,0,0,G,0,0
4316,16.12.2020.,04:55:00,23,22,1,1,1,0,0,G,0,0
4317,16.12.2020.,05:00:00,23,22,1,1,1,0,0,G,0,0
4318,16.12.2020.,05:05:00,23,22,1,1,1,0,0,G,0,0
4319,16.12.2020.,05:10:00,23,22,1,1,1,0,0,G,0,0
4320,16.12.2020.,05:15:00,23,22,1,1,1,0,0,G,0,0
4321,16.12.2020.,05:20:00,23,22,1,1,1,0,0,G,0,0
4322,16.12.2020.,05:25:00,23,22,1,1,1,0,0,G,0,0
4323,16.12.2020.,05:33:00,23,22,1,0,1,0,0,G,0,0
4324,16.12.2020.,05:33:00,23,22,1,0,1,0,0,G,0,0
4325,16.12.2020.,05:35:00,23,22,1,0,1,0,0,G,0,0
4326,16.12.2020.,05:40:00,23,22,1,0,1,0,0,G,0,0
4327,16.12.2020.,05:45:00,23,22,1,0,1,0,0,G,0,0
4328,16.12.2020.,05:50:00,23,22,1,0,1,0,0,G,0,0
4329,16.12.2020.,05:55:00,23,22,1,0,1,0,0,G,0,0
4330,16.12.2020.,06:00:00,23,22,1,0,1,0,0,G,0,0
4331,16.12.2020.,06:05:00,23,22,1,0,1,0,0,G,0,0
4332,16.12.2020.,06:10:00,23,22,1,0,1,0,0,G,0,0
4333,16.12.2020.,06:15:00,23,22,1,0,1,0,0,G,0,0
4334,16.12.2020.,06:20:00,23,22,1,0,1,0,0,G,0,0
4335,16.12.2020.,06:25:00,23,22,1,0,1,0,0,G,0,0
4336,16.12.2020.,06:30:00,23,22,1,0,1,0,0,G,0,0
4337,16.12.2020.,06:35:00,23,22,1,0,1,0,0,G,0,0
4338,16.12.2020.,06:40:00,23,22,1,0,1,0,0,G,0,0
4339,16.12.2020.,06:45:00,23,22,1,0,1,0,0,G,0,0
4340,16.12.2020.,06:50:00,23,22,1,0,1,0,0,G,0,0
4341,16.12.2020.,06:55:00,23,22,1,0,1,0,0,G,0,0
4342,16.12.2020.,07:00:00,23,22,1,0,1,0,0,G,0,0
4343,16.12.2020.,07:05:00,23,22,1,0,1,0,0,G,0,0
4344,16.12.2020.,07:10:00,23,22,1,0,1,0,0,G,0,0
4345,16.12.2020.,07:15:00,23,22,1,0,1,0,0,G,0,0
4346,16.12.2020.,07:20:00,23,22,1,0,1,0,0,G,0,0
4347,16.12.2020.,07:25:00,23,22,1,0,1,0,0,G,0,0
4348,16.12.2020.,07:30:00,23,22,1,0,1,0,0,G,0,0
4349,16.12.2020.,07:35:00,23,22,1,0,1,0,0,G,0,0
4350,16.12.2020.,07:40:00,23,22,1,0,1,0,0,G,0,0
4351,16.12.2020.,07:45:00,23,22,1,0,1,0,0,G,0,0
4352,16.12.2020.,07:50:00,23,22,1,0,1,0,0,G,0,0
4353,16.12.2020.,07:55:00,23,22,1,0,1,0,0,G,0,0
4354,16.12.2020.,08:00:00,23,22,1,0,1,0,0,G,0,0
4355,16.12.2020.,08:05:00,23,22,1,0,1,0,0,G,0,0
4356,16.12.2020.,08:10:00,23,22,1,0,1,0,0,G,0,0
4357,16.12.2020.,08:15:00,23,22,1,0,1,0,0,G,0,0
4358,16.12.2020.,08:20:00,23,22,1,0,1,0,0,G,0,0
4359,16.12.2020.,08:25:00,23,22,1,0,1,0,0,G,0,0
4360,16.12.2020.,08:30:00,23,22,1,0,1,0,0,G,0,0
4361,16.12.2020.,08:35:00,23,22,1,0,1,0,0,G,0,0
4362,16.12.2020.,08:40:00,23,22,1,0,1,0,0,G,0,0
4363,16.12.2020.,08:45:00,23,22,1,0,1,0,0,G,0,0
4364,16.12.2020.,08:50:00,23,22,1,0,1,0,0,G,0,0
4365,16.12.2020.,08:55:00,23,22,1,0,1,0,0,G,0,0
4366,16.12.2020.,09:00:00,23,22,1,0,1,0,0,G,0,0
4367,16.12.2020.,09:05:00,23,22,1,0,1,0,0,G,0,0
4368,16.12.2020.,09:10:00,23,22,1,0,1,0,0,G,0,0
4369,16.12.2020.,09:15:00,23,22,1,0,1,0,0,G,0,0
4370,16.12.2020.,09:20:00,23,22,1,0,1,0,0,G,0,0
4371,16.12.2020.,09:25:00,23,22,1,0,1,0,0,G,0,0
4372,16.12.2020.,09:30:00,23,22,1,0,1,0,0,G,0,0
4373,16.12.2020.,09:35:00,23,22,1,0,1,0,0,G,0,0
4374,16.12.2020.,09:40:00,23,22,1,0,1,0,0,G,0,0
4375,16.12.2020.,09:45:00,23,22,1,0,1,0,0,G,0,0
4376,16.12.2020.,09:50:00,23,22,1,0,1,0,0,G,0,0
4377,16.12.2020.,09:55:00,23,22,1,0,1,0,0,G,0,0
4378,16.12.2020.,10:00:00,23,22,1,0,1,0,0,G,0,0
4379,16.12.2020.,10:05:00,23,22,1,0,1,0,0,G,0,0
4380,16.12.2020.,10:10:00,23,22,1,0,1,0,0,G,0,0
4381,16.12.2020.,10:15:00,23,22,1,0,1,0,0,G,0,0
4382,16.12.2020.,10:20:00,23,22,1,0,1,0,0,G,0,0
4383,16.12.2020.,10:25:00,23,22,1,1,1,0,0,G,0,0
4384,16.12.2020.,10:30:00,23,22,1,1,1,0,0,G,0,0
4385,16.12.2020.,10:35:00,23,22,1,1,1,0,0,G,0,0
4386,16.12.2020.,10:40:00,23,22,1,1,1,0,0,G,0,0
4387,16.12.2020.,10:45:00,23,22,1,1,1,0,0,G,0,0
4388,16.12.2020.,10:50:00,23,22,1,1,1,0,0,G,0,0
4389,16.12.2020.,10:55:00,23,22,1,1,1,0,0,G,0,0
4390,16.12.2020.,11:00:00,23,22,1,1,1,0,0,G,0,0
4391,16.12.2020.,11:05:00,23,22,1,1,1,0,0,G,0,0
4392,16.12.2020.,11:10:00,23,22,1,1,1,0,0,G,0,0
4393,16.12.2020.,11:15:00,23,22,1,1,1,0,0,G,0,0
4394,16.12.2020.,11:20:00,23,22,1,1,1,0,0,G,0,0
4395,16.12.2020.,11:25:00,23,22,1,1,1,0,0,G,0,0
4396,16.12.2020.,11:30:00,23,22,1,0,1,0,0,G,0,0
4397,16.12.2020.,11:35:00,23,22,1,0,1,0,0,G,0,0
4398,16.12.2020.,11:40:00,23,22,1,0,1,0,0,G,0,0
4399,16.12.2020.,11:45:00,23,22,1,0,1,0,0,G,0,0
4400,16.12.2020.,11:50:00,23,22,1,0,1,0,0,G,0,0
4401,16.12.2020.,11:55:00,23,22,1,0,1,0,0,G,0,0
4402,16.12.2020.,12:00:00,23,22,1,0,1,0,0,G,0,0
4403,16.12.2020.,12:05:00,23,22,1,0,1,0,0,G,0,0
4404,16.12.2020.,12:10:00,23,22,1,0,1,0,0,G,0,0
4405,16.12.2020.,12:15:00,23,22,1,0,1,0,0,G,0,0
4406,16.12.2020.,12:20:00,23,22,1,0,1,0,0,G,0,0
4407,16.12.2020.,12:25:00,23,22,1,0,1,0,0,G,0,0
4408,16.12.2020.,12:30:00,23,22,1,0,1,0,0,G,0,0
4409,16.12.2020.,12:35:00,23,22,1,0,1,0,0,G,0,0
4410,16.12.2020.,12:40:00,23,22,1,0,1,0,0,G,0,0
4411,16.12.2020.,12:45:00,23,22,1,0,1,0,0,G,0,0
4412,16.12.2020.,12:50:00,23,22,1,0,1,0,0,G,0,0
4413,16.12.2020.,12:55:00,23,22,1,0,1,0,0,G,0,0
4414,16.12.2020.,13:00:00,23,22,1,0,1,0,0,G,0,0
4415,16.12.2020.,13:05:00,23,22,1,0,1,0,0,G,0,0
4416,16.12.2020.,13:10:00,23,22,1,0,1,0,0,G,0,0
4417,16.12.2020.,13:15:00,23,22,1,0,1,0,0,G,0,0
4418,16.12.2020.,13:20:00,23,23,1,0,1,0,0,G,0,0
4419,16.12.2020.,13:25:00,23,23,1,0,1,0,0,G,0,0
4420,16.12.2020.,13:30:00,23,23,1,0,1,0,0,G,0,0
4421,16.12.2020.,13:35:00,23,23,1,0,1,0,0,G,0,0
4422,16.12.2020.,13:40:00,23,23,1,0,1,0,0,G,0,0
4423,16.12.2020.,13:45:00,23,23,1,0,1,0,0,G,0,0
4424,16.12.2020.,13:50:00,23,23,1,0,1,0,0,G,0,0
4425,16.12.2020.,13:55:00,23,23,1,0,1,0,0,G,0,0
4426,16.12.2020.,14:00:00,23,23,1,0,1,0,0,G,0,0
4427,16.12.2020.,14:05:00,23,23,1,0,1,0,0,G,0,0
4428,16.12.2020.,14:10:00,23,23,1,0,1,0,0,G,0,0
4429,16.12.2020.,14:15:00,23,23,1,0,1,0,0,G,0,0
4430,16.12.2020.,14:20:00,23,23,1,0,1,0,0,G,0,0
4431,16.12.2020.,14:25:00,23,23,1,0,1,0,0,G,0,0
4432,16.12.2020.,14:30:00,23,23,1,0,1,0,0,G,0,0
4433,16.12.2020.,14:35:00,23,23,1,0,1,0,0,G,0,0
4434,16.12.2020.,14:40:00,23,23,1,0,1,0,0,G,0,0
4435,16.12.2020.,14:45:00,23,23,1,0,1,0,0,G,0,0
4436,16.12.2020.,14:50:00,23,23,1,0,1,0,0,G,0,0
4437,16.12.2020.,14:55:00,23,23,1,0,1,0,0,G,0,0
4438,16.12.2020.,15:00:00,23,23,1,0,1,0,0,G,0,0
4439,16.12.2020.,15:05:00,23,23,1,0,1,0,0,G,0,0
4440,16.12.2020.,15:10:00,23,23,1,0,1,0,0,G,0,0
4441,16.12.2020.,15:15:00,23,23,1,0,1,0,0,G,0,0
4442,16.12.2020.,15:20:00,23,23,1,0,1,0,0,G,0,0
4443,16.12.2020.,15:25:00,23,23,1,0,1,0,0,G,0,0
4444,16.12.2020.,15:30:00,23,23,1,0,1,0,0,G,0,0
4445,16.12.2020.,15:35:00,23,23,1,0,1,0,0,G,0,0
4446,16.12.2020.,15:40:00,23,23,1,0,1,0,0,G,0,0
4447,16.12.2020.,15:45:00,23,23,1,0,1,0,0,G,0,0
4448,16.12.2020.,15:50:00,23,23,1,0,1,0,0,G,0,0
4449,16.12.2020.,15:55:00,23,23,1,0,1,0,0,G,0,0
4450,16.12.2020.,16:00:00,23,23,1,0,1,0,0,G,0,0
4451,16.12.2020.,16:05:00,23,23,1,0,1,0,0,G,0,0
4452,16.12.2020.,16:10:00,23,23,1,0,1,0,0,G,0,0
4453,16.12.2020.,16:15:00,23,23,1,0,1,0,0,G,0,0
4454,16.12.2020.,16:20:00,23,23,1,0,1,0,0,G,0,0
4455,16.12.2020.,16:25:00,23,23,1,0,1,0,0,G,0,0
4456,16.12.2020.,16:30:00,23,23,1,0,1,0,0,G,0,0
4457,16.12.2020.,16:35:00,23,23,1,0,1,0,0,G,0,0
4458,16.12.2020.,16:40:00,23,23,1,0,1,0,0,G,0,0
4459,16.12.2020.,16:45:00,23,23,1,0,1,0,0,G,0,0
4460,16.12.2020.,16:50:00,23,23,1,0,1,0,0,G,0,0
4461,16.12.2020.,16:55:00,23,23,1,0,1,0,0,G,0,0
4462,16.12.2020.,17:00:00,23,23,1,0,1,0,0,G,0,0
4463,16.12.2020.,17:05:00,23,23,1,0,1,0,0,G,0,0
4464,16.12.2020.,17:10:00,23,23,1,0,1,0,0,G,0,0
4465,16.12.2020.,17:15:00,23,23,1,0,1,0,0,G,0,0
4466,16.12.2020.,17:20:00,23,23,1,0,1,0,0,G,0,0
4467,16.12.2020.,17:25:00,23,23,1,0,1,0,0,G,0,0
4468,16.12.2020.,17:30:00,23,23,1,0,1,0,0,G,0,0
4469,16.12.2020.,17:35:00,23,23,1,0,1,0,0,G,0,0
4470,16.12.2020.,17:40:00,23,23,1,0,1,0,0,G,0,0
4471,16.12.2020.,17:45:00,23,23,1,0,1,0,0,G,0,0
4472,16.12.2020.,17:50:00,23,23,1,0,1,0,0,G,0,0
4473,16.12.2020.,17:55:00,23,23,1,0,1,0,0,G,0,0
4474,16.12.2020.,18:00:00,23,23,1,0,1,0,0,G,0,0
4475,16.12.2020.,18:05:00,23,23,1,0,1,0,0,G,0,0
4476,16.12.2020.,18:10:00,23,23,1,0,1,0,0,G,0,0
4477,16.12.2020.,18:15:00,23,23,1,0,1,0,0,G,0,0
4478,16.12.2020.,18:20:00,23,23,1,0,1,0,0,G,0,0
4479,16.12.2020.,18:25:00,23,23,1,0,1,0,0,G,0,0
4480,16.12.2020.,18:30:00,23,23,1,0,1,0,0,G,0,0
4481,16.12.2020.,18:35:00,23,23,1,0,1,0,0,G,0,0
4482,16.12.2020.,18:40:00,23,23,1,0,1,0,0,G,0,0
4483,16.12.2020.,18:45:00,23,22,1,0,1,0,0,G,0,0
4484,16.12.2020.,18:50:00,23,22,1,0,1,0,0,G,0,0
4485,16.12.2020.,18:55:00,23,22,1,0,1,0,0,G,0,0
4486,16.12.2020.,19:00:00,23,22,1,0,1,0,0,G,0,0
4487,16.12.2020.,19:05:00,23,22,1,0,1,0,0,G,0,0
4488,16.12.2020.,19:10:00,23,22,1,0,1,0,0,G,0,0
4489,16.12.2020.,19:15:00,23,22,1,1,1,0,0,G,0,0
4490,16.12.2020.,19:20:00,23,22,1,1,1,0,0,G,0,0
4491,16.12.2020.,19:25:00,23,22,1,1,1,0,0,G,0,0
4492,16.12.2020.,19:30:00,23,22,1,1,1,0,0,G,0,0
4493,16.12.2020.,19:35:00,23,22,1,1,1,0,0,G,0,0
4494,16.12.2020.,19:40:00,23,22,1,1,1,0,0,G,0,0
4495,16.12.2020.,19:45:00,23,22,1,1,1,0,0,G,0,0
4496,16.12.2020.,19:50:00,23,22,1,1,1,0,0,G,0,0
4497,16.12.2020.,19:55:00,23,22,1,1,1,0,0,G,0,0
4498,16.12.2020.,20:00:00,23,22,1,1,1,0,0,G,0,0
4499,16.12.2020.,20:05:00,23,22,1,1,1,0,0,G,0,0
4500,16.12.2020.,20:10:00,23,22,1,1,1,0,0,G,0,0
4501,16.12.2020.,20:15:00,23,22,1,1,1,0,0,G,0,0
4502,16.12.2020.,20:20:00,23,22,1,1,1,0,0,G,0,0
4503,16.12.2020.,20:25:00,23,22,1,0,1,0,0,G,0,0
4504,16.12.2020.,20:30:00,23,22,1,0,1,0,0,G,0,0
4505,16.12.2020.,20:35:00,23,22,1,0,1,0,0,G,0,0
4506,16.12.2020.,20:40:00,23,22,1,0,1,0,0,G,0,0
4507,16.12.2020.,20:45:00,23,22,1,0,1,0,0,G,0,0
4508,16.12.2020.,20:50:00,23,22,1,0,1,0,0,G,0,0
4509,16.12.2020.,20:55:00,23,22,1,0,1,0,0,G,0,0
4510,16.12.2020.,21:00:00,23,22,1,0,1,0,0,G,0,0
4511,16.12.2020.,21:05:00,23,22,1,0,1,0,0,G,0,0
4512,16.12.2020.,21:10:00,23,22,1,0,1,0,0,G,0,0
4513,16.12.2020.,21:15:00,23,22,1,0,1,0,0,G,0,0
4514,16.12.2020.,21:20:00,23,22,1,0,1,0,0,G,0,0
4515,16.12.2020.,21:25:00,23,22,1,0,1,0,0,G,0,0
4516,16.12.2020.,21:30:00,23,22,1,0,1,0,0,G,0,0
4517,16.12.2020.,21:35:00,23,22,1,0,1,0,0,G,0,0
4518,16.12.2020.,21:40:00,23,22,1,0,1,0,0,G,0,0
4519,16.12.2020.,21:45:00,23,22,1,0,1,0,0,G,0,0
4520,16.12.2020.,21:50:00,23,22,1,0,1,0,0,G,0,0
4521,16.12.2020.,21:55:00,23,22,1,0,1,0,0,G,0,0
4522,16.12.2020.,22:00:00,23,22,1,0,1,0,0,G,0,0
4523,16.12.2020.,22:05:00,23,22,1,0,1,0,0,G,0,0
4524,16.12.2020.,22:10:00,23,22,1,0,1,0,0,G,0,0
4525,16.12.2020.,22:15:00,23,22,1,0,1,0,0,G,0,0
4526,16.12.2020.,22:20:00,23,22,1,0,1,0,0,G,0,0
4527,16.12.2020.,22:25:00,23,22,1,0,1,0,0,G,0,0
4528,16.12.2020.,22:30:00,23,22,1,0,1,0,0,G,0,0
4529,16.12.2020.,22:35:00,23,22,1,0,1,0,0,G,0,0
4530,16.12.2020.,22:40:00,23,22,1,0,1,0,0,G,0,0
4531,16.12.2020.,22:45:00,23,22,1,0,1,0,0,G,0,0
4532,16.12.2020.,22:50:00,23,22,1,0,1,0,0,G,0,0
4533,16.12.2020.,22:55:00,23,22,1,0,1,0,0,G,0,0
4534,16.12.2020.,23:00:00,23,22,1,0,1,0,0,G,0,0
4535,16.12.2020.,23:05:00,23,22,1,0,1,0,0,G,0,0
4536,16.12.2020.,23:10:00,23,22,1,0,1,0,0,G,0,0
4537,16.12.2020.,23:15:00,23,22,1,0,1,0,0,G,0,0
4538,16.12.2020.,23:20:00,23,22,1,0,1,0,0,G,0,0
4539,16.12.2020.,23:25:00,23,22,1,0,1,0,0,G,0,0
4540,16.12.2020.,23:30:00,23,22,1,1,1,0,0,G,0,0
4541,16.12.2020.,23:35:00,23,22,1,1,1,0,0,G,0,0
4542,16.12.2020.,23:40:00,23,22,1,1,1,0,0,G,0,0
4543,16.12.2020.,23:45:00,23,22,1,1,1,0,0,G,0,0
4544,16.12.2020.,23:50:00,23,22,1,1,1,0,0,G,0,0
4545,16.12.2020.,23:55:00,23,22,1,1,1,0,0,G,0,0
4546,17.12.2020.,00:00:00,23,22,1,1,1,0,0,G,0,0
4547,17.12.2020.,00:05:00,23,22,1,1,1,0,0,G,0,0
4548,17.12.2020.,00:10:00,23,22,1,1,1,0,0,G,0,0
4549,17.12.2020.,00:15:00,23,22,1,1,1,0,0,G,0,0
4550,17.12.2020.,00:20:00,23,22,1,1,1,0,0,G,0,0
4551,17.12.2020.,00:25:00,23,22,1,1,1,0,0,G,0,0
4552,17.12.2020.,00:30:00,23,22,1,1,1,0,0,G,0,0
4553,17.12.2020.,00:35:00,23,22,1,1,1,0,0,G,0,0
4554,17.12.2020.,00:40:00,23,22,1,1,1,0,0,G,0,0
4555,17.12.2020.,00:45:00,23,22,1,0,1,0,0,G,0,0
4556,17.12.2020.,00:50:00,23,22,1,0,1,0,0,G,0,0
4557,17.12.2020.,00:55:00,23,22,1,0,1,0,0,G,0,0
4558,17.12.2020.,01:00:00,23,22,1,0,1,0,0,G,0,0
4559,17.12.2020.,01:05:00,23,22,1,0,1,0,0,G,0,0
4560,17.12.2020.,01:10:00,23,22,1,0,1,0,0,G,0,0
4561,17.12.2020.,01:15:00,23,22,1,0,1,0,0,G,0,0
4562,17.12.2020.,01:20:00,23,22,1,0,1,0,0,G,0,0
4563,17.12.2020.,01:25:00,23,22,1,0,1,0,0,G,0,0
4564,17.12.2020.,01:30:00,23,22,1,0,1,0,0,G,0,0
4565,17.12.2020.,01:35:00,23,22,1,0,1,0,0,G,0,0
4566,17.12.2020.,01:40:00,23,22,1,0,1,0,0,G,0,0
4567,17.12.2020.,01:45:00,23,22,1,0,1,0,0,G,0,0
4568,17.12.2020.,01:50:00,23,22,1,0,1,0,0,G,0,0
4569,17.12.2020.,01:55:00,23,22,1,0,1,0,0,G,0,0
4570,17.12.2020.,02:00:00,23,22,1,0,1,0,0,G,0,0
4571,17.12.2020.,02:05:00,23,22,1,0,1,0,0,G,0,0
4572,17.12.2020.,02:10:00,23,22,1,0,1,0,0,G,0,0
4573,17.12.2020.,02:15:00,23,22,1,0,1,0,0,G,0,0
4574,17.12.2020.,02:20:00,23,22,1,1,1,0,0,G,0,0
4575,17.12.2020.,02:25:00,23,22,1,1,1,0,0,G,0,0
4576,17.12.2020.,02:30:00,23,22,1,1,1,0,0,G,0,0
4577,17.12.2020.,02:35:00,23,22,1,1,1,0,0,G,0,0
4578,17.12.2020.,02:40:00,23,22,1,1,1,0,0,G,0,0
4579,17.12.2020.,02:45:00,23,22,1,1,1,0,0,G,0,0
4580,17.12.2020.,02:50:00,23,22,1,1,1,0,0,G,0,0
4581,17.12.2020.,02:55:00,23,22,1,1,1,0,0,G,0,0
4582,17.12.2020.,03:00:00,23,22,1,1,1,0,0,G,0,0
4583,17.12.2020.,03:05:00,23,22,1,1,1,0,0,G,0,0
4584,17.12.2020.,03:10:00,23,22,1,1,1,0,0,G,0,0
4585,17.12.2020.,03:15:00,23,22,1,1,1,0,0,G,0,0
4586,17.12.2020.,03:20:00,23,22,1,1,1,0,0,G,0,0
4587,17.12.2020.,03:25:00,23,22,1,0,1,0,0,G,0,0
4588,17.12.2020.,03:30:00,23,22,1,0,1,0,0,G,0,0
4589,17.12.2020.,03:35:00,23,22,1,0,1,0,0,G,0,0
4590,17.12.2020.,03:40:00,23,22,1,0,1,0,0,G,0,0
4591,17.12.2020.,03:45:00,23,22,1,0,1,0,0,G,0,0
4592,17.12.2020.,03:50:00,23,22,1,0,1,0,0,G,0,0
4593,17.12.2020.,03:55:00,23,22,1,0,1,0,0,G,0,0
4594,17.12.2020.,04:00:00,23,22,1,0,1,0,0,G,0,0
4595,17.12.2020.,04:05:00,23,22,1,0,1,0,0,G,0,0
4596,17.12.2020.,04:10:00,23,22,1,0,1,0,0,G,0,0
4597,17.12.2020.,04:15:00,23,22,1,0,1,0,0,G,0,0
4598,17.12.2020.,04:20:00,23,22,1,0,1,0,0,G,0,0
4599,17.12.2020.,04:25:00,23,22,1,0,1,0,0,G,0,0
4600,17.12.2020.,04:30:00,23,22,1,0,1,0,0,G,0,0
4601,17.12.2020.,04:35:00,23,22,1,0,1,0,0,G,0,0
4602,17.12.2020.,04:40:00,23,22,1,1,1,0,0,G,0,0
4603,17.12.2020.,04:45:00,23,22,1,1,1,0,0,G,0,0
4604,17.12.2020.,04:50:00,23,22,1,1,1,0,0,G,0,0
4605,17.12.2020.,04:55:00,23,22,1,1,1,0,0,G,0,0
4606,17.12.2020.,05:00:00,23,22,1,1,1,0,0,G,0,0
4607,17.12.2020.,05:05:00,23,22,1,1,1,0,0,G,0,0
4608,17.12.2020.,05:10:00,23,22,1,1,1,0,0,G,0,0
4609,17.12.2020.,05:15:00,23,22,1,1,1,0,0,G,0,0
4610,17.12.2020.,05:20:00,23,22,1,1,1,0,0,G,0,0
4611,17.12.2020.,05:25:00,23,22,1,1,1,0,0,G,0,0
4612,17.12.2020.,05:30:00,23,22,1,1,1,0,0,G,0,0
4613,17.12.2020.,05:35:00,23,22,1,1,1,0,0,G,0,0
4614,17.12.2020.,05:40:00,23,22,1,1,1,0,0,G,0,0
4615,17.12.2020.,05:45:00,23,22,1,1,1,0,0,G,0,0
4616,17.12.2020.,05:50:00,23,22,1,1,1,0,0,G,0,0
4617,17.12.2020.,05:55:00,23,22,1,1,1,0,0,G,0,0
4618,17.12.2020.,06:00:00,23,22,1,1,1,0,0,G,0,0
4619,17.12.2020.,06:05:00,23,22,1,0,1,0,0,G,0,0
4620,17.12.2020.,06:10:00,23,22,1,0,1,0,0,G,0,0
4621,17.12.2020.,06:15:00,23,22,1,0,1,0,0,G,0,0
4622,17.12.2020.,06:20:00,23,22,1,0,1,0,0,G,0,0
4623,17.12.2020.,06:25:00,23,22,1,0,1,0,0,G,0,0
4624,17.12.2020.,06:30:00,23,22,1,0,1,0,0,G,0,0
4625,17.12.2020.,06:35:00,23,22,1,0,1,0,0,G,0,0
4626,17.12.2020.,06:40:00,23,22,1,0,1,0,0,G,0,0
4627,17.12.2020.,06:45:00,23,22,1,0,1,0,0,G,0,0
4628,17.12.2020.,06:50:00,23,22,1,0,1,0,0,G,0,0
4629,17.12.2020.,06:55:00,23,22,1,0,1,0,0,G,0,0
4630,17.12.2020.,07:00:00,23,22,1,0,1,0,0,G,0,0
4631,17.12.2020.,07:05:00,23,22,1,0,1,0,0,G,0,0
4632,17.12.2020.,07:10:00,23,22,1,0,1,0,0,G,0,0
4633,17.12.2020.,07:15:00,23,22,1,0,1,0,0,G,0,0
4634,17.12.2020.,07:20:00,23,22,1,0,1,0,0,G,0,0
4635,17.12.2020.,07:25:00,23,22,1,0,1,0,0,G,0,0
4636,17.12.2020.,07:30:00,23,22,1,0,1,0,0,G,0,0
4637,17.12.2020.,07:35:00,23,22,1,0,1,0,0,G,0,0
4638,17.12.2020.,07:40:00,23,22,1,0,1,0,0,G,0,0
4639,17.12.2020.,07:45:00,23,22,1,0,1,0,0,G,0,0
4640,17.12.2020.,07:50:00,23,22,1,0,1,0,0,G,0,0
4641,17.12.2020.,07:55:00,23,22,1,0,1,0,0,G,0,0
4642,17.12.2020.,08:00:00,23,22,1,0,1,0,0,G,0,0
4643,17.12.2020.,08:05:00,23,22,1,0,1,0,0,G,0,0
4644,17.12.2020.,08:10:00,23,22,1,0,1,0,0,G,0,0
4645,17.12.2020.,08:15:00,23,22,1,0,1,0,0,G,0,0
4646,17.12.2020.,08:20:00,23,22,1,0,1,0,0,G,0,0
4647,17.12.2020.,08:25:00,23,22,1,0,1,0,0,G,0,0
4648,17.12.2020.,08:30:00,23,22,1,0,1,0,0,G,0,0
4649,17.12.2020.,08:35:00,23,22,1,0,1,0,0,G,0,0
4650,17.12.2020.,08:40:00,23,22,1,0,1,0,0,G,0,0
4651,17.12.2020.,08:45:00,23,22,1,0,1,0,0,G,0,0
4652,17.12.2020.,08:50:00,23,22,1,0,1,0,0,G,0,0
4653,17.12.2020.,08:55:00,23,22,1,0,1,0,0,G,0,0
4654,17.12.2020.,09:00:00,23,22,1,0,1,0,0,G,0,0
4655,17.12.2020.,09:05:00,23,22,1,0,1,0,0,G,0,0
4656,17.12.2020.,09:10:00,23,22,1,0,1,0,0,G,0,0
4657,17.12.2020.,09:15:00,23,22,1,0,1,0,0,G,0,0
4658,17.12.2020.,09:20:00,23,22,1,0,1,0,0,G,0,0
4659,17.12.2020.,09:25:00,23,22,1,0,1,0,0,G,0,0
4660,17.12.2020.,09:30:00,23,22,1,0,1,0,0,G,0,0
4661,17.12.2020.,09:35:00,23,22,1,0,1,0,0,G,0,0
4662,17.12.2020.,09:40:00,23,22,1,0,1,0,0,G,0,0
4663,17.12.2020.,09:45:00,23,22,1,0,1,0,0,G,0,0
4664,17.12.2020.,09:50:00,23,22,1,0,1,0,0,G,0,0
4665,17.12.2020.,09:55:00,23,22,1,0,1,0,0,G,0,0
4666,17.12.2020.,10:00:00,23,22,1,0,1,0,0,G,0,0
4667,17.12.2020.,10:05:00,23,22,1,0,1,0,0,G,0,0
4668,17.12.2020.,10:10:00,23,22,1,0,1,0,0,G,0,0
4669,17.12.2020.,10:15:00,23,22,1,1,1,0,0,G,0,0
4670,17.12.2020.,10:20:00,23,22,1,1,1,0,0,G,0,0
4671,17.12.2020.,10:25:00,23,22,1,1,1,0,0,G,0,0
4672,17.12.2020.,10:30:00,23,22,1,1,1,0,0,G,0,0
4673,17.12.2020.,10:35:00,23,22,1,1,1,0,0,G,0,0
4674,17.12.2020.,10:40:00,23,22,1,1,1,0,0,G,0,0
4675,17.12.2020.,10:45:00,23,22,1,1,1,0,0,G,0,0
4676,17.12.2020.,10:50:00,23,22,1,1,1,0,0,G,0,0
4677,17.12.2020.,10:55:00,23,22,1,1,1,0,0,G,0,0
4678,17.12.2020.,11:00:00,23,22,1,1,1,0,0,G,0,0
4679,17.12.2020.,11:05:00,23,22,1,1,1,0,0,G,0,0
4680,17.12.2020.,11:10:00,23,22,1,1,1,0,0,G,0,0
4681,17.12.2020.,11:15:00,23,22,1,1,1,0,0,G,0,0
4682,17.12.2020.,11:20:00,23,22,1,1,1,0,0,G,0,0
4683,17.12.2020.,11:25:00,23,22,1,0,1,0,0,G,0,0
4684,17.12.2020.,11:30:00,23,22,1,0,1,0,0,G,0,0
4685,17.12.2020.,11:35:00,23,22,1,0,1,0,0,G,0,0
4686,17.12.2020.,11:40:00,23,22,1,0,1,0,0,G,0,0
4687,17.12.2020.,11:45:00,23,22,1,0,1,0,0,G,0,0
4688,17.12.2020.,11:50:00,23,22,1,0,1,0,0,G,0,0
4689,17.12.2020.,11:55:00,23,22,1,0,1,0,0,G,0,0
4690,17.12.2020.,12:00:00,23,22,1,0,1,0,0,G,0,0
4691,17.12.2020.,12:05:00,23,22,1,0,1,0,0,G,0,0
4692,17.12.2020.,12:10:00,23,22,1,0,1,0,0,G,0,0
4693,17.12.2020.,12:15:00,23,22,1,0,1,0,0,G,0,0
4694,17.12.2020.,12:20:00,23,22,1,0,1,0,0,G,0,0
4695,17.12.2020.,12:25:00,23,22,1,0,1,0,0,G,0,0
4696,17.12.2020.,12:30:00,23,22,1,0,1,0,0,G,0,0
4697,17.12.2020.,12:35:00,23,22,1,0,1,0,0,G,0,0
4698,17.12.2020.,12:40:00,23,22,1,0,1,0,0,G,0,0
4699,17.12.2020.,12:45:00,23,22,1,0,1,0,0,G,0,0
4700,17.12.2020.,12:50:00,23,22,1,0,1,0,0,G,0,0
4701,17.12.2020.,12:55:00,23,22,1,0,1,0,0,G,0,0
4702,17.12.2020.,13:00:00,23,22,1,0,1,0,0,G,0,0
4703,17.12.2020.,13:05:00,23,22,1,0,1,0,0,G,0,0
4704,17.12.2020.,13:10:00,23,22,1,0,1,0,0,G,0,0
4705,17.12.2020.,13:15:00,23,22,1,0,1,0,0,G,0,0
4706,17.12.2020.,13:20:00,23,22,1,0,1,0,0,G,0,0
4707,17.12.2020.,13:25:00,23,22,1,0,1,0,0,G,0,0
4708,17.12.2020.,13:30:00,23,22,1,0,1,0,0,G,0,0
4709,17.12.2020.,13:35:00,23,22,1,0,1,0,0,G,0,0
4710,17.12.2020.,13:40:00,23,22,1,0,1,0,0,G,0,0
4711,17.12.2020.,13:45:00,23,22,1,0,1,0,0,G,0,0
4712,17.12.2020.,13:50:00,23,22,1,0,1,0,0,G,0,0
4713,17.12.2020.,13:55:00,23,22,1,0,1,0,0,G,0,0
4714,17.12.2020.,14:00:00,23,22,1,0,1,0,0,G,0,0
4715,17.12.2020.,14:05:00,23,22,1,0,1,0,0,G,0,0
4716,17.12.2020.,14:10:00,23,22,1,0,1,0,0,G,0,0
4717,17.12.2020.,14:15:00,23,22,1,0,1,0,0,G,0,0
4718,17.12.2020.,14:20:00,23,22,1,0,1,0,0,G,0,0
4719,17.12.2020.,14:25:00,23,22,1,0,1,0,0,G,0,0
4720,17.12.2020.,14:30:00,23,22,1,0,1,0,0,G,0,0
4721,17.12.2020.,14:35:00,23,22,1,0,1,0,0,G,0,0
4722,17.12.2020.,14:40:00,23,22,1,0,1,0,0,G,0,0
4723,17.12.2020.,14:45:00,23,22,1,0,1,0,0,G,0,0
4724,17.12.2020.,14:50:00,23,22,1,0,1,0,0,G,0,0
4725,17.12.2020.,14:55:00,23,22,1,0,1,0,0,G,0,0
4726,17.12.2020.,15:00:00,23,22,1,0,1,0,0,G,0,0
4727,17.12.2020.,15:05:00,23,22,1,0,1,0,0,G,0,0
4728,17.12.2020.,15:10:00,23,22,1,0,1,0,0,G,0,0
4729,17.12.2020.,15:15:00,23,22,1,0,1,0,0,G,0,0
4730,17.12.2020.,15:20:00,23,22,1,0,1,0,0,G,0,0
4731,17.12.2020.,15:25:00,23,22,1,0,1,0,0,G,0,0
4732,17.12.2020.,15:30:00,23,22,1,0,1,0,0,G,0,0
4733,17.12.2020.,15:35:00,23,22,1,0,1,0,0,G,0,0
4734,17.12.2020.,15:40:00,23,22,1,0,1,0,0,G,0,0
4735,17.12.2020.,15:45:00,23,22,1,0,1,0,0,G,0,0
4736,17.12.2020.,15:50:00,23,22,1,0,1,0,0,G,0,0
4737,17.12.2020.,15:55:00,23,22,1,0,1,0,0,G,0,0
4738,17.12.2020.,16:00:00,23,22,1,0,1,0,0,G,0,0
4739,17.12.2020.,16:05:00,23,22,1,0,1,0,0,G,0,0
4740,17.12.2020.,16:10:00,23,22,1,0,1,0,0,G,0,0
4741,17.12.2020.,16:15:00,23,22,1,0,1,0,0,G,0,0
4742,17.12.2020.,16:20:00,23,22,1,0,1,0,0,G,0,0
4743,17.12.2020.,16:25:00,23,22,1,0,1,0,0,G,0,0
4744,17.12.2020.,16:30:00,23,22,1,0,1,0,0,G,0,0
4745,17.12.2020.,16:35:00,23,22,1,0,1,0,0,G,0,0
4746,17.12.2020.,16:40:00,23,22,1,0,1,0,0,G,0,0
4747,17.12.2020.,16:45:00,23,22,1,0,1,0,0,G,0,0
4748,17.12.2020.,16:50:00,23,22,1,0,1,0,0,G,0,0
4749,17.12.2020.,16:55:00,23,22,1,0,1,0,0,G,0,0
4750,17.12.2020.,17:00:00,23,22,1,0,1,0,0,G,0,0
4751,17.12.2020.,17:05:00,23,22,1,0,1,0,0,G,0,0
4752,17.12.2020.,17:10:00,23,22,1,0,1,0,0,G,0,0
4753,17.12.2020.,17:15:00,23,22,1,0,1,0,0,G,0,0
4754,17.12.2020.,17:20:00,23,22,1,0,1,0,0,G,0,0
4755,17.12.2020.,17:25:00,23,22,1,0,1,0,0,G,0,0
4756,17.12.2020.,17:30:00,23,22,1,0,1,0,0,G,0,0
4757,17.12.2020.,17:35:00,23,22,1,0,1,0,0,G,0,0
4758,17.12.2020.,17:40:00,23,22,1,0,1,0,0,G,0,0
4759,17.12.2020.,17:45:00,23,22,1,0,1,0,0,G,0,0
4760,17.12.2020.,17:50:00,23,22,1,0,1,0,0,G,0,0
4761,17.12.2020.,17:55:00,23,22,1,0,1,0,0,G,0,0
4762,17.12.2020.,18:00:00,23,22,1,0,1,0,0,G,0,0
4763,17.12.2020.,18:05:00,23,22,1,0,1,0,0,G,0,0
4764,17.12.2020.,18:10:00,23,22,1,0,1,0,0,G,0,0
4765,17.12.2020.,18:15:00,23,22,1,0,1,0,0,G,0,0
4766,17.12.2020.,18:20:00,23,22,1,0,1,0,0,G,0,0
4767,17.12.2020.,18:25:00,23,22,1,0,1,0,0,G,0,0
4768,17.12.2020.,18:30:00,23,22,1,0,1,0,0,G,0,0
4769,17.12.2020.,18:35:00,23,22,1,0,1,0,0,G,0,0
4770,17.12.2020.,18:40:00,23,22,1,0,1,0,0,G,0,0
4771,17.12.2020.,18:45:00,23,22,1,0,1,0,0,G,0,0
4772,17.12.2020.,18:50:00,23,22,1,1,1,0,0,G,0,0
4773,17.12.2020.,18:55:00,23,22,1,1,1,0,0,G,0,0
4774,17.12.2020.,19:00:00,23,22,1,1,1,0,0,G,0,0
4775,17.12.2020.,19:05:00,23,22,1,1,1,0,0,G,0,0
4776,17.12.2020.,19:10:00,23,22,1,1,1,0,0,G,0,0
4777,17.12.2020.,19:15:00,23,22,1,1,1,0,0,G,0,0
4778,17.12.2020.,19:20:00,23,22,1,1,1,0,0,G,0,0
4779,17.12.2020.,19:25:00,23,22,1,1,1,0,0,G,0,0
4780,17.12.2020.,19:30:00,23,22,1,1,1,0,0,G,0,0
4781,17.12.2020.,19:35:00,23,22,1,1,1,0,0,G,0,0
4782,17.12.2020.,19:40:00,23,22,1,1,1,0,0,G,0,0
4783,17.12.2020.,19:45:00,23,22,1,1,1,0,0,G,0,0
4784,17.12.2020.,19:50:00,23,22,1,1,1,0,0,G,0,0
4785,17.12.2020.,19:55:00,23,22,1,1,1,0,0,G,0,0
4786,17.12.2020.,20:00:00,23,22,1,1,1,0,0,G,0,0
4787,17.12.2020.,20:05:00,23,22,1,0,1,0,0,G,0,0
4788,17.12.2020.,20:10:00,23,22,1,0,1,0,0,G,0,0
4789,17.12.2020.,20:15:00,23,22,1,0,1,0,0,G,0,0
4790,17.12.2020.,20:20:00,23,22,1,0,1,0,0,G,0,0
4791,17.12.2020.,20:25:00,23,22,1,0,1,0,0,G,0,0
4792,17.12.2020.,20:30:00,23,22,1,0,1,0,0,G,0,0
4793,17.12.2020.,20:35:00,23,22,1,0,1,0,0,G,0,0
4794,17.12.2020.,20:40:00,23,22,1,0,1,0,0,G,0,0
4795,17.12.2020.,20:45:00,23,22,1,0,1,0,0,G,0,0
4796,17.12.2020.,20:50:00,23,22,1,0,1,0,0,G,0,0
4797,17.12.2020.,20:55:00,23,22,1,0,1,0,0,G,0,0
4798,17.12.2020.,21:00:00,23,22,1,0,1,0,0,G,0,0
4799,17.12.2020.,21:05:00,23,22,1,0,1,0,0,G,0,0
4800,17.12.2020.,21:10:00,23,22,1,0,1,0,0,G,0,0
4801,17.12.2020.,21:15:00,23,22,1,0,1,0,0,G,0,0
4802,17.12.2020.,21:20:00,23,22,1,0,1,0,0,G,0,0
4803,17.12.2020.,21:25:00,23,22,1,0,1,0,0,G,0,0
4804,17.12.2020.,21:30:00,23,22,1,0,1,0,0,G,0,0
4805,17.12.2020.,21:35:00,23,22,1,0,1,0,0,G,0,0
4806,17.12.2020.,21:40:00,23,22,1,0,1,0,0,G,0,0
4807,17.12.2020.,21:45:00,23,22,1,0,1,0,0,G,0,0
4808,17.12.2020.,21:50:00,23,22,1,0,1,0,0,G,0,0
4809,17.12.2020.,21:55:00,23,22,1,0,1,0,0,G,0,0
4810,17.12.2020.,22:00:00,23,22,1,0,1,0,0,G,0,0
4811,17.12.2020.,22:05:00,23,22,1,0,1,0,0,G,0,0
4812,17.12.2020.,22:10:00,23,22,1,0,1,0,0,G,0,0
4813,17.12.2020.,22:15:00,23,22,1,0,1,0,0,G,0,0
4814,17.12.2020.,22:20:00,23,22,1,0,1,0,0,G,0,0
4815,17.12.2020.,22:25:00,23,22,1,0,1,0,0,G,0,0
4816,17.12.2020.,22:30:00,23,22,1,0,1,0,0,G,0,0
4817,17.12.2020.,22:35:00,23,22,1,0,1,0,0,G,0,0
4818,17.12.2020.,22:40:00,23,22,1,0,1,0,0,G,0,0
4819,17.12.2020.,22:45:00,23,22,1,0,1,0,0,G,0,0
4820,17.12.2020.,22:50:00,23,22,1,0,1,0,0,G,0,0
4821,17.12.2020.,22:55:00,23,22,1,0,1,0,0,G,0,0
4822,17.12.2020.,23:00:00,23,22,1,0,1,0,0,G,0,0
4823,17.12.2020.,23:05:00,23,22,1,0,1,0,0,G,0,0
4824,17.12.2020.,23:10:00,23,22,1,0,1,0,0,G,0,0
4825,17.12.2020.,23:15:00,23,22,1,0,1,0,0,G,0,0
4826,17.12.2020.,23:20:00,23,22,1,0,1,0,0,G,0,0
4827,17.12.2020.,23:25:00,23,22,1,0,1,0,0,G,0,0
4828,17.12.2020.,23:30:00,23,22,1,0,1,0,0,G,0,0
4829,17.12.2020.,23:35:00,23,22,1,0,1,0,0,G,0,0
4830,17.12.2020.,23:40:00,23,22,1,0,1,0,0,G,0,0
4831,17.12.2020.,23:45:00,23,22,1,1,1,0,0,G,0,0
4832,17.12.2020.,23:50:00,23,22,1,1,1,0,0,G,0,0
4833,17.12.2020.,23:55:00,23,22,1,1,1,0,0,G,0,0
4834,18.12.2020.,00:00:00,23,22,1,1,1,0,0,G,0,0
4835,18.12.2020.,00:05:00,23,22,1,1,1,0,0,G,0,0
4836,18.12.2020.,00:10:00,23,22,1,1,1,0,0,G,0,0
4837,18.12.2020.,00:15:00,23,22,1,1,1,0,0,G,0,0
4838,18.12.2020.,00:20:00,23,22,1,1,1,0,0,G,0,0
4839,18.12.2020.,00:25:00,23,22,1,1,1,0,0,G,0,0
4840,18.12.2020.,00:30:00,23,22,1,1,1,0,0,G,0,0
4841,18.12.2020.,00:35:00,23,22,1,1,1,0,0,G,0,0
4842,18.12.2020.,00:40:00,23,22,1,1,1,0,0,G,0,0
4843,18.12.2020.,00:45:00,23,22,1,1,1,0,0,G,0,0
4844,18.12.2020.,00:50:00,23,22,1,0,1,0,0,G,0,0
4845,18.12.2020.,00:55:00,23,22,1,0,1,0,0,G,0,0
4846,18.12.2020.,01:00:00,23,22,1,0,1,0,0,G,0,0
4847,18.12.2020.,01:05:00,23,22,1,0,1,0,0,G,0,0
4848,18.12.2020.,01:10:00,23,22,1,0,1,0,0,G,0,0
4849,18.12.2020.,01:15:00,23,22,1,0,1,0,0,G,0,0
4850,18.12.2020.,01:20:00,23,22,1,0,1,0,0,G,0,0
4851,18.12.2020.,01:25:00,23,22,1,0,1,0,0,G,0,0
4852,18.12.2020.,01:30:00,23,22,1,0,1,0,0,G,0,0
4853,18.12.2020.,01:35:00,23,22,1,0,1,0,0,G,0,0
4854,18.12.2020.,01:40:00,23,22,1,0,1,0,0,G,0,0
4855,18.12.2020.,01:45:00,23,22,1,0,1,0,0,G,0,0
4856,18.12.2020.,01:50:00,23,22,1,0,1,0,0,G,0,0
4857,18.12.2020.,01:55:00,23,22,1,0,1,0,0,G,0,0
4858,18.12.2020.,02:00:00,23,22,1,0,1,0,0,G,0,0
4859,18.12.2020.,02:05:00,23,22,1,0,1,0,0,G,0,0
4860,18.12.2020.,02:10:00,23,22,1,0,1,0,0,G,0,0
4861,18.12.2020.,02:15:00,23,22,1,0,1,0,0,G,0,0
4862,18.12.2020.,02:20:00,23,22,1,0,1,0,0,G,0,0
4863,18.12.2020.,02:25:00,23,22,1,1,1,0,0,G,0,0
4864,18.12.2020.,02:30:00,23,22,1,1,1,0,0,G,0,0
4865,18.12.2020.,02:35:00,23,22,1,1,1,0,0,G,0,0
4866,18.12.2020.,02:40:00,23,22,1,1,1,0,0,G,0,0
4867,18.12.2020.,02:45:00,23,22,1,1,1,0,0,G,0,0
4868,18.12.2020.,02:50:00,23,22,1,1,1,0,0,G,0,0
4869,18.12.2020.,02:55:00,23,22,1,1,1,0,0,G,0,0
4870,18.12.2020.,03:00:00,23,22,1,1,1,0,0,G,0,0
4871,18.12.2020.,03:05:00,23,22,1,1,1,0,0,G,0,0
4872,18.12.2020.,03:10:00,23,22,1,1,1,0,0,G,0,0
4873,18.12.2020.,03:15:00,23,22,1,1,1,0,0,G,0,0
4874,18.12.2020.,03:20:00,23,22,1,1,1,0,0,G,0,0
4875,18.12.2020.,03:25:00,23,22,1,0,1,0,0,G,0,0
4876,18.12.2020.,03:30:00,23,22,1,0,1,0,0,G,0,0
4877,18.12.2020.,03:35:00,23,22,1,0,1,0,0,G,0,0
4878,18.12.2020.,03:40:00,23,22,1,0,1,0,0,G,0,0
4879,18.12.2020.,03:45:00,23,22,1,0,1,0,0,G,0,0
4880,18.12.2020.,03:50:00,23,22,1,0,1,0,0,G,0,0
4881,18.12.2020.,03:55:00,23,22,1,0,1,0,0,G,0,0
4882,18.12.2020.,04:00:00,23,22,1,0,1,0,0,G,0,0
4883,18.12.2020.,04:05:00,23,22,1,0,1,0,0,G,0,0
4884,18.12.2020.,04:10:00,23,22,1,0,1,0,0,G,0,0
4885,18.12.2020.,04:15:00,23,22,1,0,1,0,0,G,0,0
4886,18.12.2020.,04:20:00,23,22,1,0,1,0,0,G,0,0
4887,18.12.2020.,04:25:00,23,22,1,0,1,0,0,G,0,0
4888,18.12.2020.,04:30:00,23,22,1,0,1,0,0,G,0,0
4889,18.12.2020.,04:35:00,23,22,1,0,1,0,0,G,0,0
4890,18.12.2020.,04:40:00,23,22,1,0,1,0,0,G,0,0
4891,18.12.2020.,04:45:00,23,22,1,0,1,0,0,G,0,0
4892,18.12.2020.,04:50:00,23,22,1,1,1,0,0,G,0,0
4893,18.12.2020.,04:55:00,23,22,1,1,1,0,0,G,0,0
4894,18.12.2020.,05:00:00,23,22,1,1,1,0,0,G,0,0
4895,18.12.2020.,05:05:00,23,22,1,1,1,0,0,G,0,0
4896,18.12.2020.,05:10:00,23,22,1,1,1,0,0,G,0,0
4897,18.12.2020.,05:15:00,23,22,1,1,1,0,0,G,0,0
4898,18.12.2020.,05:20:00,23,22,1,1,1,0,0,G,0,0
4899,18.12.2020.,05:25:00,23,22,1,1,1,0,0,G,0,0
4900,18.12.2020.,05:30:00,23,22,1,1,1,0,0,G,0,0
4901,18.12.2020.,05:35:00,23,22,1,1,1,0,0,G,0,0
4902,18.12.2020.,05:40:00,23,22,1,1,1,0,0,G,0,0
4903,18.12.2020.,05:45:00,23,22,1,1,1,0,0,G,0,0
4904,18.12.2020.,05:50:00,23,22,1,1,1,0,0,G,0,0
4905,18.12.2020.,05:55:00,23,22,1,0,1,0,0,G,0,0
4906,18.12.2020.,06:00:00,23,22,1,0,1,0,0,G,0,0
4907,18.12.2020.,06:05:00,23,22,1,0,1,0,0,G,0,0
4908,18.12.2020.,06:10:00,23,22,1,0,1,0,0,G,0,0
4909,18.12.2020.,06:15:00,23,22,1,0,1,0,0,G,0,0
4910,18.12.2020.,06:20:00,23,22,1,0,1,0,0,G,0,0
4911,18.12.2020.,06:25:00,23,22,1,0,1,0,0,G,0,0
4912,18.12.2020.,06:30:00,23,22,1,0,1,0,0,G,0,0
4913,18.12.2020.,06:35:00,23,22,1,0,1,0,0,G,0,0
4914,18.12.2020.,06:40:00,23,22,1,0,1,0,0,G,0,0
4915,18.12.2020.,06:45:00,23,22,1,0,1,0,0,G,0,0
4916,18.12.2020.,06:50:00,23,22,1,0,1,0,0,G,0,0
4917,18.12.2020.,06:55:00,23,22,1,0,1,0,0,G,0,0
4918,18.12.2020.,07:00:00,23,22,1,0,1,0,0,G,0,0
4919,18.12.2020.,07:05:00,23,22,1,0,1,0,0,G,0,0
4920,18.12.2020.,07:10:00,23,22,1,0,1,0,0,G,0,0
4921,18.12.2020.,07:15:00,23,22,1,0,1,0,0,G,0,0
4922,18.12.2020.,07:20:00,23,22,1,0,1,0,0,G,0,0
4923,18.12.2020.,07:25:00,23,22,1,0,1,0,0,G,0,0
4924,18.12.2020.,07:30:00,23,22,1,0,1,0,0,G,0,0
4925,18.12.2020.,07:35:00,23,22,1,0,1,0,0,G,0,0
4926,18.12.2020.,07:40:00,23,22,1,0,1,0,0,G,0,0
4927,18.12.2020.,07:45:00,23,22,1,0,1,0,0,G,0,0
4928,18.12.2020.,07:50:00,23,22,1,0,1,0,0,G,0,0
4929,18.12.2020.,07:55:00,23,22,1,0,1,0,0,G,0,0
4930,18.12.2020.,08:00:00,23,22,1,0,1,0,0,G,0,0
4931,18.12.2020.,08:05:00,23,22,1,0,1,0,0,G,0,0
4932,18.12.2020.,08:10:00,23,22,1,0,1,0,0,G,0,0
4933,18.12.2020.,08:15:00,23,22,1,0,1,0,0,G,0,0
4934,18.12.2020.,08:20:00,23,22,1,0,1,0,0,G,0,0
4935,18.12.2020.,08:25:00,23,22,1,0,1,0,0,G,0,0
4936,18.12.2020.,08:30:00,23,22,1,0,1,0,0,G,0,0
4937,18.12.2020.,08:35:00,23,22,1,0,1,0,0,G,0,0
4938,18.12.2020.,08:40:00,23,22,1,0,1,0,0,G,0,0
4939,18.12.2020.,08:45:00,23,22,1,0,1,0,0,G,0,0
4940,18.12.2020.,08:50:00,23,22,1,0,1,0,0,G,0,0
4941,18.12.2020.,08:55:00,23,22,1,0,1,0,0,G,0,0
4942,18.12.2020.,09:00:00,23,22,1,0,1,0,0,G,0,0
4943,18.12.2020.,09:05:00,23,22,1,0,1,0,0,G,0,0
4944,18.12.2020.,09:10:00,23,22,1,0,1,0,0,G,0,0
4945,18.12.2020.,09:15:00,23,22,1,0,1,0,0,G,0,0
4946,18.12.2020.,09:20:00,23,22,1,0,1,0,0,G,0,0
4947,18.12.2020.,09:25:00,23,22,1,0,1,0,0,G,0,0
4948,18.12.2020.,09:30:00,23,22,1,0,1,0,0,G,0,0
4949,18.12.2020.,09:35:00,23,22,1,0,1,0,0,G,0,0
4950,18.12.2020.,09:40:00,23,22,1,0,1,0,0,G,0,0
4951,18.12.2020.,09:45:00,23,22,1,0,1,0,0,G,0,0
4952,18.12.2020.,09:50:00,23,22,1,0,1,0,0,G,0,0
4953,18.12.2020.,09:55:00,23,22,1,0,1,0,0,G,0,0
4954,18.12.2020.,10:00:00,23,22,1,0,1,0,0,G,0,0
4955,18.12.2020.,10:05:00,23,22,1,0,1,0,0,G,0,0
4956,18.12.2020.,10:10:00,23,22,1,0,1,0,0,G,0,0
4957,18.12.2020.,10:15:00,23,22,1,0,1,0,0,G,0,0
4958,18.12.2020.,10:20:00,23,22,1,0,1,0,0,G,0,0
4959,18.12.2020.,10:25:00,23,22,1,0,1,0,0,G,0,0
4960,18.12.2020.,10:30:00,23,22,1,0,1,0,0,G,0,0
4961,18.12.2020.,10:35:00,23,22,1,1,1,0,0,G,0,0
4962,18.12.2020.,10:40:00,23,22,1,1,1,0,0,G,0,0
4963,18.12.2020.,10:45:00,23,22,1,1,1,0,0,G,0,0
4964,18.12.2020.,10:50:00,23,22,1,1,1,0,0,G,0,0
4965,18.12.2020.,10:55:00,23,22,1,1,1,0,0,G,0,0
4966,18.12.2020.,11:00:00,23,22,1,1,1,0,0,G,0,0
4967,18.12.2020.,11:05:00,23,22,1,1,1,0,0,G,0,0
4968,18.12.2020.,11:10:00,23,22,1,1,1,0,0,G,0,0
4969,18.12.2020.,11:15:00,23,22,1,1,1,0,0,G,0,0
4970,18.12.2020.,11:20:00,23,22,1,1,1,0,0,G,0,0
4971,18.12.2020.,11:25:00,23,22,1,1,1,0,0,G,0,0
4972,18.12.2020.,11:30:00,23,22,1,1,1,0,0,G,0,0
4973,18.12.2020.,11:35:00,23,22,1,1,1,0,0,G,0,0
4974,18.12.2020.,11:40:00,23,22,1,1,1,0,0,G,0,0
4975,18.12.2020.,11:45:00,23,22,1,1,1,0,0,G,0,0
4976,18.12.2020.,11:50:00,23,22,1,1,1,0,0,G,0,0
4977,18.12.2020.,11:55:00,23,22,1,1,1,0,0,G,0,0
4978,18.12.2020.,12:00:00,23,22,1,1,1,0,0,G,0,0
4979,18.12.2020.,12:05:00,23,22,1,1,1,0,0,G,0,0
4980,18.12.2020.,12:10:00,23,22,1,1,1,0,0,G,0,0
4981,18.12.2020.,12:15:00,23,22,1,1,1,0,0,G,0,0
4982,18.12.2020.,12:20:00,23,22,1,1,1,0,0,G,0,0
4983,18.12.2020.,12:25:00,23,22,1,1,1,0,0,G,0,0
4984,18.12.2020.,12:30:00,23,22,1,1,1,0,0,G,0,0
4985,18.12.2020.,12:35:00,23,22,1,1,1,0,0,G,0,0
4986,18.12.2020.,12:40:00,23,22,1,1,1,0,0,G,0,0
4987,18.12.2020.,12:45:00,23,22,1,1,1,0,0,G,0,0
4988,18.12.2020.,12:50:00,23,22,1,1,1,0,0,G,0,0
4989,18.12.2020.,12:55:00,23,22,1,1,1,0,0,G,0,0
4990,18.12.2020.,13:00:00,23,22,1,1,1,0,0,G,0,0
4991,18.12.2020.,13:05:00,23,22,1,1,1,0,0,G,0,0
4992,18.12.2020.,13:10:00,23,22,1,1,1,0,0,G,0,0
4993,18.12.2020.,13:15:00,23,22,1,1,1,0,0,G,0,0
4994,18.12.2020.,13:20:00,23,22,1,1,1,0,0,G,0,0
4995,18.12.2020.,13:25:00,23,22,1,1,1,0,0,G,0,0
4996,18.12.2020.,13:30:00,23,22,1,1,1,0,0,G,0,0
4997,18.12.2020.,13:35:00,23,22,1,1,1,0,0,G,0,0
4998,18.12.2020.,13:40:00,23,22,1,1,1,0,0,G,0,0
4999,18.12.2020.,13:45:00,23,22,1,1,1,0,0,G,0,0
5000,18.12.2020.,13:50:00,23,22,1,1,1,0,0,G,0,0
5001,18.12.2020.,13:55:00,23,22,1,1,1,0,0,G,0,0
5002,18.12.2020.,14:00:00,23,22,1,1,1,0,0,G,0,0
5003,18.12.2020.,14:05:00,23,22,1,1,1,0,0,G,0,0
5004,18.12.2020.,14:10:00,23,22,1,1,1,0,0,G,0,0
5005,18.12.2020.,14:15:00,23,22,1,1,1,0,0,G,0,0
5006,18.12.2020.,14:20:00,23,22,1,1,1,0,0,G,0,0
5007,18.12.2020.,14:25:00,23,22,1,1,1,0,0,G,0,0
5008,18.12.2020.,14:30:00,23,22,1,1,1,0,0,G,0,0
5009,18.12.2020.,14:35:00,23,22,1,1,1,0,0,G,0,0
5010,18.12.2020.,14:40:00,23,22,1,1,1,0,0,G,0,0
5011,18.12.2020.,14:45:00,23,22,1,1,1,0,0,G,0,0
5012,18.12.2020.,14:50:00,23,22,1,1,1,0,0,G,0,0
5013,18.12.2020.,14:55:00,23,22,1,1,1,0,0,G,0,0
5014,18.12.2020.,15:00:00,23,22,1,1,1,0,0,G,0,0
5015,18.12.2020.,15:05:00,23,22,1,1,1,0,0,G,0,0
5016,18.12.2020.,15:10:00,23,22,1,1,1,0,0,G,0,0
5017,18.12.2020.,15:15:00,23,22,1,1,1,0,0,G,0,0
5018,18.12.2020.,15:20:00,23,22,1,1,1,0,0,G,0,0
5019,18.12.2020.,15:25:00,23,22,1,1,1,0,0,G,0,0
5020,18.12.2020.,15:30:00,23,22,1,1,1,0,0,G,0,0
5021,18.12.2020.,15:35:00,23,22,1,1,1,0,0,G,0,0
5022,18.12.2020.,15:40:00,23,22,1,1,1,0,0,G,0,0
5023,18.12.2020.,15:45:00,23,22,1,1,1,0,0,G,0,0
5024,18.12.2020.,15:50:00,23,22,1,1,1,0,0,G,0,0
5025,18.12.2020.,15:55:00,23,22,1,1,1,0,0,G,0,0
5026,18.12.2020.,16:00:00,23,22,1,1,1,0,0,G,0,0
5027,18.12.2020.,16:05:00,23,22,1,1,1,0,0,G,0,0
5028,18.12.2020.,16:10:00,23,22,1,1,1,0,0,G,0,0
5029,18.12.2020.,16:15:00,23,22,1,1,1,0,0,G,0,0
5030,18.12.2020.,16:20:00,23,22,1,1,1,0,0,G,0,0
5031,18.12.2020.,16:25:00,23,22,1,1,1,0,0,G,0,0
5032,18.12.2020.,16:30:00,23,22,1,1,1,0,0,G,0,0
5033,18.12.2020.,16:35:00,23,22,1,1,1,0,0,G,0,0
5034,18.12.2020.,16:40:00,23,22,1,1,1,0,0,G,0,0
5035,18.12.2020.,16:45:00,23,22,1,1,1,0,0,G,0,0
5036,18.12.2020.,16:50:00,23,22,1,1,1,0,0,G,0,0
5037,18.12.2020.,16:55:00,23,22,1,1,1,0,0,G,0,0
5038,18.12.2020.,17:00:00,23,22,1,1,1,0,0,G,0,0
5039,18.12.2020.,17:05:00,23,22,1,1,1,0,0,G,0,0
5040,18.12.2020.,17:10:00,23,22,1,1,1,0,0,G,0,0
5041,18.12.2020.,17:15:00,23,22,1,1,1,0,0,G,0,0
5042,18.12.2020.,17:20:00,23,22,1,1,1,0,0,G,0,0
5043,18.12.2020.,17:25:00,23,22,1,1,1,0,0,G,0,0
5044,18.12.2020.,17:30:00,23,22,1,1,1,0,0,G,0,0
5045,18.12.2020.,17:35:00,23,22,1,1,1,0,0,G,0,0
5046,18.12.2020.,17:40:00,23,22,1,1,1,0,0,G,0,0
5047,18.12.2020.,17:45:00,23,22,1,1,1,0,0,G,0,0
5048,18.12.2020.,17:50:00,23,22,1,1,1,0,0,G,0,0
5049,18.12.2020.,17:55:00,23,22,1,1,1,0,0,G,0,0
5050,18.12.2020.,18:00:00,23,22,1,1,1,0,0,G,0,0
5051,18.12.2020.,18:05:00,23,22,1,1,1,0,0,G,0,0
5052,18.12.2020.,18:10:00,23,22,1,1,1,0,0,G,0,0
5053,18.12.2020.,18:15:00,23,22,1,1,1,0,0,G,0,0
5054,18.12.2020.,18:20:00,23,22,1,1,1,0,0,G,0,0
5055,18.12.2020.,18:25:00,23,22,1,1,1,0,0,G,0,0
5056,18.12.2020.,18:30:00,23,22,1,1,1,0,0,G,0,0
5057,18.12.2020.,18:35:00,23,22,1,1,1,0,0,G,0,0
5058,18.12.2020.,18:40:00,23,22,1,1,1,0,0,G,0,0
5059,18.12.2020.,18:45:00,23,22,1,1,1,0,0,G,0,0
5060,18.12.2020.,18:50:00,23,22,1,1,1,0,0,G,0,0
5061,18.12.2020.,18:55:00,23,22,1,1,1,0,0,G,0,0
5062,18.12.2020.,19:00:00,23,22,1,1,1,0,0,G,0,0
5063,18.12.2020.,19:05:00,23,22,1,1,1,0,0,G,0,0
5064,18.12.2020.,19:10:00,23,22,1,1,1,0,0,G,0,0
5065,18.12.2020.,19:15:00,23,22,1,1,1,0,0,G,0,0
5066,18.12.2020.,19:20:00,23,22,1,1,1,0,0,G,0,0
5067,18.12.2020.,19:25:00,23,22,1,1,1,0,0,G,0,0
5068,18.12.2020.,19:30:00,23,22,1,1,1,0,0,G,0,0
5069,18.12.2020.,19:35:00,23,22,1,1,1,0,0,G,0,0
5070,18.12.2020.,19:40:00,23,22,1,1,1,0,0,G,0,0
5071,18.12.2020.,19:45:00,23,22,1,1,1,0,0,G,0,0
5072,18.12.2020.,19:50:00,23,22,1,1,1,0,0,G,0,0
5073,18.12.2020.,19:55:00,23,22,1,1,1,0,0,G,0,0
5074,18.12.2020.,20:00:00,23,22,1,1,1,0,0,G,0,0
5075,18.12.2020.,20:05:00,23,22,1,1,1,0,0,G,0,0
5076,18.12.2020.,20:10:00,23,22,1,1,1,0,0,G,0,0
5077,18.12.2020.,20:15:00,23,22,1,1,1,0,0,G,0,0
5078,18.12.2020.,20:20:00,23,22,1,1,1,0,0,G,0,0
5079,18.12.2020.,20:25:00,23,22,1,1,1,0,0,G,0,0
5080,18.12.2020.,20:30:00,23,22,1,1,1,0,0,G,0,0
5081,18.12.2020.,20:35:00,23,22,1,1,1,0,0,G,0,0
5082,18.12.2020.,20:40:00,23,22,1,1,1,0,0,G,0,0
5083,18.12.2020.,20:45:00,23,22,1,1,1,0,0,G,0,0
5084,18.12.2020.,20:50:00,23,22,1,1,1,0,0,G,0,0
5085,18.12.2020.,20:55:00,23,22,1,1,1,0,0,G,0,0
5086,18.12.2020.,21:00:00,23,22,1,1,1,0,0,G,0,0
5087,18.12.2020.,21:05:00,23,22,1,1,1,0,0,G,0,0
5088,18.12.2020.,21:10:00,23,22,1,1,1,0,0,G,0,0
5089,18.12.2020.,21:15:00,23,22,1,1,1,0,0,G,0,0
5090,18.12.2020.,21:20:00,23,22,1,1,1,0,0,G,0,0
5091,18.12.2020.,21:25:00,23,22,1,1,1,0,0,G,0,0
5092,18.12.2020.,21:30:00,23,22,1,1,1,0,0,G,0,0
5093,18.12.2020.,21:35:00,23,22,1,1,1,0,0,G,0,0
5094,18.12.2020.,21:40:00,23,22,1,1,1,0,0,G,0,0
5095,18.12.2020.,21:45:00,23,22,1,1,1,0,0,G,0,0
5096,18.12.2020.,21:50:00,23,22,1,1,1,0,0,G,0,0
5097,18.12.2020.,21:55:00,23,22,1,1,1,0,0,G,0,0
5098,18.12.2020.,22:00:00,23,22,1,1,1,0,0,G,0,0
5099,18.12.2020.,22:05:00,23,22,1,1,1,0,0,G,0,0
5100,18.12.2020.,22:10:00,23,22,1,1,1,0,0,G,0,0
5101,18.12.2020.,22:15:00,23,22,1,1,1,0,0,G,0,0
5102,18.12.2020.,22:20:00,23,22,1,1,1,0,0,G,0,0
5103,18.12.2020.,22:25:00,23,22,1,1,1,0,0,G,0,0
5104,18.12.2020.,22:30:00,23,22,1,1,1,0,0,G,0,0
5105,18.12.2020.,22:35:00,23,22,1,1,1,0,0,G,0,0
5106,18.12.2020.,22:40:00,23,22,1,1,1,0,0,G,0,0
5107,18.12.2020.,22:45:00,23,22,1,1,1,0,0,G,0,0
5108,18.12.2020.,22:50:00,23,22,1,1,1,0,0,G,0,0
5109,18.12.2020.,22:55:00,23,22,1,1,1,0,0,G,0,0
5110,18.12.2020.,23:00:00,23,22,1,1,1,0,0,G,0,0
5111,18.12.2020.,23:05:00,23,22,1,1,1,0,0,G,0,0
5112,18.12.2020.,23:10:00,23,22,1,1,1,0,0,G,0,0
5113,18.12.2020.,23:15:00,23,22,1,1,1,0,0,G,0,0
5114,18.12.2020.,23:20:00,23,22,1,1,1,0,0,G,0,0
5115,18.12.2020.,23:25:00,23,22,1,1,1,0,0,G,0,0
5116,18.12.2020.,23:30:00,23,22,1,1,1,0,0,G,0,0
5117,18.12.2020.,23:35:00,23,22,1,1,1,0,0,G,0,0
5118,18.12.2020.,23:40:00,23,22,1,1,1,0,0,G,0,0
5119,18.12.2020.,23:45:00,23,22,1,1,1,0,0,G,0,0
5120,18.12.2020.,23:50:00,23,22,1,1,1,0,0,G,0,0
5121,18.12.2020.,23:55:00,23,22,1,1,1,0,0,G,0,0
5122,19.12.2020.,00:00:00,23,22,1,1,1,0,0,G,0,0
5123,19.12.2020.,00:05:00,23,22,1,1,1,0,0,G,0,0
5124,19.12.2020.,00:10:00,23,22,1,1,1,0,0,G,0,0
5125,19.12.2020.,00:15:00,23,22,1,1,1,0,0,G,0,0
5126,19.12.2020.,00:20:00,23,22,1,1,1,0,0,G,0,0
5127,19.12.2020.,00:25:00,23,22,1,1,1,0,0,G,0,0
5128,19.12.2020.,00:30:00,23,22,1,1,1,0,0,G,0,0
5129,19.12.2020.,00:35:00,23,22,1,1,1,0,0,G,0,0
5130,19.12.2020.,00:40:00,23,22,1,1,1,0,0,G,0,0
5131,19.12.2020.,00:45:00,23,22,1,1,1,0,0,G,0,0
5132,19.12.2020.,00:50:00,23,22,1,1,1,0,0,G,0,0
5133,19.12.2020.,00:55:00,23,22,1,1,1,0,0,G,0,0
5134,19.12.2020.,01:00:00,23,22,1,1,1,0,0,G,0,0
5135,19.12.2020.,01:05:00,23,22,1,1,1,0,0,G,0,0
5136,19.12.2020.,01:10:00,23,22,1,1,1,0,0,G,0,0
5137,19.12.2020.,01:15:00,23,22,1,1,1,0,0,G,0,0
5138,19.12.2020.,01:20:00,23,22,1,1,1,0,0,G,0,0
5139,19.12.2020.,01:25:00,23,22,1,1,1,0,0,G,0,0
5140,19.12.2020.,01:30:00,23,22,1,1,1,0,0,G,0,0
5141,19.12.2020.,01:35:00,23,22,1,1,1,0,0,G,0,0
5142,19.12.2020.,01:40:00,23,22,1,1,1,0,0,G,0,0
5143,19.12.2020.,01:45:00,23,22,1,1,1,0,0,G,0,0
5144,19.12.2020.,01:50:00,23,22,1,1,1,0,0,G,0,0
5145,19.12.2020.,01:55:00,23,22,1,1,1,0,0,G,0,0
5146,19.12.2020.,02:00:00,23,22,1,1,1,0,0,G,0,0
5147,19.12.2020.,02:05:00,23,22,1,1,1,0,0,G,0,0
5148,19.12.2020.,02:10:00,23,22,1,1,1,0,0,G,0,0
5149,19.12.2020.,02:15:00,23,22,1,1,1,0,0,G,0,0
5150,19.12.2020.,02:20:00,23,22,1,1,1,0,0,G,0,0
5151,19.12.2020.,02:25:00,23,22,1,1,1,0,0,G,0,0
5152,19.12.2020.,02:30:00,23,22,1,1,1,0,0,G,0,0
5153,19.12.2020.,02:35:00,23,22,1,1,1,0,0,G,0,0
5154,19.12.2020.,02:40:00,23,22,1,1,1,0,0,G,0,0
5155,19.12.2020.,02:45:00,23,22,1,1,1,0,0,G,0,0
5156,19.12.2020.,02:50:00,23,22,1,1,1,0,0,G,0,0
5157,19.12.2020.,02:55:00,23,22,1,1,1,0,0,G,0,0
5158,19.12.2020.,03:00:00,23,22,1,1,1,0,0,G,0,0
5159,19.12.2020.,03:05:00,23,22,1,1,1,0,0,G,0,0
5160,19.12.2020.,03:10:00,23,22,1,1,1,0,0,G,0,0
5161,19.12.2020.,03:15:00,23,22,1,1,1,0,0,G,0,0
5162,19.12.2020.,03:20:00,23,22,1,1,1,0,0,G,0,0
5163,19.12.2020.,03:25:00,23,22,1,1,1,0,0,G,0,0
5164,19.12.2020.,03:30:00,23,22,1,1,1,0,0,G,0,0
5165,19.12.2020.,03:35:00,23,22,1,1,1,0,0,G,0,0
5166,19.12.2020.,03:40:00,23,22,1,1,1,0,0,G,0,0
5167,19.12.2020.,03:45:00,23,22,1,1,1,0,0,G,0,0
5168,19.12.2020.,03:50:00,23,22,1,1,1,0,0,G,0,0
5169,19.12.2020.,03:55:00,23,22,1,1,1,0,0,G,0,0
5170,19.12.2020.,04:00:00,23,22,1,1,1,0,0,G,0,0
5171,19.12.2020.,04:05:00,23,22,1,1,1,0,0,G,0,0
5172,19.12.2020.,04:10:00,23,22,1,1,1,0,0,G,0,0
5173,19.12.2020.,04:15:00,23,22,1,1,1,0,0,G,0,0
5174,19.12.2020.,04:20:00,23,22,1,1,1,0,0,G,0,0
5175,19.12.2020.,04:25:00,23,22,1,1,1,0,0,G,0,0
5176,19.12.2020.,04:30:00,23,22,1,1,1,0,0,G,0,0
5177,19.12.2020.,04:35:00,23,22,1,1,1,0,0,G,0,0
5178,19.12.2020.,04:40:00,23,22,1,1,1,0,0,G,0,0
5179,19.12.2020.,04:45:00,23,22,1,1,1,0,0,G,0,0
5180,19.12.2020.,04:50:00,23,22,1,1,1,0,0,G,0,0
5181,19.12.2020.,04:55:00,23,22,1,1,1,0,0,G,0,0
5182,19.12.2020.,05:00:00,23,22,1,1,1,0,0,G,0,0
5183,19.12.2020.,05:05:00,23,22,1,1,1,0,0,G,0,0
5184,19.12.2020.,05:10:00,23,22,1,1,1,0,0,G,0,0
5185,19.12.2020.,05:15:00,23,22,1,1,1,0,0,G,0,0
5186,19.12.2020.,05:20:00,23,22,1,1,1,0,0,G,0,0
5187,19.12.2020.,05:25:00,23,22,1,1,1,0,0,G,0,0
5188,19.12.2020.,05:30:00,23,22,1,1,1,0,0,G,0,0
5189,19.12.2020.,05:35:00,23,22,1,1,1,0,0,G,0,0
5190,19.12.2020.,05:40:00,23,22,1,1,1,0,0,G,0,0
5191,19.12.2020.,05:45:00,23,22,1,1,1,0,0,G,0,0
5192,19.12.2020.,05:50:00,23,22,1,1,1,0,0,G,0,0
5193,19.12.2020.,05:55:00,23,22,1,1,1,0,0,G,0,0
5194,19.12.2020.,06:00:00,23,22,1,1,1,0,0,G,0,0
5195,19.12.2020.,06:05:00,23,22,1,1,1,0,0,G,0,0
5196,19.12.2020.,06:10:00,23,22,1,1,1,0,0,G,0,0
5197,19.12.2020.,06:15:00,23,22,1,1,1,0,0,G,0,0
5198,19.12.2020.,06:20:00,23,22,1,1,1,0,0,G,0,0
5199,19.12.2020.,06:25:00,23,22,1,1,1,0,0,G,0,0
5200,19.12.2020.,06:30:00,23,22,1,1,1,0,0,G,0,0
5201,19.12.2020.,06:35:00,23,22,1,1,1,0,0,G,0,0
5202,19.12.2020.,06:40:00,23,22,1,1,1,0,0,G,0,0
5203,19.12.2020.,06:45:00,23,22,1,1,1,0,0,G,0,0
5204,19.12.2020.,06:50:00,23,22,1,1,1,0,0,G,0,0
5205,19.12.2020.,06:55:00,23,22,1,1,1,0,0,G,0,0
5206,19.12.2020.,07:00:00,23,22,1,1,1,0,0,G,0,0
5207,19.12.2020.,07:05:00,23,22,1,1,1,0,0,G,0,0
5208,19.12.2020.,07:10:00,23,22,1,1,1,0,0,G,0,0
5209,19.12.2020.,07:15:00,23,22,1,1,1,0,0,G,0,0
5210,19.12.2020.,07:20:00,23,22,1,1,1,0,0,G,0,0
5211,19.12.2020.,07:25:00,23,22,1,1,1,0,0,G,0,0
5212,19.12.2020.,07:30:00,23,22,1,1,1,0,0,G,0,0
5213,19.12.2020.,07:35:00,23,22,1,1,1,0,0,G,0,0
5214,19.12.2020.,07:40:00,23,22,1,1,1,0,0,G,0,0
5215,19.12.2020.,07:45:00,23,22,1,1,1,0,0,G,0,0
5216,19.12.2020.,07:50:00,23,22,1,1,1,0,0,G,0,0
5217,19.12.2020.,07:55:00,23,22,1,1,1,0,0,G,0,0
5218,19.12.2020.,08:00:00,23,22,1,1,1,0,0,G,0,0
5219,19.12.2020.,08:05:00,23,22,1,1,1,0,0,G,0,0
5220,19.12.2020.,08:10:00,23,22,1,1,1,0,0,G,0,0
5221,19.12.2020.,08:15:00,23,22,1,1,1,0,0,G,0,0
5222,19.12.2020.,08:20:00,23,22,1,1,1,0,0,G,0,0
5223,19.12.2020.,08:25:00,23,22,1,1,1,0,0,G,0,0
5224,19.12.2020.,08:30:00,23,22,1,1,1,0,0,G,0,0
5225,19.12.2020.,08:35:00,23,22,1,1,1,0,0,G,0,0
5226,19.12.2020.,08:40:00,23,22,1,1,1,0,0,G,0,0
5227,19.12.2020.,08:45:00,23,22,1,1,1,0,0,G,0,0
5228,19.12.2020.,08:50:00,23,22,1,1,1,0,0,G,0,0
5229,19.12.2020.,08:55:00,23,22,1,1,1,0,0,G,0,0
5230,19.12.2020.,09:00:00,23,22,1,1,1,0,0,G,0,0
5231,19.12.2020.,09:05:00,23,22,1,1,1,0,0,G,0,0
5232,19.12.2020.,09:10:00,23,22,1,1,1,0,0,G,0,0
5233,19.12.2020.,09:15:00,23,22,1,1,1,0,0,G,0,0
5234,19.12.2020.,09:20:00,23,22,1,1,1,0,0,G,0,0
5235,19.12.2020.,09:25:00,23,22,1,1,1,0,0,G,0,0
5236,19.12.2020.,09:30:00,23,22,1,1,1,0,0,G,0,0
5237,19.12.2020.,09:35:00,23,22,1,1,1,0,0,G,0,0
5238,19.12.2020.,09:40:00,23,22,1,1,1,0,0,G,0,0
5239,19.12.2020.,09:45:00,23,22,1,1,1,0,0,G,0,0
5240,19.12.2020.,09:50:00,23,22,1,1,1,0,0,G,0,0
5241,19.12.2020.,09:55:00,23,22,1,1,1,0,0,G,0,0
5242,19.12.2020.,10:00:00,23,22,1,1,1,0,0,G,0,0
5243,19.12.2020.,10:05:00,23,22,1,1,1,0,0,G,0,0
5244,19.12.2020.,10:10:00,23,22,1,1,1,0,0,G,0,0
5245,19.12.2020.,10:15:00,23,22,1,1,1,0,0,G,0,0
5246,19.12.2020.,10:20:00,23,22,1,1,1,0,0,G,0,0
5247,19.12.2020.,10:25:00,23,22,1,1,1,0,0,G,0,0
5248,19.12.2020.,10:30:00,23,22,1,1,1,0,0,G,0,0
5249,19.12.2020.,10:35:00,23,22,1,1,1,0,0,G,0,0
5250,19.12.2020.,10:40:00,23,22,1,1,1,0,0,G,0,0
5251,19.12.2020.,10:45:00,23,22,1,1,1,0,0,G,0,0
5252,19.12.2020.,10:50:00,23,22,1,1,1,0,0,G,0,0
5253,19.12.2020.,10:55:00,23,22,1,1,1,0,0,G,0,0
5254,19.12.2020.,11:00:00,23,22,1,1,1,0,0,G,0,0
5255,19.12.2020.,11:05:00,23,22,1,1,1,0,0,G,0,0
5256,19.12.2020.,11:10:00,23,22,1,1,1,0,0,G,0,0
5257,19.12.2020.,11:15:00,23,22,1,1,1,0,0,G,0,0
5258,19.12.2020.,11:20:00,23,22,1,1,1,0,0,G,0,0
5259,19.12.2020.,11:25:00,23,22,1,1,1,0,0,G,0,0
5260,19.12.2020.,11:30:00,23,22,1,1,1,0,0,G,0,0
5261,19.12.2020.,11:35:00,23,22,1,1,1,0,0,G,0,0
5262,19.12.2020.,11:40:00,23,22,1,1,1,0,0,G,0,0
5263,19.12.2020.,11:45:00,23,22,1,1,1,0,0,G,0,0
5264,19.12.2020.,11:50:00,23,22,1,1,1,0,0,G,0,0
5265,19.12.2020.,11:55:00,23,22,1,1,1,0,0,G,0,0
5266,19.12.2020.,12:00:00,23,22,1,1,1,0,0,G,0,0
5267,19.12.2020.,12:05:00,23,22,1,1,1,0,0,G,0,0
5268,19.12.2020.,12:10:00,23,22,1,1,1,0,0,G,0,0
5269,19.12.2020.,12:15:00,23,22,1,1,1,0,0,G,0,0
5270,19.12.2020.,12:20:00,23,22,1,1,1,0,0,G,0,0
5271,19.12.2020.,12:25:00,23,22,1,1,1,0,0,G,0,0
5272,19.12.2020.,12:30:00,23,22,1,1,1,0,0,G,0,0
5273,19.12.2020.,12:35:00,23,22,1,1,1,0,0,G,0,0
5274,19.12.2020.,12:40:00,23,22,1,1,1,0,0,G,0,0
5275,19.12.2020.,12:45:00,23,22,1,1,1,0,0,G,0,0
5276,19.12.2020.,12:50:00,23,22,1,1,1,0,0,G,0,0
5277,19.12.2020.,12:55:00,23,22,1,1,1,0,0,G,0,0
5278,19.12.2020.,13:00:00,23,22,1,1,1,0,0,G,0,0
5279,19.12.2020.,13:05:00,23,22,1,1,1,0,0,G,0,0
5280,19.12.2020.,13:10:00,23,22,1,1,1,0,0,G,0,0
5281,19.12.2020.,13:15:00,23,22,1,1,1,0,0,G,0,0
5282,19.12.2020.,13:20:00,23,22,1,1,1,0,0,G,0,0
5283,19.12.2020.,13:25:00,23,22,1,1,1,0,0,G,0,0
5284,19.12.2020.,13:30:00,23,22,1,1,1,0,0,G,0,0
5285,19.12.2020.,13:35:00,23,22,1,1,1,0,0,G,0,0
5286,19.12.2020.,13:40:00,23,22,1,1,1,0,0,G,0,0
5287,19.12.2020.,13:45:00,23,22,1,1,1,0,0,G,0,0
5288,19.12.2020.,13:50:00,23,22,1,1,1,0,0,G,0,0
5289,19.12.2020.,13:55:00,23,22,1,1,1,0,0,G,0,0
5290,19.12.2020.,14:00:00,23,22,1,1,1,0,0,G,0,0
5291,19.12.2020.,14:05:00,23,22,1,1,1,0,0,G,0,0
5292,19.12.2020.,14:10:00,23,22,1,1,1,0,0,G,0,0
5293,19.12.2020.,14:15:00,23,22,1,1,1,0,0,G,0,0
5294,19.12.2020.,14:20:00,23,22,1,1,1,0,0,G,0,0
5295,19.12.2020.,14:25:00,23,22,1,1,1,0,0,G,0,0
5296,19.12.2020.,14:30:00,23,22,1,1,1,0,0,G,0,0
5297,19.12.2020.,14:35:00,23,22,1,1,1,0,0,G,0,0
5298,19.12.2020.,14:40:00,23,22,1,1,1,0,0,G,0,0
5299,19.12.2020.,14:45:00,23,22,1,1,1,0,0,G,0,0
5300,19.12.2020.,14:50:00,23,22,1,1,1,0,0,G,0,0
5301,19.12.2020.,14:55:00,23,22,1,1,1,0,0,G,0,0
5302,19.12.2020.,15:00:00,23,22,1,1,1,0,0,G,0,0
5303,19.12.2020.,15:05:00,23,22,1,1,1,0,0,G,0,0
5304,19.12.2020.,15:10:00,23,22,1,1,1,0,0,G,0,0
5305,19.12.2020.,15:15:00,23,22,1,1,1,0,0,G,0,0
5306,19.12.2020.,15:20:00,23,22,1,1,1,0,0,G,0,0
5307,19.12.2020.,15:25:00,23,22,1,1,1,0,0,G,0,0
5308,19.12.2020.,15:30:00,23,22,1,1,1,0,0,G,0,0
5309,19.12.2020.,15:35:00,23,22,1,1,1,0,0,G,0,0
5310,19.12.2020.,15:40:00,23,22,1,1,1,0,0,G,0,0
5311,19.12.2020.,15:45:00,23,22,1,1,1,0,0,G,0,0
5312,19.12.2020.,15:50:00,23,22,1,1,1,0,0,G,0,0
5313,19.12.2020.,15:55:00,23,22,1,1,1,0,0,G,0,0
5314,19.12.2020.,16:00:00,23,22,1,1,1,0,0,G,0,0
5315,19.12.2020.,16:05:00,23,22,1,1,1,0,0,G,0,0
5316,19.12.2020.,16:10:00,23,22,1,1,1,0,0,G,0,0
5317,19.12.2020.,16:15:00,23,22,1,1,1,0,0,G,0,0
5318,19.12.2020.,16:20:00,23,22,1,1,1,0,0,G,0,0
5319,19.12.2020.,16:25:00,23,22,1,1,1,0,0,G,0,0
5320,19.12.2020.,16:30:00,23,22,1,1,1,0,0,G,0,0
5321,19.12.2020.,16:35:00,23,22,1,1,1,0,0,G,0,0
5322,19.12.2020.,16:40:00,23,22,1,1,1,0,0,G,0,0
5323,19.12.2020.,16:45:00,23,22,1,1,1,0,0,G,0,0
5324,19.12.2020.,16:50:00,23,22,1,1,1,0,0,G,0,0
5325,19.12.2020.,16:55:00,23,22,1,1,1,0,0,G,0,0
5326,19.12.2020.,17:00:00,23,22,1,1,1,0,0,G,0,0
5327,19.12.2020.,17:05:00,23,22,1,1,1,0,0,G,0,0
5328,19.12.2020.,17:10:00,23,22,1,1,1,0,0,G,0,0
5329,19.12.2020.,17:15:00,23,22,1,1,1,0,0,G,0,0
5330,19.12.2020.,17:20:00,23,22,1,1,1,0,0,G,0,0
5331,19.12.2020.,17:25:00,23,22,1,1,1,0,0,G,0,0
5332,19.12.2020.,17:30:00,23,22,1,1,1,0,0,G,0,0
5333,19.12.2020.,17:35:00,23,22,1,1,1,0,0,G,0,0
5334,19.12.2020.,17:40:00,23,22,1,1,1,0,0,G,0,0
5335,19.12.2020.,17:45:00,23,22,1,1,1,0,0,G,0,0
5336,19.12.2020.,17:50:00,23,22,1,1,1,0,0,G,0,0
5337,19.12.2020.,17:55:00,23,22,1,1,1,0,0,G,0,0
5338,19.12.2020.,18:00:00,23,22,1,1,1,0,0,G,0,0
5339,19.12.2020.,18:05:00,23,22,1,1,1,0,0,G,0,0
5340,19.12.2020.,18:10:00,23,22,1,1,1,0,0,G,0,0
5341,19.12.2020.,18:15:00,23,22,1,1,1,0,0,G,0,0
5342,19.12.2020.,18:20:00,23,22,1,1,1,0,0,G,0,0
5343,19.12.2020.,18:25:00,23,22,1,1,1,0,0,G,0,0
5344,19.12.2020.,18:30:00,23,22,1,1,1,0,0,G,0,0
5345,19.12.2020.,18:35:00,23,22,1,1,1,0,0,G,0,0
5346,19.12.2020.,18:40:00,23,22,1,1,1,0,0,G,0,0
5347,19.12.2020.,18:45:00,23,22,1,1,1,0,0,G,0,0
5348,19.12.2020.,18:50:00,23,22,1,1,1,0,0,G,0,0
5349,19.12.2020.,18:55:00,23,22,1,1,1,0,0,G,0,0
5350,19.12.2020.,19:00:00,23,22,1,1,1,0,0,G,0,0
5351,19.12.2020.,19:05:00,23,22,1,1,1,0,0,G,0,0
5352,19.12.2020.,19:10:00,23,22,1,1,1,0,0,G,0,0
5353,19.12.2020.,19:15:00,23,22,1,1,1,0,0,G,0,0
5354,19.12.2020.,19:20:00,23,22,1,1,1,0,0,G,0,0
5355,19.12.2020.,19:25:00,23,22,1,1,1,0,0,G,0,0
5356,19.12.2020.,19:30:00,23,22,1,1,1,0,0,G,0,0
5357,19.12.2020.,19:35:00,23,22,1,1,1,0,0,G,0,0
5358,19.12.2020.,19:40:00,23,22,1,1,1,0,0,G,0,0
5359,19.12.2020.,19:45:00,23,22,1,1,1,0,0,G,0,0
5360,19.12.2020.,19:50:00,23,22,1,1,1,0,0,G,0,0
5361,19.12.2020.,19:55:00,23,22,1,1,1,0,0,G,0,0
5362,19.12.2020.,20:00:00,23,22,1,1,1,0,0,G,0,0
5363,19.12.2020.,20:05:00,23,22,1,1,1,0,0,G,0,0
5364,19.12.2020.,20:10:00,23,22,1,1,1,0,0,G,0,0
5365,19.12.2020.,20:15:00,23,22,1,1,1,0,0,G,0,0
5366,19.12.2020.,20:20:00,23,22,1,1,1,0,0,G,0,0
5367,19.12.2020.,20:25:00,23,22,1,1,1,0,0,G,0,0
5368,19.12.2020.,20:30:00,23,22,1,1,1,0,0,G,0,0
5369,19.12.2020.,20:35:00,23,22,1,1,1,0,0,G,0,0
5370,19.12.2020.,20:40:00,23,22,1,1,1,0,0,G,0,0
5371,19.12.2020.,20:45:00,23,22,1,1,1,0,0,G,0,0
5372,19.12.2020.,20:50:00,23,22,1,1,1,0,0,G,0,0
5373,19.12.2020.,20:55:00,23,22,1,1,1,0,0,G,0,0
5374,19.12.2020.,21:00:00,23,22,1,1,1,0,0,G,0,0
5375,19.12.2020.,21:05:00,23,22,1,1,1,0,0,G,0,0
5376,19.12.2020.,21:10:00,23,22,1,1,1,0,0,G,0,0
5377,19.12.2020.,21:15:00,23,22,1,1,1,0,0,G,0,0
5378,19.12.2020.,21:20:00,23,22,1,1,1,0,0,G,0,0
5379,19.12.2020.,21:25:00,23,22,1,1,1,0,0,G,0,0
5380,19.12.2020.,21:30:00,23,22,1,1,1,0,0,G,0,0
5381,19.12.2020.,21:35:00,23,22,1,1,1,0,0,G,0,0
5382,19.12.2020.,21:40:00,23,22,1,1,1,0,0,G,0,0
5383,19.12.2020.,21:45:00,23,22,1,1,1,0,0,G,0,0
5384,19.12.2020.,21:50:00,23,22,1,1,1,0,0,G,0,0
5385,19.12.2020.,21:55:00,23,22,1,1,1,0,0,G,0,0
5386,19.12.2020.,22:00:00,23,22,1,1,1,0,0,G,0,0
5387,19.12.2020.,22:05:00,23,22,1,1,1,0,0,G,0,0
5388,19.12.2020.,22:10:00,23,22,1,1,1,0,0,G,0,0
5389,19.12.2020.,22:15:00,23,22,1,1,1,0,0,G,0,0
5390,19.12.2020.,22:20:00,23,22,1,1,1,0,0,G,0,0
5391,19.12.2020.,22:25:00,23,22,1,1,1,0,0,G,0,0
5392,19.12.2020.,22:30:00,23,22,1,1,1,0,0,G,0,0
5393,19.12.2020.,22:35:00,23,22,1,1,1,0,0,G,0,0
5394,19.12.2020.,22:40:00,23,22,1,1,1,0,0,G,0,0
5395,19.12.2020.,22:45:00,23,22,1,1,1,0,0,G,0,0
5396,19.12.2020.,22:50:00,23,22,1,1,1,0,0,G,0,0
5397,19.12.2020.,22:55:00,23,22,1,1,1,0,0,G,0,0
5398,19.12.2020.,23:00:00,23,22,1,1,1,0,0,G,0,0
5399,19.12.2020.,23:05:00,23,22,1,1,1,0,0,G,0,0
5400,19.12.2020.,23:10:00,23,22,1,1,1,0,0,G,0,0
5401,19.12.2020.,23:15:00,23,22,1,1,1,0,0,G,0,0
5402,19.12.2020.,23:20:00,23,22,1,1,1,0,0,G,0,0
5403,19.12.2020.,23:25:00,23,22,1,1,1,0,0,G,0,0
5404,19.12.2020.,23:30:00,23,22,1,1,1,0,0,G,0,0
5405,19.12.2020.,23:35:00,23,22,1,1,1,0,0,G,0,0
5406,19.12.2020.,23:40:00,23,22,1,1,1,0,0,G,0,0
5407,19.12.2020.,23:45:00,23,22,1,1,1,0,0,G,0,0
5408,19.12.2020.,23:50:00,23,22,1,1,1,0,0,G,0,0
5409,19.12.2020.,23:55:00,23,22,1,1,1,0,0,G,0,0
5410,20.12.2020.,00:00:00,23,22,1,1,1,0,0,G,0,0
5411,20.12.2020.,00:05:00,23,22,1,1,1,0,0,G,0,0
5412,20.12.2020.,00:10:00,23,22,1,1,1,0,0,G,0,0
5413,20.12.2020.,00:15:00,23,22,1,1,1,0,0,G,0,0
5414,20.12.2020.,00:20:00,23,22,1,1,1,0,0,G,0,0
5415,20.12.2020.,00:25:00,23,22,1,1,1,0,0,G,0,0
5416,20.12.2020.,00:30:00,23,22,1,1,1,0,0,G,0,0
5417,20.12.2020.,00:35:00,23,22,1,1,1,0,0,G,0,0
5418,20.12.2020.,00:40:00,23,22,1,1,1,0,0,G,0,0
5419,20.12.2020.,00:45:00,23,22,1,1,1,0,0,G,0,0
5420,20.12.2020.,00:50:00,23,22,1,1,1,0,0,G,0,0
5421,20.12.2020.,00:55:00,23,22,1,1,1,0,0,G,0,0
5422,20.12.2020.,01:00:00,23,22,1,1,1,0,0,G,0,0
5423,20.12.2020.,01:05:00,23,22,1,1,1,0,0,G,0,0
5424,20.12.2020.,01:10:00,23,22,1,1,1,0,0,G,0,0
5425,20.12.2020.,01:15:00,23,22,1,1,1,0,0,G,0,0
5426,20.12.2020.,01:20:00,23,22,1,1,1,0,0,G,0,0
5427,20.12.2020.,01:25:00,23,22,1,1,1,0,0,G,0,0
5428,20.12.2020.,01:30:00,23,22,1,1,1,0,0,G,0,0
5429,20.12.2020.,01:35:00,23,22,1,1,1,0,0,G,0,0
5430,20.12.2020.,01:40:00,23,22,1,1,1,0,0,G,0,0
5431,20.12.2020.,01:45:00,23,22,1,1,1,0,0,G,0,0
5432,20.12.2020.,01:50:00,23,22,1,1,1,0,0,G,0,0
5433,20.12.2020.,01:55:00,23,22,1,1,1,0,0,G,0,0
5434,20.12.2020.,02:00:00,23,22,1,1,1,0,0,G,0,0
5435,20.12.2020.,02:05:00,23,22,1,1,1,0,0,G,0,0
5436,20.12.2020.,02:10:00,23,22,1,1,1,0,0,G,0,0
5437,20.12.2020.,02:15:00,23,22,1,1,1,0,0,G,0,0
5438,20.12.2020.,02:20:00,23,22,1,1,1,0,0,G,0,0
5439,20.12.2020.,02:25:00,23,22,1,1,1,0,0,G,0,0
5440,20.12.2020.,02:30:00,23,22,1,1,1,0,0,G,0,0
5441,20.12.2020.,02:35:00,23,22,1,1,1,0,0,G,0,0
5442,20.12.2020.,02:40:00,23,22,1,1,1,0,0,G,0,0
5443,20.12.2020.,02:45:00,23,22,1,1,1,0,0,G,0,0
5444,20.12.2020.,02:50:00,23,22,1,1,1,0,0,G,0,0
5445,20.12.2020.,02:55:00,23,22,1,1,1,0,0,G,0,0
5446,20.12.2020.,03:00:00,23,22,1,1,1,0,0,G,0,0
5447,20.12.2020.,03:05:00,23,22,1,1,1,0,0,G,0,0
5448,20.12.2020.,03:10:00,23,22,1,1,1,0,0,G,0,0
5449,20.12.2020.,03:15:00,23,22,1,1,1,0,0,G,0,0
5450,20.12.2020.,03:20:00,23,22,1,1,1,0,0,G,0,0
5451,20.12.2020.,03:25:00,23,22,1,1,1,0,0,G,0,0
5452,20.12.2020.,03:30:00,23,22,1,1,1,0,0,G,0,0
5453,20.12.2020.,03:35:00,23,22,1,1,1,0,0,G,0,0
5454,20.12.2020.,03:40:00,23,22,1,1,1,0,0,G,0,0
5455,20.12.2020.,03:45:00,23,22,1,1,1,0,0,G,0,0
5456,20.12.2020.,03:50:00,23,22,1,1,1,0,0,G,0,0
5457,20.12.2020.,03:55:00,23,22,1,1,1,0,0,G,0,0
5458,20.12.2020.,04:00:00,23,22,1,1,1,0,0,G,0,0
5459,20.12.2020.,04:05:00,23,22,1,1,1,0,0,G,0,0
5460,20.12.2020.,04:10:00,23,22,1,1,1,0,0,G,0,0
5461,20.12.2020.,04:15:00,23,22,1,1,1,0,0,G,0,0
5462,20.12.2020.,04:20:00,23,22,1,1,1,0,0,G,0,0
5463,20.12.2020.,04:25:00,23,22,1,1,1,0,0,G,0,0
5464,20.12.2020.,04:30:00,23,22,1,1,1,0,0,G,0,0
5465,20.12.2020.,04:35:00,23,22,1,1,1,0,0,G,0,0
5466,20.12.2020.,04:40:00,23,22,1,1,1,0,0,G,0,0
5467,20.12.2020.,04:45:00,23,22,1,1,1,0,0,G,0,0
5468,20.12.2020.,04:50:00,23,22,1,1,1,0,0,G,0,0
5469,20.12.2020.,04:55:00,23,22,1,1,1,0,0,G,0,0
5470,20.12.2020.,05:00:00,23,22,1,1,1,0,0,G,0,0
5471,20.12.2020.,05:05:00,23,22,1,1,1,0,0,G,0,0
5472,20.12.2020.,05:10:00,23,22,1,1,1,0,0,G,0,0
5473,20.12.2020.,05:15:00,23,22,1,1,1,0,0,G,0,0
5474,20.12.2020.,05:20:00,23,22,1,1,1,0,0,G,0,0
5475,20.12.2020.,05:25:00,23,22,1,1,1,0,0,G,0,0
5476,20.12.2020.,05:30:00,23,22,1,1,1,0,0,G,0,0
5477,20.12.2020.,05:35:00,23,22,1,1,1,0,0,G,0,0
5478,20.12.2020.,05:40:00,23,22,1,1,1,0,0,G,0,0
5479,20.12.2020.,05:45:00,23,22,1,1,1,0,0,G,0,0
5480,20.12.2020.,05:50:00,23,22,1,1,1,0,0,G,0,0
5481,20.12.2020.,05:55:00,23,22,1,1,1,0,0,G,0,0
5482,20.12.2020.,06:00:00,23,22,1,1,1,0,0,G,0,0
5483,20.12.2020.,06:05:00,23,22,1,1,1,0,0,G,0,0
5484,20.12.2020.,06:10:00,23,22,1,1,1,0,0,G,0,0
5485,20.12.2020.,06:15:00,23,22,1,1,1,0,0,G,0,0
5486,20.12.2020.,06:20:00,23,22,1,1,1,0,0,G,0,0
5487,20.12.2020.,06:25:00,23,22,1,1,1,0,0,G,0,0
5488,20.12.2020.,06:30:00,23,22,1,1,1,0,0,G,0,0
5489,20.12.2020.,06:35:00,23,22,1,1,1,0,0,G,0,0
5490,20.12.2020.,06:40:00,23,22,1,1,1,0,0,G,0,0
5491,20.12.2020.,06:45:00,23,22,1,1,1,0,0,G,0,0
5492,20.12.2020.,06:50:00,23,22,1,1,1,0,0,G,0,0
5493,20.12.2020.,06:55:00,23,22,1,1,1,0,0,G,0,0
5494,20.12.2020.,07:00:00,23,22,1,1,1,0,0,G,0,0
5495,20.12.2020.,07:05:00,23,22,1,1,1,0,0,G,0,0
5496,20.12.2020.,07:10:00,23,22,1,1,1,0,0,G,0,0
5497,20.12.2020.,07:15:00,23,22,1,1,1,0,0,G,0,0
5498,20.12.2020.,07:20:00,23,22,1,1,1,0,0,G,0,0
5499,20.12.2020.,07:25:00,23,22,1,1,1,0,0,G,0,0
5500,20.12.2020.,07:30:00,23,22,1,1,1,0,0,G,0,0
5501,20.12.2020.,07:35:00,23,22,1,1,1,0,0,G,0,0
5502,20.12.2020.,07:40:00,23,22,1,1,1,0,0,G,0,0
5503,20.12.2020.,07:45:00,23,22,1,1,1,0,0,G,0,0
5504,20.12.2020.,07:50:00,23,22,1,1,1,0,0,G,0,0
5505,20.12.2020.,07:55:00,23,22,1,1,1,0,0,G,0,0
5506,20.12.2020.,08:00:00,23,22,1,1,1,0,0,G,0,0
5507,20.12.2020.,08:05:00,23,22,1,1,1,0,0,G,0,0
5508,20.12.2020.,08:10:00,23,22,1,1,1,0,0,G,0,0
5509,20.12.2020.,08:15:00,23,22,1,1,1,0,0,G,0,0
5510,20.12.2020.,08:20:00,23,22,1,1,1,0,0,G,0,0
5511,20.12.2020.,08:25:00,23,22,1,1,1,0,0,G,0,0
5512,20.12.2020.,08:30:00,23,22,1,1,1,0,0,G,0,0
5513,20.12.2020.,08:35:00,23,22,1,1,1,0,0,G,0,0
5514,20.12.2020.,08:40:00,23,22,1,1,1,0,0,G,0,0
5515,20.12.2020.,08:45:00,23,22,1,1,1,0,0,G,0,0
5516,20.12.2020.,08:50:00,23,22,1,1,1,0,0,G,0,0
5517,20.12.2020.,08:55:00,23,22,1,1,1,0,0,G,0,0
5518,20.12.2020.,09:00:00,23,22,1,1,1,0,0,G,0,0
5519,20.12.2020.,09:05:00,23,22,1,1,1,0,0,G,0,0
5520,20.12.2020.,09:10:00,23,22,1,1,1,0,0,G,0,0
5521,20.12.2020.,09:15:00,23,22,1,1,1,0,0,G,0,0
5522,20.12.2020.,09:20:00,23,22,1,1,1,0,0,G,0,0
5523,20.12.2020.,09:25:00,23,22,1,1,1,0,0,G,0,0
5524,20.12.2020.,09:30:00,23,22,1,1,1,0,0,G,0,0
5525,20.12.2020.,09:35:00,23,22,1,1,1,0,0,G,0,0
5526,20.12.2020.,09:40:00,23,22,1,1,1,0,0,G,0,0
5527,20.12.2020.,09:45:00,23,22,1,1,1,0,0,G,0,0
5528,20.12.2020.,09:50:00,23,22,1,1,1,0,0,G,0,0
5529,20.12.2020.,09:55:00,23,22,1,1,1,0,0,G,0,0
5530,20.12.2020.,10:00:00,23,22,1,1,1,0,0,G,0,0
5531,20.12.2020.,10:05:00,23,22,1,1,1,0,0,G,0,0
5532,20.12.2020.,10:10:00,23,22,1,1,1,0,0,G,0,0
5533,20.12.2020.,10:15:00,23,22,1,1,1,0,0,G,0,0
5534,20.12.2020.,10:20:00,23,22,1,1,1,0,0,G,0,0
5535,20.12.2020.,10:25:00,23,22,1,1,1,0,0,G,0,0
5536,20.12.2020.,10:30:00,23,22,1,1,1,0,0,G,0,0
5537,20.12.2020.,10:35:00,23,22,1,1,1,0,0,G,0,0
5538,20.12.2020.,10:40:00,23,22,1,1,1,0,0,G,0,0
5539,20.12.2020.,10:45:00,23,22,1,1,1,0,0,G,0,0
5540,20.12.2020.,10:50:00,23,22,1,1,1,0,0,G,0,0
5541,20.12.2020.,10:55:00,23,22,1,1,1,0,0,G,0,0
5542,20.12.2020.,11:00:00,23,22,1,1,1,0,0,G,0,0
5543,20.12.2020.,11:05:00,23,22,1,1,1,0,0,G,0,0
5544,20.12.2020.,11:10:00,23,22,1,1,1,0,0,G,0,0
5545,20.12.2020.,11:15:00,23,22,1,1,1,0,0,G,0,0
5546,20.12.2020.,11:20:00,23,22,1,1,1,0,0,G,0,0
5547,20.12.2020.,11:25:00,23,22,1,1,1,0,0,G,0,0
5548,20.12.2020.,11:30:00,23,22,1,1,1,0,0,G,0,0
5549,20.12.2020.,11:35:00,23,22,1,1,1,0,0,G,0,0
5550,20.12.2020.,11:40:00,23,22,1,1,1,0,0,G,0,0
5551,20.12.2020.,11:45:00,23,22,1,1,1,0,0,G,0,0
5552,20.12.2020.,11:50:00,23,22,1,1,1,0,0,G,0,0
5553,20.12.2020.,11:55:00,23,22,1,1,1,0,0,G,0,0
5554,20.12.2020.,12:00:00,23,22,1,1,1,0,0,G,0,0
5555,20.12.2020.,12:05:00,23,22,1,1,1,0,0,G,0,0
5556,20.12.2020.,12:10:00,23,22,1,1,1,0,0,G,0,0
5557,20.12.2020.,12:15:00,23,22,1,1,1,0,0,G,0,0
5558,20.12.2020.,12:20:00,23,22,1,1,1,0,0,G,0,0
5559,20.12.2020.,12:25:00,23,22,1,1,1,0,0,G,0,0
5560,20.12.2020.,12:30:00,23,22,1,1,1,0,0,G,0,0
5561,20.12.2020.,12:35:00,23,22,1,1,1,0,0,G,0,0
5562,20.12.2020.,12:40:00,23,22,1,1,1,0,0,G,0,0
5563,20.12.2020.,12:45:00,23,22,1,1,1,0,0,G,0,0
5564,20.12.2020.,12:50:00,23,22,1,1,1,0,0,G,0,0
5565,20.12.2020.,12:55:00,23,22,1,1,1,0,0,G,0,0
5566,20.12.2020.,13:00:00,23,22,1,1,1,0,0,G,0,0
5567,20.12.2020.,13:05:00,23,22,1,1,1,0,0,G,0,0
5568,20.12.2020.,13:10:00,23,22,1,1,1,0,0,G,0,0
5569,20.12.2020.,13:15:00,23,22,1,1,1,0,0,G,0,0
5570,20.12.2020.,13:20:00,23,22,1,1,1,0,0,G,0,0
5571,20.12.2020.,13:25:00,23,22,1,1,1,0,0,G,0,0
5572,20.12.2020.,13:30:00,23,22,1,1,1,0,0,G,0,0
5573,20.12.2020.,13:35:00,23,22,1,1,1,0,0,G,0,0
5574,20.12.2020.,13:40:00,23,22,1,1,1,0,0,G,0,0
5575,20.12.2020.,13:45:00,23,22,1,1,1,0,0,G,0,0
5576,20.12.2020.,13:50:00,23,22,1,1,1,0,0,G,0,0
5577,20.12.2020.,13:55:00,23,22,1,1,1,0,0,G,0,0
5578,20.12.2020.,14:00:00,23,22,1,1,1,0,0,G,0,0
5579,20.12.2020.,14:05:00,23,22,1,1,1,0,0,G,0,0
5580,20.12.2020.,14:10:00,23,22,1,1,1,0,0,G,0,0
5581,20.12.2020.,14:15:00,23,22,1,1,1,0,0,G,0,0
5582,20.12.2020.,14:20:00,23,22,1,1,1,0,0,G,0,0
5583,20.12.2020.,14:25:00,23,22,1,1,1,0,0,G,0,0
5584,20.12.2020.,14:30:00,23,22,1,1,1,0,0,G,0,0
5585,20.12.2020.,14:35:00,23,22,1,1,1,0,0,G,0,0
5586,20.12.2020.,14:40:00,23,22,1,1,1,0,0,G,0,0
5587,20.12.2020.,14:45:00,23,22,1,1,1,0,0,G,0,0
5588,20.12.2020.,14:50:00,23,22,1,1,1,0,0,G,0,0
5589,20.12.2020.,14:55:00,23,22,1,1,1,0,0,G,0,0
5590,20.12.2020.,15:00:00,23,22,1,1,1,0,0,G,0,0
5591,20.12.2020.,15:05:00,23,22,1,1,1,0,0,G,0,0
5592,20.12.2020.,15:10:00,23,22,1,1,1,0,0,G,0,0
5593,20.12.2020.,15:15:00,23,22,1,1,1,0,0,G,0,0
5594,20.12.2020.,15:20:00,23,22,1,1,1,0,0,G,0,0
5595,20.12.2020.,15:25:00,23,22,1,1,1,0,0,G,0,0
5596,20.12.2020.,15:30:00,23,22,1,1,1,0,0,G,0,0
5597,20.12.2020.,15:35:00,23,22,1,1,1,0,0,G,0,0
5598,20.12.2020.,15:40:00,23,22,1,1,1,0,0,G,0,0
5599,20.12.2020.,15:45:00,23,22,1,1,1,0,0,G,0,0
5600,20.12.2020.,15:50:00,23,22,1,1,1,0,0,G,0,0
5601,20.12.2020.,15:55:00,23,22,1,1,1,0,0,G,0,0
5602,20.12.2020.,16:00:00,23,22,1,1,1,0,0,G,0,0
5603,20.12.2020.,16:05:00,23,22,1,1,1,0,0,G,0,0
5604,20.12.2020.,16:10:00,23,22,1,1,1,0,0,G,0,0
5605,20.12.2020.,16:15:00,23,22,1,1,1,0,0,G,0,0
5606,20.12.2020.,16:20:00,23,22,1,1,1,0,0,G,0,0
5607,20.12.2020.,16:25:00,23,22,1,1,1,0,0,G,0,0
5608,20.12.2020.,16:30:00,23,22,1,1,1,0,0,G,0,0
5609,20.12.2020.,16:35:00,23,22,1,1,1,0,0,G,0,0
5610,20.12.2020.,16:40:00,23,22,1,1,1,0,0,G,0,0
5611,20.12.2020.,16:45:00,23,22,1,1,1,0,0,G,0,0
5612,20.12.2020.,16:50:00,23,22,1,1,1,0,0,G,0,0
5613,20.12.2020.,16:55:00,23,22,1,1,1,0,0,G,0,0
5614,20.12.2020.,17:00:00,23,22,1,1,1,0,0,G,0,0
5615,20.12.2020.,17:05:00,23,22,1,1,1,0,0,G,0,0
5616,20.12.2020.,17:10:00,23,22,1,1,1,0,0,G,0,0
5617,20.12.2020.,17:15:00,23,22,1,1,1,0,0,G,0,0
5618,20.12.2020.,17:20:00,23,22,1,1,1,0,0,G,0,0
5619,20.12.2020.,17:25:00,23,22,1,1,1,0,0,G,0,0
5620,20.12.2020.,17:30:00,23,22,1,1,1,0,0,G,0,0
5621,20.12.2020.,17:35:00,23,22,1,1,1,0,0,G,0,0
5622,20.12.2020.,17:40:00,23,22,1,1,1,0,0,G,0,0
5623,20.12.2020.,17:45:00,23,22,1,1,1,0,0,G,0,0
5624,20.12.2020.,17:50:00,23,22,1,1,1,0,0,G,0,0
5625,20.12.2020.,17:55:00,23,22,1,1,1,0,0,G,0,0
5626,20.12.2020.,18:00:00,23,22,1,1,1,0,0,G,0,0
5627,20.12.2020.,18:05:00,23,22,1,1,1,0,0,G,0,0
5628,20.12.2020.,18:10:00,23,22,1,1,1,0,0,G,0,0
5629,20.12.2020.,18:15:00,23,22,1,1,1,0,0,G,0,0
5630,20.12.2020.,18:20:00,23,22,1,1,1,0,0,G,0,0
5631,20.12.2020.,18:25:00,23,22,1,1,1,0,0,G,0,0
5632,20.12.2020.,18:30:00,23,22,1,1,1,0,0,G,0,0
5633,20.12.2020.,18:35:00,23,22,1,1,1,0,0,G,0,0
5634,20.12.2020.,18:40:00,23,22,1,1,1,0,0,G,0,0
5635,20.12.2020.,18:45:00,23,22,1,1,1,0,0,G,0,0
5636,20.12.2020.,18:50:00,23,22,1,1,1,0,0,G,0,0
5637,20.12.2020.,18:55:00,23,22,1,1,1,0,0,G,0,0
5638,20.12.2020.,19:00:00,23,22,1,1,1,0,0,G,0,0
5639,20.12.2020.,19:05:00,23,22,1,1,1,0,0,G,0,0
5640,20.12.2020.,19:10:00,23,22,1,1,1,0,0,G,0,0
5641,20.12.2020.,19:15:00,23,22,1,1,1,0,0,G,0,0
5642,20.12.2020.,19:20:00,23,22,1,1,1,0,0,G,0,0
5643,20.12.2020.,19:25:00,23,22,1,1,1,0,0,G,0,0
5644,20.12.2020.,19:30:00,23,22,1,1,1,0,0,G,0,0
5645,20.12.2020.,19:35:00,23,22,1,1,1,0,0,G,0,0
5646,20.12.2020.,19:40:00,23,22,1,1,1,0,0,G,0,0
5647,20.12.2020.,19:45:00,23,22,1,1,1,0,0,G,0,0
5648,20.12.2020.,19:50:00,23,22,1,1,1,0,0,G,0,0
5649,20.12.2020.,19:55:00,23,22,1,1,1,0,0,G,0,0
5650,20.12.2020.,20:00:00,23,22,1,1,1,0,0,G,0,0
5651,20.12.2020.,20:05:00,23,22,1,1,1,0,0,G,0,0
5652,20.12.2020.,20:10:00,23,22,1,1,1,0,0,G,0,0
5653,20.12.2020.,20:15:00,23,22,1,1,1,0,0,G,0,0
5654,20.12.2020.,20:20:00,23,22,1,1,1,0,0,G,0,0
5655,20.12.2020.,20:25:00,23,22,1,1,1,0,0,G,0,0
5656,20.12.2020.,20:30:00,23,22,1,1,1,0,0,G,0,0
5657,20.12.2020.,20:35:00,23,22,1,1,1,0,0,G,0,0
5658,20.12.2020.,20:40:00,23,22,1,1,1,0,0,G,0,0
5659,20.12.2020.,20:45:00,23,22,1,1,1,0,0,G,0,0
5660,20.12.2020.,20:50:00,23,22,1,1,1,0,0,G,0,0
5661,20.12.2020.,20:55:00,23,22,1,1,1,0,0,G,0,0
5662,20.12.2020.,21:00:00,23,22,1,1,1,0,0,G,0,0
5663,20.12.2020.,21:05:00,23,22,1,1,1,0,0,G,0,0
5664,20.12.2020.,21:10:00,23,22,1,1,1,0,0,G,0,0
5665,20.12.2020.,21:15:00,23,22,1,1,1,0,0,G,0,0
5666,20.12.2020.,21:20:00,23,22,1,1,1,0,0,G,0,0
5667,20.12.2020.,21:25:00,23,22,1,1,1,0,0,G,0,0
5668,20.12.2020.,21:30:00,23,22,1,1,1,0,0,G,0,0
5669,20.12.2020.,21:35:00,23,22,1,1,1,0,0,G,0,0
5670,20.12.2020.,21:40:00,23,22,1,1,1,0,0,G,0,0
5671,20.12.2020.,21:45:00,23,22,1,1,1,0,0,G,0,0
5672,20.12.2020.,21:50:00,23,22,1,1,1,0,0,G,0,0
5673,20.12.2020.,21:55:00,23,22,1,1,1,0,0,G,0,0
5674,20.12.2020.,22:00:00,23,22,1,1,1,0,0,G,0,0
5675,20.12.2020.,22:05:00,23,22,1,1,1,0,0,G,0,0
5676,20.12.2020.,22:10:00,23,22,1,1,1,0,0,G,0,0
5677,20.12.2020.,22:15:00,23,22,1,1,1,0,0,G,0,0
5678,20.12.2020.,22:20:00,23,22,1,1,1,0,0,G,0,0
5679,20.12.2020.,22:25:00,23,22,1,1,1,0,0,G,0,0
5680,20.12.2020.,22:30:00,23,22,1,1,1,0,0,G,0,0
5681,20.12.2020.,22:35:00,23,22,1,1,1,0,0,G,0,0
5682,20.12.2020.,22:40:00,23,22,1,1,1,0,0,G,0,0
5683,20.12.2020.,22:45:00,23,22,1,1,1,0,0,G,0,0
5684,20.12.2020.,22:50:00,23,22,1,1,1,0,0,G,0,0
5685,20.12.2020.,22:55:00,23,22,1,1,1,0,0,G,0,0
5686,20.12.2020.,23:00:00,23,22,1,1,1,0,0,G,0,0
5687,20.12.2020.,23:05:00,23,22,1,1,1,0,0,G,0,0
5688,20.12.2020.,23:10:00,23,22,1,1,1,0,0,G,0,0
5689,20.12.2020.,23:15:00,23,22,1,1,1,0,0,G,0,0
5690,20.12.2020.,23:20:00,23,22,1,1,1,0,0,G,0,0
5691,20.12.2020.,23:25:00,23,22,1,1,1,0,0,G,0,0
5692,20.12.2020.,23:30:00,23,22,1,1,1,0,0,G,0,0
5693,20.12.2020.,23:35:00,23,22,1,1,1,0,0,G,0,0
5694,20.12.2020.,23:40:00,23,22,1,1,1,0,0,G,0,0
5695,20.12.2020.,23:45:00,23,22,1,1,1,0,0,G,0,0
5696,20.12.2020.,23:50:00,23,22,1,1,1,0,0,G,0,0
5697,20.12.2020.,23:55:00,23,22,1,1,1,0,0,G,0,0
5698,21.12.2020.,00:00:00,23,22,1,1,1,0,0,G,0,0
5699,21.12.2020.,00:05:00,23,22,1,1,1,0,0,G,0,0
5700,21.12.2020.,00:10:00,23,22,1,1,1,0,0,G,0,0
5701,21.12.2020.,00:15:00,23,22,1,1,1,0,0,G,0,0
5702,21.12.2020.,00:20:00,23,22,1,1,1,0,0,G,0,0
5703,21.12.2020.,00:25:00,23,22,1,1,1,0,0,G,0,0
5704,21.12.2020.,00:30:00,23,22,1,1,1,0,0,G,0,0
5705,21.12.2020.,00:35:00,23,22,1,1,1,0,0,G,0,0
5706,21.12.2020.,00:40:00,23,22,1,1,1,0,0,G,0,0
5707,21.12.2020.,00:45:00,23,22,1,1,1,0,0,G,0,0
5708,21.12.2020.,00:50:00,23,22,1,1,1,0,0,G,0,0
5709,21.12.2020.,00:55:00,23,22,1,1,1,0,0,G,0,0
5710,21.12.2020.,01:00:00,23,22,1,1,1,0,0,G,0,0
5711,21.12.2020.,01:05:00,23,22,1,1,1,0,0,G,0,0
5712,21.12.2020.,01:10:00,23,22,1,1,1,0,0,G,0,0
5713,21.12.2020.,01:15:00,23,22,1,1,1,0,0,G,0,0
5714,21.12.2020.,01:20:00,23,22,1,1,1,0,0,G,0,0
5715,21.12.2020.,01:25:00,23,22,1,1,1,0,0,G,0,0
5716,21.12.2020.,01:30:00,23,22,1,1,1,0,0,G,0,0
5717,21.12.2020.,01:35:00,23,22,1,1,1,0,0,G,0,0
5718,21.12.2020.,01:40:00,23,22,1,1,1,0,0,G,0,0
5719,21.12.2020.,01:45:00,23,22,1,1,1,0,0,G,0,0
5720,21.12.2020.,01:50:00,23,22,1,1,1,0,0,G,0,0
5721,21.12.2020.,01:55:00,23,22,1,1,1,0,0,G,0,0
5722,21.12.2020.,02:00:00,23,22,1,1,1,0,0,G,0,0
5723,21.12.2020.,02:05:00,23,22,1,1,1,0,0,G,0,0
5724,21.12.2020.,02:10:00,23,22,1,1,1,0,0,G,0,0
5725,21.12.2020.,02:15:00,23,22,1,1,1,0,0,G,0,0
5726,21.12.2020.,02:20:00,23,22,1,1,1,0,0,G,0,0
5727,21.12.2020.,02:25:00,23,22,1,1,1,0,0,G,0,0
5728,21.12.2020.,02:30:00,23,22,1,1,1,0,0,G,0,0
5729,21.12.2020.,02:35:00,23,22,1,1,1,0,0,G,0,0
5730,21.12.2020.,02:40:00,23,22,1,1,1,0,0,G,0,0
5731,21.12.2020.,02:45:00,23,22,1,1,1,0,0,G,0,0
5732,21.12.2020.,02:50:00,23,22,1,1,1,0,0,G,0,0
5733,21.12.2020.,02:55:00,23,22,1,1,1,0,0,G,0,0
5734,21.12.2020.,03:00:00,23,22,1,1,1,0,0,G,0,0
5735,21.12.2020.,03:05:00,23,22,1,1,1,0,0,G,0,0
5736,21.12.2020.,03:10:00,23,22,1,1,1,0,0,G,0,0
5737,21.12.2020.,03:15:00,23,22,1,1,1,0,0,G,0,0
5738,21.12.2020.,03:20:00,23,22,1,1,1,0,0,G,0,0
5739,21.12.2020.,03:25:00,23,22,1,1,1,0,0,G,0,0
5740,21.12.2020.,03:30:00,23,22,1,1,1,0,0,G,0,0
5741,21.12.2020.,03:35:00,23,22,1,1,1,0,0,G,0,0
5742,21.12.2020.,03:40:00,23,22,1,1,1,0,0,G,0,0
5743,21.12.2020.,03:45:00,23,22,1,1,1,0,0,G,0,0
5744,21.12.2020.,03:50:00,23,22,1,1,1,0,0,G,0,0
5745,21.12.2020.,03:55:00,23,22,1,1,1,0,0,G,0,0
5746,21.12.2020.,04:00:00,23,22,1,1,1,0,0,G,0,0
5747,21.12.2020.,04:05:00,23,22,1,1,1,0,0,G,0,0
5748,21.12.2020.,04:10:00,23,22,1,1,1,0,0,G,0,0
5749,21.12.2020.,04:15:00,23,22,1,1,1,0,0,G,0,0
5750,21.12.2020.,04:20:00,23,22,1,1,1,0,0,G,0,0
5751,21.12.2020.,04:25:00,23,22,1,1,1,0,0,G,0,0
5752,21.12.2020.,04:30:00,23,22,1,1,1,0,0,G,0,0
5753,21.12.2020.,04:35:00,23,22,1,1,1,0,0,G,0,0
5754,21.12.2020.,04:40:00,23,22,1,1,1,0,0,G,0,0
5755,21.12.2020.,04:45:00,23,22,1,1,1,0,0,G,0,0
5756,21.12.2020.,04:50:00,23,22,1,1,1,0,0,G,0,0
5757,21.12.2020.,04:55:00,23,22,1,1,1,0,0,G,0,0
5758,21.12.2020.,05:00:00,23,22,1,1,1,0,0,G,0,0
5759,21.12.2020.,05:05:00,23,22,1,1,1,0,0,G,0,0
5760,21.12.2020.,05:10:00,23,22,1,1,1,0,0,G,0,0
5761,21.12.2020.,05:15:00,23,22,1,1,1,0,0,G,0,0
5762,21.12.2020.,05:20:00,23,22,1,1,1,0,0,G,0,0
5763,21.12.2020.,05:25:00,23,22,1,1,1,0,0,G,0,0
5764,21.12.2020.,05:30:00,23,22,1,1,1,0,0,G,0,0
5765,21.12.2020.,05:35:00,23,22,1,1,1,0,0,G,0,0
5766,21.12.2020.,05:40:00,23,22,1,1,1,0,0,G,0,0
5767,21.12.2020.,05:45:00,23,22,1,1,1,0,0,G,0,0
5768,21.12.2020.,05:50:00,23,22,1,1,1,0,0,G,0,0
5769,21.12.2020.,05:55:00,23,22,1,1,1,0,0,G,0,0
5770,21.12.2020.,06:00:00,23,22,1,1,1,0,0,G,0,0
5771,21.12.2020.,06:05:00,23,22,1,1,1,0,0,G,0,0
5772,21.12.2020.,06:10:00,23,22,1,1,1,0,0,G,0,0
5773,21.12.2020.,06:15:00,23,22,1,1,1,0,0,G,0,0
5774,21.12.2020.,06:20:00,23,22,1,1,1,0,0,G,0,0
5775,21.12.2020.,06:25:00,23,22,1,1,1,0,0,G,0,0
5776,21.12.2020.,06:30:00,23,22,1,1,1,0,0,G,0,0
5777,21.12.2020.,06:35:00,23,22,1,1,1,0,0,G,0,0
5778,21.12.2020.,06:40:00,23,22,1,1,1,0,0,G,0,0
5779,21.12.2020.,06:45:00,23,22,1,1,1,0,0,G,0,0
5780,21.12.2020.,06:50:00,23,22,1,1,1,0,0,G,0,0
5781,21.12.2020.,06:55:00,23,22,1,1,1,0,0,G,0,0
5782,21.12.2020.,07:00:00,23,22,1,1,1,0,0,G,0,0
5783,21.12.2020.,07:05:00,23,22,1,1,1,0,0,G,0,0
5784,21.12.2020.,07:10:00,23,22,1,1,1,0,0,G,0,0
5785,21.12.2020.,07:15:00,23,22,1,1,1,0,0,G,0,0
5786,21.12.2020.,07:20:00,23,22,1,1,1,0,0,G,0,0
5787,21.12.2020.,07:25:00,23,22,1,1,1,0,0,G,0,0
5788,21.12.2020.,07:30:00,23,22,1,1,1,0,0,G,0,0
5789,21.12.2020.,07:35:00,23,22,1,1,1,0,0,G,0,0
5790,21.12.2020.,07:40:00,23,22,1,1,1,0,0,G,0,0
5791,21.12.2020.,07:45:00,23,22,1,1,1,0,0,G,0,0
5792,21.12.2020.,07:50:00,23,22,1,1,1,0,0,G,0,0
5793,21.12.2020.,07:55:00,23,22,1,1,1,0,0,G,0,0
5794,21.12.2020.,08:00:00,23,22,1,1,1,0,0,G,0,0
5795,21.12.2020.,08:05:00,23,22,1,1,1,0,0,G,0,0
5796,21.12.2020.,08:10:00,23,22,1,1,1,0,0,G,0,0
5797,21.12.2020.,08:15:00,23,22,1,1,1,0,0,G,0,0
5798,21.12.2020.,08:20:00,23,22,1,1,1,0,0,G,0,0
5799,21.12.2020.,08:25:00,23,22,1,1,1,0,0,G,0,0
5800,21.12.2020.,08:30:00,23,22,1,1,1,0,0,G,0,0
5801,21.12.2020.,08:35:00,23,22,1,1,1,0,0,G,0,0
5802,21.12.2020.,08:40:00,23,22,1,1,1,0,0,G,0,0
5803,21.12.2020.,08:45:00,23,22,1,1,1,0,0,G,0,0
5804,21.12.2020.,08:50:00,23,22,1,1,1,0,0,G,0,0
5805,21.12.2020.,08:55:00,23,22,1,1,1,0,0,G,0,0
5806,21.12.2020.,09:00:00,23,22,1,1,1,0,0,G,0,0
5807,21.12.2020.,09:05:00,23,22,1,1,1,0,0,G,0,0
5808,21.12.2020.,09:10:00,23,22,1,1,1,0,0,G,0,0
5809,21.12.2020.,09:15:00,23,22,1,1,1,0,0,G,0,0
5810,21.12.2020.,09:20:00,23,22,1,1,1,0,0,G,0,0
5811,21.12.2020.,09:25:00,23,22,1,1,1,0,0,G,0,0
5812,21.12.2020.,09:30:00,23,22,1,1,1,0,0,G,0,0
5813,21.12.2020.,09:35:00,23,22,1,1,1,0,0,G,0,0
5814,21.12.2020.,09:40:00,23,22,1,1,1,0,0,G,0,0
5815,21.12.2020.,09:45:00,23,22,1,1,1,0,0,G,0,0
5816,21.12.2020.,09:50:00,23,22,1,1,1,0,0,G,0,0
5817,21.12.2020.,09:55:00,23,22,1,1,1,0,0,G,0,0
5818,21.12.2020.,10:00:00,23,22,1,1,1,0,0,G,0,0
5819,21.12.2020.,10:05:00,23,22,1,1,1,0,0,G,0,0
5820,21.12.2020.,10:10:00,23,22,1,1,1,0,0,G,0,0
5821,21.12.2020.,10:15:00,23,22,1,1,1,0,0,G,0,0
5822,21.12.2020.,10:20:00,23,22,1,1,1,0,0,G,0,0
5823,21.12.2020.,10:25:00,23,22,1,1,1,0,0,G,0,0
5824,21.12.2020.,10:30:00,23,22,1,1,1,0,0,G,0,0
5825,21.12.2020.,10:35:00,23,22,1,1,1,0,0,G,0,0
5826,21.12.2020.,10:40:00,23,22,1,1,1,0,0,G,0,0
5827,21.12.2020.,10:45:00,23,22,1,1,1,0,0,G,0,0
5828,21.12.2020.,10:50:00,23,22,1,1,1,0,0,G,0,0
5829,21.12.2020.,10:55:00,23,22,1,1,1,0,0,G,0,0
5830,21.12.2020.,11:00:00,23,22,1,1,1,0,0,G,0,0
5831,21.12.2020.,11:05:00,23,22,1,1,1,0,0,G,0,0
5832,21.12.2020.,11:10:00,23,22,1,1,1,0,0,G,0,0
5833,21.12.2020.,11:15:00,23,22,1,1,1,0,0,G,0,0
5834,21.12.2020.,11:20:00,23,22,1,1,1,0,0,G,0,0
5835,21.12.2020.,11:25:00,23,22,1,1,1,0,0,G,0,0
5836,21.12.2020.,11:30:00,23,22,1,1,1,0,0,G,0,0
5837,21.12.2020.,11:35:00,23,22,1,1,1,0,0,G,0,0
5838,21.12.2020.,11:40:00,23,22,1,1,1,0,0,G,0,0
5839,21.12.2020.,11:45:00,23,22,1,1,1,0,0,G,0,0
5840,21.12.2020.,11:50:00,23,22,1,1,1,0,0,G,0,0
5841,21.12.2020.,11:55:00,23,22,1,1,1,0,0,G,0,0
5842,21.12.2020.,12:00:00,23,22,1,1,1,0,0,G,0,0
5843,21.12.2020.,12:05:00,23,22,1,1,1,0,0,G,0,0
5844,21.12.2020.,12:10:00,23,22,1,1,1,0,0,G,0,0
5845,21.12.2020.,12:15:00,23,22,1,1,1,0,0,G,0,0
5846,21.12.2020.,12:20:00,23,22,1,1,1,0,0,G,0,0
5847,21.12.2020.,12:25:00,23,22,1,1,1,0,0,G,0,0
5848,21.12.2020.,12:30:00,23,22,1,1,1,0,0,G,0,0
5849,21.12.2020.,12:35:00,23,22,1,1,1,0,0,G,0,0
5850,21.12.2020.,12:40:00,23,22,1,1,1,0,0,G,0,0
5851,21.12.2020.,12:45:00,23,22,1,1,1,0,0,G,0,0
5852,21.12.2020.,12:50:00,23,22,1,1,1,0,0,G,0,0
5853,21.12.2020.,12:55:00,23,22,1,1,1,0,0,G,0,0
5854,21.12.2020.,13:00:00,23,22,1,1,1,0,0,G,0,0
5855,21.12.2020.,13:05:00,23,22,1,1,1,0,0,G,0,0
5856,21.12.2020.,13:10:00,23,22,1,1,1,0,0,G,0,0
5857,21.12.2020.,13:15:00,23,22,1,1,1,0,0,G,0,0
5858,21.12.2020.,13:20:00,23,22,1,1,1,0,0,G,0,0
5859,21.12.2020.,13:25:00,23,22,1,1,1,0,0,G,0,0
5860,21.12.2020.,13:30:00,23,22,1,1,1,0,0,G,0,0
5861,21.12.2020.,13:35:00,23,22,1,1,1,0,0,G,0,0
5862,21.12.2020.,13:40:00,23,22,1,1,1,0,0,G,0,0
5863,21.12.2020.,13:45:00,23,22,1,1,1,0,0,G,0,0
5864,21.12.2020.,13:50:00,23,22,1,1,1,0,0,G,0,0
5865,21.12.2020.,13:55:00,23,22,1,1,1,0,0,G,0,0
5866,21.12.2020.,14:00:00,23,22,1,1,1,0,0,G,0,0
5867,21.12.2020.,14:05:00,23,22,1,1,1,0,0,G,0,0
5868,21.12.2020.,14:10:00,23,22,1,1,1,0,0,G,0,0
5869,21.12.2020.,14:15:00,23,22,1,1,1,0,0,G,0,0
5870,21.12.2020.,14:20:00,23,22,1,1,1,0,0,G,0,0
5871,21.12.2020.,14:25:00,23,22,1,1,1,0,0,G,0,0
5872,21.12.2020.,14:30:00,23,22,1,1,1,0,0,G,0,0
5873,21.12.2020.,14:35:00,23,22,1,1,1,0,0,G,0,0
5874,21.12.2020.,14:40:00,23,22,1,1,1,0,0,G,0,0
5875,21.12.2020.,14:45:00,23,22,1,1,1,0,0,G,0,0
5876,21.12.2020.,14:50:00,23,22,1,1,1,0,0,G,0,0
5877,21.12.2020.,14:55:00,23,22,1,1,1,0,0,G,0,0
5878,21.12.2020.,15:00:00,23,22,1,1,1,0,0,G,0,0
5879,21.12.2020.,15:05:00,23,22,1,1,1,0,0,G,0,0
5880,21.12.2020.,15:10:00,23,22,1,1,1,0,0,G,0,0
5881,21.12.2020.,15:15:00,23,22,1,1,1,0,0,G,0,0
5882,21.12.2020.,15:20:00,23,22,1,1,1,0,0,G,0,0
5883,21.12.2020.,15:25:00,23,22,1,1,1,0,0,G,0,0
5884,21.12.2020.,15:30:00,23,22,1,1,1,0,0,G,0,0
5885,21.12.2020.,15:35:00,23,22,1,1,1,0,0,G,0,0
5886,21.12.2020.,15:40:00,23,22,1,1,1,0,0,G,0,0
5887,21.12.2020.,15:45:00,23,22,1,1,1,0,0,G,0,0
5888,21.12.2020.,15:50:00,23,22,1,1,1,0,0,G,0,0
5889,21.12.2020.,15:55:00,23,22,1,1,1,0,0,G,0,0
5890,21.12.2020.,16:00:00,23,22,1,1,1,0,0,G,0,0
5891,21.12.2020.,16:05:00,23,22,1,1,1,0,0,G,0,0
5892,21.12.2020.,16:10:00,23,22,1,1,1,0,0,G,0,0
5893,21.12.2020.,16:15:00,23,22,1,1,1,0,0,G,0,0
5894,21.12.2020.,16:20:00,23,22,1,1,1,0,0,G,0,0
5895,21.12.2020.,16:25:00,23,22,1,1,1,0,0,G,0,0
5896,21.12.2020.,16:30:00,23,22,1,1,1,0,0,G,0,0
5897,21.12.2020.,16:35:00,23,22,1,1,1,0,0,G,0,0
5898,21.12.2020.,16:40:00,23,22,1,1,1,0,0,G,0,0
5899,21.12.2020.,16:45:00,23,22,1,1,1,0,0,G,0,0
5900,21.12.2020.,16:50:00,23,22,1,1,1,0,0,G,0,0
5901,21.12.2020.,16:55:00,23,22,1,1,1,0,0,G,0,0
5902,21.12.2020.,17:00:00,23,22,1,1,1,0,0,G,0,0
5903,21.12.2020.,17:05:00,23,22,1,1,1,0,0,G,0,0
5904,21.12.2020.,17:10:00,23,22,1,1,1,0,0,G,0,0
5905,21.12.2020.,17:15:00,23,22,1,1,1,0,0,G,0,0
5906,21.12.2020.,17:20:00,23,22,1,1,1,0,0,G,0,0
5907,21.12.2020.,17:25:00,23,22,1,1,1,0,0,G,0,0
5908,21.12.2020.,17:30:00,23,22,1,1,1,0,0,G,0,0
5909,21.12.2020.,17:35:00,23,22,1,1,1,0,0,G,0,0
5910,21.12.2020.,17:40:00,23,22,1,1,1,0,0,G,0,0
5911,21.12.2020.,17:45:00,23,22,1,1,1,0,0,G,0,0
5912,21.12.2020.,17:50:00,23,22,1,1,1,0,0,G,0,0
5913,21.12.2020.,17:55:00,23,22,1,1,1,0,0,G,0,0
5914,21.12.2020.,18:00:00,23,22,1,1,1,0,0,G,0,0
5915,21.12.2020.,18:05:00,23,22,1,1,1,0,0,G,0,0
5916,21.12.2020.,18:10:00,23,22,1,1,1,0,0,G,0,0
5917,21.12.2020.,18:15:00,23,22,1,1,1,0,0,G,0,0
5918,21.12.2020.,18:20:00,23,22,1,1,1,0,0,G,0,0
5919,21.12.2020.,18:25:00,23,22,1,1,1,0,0,G,0,0
5920,21.12.2020.,18:30:00,23,22,1,1,1,0,0,G,0,0
5921,21.12.2020.,18:35:00,23,22,1,1,1,0,0,G,0,0
5922,21.12.2020.,18:40:00,23,22,1,1,1,0,0,G,0,0
5923,21.12.2020.,18:45:00,23,22,1,1,1,0,0,G,0,0
5924,21.12.2020.,18:50:00,23,22,1,1,1,0,0,G,0,0
5925,21.12.2020.,18:55:00,23,22,1,1,1,0,0,G,0,0
5926,21.12.2020.,19:00:00,23,22,1,1,1,0,0,G,0,0
5927,21.12.2020.,19:05:00,23,22,1,1,1,0,0,G,0,0
5928,21.12.2020.,19:10:00,23,22,1,1,1,0,0,G,0,0
5929,21.12.2020.,19:15:00,23,22,1,1,1,0,0,G,0,0
5930,21.12.2020.,19:20:00,23,22,1,1,1,0,0,G,0,0
5931,21.12.2020.,19:25:00,23,22,1,1,1,0,0,G,0,0
5932,21.12.2020.,19:30:00,23,22,1,1,1,0,0,G,0,0
5933,21.12.2020.,19:35:00,23,22,1,1,1,0,0,G,0,0
5934,21.12.2020.,19:40:00,23,22,1,1,1,0,0,G,0,0
5935,21.12.2020.,19:45:00,23,22,1,1,1,0,0,G,0,0
5936,21.12.2020.,19:50:00,23,22,1,1,1,0,0,G,0,0
5937,21.12.2020.,19:55:00,23,22,1,1,1,0,0,G,0,0
5938,21.12.2020.,20:00:00,23,22,1,1,1,0,0,G,0,0
5939,21.12.2020.,20:05:00,23,22,1,1,1,0,0,G,0,0
5940,21.12.2020.,20:10:00,23,22,1,1,1,0,0,G,0,0
5941,21.12.2020.,20:15:00,23,22,1,1,1,0,0,G,0,0
5942,21.12.2020.,20:20:00,23,22,1,1,1,0,0,G,0,0
5943,21.12.2020.,20:25:00,23,22,1,1,1,0,0,G,0,0
5944,21.12.2020.,20:30:00,23,22,1,1,1,0,0,G,0,0
5945,21.12.2020.,20:35:00,23,22,1,1,1,0,0,G,0,0
5946,21.12.2020.,20:40:00,23,22,1,1,1,0,0,G,0,0
5947,21.12.2020.,20:45:00,23,22,1,1,1,0,0,G,0,0
5948,21.12.2020.,20:50:00,23,22,1,1,1,0,0,G,0,0
5949,21.12.2020.,20:55:00,23,22,1,1,1,0,0,G,0,0
5950,21.12.2020.,21:00:00,23,22,1,1,1,0,0,G,0,0
5951,21.12.2020.,21:05:00,23,22,1,1,1,0,0,G,0,0
5952,21.12.2020.,21:10:00,23,22,1,1,1,0,0,G,0,0
5953,21.12.2020.,21:15:00,23,22,1,1,1,0,0,G,0,0
5954,21.12.2020.,21:20:00,23,22,1,1,1,0,0,G,0,0
5955,21.12.2020.,21:25:00,23,22,1,1,1,0,0,G,0,0
5956,21.12.2020.,21:30:00,23,22,1,1,1,0,0,G,0,0
5957,21.12.2020.,21:35:00,23,22,1,1,1,0,0,G,0,0
5958,21.12.2020.,21:40:00,23,22,1,1,1,0,0,G,0,0
5959,21.12.2020.,21:45:00,23,22,1,1,1,0,0,G,0,0
5960,21.12.2020.,21:50:00,23,22,1,1,1,0,0,G,0,0
5961,21.12.2020.,21:55:00,23,22,1,1,1,0,0,G,0,0
5962,21.12.2020.,22:00:00,23,22,1,1,1,0,0,G,0,0
5963,21.12.2020.,22:05:00,23,22,1,1,1,0,0,G,0,0
5964,21.12.2020.,22:10:00,23,22,1,1,1,0,0,G,0,0
5965,21.12.2020.,22:15:00,23,22,1,1,1,0,0,G,0,0
5966,21.12.2020.,22:20:00,23,22,1,1,1,0,0,G,0,0
5967,21.12.2020.,22:25:00,23,22,1,1,1,0,0,G,0,0
5968,21.12.2020.,22:30:00,23,22,1,1,1,0,0,G,0,0
5969,21.12.2020.,22:35:00,23,22,1,1,1,0,0,G,0,0
5970,21.12.2020.,22:40:00,23,22,1,1,1,0,0,G,0,0
5971,21.12.2020.,22:45:00,23,22,1,1,1,0,0,G,0,0
5972,21.12.2020.,22:50:00,23,22,1,1,1,0,0,G,0,0
5973,21.12.2020.,22:55:00,23,22,1,1,1,0,0,G,0,0
5974,21.12.2020.,23:00:00,23,22,1,1,1,0,0,G,0,0
5975,21.12.2020.,23:05:00,23,22,1,1,1,0,0,G,0,0
5976,21.12.2020.,23:10:00,23,22,1,1,1,0,0,G,0,0
5977,21.12.2020.,23:15:00,23,22,1,1,1,0,0,G,0,0
5978,21.12.2020.,23:20:00,23,22,1,1,1,0,0,G,0,0
5979,21.12.2020.,23:25:00,23,22,1,1,1,0,0,G,0,0
5980,21.12.2020.,23:30:00,23,22,1,1,1,0,0,G,0,0
5981,21.12.2020.,23:35:00,23,22,1,1,1,0,0,G,0,0
5982,21.12.2020.,23:40:00,23,22,1,1,1,0,0,G,0,0
5983,21.12.2020.,23:45:00,23,22,1,1,1,0,0,G,0,0
5984,21.12.2020.,23:50:00,23,22,1,1,1,0,0,G,0,0
5985,21.12.2020.,23:55:00,23,22,1,1,1,0,0,G,0,0
5986,22.12.2020.,00:00:00,23,22,1,1,1,0,0,G,0,0
5987,22.12.2020.,00:05:00,23,22,1,1,1,0,0,G,0,0
5988,22.12.2020.,00:10:00,23,22,1,1,1,0,0,G,0,0
5989,22.12.2020.,00:15:00,23,22,1,1,1,0,0,G,0,0
5990,22.12.2020.,00:20:00,23,22,1,1,1,0,0,G,0,0
5991,22.12.2020.,00:25:00,23,22,1,1,1,0,0,G,0,0
5992,22.12.2020.,00:30:00,23,22,1,1,1,0,0,G,0,0
5993,22.12.2020.,00:35:00,23,22,1,1,1,0,0,G,0,0
5994,22.12.2020.,00:40:00,23,22,1,1,1,0,0,G,0,0
5995,22.12.2020.,00:45:00,23,22,1,1,1,0,0,G,0,0
5996,22.12.2020.,00:50:00,23,22,1,1,1,0,0,G,0,0
5997,22.12.2020.,00:55:00,23,22,1,1,1,0,0,G,0,0
5998,22.12.2020.,01:00:00,23,22,1,1,1,0,0,G,0,0
5999,22.12.2020.,01:05:00,23,22,1,1,1,0,0,G,0,0
6000,22.12.2020.,01:10:00,23,22,1,1,1,0,0,G,0,0
6001,22.12.2020.,01:15:00,23,22,1,1,1,0,0,G,0,0
6002,22.12.2020.,01:20:00,23,22,1,1,1,0,0,G,0,0
6003,22.12.2020.,01:25:00,23,22,1,1,1,0,0,G,0,0
6004,22.12.2020.,01:30:00,23,22,1,1,1,0,0,G,0,0
6005,22.12.2020.,01:35:00,23,22,1,1,1,0,0,G,0,0
6006,22.12.2020.,01:40:00,23,22,1,1,1,0,0,G,0,0
6007,22.12.2020.,01:45:00,23,22,1,1,1,0,0,G,0,0
6008,22.12.2020.,01:50:00,23,22,1,1,1,0,0,G,0,0
6009,22.12.2020.,01:55:00,23,22,1,1,1,0,0,G,0,0
6010,22.12.2020.,02:00:00,23,22,1,1,1,0,0,G,0,0
6011,22.12.2020.,02:05:00,23,22,1,1,1,0,0,G,0,0
6012,22.12.2020.,02:10:00,23,22,1,1,1,0,0,G,0,0
6013,22.12.2020.,02:15:00,23,22,1,1,1,0,0,G,0,0
6014,22.12.2020.,02:20:00,23,22,1,1,1,0,0,G,0,0
6015,22.12.2020.,02:25:00,23,22,1,1,1,0,0,G,0,0
6016,22.12.2020.,02:30:00,23,22,1,1,1,0,0,G,0,0
6017,22.12.2020.,02:35:00,23,22,1,1,1,0,0,G,0,0
6018,22.12.2020.,02:40:00,23,22,1,1,1,0,0,G,0,0
6019,22.12.2020.,02:45:00,23,22,1,1,1,0,0,G,0,0
6020,22.12.2020.,02:50:00,23,22,1,1,1,0,0,G,0,0
6021,22.12.2020.,02:55:00,23,22,1,1,1,0,0,G,0,0
6022,22.12.2020.,03:00:00,23,22,1,1,1,0,0,G,0,0
6023,22.12.2020.,03:05:00,23,22,1,1,1,0,0,G,0,0
6024,22.12.2020.,03:10:00,23,22,1,1,1,0,0,G,0,0
6025,22.12.2020.,03:15:00,23,22,1,1,1,0,0,G,0,0
6026,22.12.2020.,03:20:00,23,22,1,1,1,0,0,G,0,0
6027,22.12.2020.,03:25:00,23,22,1,1,1,0,0,G,0,0
6028,22.12.2020.,03:30:00,23,22,1,1,1,0,0,G,0,0
6029,22.12.2020.,03:35:00,23,22,1,1,1,0,0,G,0,0
6030,22.12.2020.,03:40:00,23,22,1,1,1,0,0,G,0,0
6031,22.12.2020.,03:45:00,23,22,1,1,1,0,0,G,0,0
6032,22.12.2020.,03:50:00,23,22,1,1,1,0,0,G,0,0
6033,22.12.2020.,03:55:00,23,22,1,1,1,0,0,G,0,0
6034,22.12.2020.,04:00:00,23,22,1,1,1,0,0,G,0,0
6035,22.12.2020.,04:05:00,23,22,1,1,1,0,0,G,0,0
6036,22.12.2020.,04:10:00,23,22,1,1,1,0,0,G,0,0
6037,22.12.2020.,04:15:00,23,22,1,1,1,0,0,G,0,0
6038,22.12.2020.,04:20:00,23,22,1,1,1,0,0,G,0,0
6039,22.12.2020.,04:25:00,23,22,1,1,1,0,0,G,0,0
6040,22.12.2020.,04:30:00,23,22,1,1,1,0,0,G,0,0
6041,22.12.2020.,04:35:00,23,22,1,1,1,0,0,G,0,0
6042,22.12.2020.,04:40:00,23,22,1,1,1,0,0,G,0,0
6043,22.12.2020.,04:45:00,23,22,1,1,1,0,0,G,0,0
6044,22.12.2020.,04:50:00,23,22,1,1,1,0,0,G,0,0
6045,22.12.2020.,04:55:00,23,22,1,1,1,0,0,G,0,0
6046,22.12.2020.,05:00:00,23,22,1,1,1,0,0,G,0,0
6047,22.12.2020.,05:05:00,23,22,1,1,1,0,0,G,0,0
6048,22.12.2020.,05:10:00,23,22,1,1,1,0,0,G,0,0
6049,22.12.2020.,05:15:00,23,22,1,1,1,0,0,G,0,0
6050,22.12.2020.,05:20:00,23,22,1,1,1,0,0,G,0,0
6051,22.12.2020.,05:25:00,23,22,1,1,1,0,0,G,0,0
6052,22.12.2020.,05:30:00,23,22,1,1,1,0,0,G,0,0
6053,22.12.2020.,05:35:00,23,22,1,1,1,0,0,G,0,0
6054,22.12.2020.,05:40:00,23,22,1,1,1,0,0,G,0,0
6055,22.12.2020.,05:45:00,23,22,1,1,1,0,0,G,0,0
6056,22.12.2020.,05:50:00,23,22,1,1,1,0,0,G,0,0
6057,22.12.2020.,05:55:00,23,22,1,1,1,0,0,G,0,0
6058,22.12.2020.,06:00:00,23,22,1,1,1,0,0,G,0,0
6059,22.12.2020.,06:05:00,23,22,1,1,1,0,0,G,0,0
6060,22.12.2020.,06:10:00,23,22,1,1,1,0,0,G,0,0
6061,22.12.2020.,06:15:00,23,22,1,1,1,0,0,G,0,0
6062,22.12.2020.,06:20:00,23,22,1,1,1,0,0,G,0,0
6063,22.12.2020.,06:25:00,23,22,1,1,1,0,0,G,0,0
6064,22.12.2020.,06:30:00,23,22,1,1,1,0,0,G,0,0
6065,22.12.2020.,06:35:00,23,22,1,1,1,0,0,G,0,0
6066,22.12.2020.,06:40:00,23,22,1,1,1,0,0,G,0,0
6067,22.12.2020.,06:45:00,23,22,1,1,1,0,0,G,0,0
6068,22.12.2020.,06:50:00,23,22,1,1,1,0,0,G,0,0
6069,22.12.2020.,06:55:00,23,22,1,1,1,0,0,G,0,0
6070,22.12.2020.,07:00:00,23,22,1,1,1,0,0,G,0,0
6071,22.12.2020.,07:05:00,23,22,1,1,1,0,0,G,0,0
6072,22.12.2020.,07:10:00,23,22,1,1,1,0,0,G,0,0
6073,22.12.2020.,07:15:00,23,22,1,1,1,0,0,G,0,0
6074,22.12.2020.,07:20:00,23,22,1,1,1,0,0,G,0,0
6075,22.12.2020.,07:25:00,23,22,1,1,1,0,0,G,0,0
6076,22.12.2020.,07:30:00,23,22,1,1,1,0,0,G,0,0
6077,22.12.2020.,07:35:00,23,22,1,1,1,0,0,G,0,0
6078,22.12.2020.,07:40:00,23,22,1,1,1,0,0,G,0,0
6079,22.12.2020.,07:45:00,23,22,1,1,1,0,0,G,0,0
6080,22.12.2020.,07:50:00,23,22,1,1,1,0,0,G,0,0
6081,22.12.2020.,07:55:00,23,22,1,1,1,0,0,G,0,0
6082,22.12.2020.,08:00:00,23,22,1,1,1,0,0,G,0,0
6083,22.12.2020.,08:05:00,23,22,1,1,1,0,0,G,0,0
6084,22.12.2020.,08:10:00,23,22,1,1,1,0,0,G,0,0
6085,22.12.2020.,08:15:00,23,22,1,1,1,0,0,G,0,0
6086,22.12.2020.,08:20:00,23,22,1,1,1,0,0,G,0,0
6087,22.12.2020.,08:25:00,23,22,1,1,1,0,0,G,0,0
6088,22.12.2020.,08:30:00,23,22,1,1,1,0,0,G,0,0
6089,22.12.2020.,08:35:00,23,22,1,1,1,0,0,G,0,0
6090,22.12.2020.,08:40:00,23,22,1,1,1,0,0,G,0,0
6091,22.12.2020.,08:45:00,23,22,1,1,1,0,0,G,0,0
6092,22.12.2020.,08:50:00,23,22,1,1,1,0,0,G,0,0
6093,22.12.2020.,08:55:00,23,22,1,1,1,0,0,G,0,0
6094,22.12.2020.,09:00:00,23,22,1,1,1,0,0,G,0,0
6095,22.12.2020.,09:05:00,23,22,1,1,1,0,0,G,0,0
6096,22.12.2020.,09:10:00,23,22,1,1,1,0,0,G,0,0
6097,22.12.2020.,09:15:00,23,22,1,1,1,0,0,G,0,0
6098,22.12.2020.,09:20:00,23,22,1,1,1,0,0,G,0,0
6099,22.12.2020.,09:25:00,23,22,1,1,1,0,0,G,0,0
6100,22.12.2020.,09:30:00,23,22,1,1,1,0,0,G,0,0
6101,22.12.2020.,09:35:00,23,22,1,1,1,0,0,G,0,0
6102,22.12.2020.,09:40:00,23,22,1,1,1,0,0,G,0,0
6103,22.12.2020.,09:45:00,23,22,1,1,1,0,0,G,0,0
6104,22.12.2020.,09:50:00,23,22,1,1,1,0,0,G,0,0
6105,22.12.2020.,09:55:00,23,22,1,1,1,0,0,G,0,0
6106,22.12.2020.,10:00:00,23,22,1,1,1,0,0,G,0,0
6107,22.12.2020.,10:05:00,23,22,1,1,1,0,0,G,0,0
6108,22.12.2020.,10:10:00,23,22,1,1,1,0,0,G,0,0
6109,22.12.2020.,10:15:00,23,22,1,1,1,0,0,G,0,0
6110,22.12.2020.,10:20:00,23,22,1,1,1,0,0,G,0,0
6111,22.12.2020.,10:25:00,23,22,1,1,1,0,0,G,0,0
6112,22.12.2020.,10:30:00,23,22,1,1,1,0,0,G,0,0
6113,22.12.2020.,10:35:00,23,22,1,1,1,0,0,G,0,0
6114,22.12.2020.,10:40:00,23,22,1,1,1,0,0,G,0,0
6115,22.12.2020.,10:45:00,23,22,1,1,1,0,0,G,0,0
6116,22.12.2020.,10:50:00,23,22,1,1,1,0,0,G,0,0
6117,22.12.2020.,10:55:00,23,22,1,1,1,0,0,G,0,0
6118,22.12.2020.,11:00:00,23,22,1,1,1,0,0,G,0,0
6119,22.12.2020.,11:05:00,23,22,1,1,1,0,0,G,0,0
6120,22.12.2020.,11:10:00,23,22,1,1,1,0,0,G,0,0
6121,22.12.2020.,11:15:00,23,22,1,1,1,0,0,G,0,0
6122,22.12.2020.,11:20:00,23,22,1,1,1,0,0,G,0,0
6123,22.12.2020.,11:25:00,23,22,1,1,1,0,0,G,0,0
6124,22.12.2020.,11:30:00,23,22,1,1,1,0,0,G,0,0
6125,22.12.2020.,11:35:00,23,22,1,1,1,0,0,G,0,0
6126,22.12.2020.,11:40:00,23,22,1,1,1,0,0,G,0,0
6127,22.12.2020.,11:45:00,23,22,1,1,1,0,0,G,0,0
6128,22.12.2020.,11:50:00,23,22,1,1,1,0,0,G,0,0
6129,22.12.2020.,11:55:00,23,22,1,1,1,0,0,G,0,0
6130,22.12.2020.,12:00:00,23,22,1,1,1,0,0,G,0,0
6131,22.12.2020.,12:05:00,23,22,1,1,1,0,0,G,0,0
6132,22.12.2020.,12:10:00,23,22,1,1,1,0,0,G,0,0
6133,22.12.2020.,12:15:00,23,22,1,1,1,0,0,G,0,0
6134,22.12.2020.,12:20:00,23,22,1,1,1,0,0,G,0,0
6135,22.12.2020.,12:25:00,23,22,1,1,1,0,0,G,0,0
6136,22.12.2020.,12:30:00,23,22,1,1,1,0,0,G,0,0
6137,22.12.2020.,12:35:00,23,22,1,1,1,0,0,G,0,0
6138,22.12.2020.,12:40:00,23,22,1,1,1,0,0,G,0,0
6139,22.12.2020.,12:45:00,23,22,1,1,1,0,0,G,0,0
6140,22.12.2020.,12:50:00,23,22,1,1,1,0,0,G,0,0
6141,22.12.2020.,12:55:00,23,22,1,1,1,0,0,G,0,0
6142,22.12.2020.,13:00:00,23,22,1,1,1,0,0,G,0,0
6143,22.12.2020.,13:05:00,23,22,1,1,1,0,0,G,0,0
6144,22.12.2020.,13:10:00,23,22,1,1,1,0,0,G,0,0
6145,22.12.2020.,13:15:00,23,22,1,1,1,0,0,G,0,0
6146,22.12.2020.,13:20:00,23,22,1,1,1,0,0,G,0,0
6147,22.12.2020.,13:25:00,23,22,1,1,1,0,0,G,0,0
6148,22.12.2020.,13:30:00,23,22,1,1,1,0,0,G,0,0
6149,22.12.2020.,13:35:00,23,22,1,1,1,0,0,G,0,0
6150,22.12.2020.,13:40:00,23,22,1,1,1,0,0,G,0,0
6151,22.12.2020.,13:45:00,23,22,1,1,1,0,0,G,0,0
6152,22.12.2020.,13:50:00,23,22,1,1,1,0,0,G,0,0
6153,22.12.2020.,13:55:00,23,22,1,1,1,0,0,G,0,0
6154,22.12.2020.,14:00:00,23,22,1,1,1,0,0,G,0,0
6155,22.12.2020.,14:05:00,23,22,1,1,1,0,0,G,0,0
6156,22.12.2020.,14:10:00,23,22,1,1,1,0,0,G,0,0
6157,22.12.2020.,14:15:00,23,22,1,1,1,0,0,G,0,0
6158,22.12.2020.,14:20:00,23,22,1,1,1,0,0,G,0,0
6159,22.12.2020.,14:25:00,23,22,1,1,1,0,0,G,0,0
6160,22.12.2020.,14:30:00,23,22,1,1,1,0,0,G,0,0
6161,22.12.2020.,14:35:00,23,22,1,1,1,0,0,G,0,0
6162,22.12.2020.,14:40:00,23,22,1,1,1,0,0,G,0,0
6163,22.12.2020.,14:45:00,23,22,1,1,1,0,0,G,0,0
6164,22.12.2020.,14:50:00,23,22,1,1,1,0,0,G,0,0
6165,22.12.2020.,14:55:00,23,22,1,1,1,0,0,G,0,0
6166,22.12.2020.,15:00:00,23,22,1,1,1,0,0,G,0,0
6167,22.12.2020.,15:05:00,23,22,1,1,1,0,0,G,0,0
6168,22.12.2020.,15:10:00,23,22,1,1,1,0,0,G,0,0
6169,22.12.2020.,15:15:00,23,22,1,1,1,0,0,G,0,0
6170,22.12.2020.,15:20:00,23,22,1,1,1,0,0,G,0,0
6171,22.12.2020.,15:25:00,23,22,1,1,1,0,0,G,0,0
6172,22.12.2020.,15:30:00,23,22,1,1,1,0,0,G,0,0
6173,22.12.2020.,15:35:00,23,22,1,1,1,0,0,G,0,0
6174,22.12.2020.,15:40:00,23,22,1,1,1,0,0,G,0,0
6175,22.12.2020.,15:45:00,23,22,1,1,1,0,0,G,0,0
6176,22.12.2020.,15:50:00,23,22,1,1,1,0,0,G,0,0
6177,22.12.2020.,15:55:00,23,22,1,1,1,0,0,G,0,0
6178,22.12.2020.,16:00:00,23,22,1,1,1,0,0,G,0,0
6179,22.12.2020.,16:05:00,23,22,1,1,1,0,0,G,0,0
6180,22.12.2020.,16:10:00,23,22,1,1,1,0,0,G,0,0
6181,22.12.2020.,16:15:00,23,22,1,1,1,0,0,G,0,0
6182,22.12.2020.,16:20:00,23,22,1,1,1,0,0,G,0,0
6183,22.12.2020.,16:25:00,23,22,1,1,1,0,0,G,0,0
6184,22.12.2020.,16:30:00,23,22,1,1,1,0,0,G,0,0
6185,22.12.2020.,16:35:00,23,22,1,1,1,0,0,G,0,0
6186,22.12.2020.,16:40:00,23,22,1,1,1,0,0,G,0,0
6187,22.12.2020.,16:45:00,23,22,1,1,1,0,0,G,0,0
6188,22.12.2020.,16:50:00,23,22,1,1,1,0,0,G,0,0
6189,22.12.2020.,16:55:00,23,22,1,1,1,0,0,G,0,0
6190,22.12.2020.,17:00:00,23,22,1,1,1,0,0,G,0,0
6191,22.12.2020.,17:05:00,23,22,1,1,1,0,0,G,0,0
6192,22.12.2020.,17:10:00,23,22,1,1,1,0,0,G,0,0
6193,22.12.2020.,17:15:00,23,22,1,1,1,0,0,G,0,0
6194,22.12.2020.,17:20:00,23,22,1,1,1,0,0,G,0,0
6195,22.12.2020.,17:25:00,23,22,1,1,1,0,0,G,0,0
6196,22.12.2020.,17:30:00,23,22,1,1,1,0,0,G,0,0
6197,22.12.2020.,17:35:00,23,22,1,1,1,0,0,G,0,0
6198,22.12.2020.,17:40:00,23,22,1,1,1,0,0,G,0,0
6199,22.12.2020.,17:45:00,23,22,1,1,1,0,0,G,0,0
6200,22.12.2020.,17:50:00,23,22,1,1,1,0,0,G,0,0
6201,22.12.2020.,17:55:00,23,22,1,1,1,0,0,G,0,0
6202,22.12.2020.,18:00:00,23,22,1,1,1,0,0,G,0,0
6203,22.12.2020.,18:05:00,23,22,1,1,1,0,0,G,0,0
6204,22.12.2020.,18:10:00,23,22,1,1,1,0,0,G,0,0
6205,22.12.2020.,18:15:00,23,22,1,1,1,0,0,G,0,0
6206,22.12.2020.,18:20:00,23,22,1,1,1,0,0,G,0,0
6207,22.12.2020.,18:25:00,23,22,1,1,1,0,0,G,0,0
6208,22.12.2020.,18:30:00,23,22,1,1,1,0,0,G,0,0
6209,22.12.2020.,18:35:00,23,22,1,1,1,0,0,G,0,0
6210,22.12.2020.,18:40:00,23,22,1,1,1,0,0,G,0,0
6211,22.12.2020.,18:45:00,23,22,1,1,1,0,0,G,0,0
6212,22.12.2020.,18:50:00,23,22,1,1,1,0,0,G,0,0
6213,22.12.2020.,18:55:00,23,22,1,1,1,0,0,G,0,0
6214,22.12.2020.,19:00:00,23,22,1,1,1,0,0,G,0,0
6215,22.12.2020.,19:05:00,23,22,1,1,1,0,0,G,0,0
6216,22.12.2020.,19:10:00,23,22,1,1,1,0,0,G,0,0
6217,22.12.2020.,19:15:00,23,22,1,1,1,0,0,G,0,0
6218,22.12.2020.,19:20:00,23,22,1,1,1,0,0,G,0,0
6219,22.12.2020.,19:25:00,23,22,1,1,1,0,0,G,0,0
6220,22.12.2020.,19:30:00,23,22,1,1,1,0,0,G,0,0
6221,22.12.2020.,19:35:00,23,22,1,1,1,0,0,G,0,0
6222,22.12.2020.,19:40:00,23,22,1,1,1,0,0,G,0,0
6223,22.12.2020.,19:45:00,23,22,1,1,1,0,0,G,0,0
6224,22.12.2020.,19:50:00,23,22,1,1,1,0,0,G,0,0
6225,22.12.2020.,19:55:00,23,22,1,1,1,0,0,G,0,0
6226,22.12.2020.,20:00:00,23,22,1,1,1,0,0,G,0,0
6227,22.12.2020.,20:05:00,23,22,1,1,1,0,0,G,0,0
6228,22.12.2020.,20:10:00,23,22,1,1,1,0,0,G,0,0
6229,22.12.2020.,20:15:00,23,22,1,1,1,0,0,G,0,0
6230,22.12.2020.,20:20:00,23,22,1,1,1,0,0,G,0,0
6231,22.12.2020.,20:25:00,23,22,1,1,1,0,0,G,0,0
6232,22.12.2020.,20:30:00,23,22,1,1,1,0,0,G,0,0
6233,22.12.2020.,20:35:00,23,22,1,1,1,0,0,G,0,0
6234,22.12.2020.,20:40:00,23,22,1,1,1,0,0,G,0,0
6235,22.12.2020.,20:45:00,23,22,1,1,1,0,0,G,0,0
6236,22.12.2020.,20:50:00,23,22,1,1,1,0,0,G,0,0
6237,22.12.2020.,20:55:00,23,22,1,1,1,0,0,G,0,0
6238,22.12.2020.,21:00:00,23,22,1,1,1,0,0,G,0,0
6239,22.12.2020.,21:05:00,23,22,1,1,1,0,0,G,0,0
6240,22.12.2020.,21:10:00,23,22,1,1,1,0,0,G,0,0
6241,22.12.2020.,21:15:00,23,22,1,1,1,0,0,G,0,0
6242,22.12.2020.,21:20:00,23,22,1,1,1,0,0,G,0,0
6243,22.12.2020.,21:25:00,23,22,1,1,1,0,0,G,0,0
6244,22.12.2020.,21:30:00,23,22,1,1,1,0,0,G,0,0
6245,22.12.2020.,21:35:00,23,22,1,1,1,0,0,G,0,0
6246,22.12.2020.,21:40:00,23,22,1,1,1,0,0,G,0,0
6247,22.12.2020.,21:45:00,23,22,1,1,1,0,0,G,0,0
6248,22.12.2020.,21:50:00,23,22,1,1,1,0,0,G,0,0
6249,22.12.2020.,21:55:00,23,22,1,1,1,0,0,G,0,0
6250,22.12.2020.,22:00:00,23,22,1,1,1,0,0,G,0,0
6251,22.12.2020.,22:05:00,23,22,1,1,1,0,0,G,0,0
6252,22.12.2020.,22:10:00,23,22,1,1,1,0,0,G,0,0
6253,22.12.2020.,22:15:00,23,22,1,1,1,0,0,G,0,0
6254,22.12.2020.,22:20:00,23,22,1,1,1,0,0,G,0,0
6255,22.12.2020.,22:25:00,23,22,1,1,1,0,0,G,0,0
6256,22.12.2020.,22:30:00,23,22,1,1,1,0,0,G,0,0
6257,22.12.2020.,22:35:00,23,22,1,1,1,0,0,G,0,0
6258,22.12.2020.,22:40:00,23,22,1,1,1,0,0,G,0,0
6259,22.12.2020.,22:45:00,23,22,1,1,1,0,0,G,0,0
6260,22.12.2020.,22:50:00,23,22,1,1,1,0,0,G,0,0
6261,22.12.2020.,22:55:00,23,22,1,1,1,0,0,G,0,0
6262,22.12.2020.,23:00:00,23,22,1,1,1,0,0,G,0,0
6263,22.12.2020.,23:05:00,23,22,1,1,1,0,0,G,0,0
6264,22.12.2020.,23:10:00,23,22,1,1,1,0,0,G,0,0
6265,22.12.2020.,23:15:00,23,22,1,1,1,0,0,G,0,0
6266,22.12.2020.,23:20:00,23,22,1,1,1,0,0,G,0,0
6267,22.12.2020.,23:25:00,23,22,1,1,1,0,0,G,0,0
6268,22.12.2020.,23:30:00,23,22,1,1,1,0,0,G,0,0
6269,22.12.2020.,23:35:00,23,22,1,1,1,0,0,G,0,0
6270,22.12.2020.,23:40:00,23,22,1,1,1,0,0,G,0,0
6271,22.12.2020.,23:45:00,23,22,1,1,1,0,0,G,0,0
6272,22.12.2020.,23:50:00,23,22,1,1,1,0,0,G,0,0
6273,22.12.2020.,23:55:00,23,22,1,1,1,0,0,G,0,0
6274,23.12.2020.,00:00:00,23,22,1,1,1,0,0,G,0,0
6275,23.12.2020.,00:05:00,23,22,1,1,1,0,0,G,0,0
6276,23.12.2020.,00:10:00,23,22,1,1,1,0,0,G,0,0
6277,23.12.2020.,00:15:00,23,22,1,1,1,0,0,G,0,0
6278,23.12.2020.,00:20:00,23,22,1,1,1,0,0,G,0,0
6279,23.12.2020.,00:25:00,23,22,1,1,1,0,0,G,0,0
6280,23.12.2020.,00:30:00,23,22,1,1,1,0,0,G,0,0
6281,23.12.2020.,00:35:00,23,22,1,1,1,0,0,G,0,0
6282,23.12.2020.,00:40:00,23,22,1,1,1,0,0,G,0,0
6283,23.12.2020.,00:45:00,23,22,1,1,1,0,0,G,0,0
6284,23.12.2020.,00:50:00,23,22,1,1,1,0,0,G,0,0
6285,23.12.2020.,00:55:00,23,22,1,1,1,0,0,G,0,0
6286,23.12.2020.,01:00:00,23,22,1,1,1,0,0,G,0,0
6287,23.12.2020.,01:05:00,23,22,1,1,1,0,0,G,0,0
6288,23.12.2020.,01:10:00,23,22,1,1,1,0,0,G,0,0
6289,23.12.2020.,01:15:00,23,22,1,1,1,0,0,G,0,0
6290,23.12.2020.,01:20:00,23,22,1,1,1,0,0,G,0,0
6291,23.12.2020.,01:25:00,23,22,1,1,1,0,0,G,0,0
6292,23.12.2020.,01:30:00,23,22,1,1,1,0,0,G,0,0
6293,23.12.2020.,01:35:00,23,22,1,1,1,0,0,G,0,0
6294,23.12.2020.,01:40:00,23,22,1,1,1,0,0,G,0,0
6295,23.12.2020.,01:45:00,23,22,1,1,1,0,0,G,0,0
6296,23.12.2020.,01:50:00,23,22,1,1,1,0,0,G,0,0
6297,23.12.2020.,01:55:00,23,22,1,1,1,0,0,G,0,0
6298,23.12.2020.,02:00:00,23,22,1,1,1,0,0,G,0,0
6299,23.12.2020.,02:05:00,23,22,1,1,1,0,0,G,0,0
6300,23.12.2020.,02:10:00,23,22,1,1,1,0,0,G,0,0
6301,23.12.2020.,02:15:00,23,22,1,1,1,0,0,G,0,0
6302,23.12.2020.,02:20:00,23,22,1,1,1,0,0,G,0,0
6303,23.12.2020.,02:25:00,23,22,1,1,1,0,0,G,0,0
6304,23.12.2020.,02:30:00,23,22,1,1,1,0,0,G,0,0
6305,23.12.2020.,02:35:00,23,22,1,1,1,0,0,G,0,0
6306,23.12.2020.,02:40:00,23,22,1,1,1,0,0,G,0,0
6307,23.12.2020.,02:45:00,23,22,1,1,1,0,0,G,0,0
6308,23.12.2020.,02:50:00,23,22,1,1,1,0,0,G,0,0
6309,23.12.2020.,02:55:00,23,22,1,1,1,0,0,G,0,0
6310,23.12.2020.,03:00:00,23,22,1,1,1,0,0,G,0,0
6311,23.12.2020.,03:05:00,23,22,1,1,1,0,0,G,0,0
6312,23.12.2020.,03:10:00,23,22,1,1,1,0,0,G,0,0
6313,23.12.2020.,03:15:00,23,22,1,1,1,0,0,G,0,0
6314,23.12.2020.,03:20:00,23,22,1,1,1,0,0,G,0,0
6315,23.12.2020.,03:25:00,23,22,1,1,1,0,0,G,0,0
6316,23.12.2020.,03:30:00,23,22,1,1,1,0,0,G,0,0
6317,23.12.2020.,03:35:00,23,22,1,1,1,0,0,G,0,0
6318,23.12.2020.,03:40:00,23,22,1,1,1,0,0,G,0,0
6319,23.12.2020.,03:45:00,23,22,1,1,1,0,0,G,0,0
6320,23.12.2020.,03:50:00,23,22,1,1,1,0,0,G,0,0
6321,23.12.2020.,03:55:00,23,22,1,1,1,0,0,G,0,0
6322,23.12.2020.,04:00:00,23,22,1,1,1,0,0,G,0,0
6323,23.12.2020.,04:05:00,23,22,1,1,1,0,0,G,0,0
6324,23.12.2020.,04:10:00,23,22,1,1,1,0,0,G,0,0
6325,23.12.2020.,04:15:00,23,22,1,1,1,0,0,G,0,0
6326,23.12.2020.,04:20:00,23,22,1,1,1,0,0,G,0,0
6327,23.12.2020.,04:25:00,23,22,1,1,1,0,0,G,0,0
6328,23.12.2020.,04:30:00,23,22,1,1,1,0,0,G,0,0
6329,23.12.2020.,04:35:00,23,22,1,1,1,0,0,G,0,0
6330,23.12.2020.,04:40:00,23,22,1,1,1,0,0,G,0,0
6331,23.12.2020.,04:45:00,23,22,1,1,1,0,0,G,0,0
6332,23.12.2020.,04:50:00,23,22,1,1,1,0,0,G,0,0
6333,23.12.2020.,04:55:00,23,22,1,1,1,0,0,G,0,0
6334,23.12.2020.,05:00:00,23,22,1,1,1,0,0,G,0,0
6335,23.12.2020.,05:05:00,23,22,1,1,1,0,0,G,0,0
6336,23.12.2020.,05:10:00,23,22,1,1,1,0,0,G,0,0
6337,23.12.2020.,05:15:00,23,22,1,1,1,0,0,G,0,0
6338,23.12.2020.,05:20:00,23,22,1,1,1,0,0,G,0,0
6339,23.12.2020.,05:25:00,23,22,1,1,1,0,0,G,0,0
6340,23.12.2020.,05:30:00,23,22,1,1,1,0,0,G,0,0
6341,23.12.2020.,05:35:00,23,22,1,1,1,0,0,G,0,0
6342,23.12.2020.,05:40:00,23,22,1,1,1,0,0,G,0,0
6343,23.12.2020.,05:45:00,23,22,1,1,1,0,0,G,0,0
6344,23.12.2020.,05:50:00,23,22,1,1,1,0,0,G,0,0
6345,23.12.2020.,05:55:00,23,22,1,1,1,0,0,G,0,0
6346,23.12.2020.,06:00:00,23,22,1,1,1,0,0,G,0,0
6347,23.12.2020.,06:05:00,23,22,1,1,1,0,0,G,0,0
6348,23.12.2020.,06:10:00,23,22,1,1,1,0,0,G,0,0
6349,23.12.2020.,06:15:00,23,22,1,1,1,0,0,G,0,0
6350,23.12.2020.,06:20:00,23,22,1,1,1,0,0,G,0,0
6351,23.12.2020.,06:25:00,23,22,1,1,1,0,0,G,0,0
6352,23.12.2020.,06:30:00,23,22,1,1,1,0,0,G,0,0
6353,23.12.2020.,06:35:00,23,22,1,1,1,0,0,G,0,0
6354,23.12.2020.,06:40:00,23,22,1,1,1,0,0,G,0,0
6355,23.12.2020.,06:45:00,23,22,1,1,1,0,0,G,0,0
6356,23.12.2020.,06:50:00,23,22,1,1,1,0,0,G,0,0
6357,23.12.2020.,06:55:00,23,22,1,1,1,0,0,G,0,0
6358,23.12.2020.,07:00:00,23,22,1,1,1,0,0,G,0,0
6359,23.12.2020.,07:05:00,23,22,1,1,1,0,0,G,0,0
6360,23.12.2020.,07:10:00,23,22,1,1,1,0,0,G,0,0
6361,23.12.2020.,07:15:00,23,22,1,1,1,0,0,G,0,0
6362,23.12.2020.,07:20:00,23,22,1,1,1,0,0,G,0,0
6363,23.12.2020.,07:25:00,23,22,1,1,1,0,0,G,0,0
6364,23.12.2020.,07:30:00,23,22,1,1,1,0,0,G,0,0
6365,23.12.2020.,07:35:00,23,22,1,1,1,0,0,G,0,0
6366,23.12.2020.,07:40:00,23,22,1,1,1,0,0,G,0,0
6367,23.12.2020.,07:45:00,23,22,1,1,1,0,0,G,0,0
6368,23.12.2020.,07:50:00,23,22,1,1,1,0,0,G,0,0
6369,23.12.2020.,07:55:00,23,22,1,1,1,0,0,G,0,0
6370,23.12.2020.,08:00:00,23,22,1,1,1,0,0,G,0,0
6371,23.12.2020.,08:05:00,23,22,1,1,1,0,0,G,0,0
6372,23.12.2020.,08:10:00,23,22,1,1,1,0,0,G,0,0
6373,23.12.2020.,08:15:00,23,22,1,1,1,0,0,G,0,0
6374,23.12.2020.,08:20:00,23,22,1,1,1,0,0,G,0,0
6375,23.12.2020.,08:25:00,23,22,1,1,1,0,0,G,0,0
6376,23.12.2020.,08:30:00,23,22,1,1,1,0,0,G,0,0
6377,23.12.2020.,08:35:00,23,22,1,1,1,0,0,G,0,0
6378,23.12.2020.,08:40:00,23,22,1,1,1,0,0,G,0,0
6379,23.12.2020.,08:45:00,23,22,1,1,1,0,0,G,0,0
6380,23.12.2020.,08:50:00,23,22,1,1,1,0,0,G,0,0
6381,23.12.2020.,08:55:00,23,22,1,1,1,0,0,G,0,0
6382,23.12.2020.,09:00:00,23,22,1,1,1,0,0,G,0,0
6383,23.12.2020.,09:05:00,23,22,1,1,1,0,0,G,0,0
6384,23.12.2020.,09:10:00,23,22,1,1,1,0,0,G,0,0
6385,23.12.2020.,09:15:00,23,22,1,1,1,0,0,G,0,0
6386,23.12.2020.,09:20:00,23,22,1,1,1,0,0,G,0,0
6387,23.12.2020.,09:25:00,23,22,1,1,1,0,0,G,0,0
6388,23.12.2020.,09:30:00,23,22,1,1,1,0,0,G,0,0
6389,23.12.2020.,09:35:00,23,22,1,1,1,0,0,G,0,0
6390,23.12.2020.,09:40:00,23,22,1,1,1,0,0,G,0,0
6391,23.12.2020.,09:45:00,23,22,1,1,1,0,0,G,0,0
6392,23.12.2020.,09:50:00,23,22,1,1,1,0,0,G,0,0
6393,23.12.2020.,09:55:00,23,22,1,1,1,0,0,G,0,0
6394,23.12.2020.,10:00:00,23,22,1,1,1,0,0,G,0,0
6395,23.12.2020.,10:05:00,23,22,1,1,1,0,0,G,0,0
6396,23.12.2020.,10:10:00,23,22,1,1,1,0,0,G,0,0
6397,23.12.2020.,10:15:00,23,22,1,1,1,0,0,G,0,0
6398,23.12.2020.,10:20:00,23,22,1,1,1,0,0,G,0,0
6399,23.12.2020.,10:25:00,23,22,1,1,1,0,0,G,0,0
6400,23.12.2020.,10:30:00,23,22,1,1,1,0,0,G,0,0
6401,23.12.2020.,10:35:00,23,22,1,1,1,0,0,G,0,0
6402,23.12.2020.,10:40:00,23,22,1,1,1,0,0,G,0,0
6403,23.12.2020.,10:45:00,23,22,1,1,1,0,0,G,0,0
6404,23.12.2020.,10:50:00,23,22,1,1,1,0,0,G,0,0
6405,23.12.2020.,10:55:00,23,22,1,1,1,0,0,G,0,0
6406,23.12.2020.,11:00:00,23,22,1,1,1,0,0,G,0,0
6407,23.12.2020.,11:05:00,23,22,1,1,1,0,0,G,0,0
6408,23.12.2020.,11:10:00,23,22,1,1,1,0,0,G,0,0
6409,23.12.2020.,11:15:00,23,22,1,1,1,0,0,G,0,0
6410,23.12.2020.,11:20:00,23,22,1,1,1,0,0,G,0,0
6411,23.12.2020.,11:25:00,23,22,1,1,1,0,0,G,0,0
6412,23.12.2020.,11:30:00,23,22,1,1,1,0,0,G,0,0
6413,23.12.2020.,11:35:00,23,22,1,1,1,0,0,G,0,0
6414,23.12.2020.,11:40:00,23,22,1,1,1,0,0,G,0,0
6415,23.12.2020.,11:45:00,23,22,1,1,1,0,0,G,0,0
6416,23.12.2020.,11:50:00,23,22,1,1,1,0,0,G,0,0
6417,23.12.2020.,11:55:00,23,22,1,1,1,0,0,G,0,0
6418,23.12.2020.,12:00:00,23,22,1,1,1,0,0,G,0,0
6419,23.12.2020.,12:05:00,23,22,1,1,1,0,0,G,0,0
6420,23.12.2020.,12:10:00,23,22,1,1,1,0,0,G,0,0
6421,23.12.2020.,12:15:00,23,22,1,1,1,0,0,G,0,0
6422,23.12.2020.,12:20:00,23,22,1,1,1,0,0,G,0,0
6423,23.12.2020.,12:25:00,23,22,1,1,1,0,0,G,0,0
6424,23.12.2020.,12:30:00,23,22,1,1,1,0,0,G,0,0
6425,23.12.2020.,12:35:00,23,22,1,1,1,0,0,G,0,0
6426,23.12.2020.,12:40:00,23,22,1,1,1,0,0,G,0,0
6427,23.12.2020.,12:45:00,23,22,1,1,1,0,0,G,0,0
6428,23.12.2020.,12:50:00,23,22,1,1,1,0,0,G,0,0
6429,23.12.2020.,12:55:00,23,22,1,1,1,0,0,G,0,0
6430,23.12.2020.,13:00:00,23,22,1,1,1,0,0,G,0,0
6431,23.12.2020.,13:05:00,23,22,1,1,1,0,0,G,0,0
6432,23.12.2020.,13:10:00,23,22,1,1,1,0,0,G,0,0
6433,23.12.2020.,13:15:00,23,22,1,1,1,0,0,G,0,0
6434,23.12.2020.,13:20:00,23,22,1,1,1,0,0,G,0,0
6435,23.12.2020.,13:25:00,23,22,1,1,1,0,0,G,0,0
6436,23.12.2020.,13:30:00,23,22,1,1,1,0,0,G,0,0
6437,23.12.2020.,13:35:00,23,22,1,1,1,0,0,G,0,0
6438,23.12.2020.,13:40:00,23,22,1,1,1,0,0,G,0,0
6439,23.12.2020.,13:45:00,23,22,1,1,1,0,0,G,0,0
6440,23.12.2020.,13:50:00,23,22,1,1,1,0,0,G,0,0
6441,23.12.2020.,13:55:00,23,22,1,1,1,0,0,G,0,0
6442,23.12.2020.,14:00:00,23,22,1,1,1,0,0,G,0,0
6443,23.12.2020.,14:05:00,23,22,1,1,1,0,0,G,0,0
6444,23.12.2020.,14:10:00,23,22,1,1,1,0,0,G,0,0
6445,23.12.2020.,14:15:00,23,22,1,1,1,0,0,G,0,0
6446,23.12.2020.,14:20:00,23,22,1,1,1,0,0,G,0,0
6447,23.12.2020.,14:25:00,23,22,1,1,1,0,0,G,0,0
6448,23.12.2020.,14:30:00,23,22,1,1,1,0,0,G,0,0
6449,23.12.2020.,14:35:00,23,22,1,1,1,0,0,G,0,0
6450,23.12.2020.,14:40:00,23,22,1,1,1,0,0,G,0,0
6451,23.12.2020.,14:45:00,23,22,1,1,1,0,0,G,0,0
6452,23.12.2020.,14:50:00,23,22,1,1,1,0,0,G,0,0
6453,23.12.2020.,14:55:00,23,22,1,1,1,0,0,G,0,0
6454,23.12.2020.,15:00:00,23,22,1,1,1,0,0,G,0,0
6455,23.12.2020.,15:05:00,23,22,1,1,1,0,0,G,0,0
6456,23.12.2020.,15:10:00,23,22,1,1,1,0,0,G,0,0
6457,23.12.2020.,15:15:00,23,22,1,1,1,0,0,G,0,0
6458,23.12.2020.,15:20:00,23,22,1,1,1,0,0,G,0,0
6459,23.12.2020.,15:25:00,23,22,1,1,1,0,0,G,0,0
6460,23.12.2020.,15:30:00,23,22,1,1,1,0,0,G,0,0
6461,23.12.2020.,15:35:00,23,22,1,1,1,0,0,G,0,0
6462,23.12.2020.,15:40:00,23,22,1,1,1,0,0,G,0,0
6463,23.12.2020.,15:45:00,23,22,1,1,1,0,0,G,0,0
6464,23.12.2020.,15:50:00,23,22,1,1,1,0,0,G,0,0
6465,23.12.2020.,15:55:00,23,22,1,1,1,0,0,G,0,0
6466,23.12.2020.,16:00:00,23,22,1,1,1,0,0,G,0,0
6467,23.12.2020.,16:05:00,23,22,1,1,1,0,0,G,0,0
6468,23.12.2020.,16:10:00,23,22,1,1,1,0,0,G,0,0
6469,23.12.2020.,16:15:00,23,22,1,1,1,0,0,G,0,0
6470,23.12.2020.,16:20:00,23,22,1,1,1,0,0,G,0,0
6471,23.12.2020.,16:25:00,23,22,1,1,1,0,0,G,0,0
6472,23.12.2020.,16:30:00,23,22,1,1,1,0,0,G,0,0
6473,23.12.2020.,16:35:00,23,22,1,1,1,0,0,G,0,0
6474,23.12.2020.,16:40:00,23,22,1,1,1,0,0,G,0,0
6475,23.12.2020.,16:45:00,23,22,1,1,1,0,0,G,0,0
6476,23.12.2020.,16:50:00,23,22,1,1,1,0,0,G,0,0
6477,23.12.2020.,16:55:00,23,22,1,1,1,0,0,G,0,0
6478,23.12.2020.,17:00:00,23,22,1,1,1,0,0,G,0,0
6479,23.12.2020.,17:05:00,23,22,1,1,1,0,0,G,0,0
6480,23.12.2020.,17:10:00,23,22,1,1,1,0,0,G,0,0
6481,23.12.2020.,17:15:00,23,22,1,1,1,0,0,G,0,0
6482,23.12.2020.,17:20:00,23,22,1,1,1,0,0,G,0,0
6483,23.12.2020.,17:25:00,23,22,1,1,1,0,0,G,0,0
6484,23.12.2020.,17:30:00,23,22,1,1,1,0,0,G,0,0
6485,23.12.2020.,17:35:00,23,22,1,1,1,0,0,G,0,0
6486,23.12.2020.,17:40:00,23,22,1,1,1,0,0,G,0,0
6487,23.12.2020.,17:45:00,23,22,1,1,1,0,0,G,0,0
6488,23.12.2020.,17:50:00,23,22,1,1,1,0,0,G,0,0
6489,23.12.2020.,17:55:00,23,22,1,1,1,0,0,G,0,0
6490,23.12.2020.,18:00:00,23,22,1,1,1,0,0,G,0,0
6491,23.12.2020.,18:05:00,23,22,1,1,1,0,0,G,0,0
6492,23.12.2020.,18:10:00,23,22,1,1,1,0,0,G,0,0
6493,23.12.2020.,18:15:00,23,22,1,1,1,0,0,G,0,0
6494,23.12.2020.,18:20:00,23,22,1,1,1,0,0,G,0,0
6495,23.12.2020.,18:25:00,23,22,1,1,1,0,0,G,0,0
6496,23.12.2020.,18:30:00,23,22,1,1,1,0,0,G,0,0
6497,23.12.2020.,18:35:00,23,22,1,1,1,0,0,G,0,0
6498,23.12.2020.,18:40:00,23,22,1,1,1,0,0,G,0,0
6499,23.12.2020.,18:45:00,23,22,1,1,1,0,0,G,0,0
6500,23.12.2020.,18:50:00,23,22,1,1,1,0,0,G,0,0
6501,23.12.2020.,18:55:00,23,22,1,1,1,0,0,G,0,0
6502,23.12.2020.,19:00:00,23,22,1,1,1,0,0,G,0,0
6503,23.12.2020.,19:05:00,23,22,1,1,1,0,0,G,0,0
6504,23.12.2020.,19:10:00,23,22,1,1,1,0,0,G,0,0
6505,23.12.2020.,19:15:00,23,22,1,1,1,0,0,G,0,0
6506,23.12.2020.,19:20:00,23,22,1,1,1,0,0,G,0,0
6507,23.12.2020.,19:25:00,23,22,1,1,1,0,0,G,0,0
6508,23.12.2020.,19:30:00,23,22,1,1,1,0,0,G,0,0
6509,23.12.2020.,19:35:00,23,22,1,1,1,0,0,G,0,0
6510,23.12.2020.,19:40:00,23,22,1,1,1,0,0,G,0,0
6511,23.12.2020.,19:45:00,23,22,1,1,1,0,0,G,0,0
6512,23.12.2020.,19:50:00,23,22,1,1,1,0,0,G,0,0
6513,23.12.2020.,19:55:00,23,22,1,1,1,0,0,G,0,0
6514,23.12.2020.,20:00:00,23,22,1,1,1,0,0,G,0,0
6515,23.12.2020.,20:05:00,23,22,1,1,1,0,0,G,0,0
6516,23.12.2020.,20:10:00,23,22,1,1,1,0,0,G,0,0
6517,23.12.2020.,20:15:00,23,22,1,1,1,0,0,G,0,0
6518,23.12.2020.,20:20:00,23,22,1,1,1,0,0,G,0,0
6519,23.12.2020.,20:25:00,23,22,1,1,1,0,0,G,0,0
6520,23.12.2020.,20:30:00,23,22,1,1,1,0,0,G,0,0
6521,23.12.2020.,20:35:00,23,22,1,1,1,0,0,G,0,0
6522,23.12.2020.,20:40:00,23,22,1,1,1,0,0,G,0,0
6523,23.12.2020.,20:45:00,23,22,1,1,1,0,0,G,0,0
6524,23.12.2020.,20:50:00,23,22,1,1,1,0,0,G,0,0
6525,23.12.2020.,20:55:00,23,22,1,1,1,0,0,G,0,0
6526,23.12.2020.,21:00:00,23,22,1,1,1,0,0,G,0,0
6527,23.12.2020.,21:05:00,23,22,1,1,1,0,0,G,0,0
6528,23.12.2020.,21:10:00,23,22,1,1,1,0,0,G,0,0
6529,23.12.2020.,21:15:00,23,22,1,1,1,0,0,G,0,0
6530,23.12.2020.,21:20:00,23,22,1,1,1,0,0,G,0,0
6531,23.12.2020.,21:25:00,23,22,1,1,1,0,0,G,0,0
6532,23.12.2020.,21:30:00,23,22,1,1,1,0,0,G,0,0
6533,23.12.2020.,21:35:00,23,22,1,1,1,0,0,G,0,0
6534,23.12.2020.,21:40:00,23,22,1,1,1,0,0,G,0,0
6535,23.12.2020.,21:45:00,23,22,1,1,1,0,0,G,0,0
6536,23.12.2020.,21:50:00,23,22,1,1,1,0,0,G,0,0
6537,23.12.2020.,21:55:00,23,22,1,1,1,0,0,G,0,0
6538,23.12.2020.,22:00:00,23,22,1,1,1,0,0,G,0,0
6539,23.12.2020.,22:05:00,23,22,1,1,1,0,0,G,0,0
6540,23.12.2020.,22:10:00,23,22,1,1,1,0,0,G,0,0
6541,23.12.2020.,22:15:00,23,22,1,1,1,0,0,G,0,0
6542,23.12.2020.,22:20:00,23,22,1,1,1,0,0,G,0,0
6543,23.12.2020.,22:25:00,23,22,1,1,1,0,0,G,0,0
6544,23.12.2020.,22:30:00,23,22,1,1,1,0,0,G,0,0
6545,23.12.2020.,22:35:00,23,22,1,1,1,0,0,G,0,0
6546,23.12.2020.,22:40:00,23,22,1,1,1,0,0,G,0,0
6547,23.12.2020.,22:45:00,23,22,1,1,1,0,0,G,0,0
6548,23.12.2020.,22:50:00,23,22,1,1,1,0,0,G,0,0
6549,23.12.2020.,22:55:00,23,22,1,1,1,0,0,G,0,0
6550,23.12.2020.,23:00:00,23,22,1,1,1,0,0,G,0,0
6551,23.12.2020.,23:05:00,23,22,1,1,1,0,0,G,0,0
6552,23.12.2020.,23:10:00,23,22,1,1,1,0,0,G,0,0
6553,23.12.2020.,23:15:00,23,22,1,1,1,0,0,G,0,0
6554,23.12.2020.,23:20:00,23,22,1,1,1,0,0,G,0,0
6555,23.12.2020.,23:25:00,23,22,1,1,1,0,0,G,0,0
6556,23.12.2020.,23:30:00,23,22,1,1,1,0,0,G,0,0
6557,23.12.2020.,23:35:00,23,22,1,1,1,0,0,G,0,0
6558,23.12.2020.,23:40:00,23,22,1,1,1,0,0,G,0,0
6559,23.12.2020.,23:45:00,23,22,1,1,1,0,0,G,0,0
6560,23.12.2020.,23:50:00,23,22,1,1,1,0,0,G,0,0
6561,23.12.2020.,23:55:00,23,22,1,1,1,0,0,G,0,0
6562,24.12.2020.,00:00:00,23,22,1,1,1,0,0,G,0,0
6563,24.12.2020.,00:05:00,23,22,1,1,1,0,0,G,0,0
6564,24.12.2020.,00:10:00,23,22,1,1,1,0,0,G,0,0
6565,24.12.2020.,00:15:00,23,22,1,1,1,0,0,G,0,0
6566,24.12.2020.,00:20:00,23,22,1,1,1,0,0,G,0,0
6567,24.12.2020.,00:25:00,23,22,1,1,1,0,0,G,0,0
6568,24.12.2020.,00:30:00,23,22,1,1,1,0,0,G,0,0
6569,24.12.2020.,00:35:00,23,22,1,1,1,0,0,G,0,0
6570,24.12.2020.,00:40:00,23,22,1,1,1,0,0,G,0,0
6571,24.12.2020.,00:45:00,23,22,1,1,1,0,0,G,0,0
6572,24.12.2020.,00:50:00,23,22,1,1,1,0,0,G,0,0
6573,24.12.2020.,00:55:00,23,22,1,1,1,0,0,G,0,0
6574,24.12.2020.,01:00:00,23,22,1,1,1,0,0,G,0,0
6575,24.12.2020.,01:05:00,23,22,1,1,1,0,0,G,0,0
6576,24.12.2020.,01:10:00,23,22,1,1,1,0,0,G,0,0
6577,24.12.2020.,01:15:00,23,22,1,1,1,0,0,G,0,0
6578,24.12.2020.,01:20:00,23,22,1,1,1,0,0,G,0,0
6579,24.12.2020.,01:25:00,23,22,1,1,1,0,0,G,0,0
6580,24.12.2020.,01:30:00,23,22,1,1,1,0,0,G,0,0
6581,24.12.2020.,01:35:00,23,22,1,1,1,0,0,G,0,0
6582,24.12.2020.,01:40:00,23,22,1,1,1,0,0,G,0,0
6583,24.12.2020.,01:45:00,23,22,1,1,1,0,0,G,0,0
6584,24.12.2020.,01:50:00,23,22,1,1,1,0,0,G,0,0
6585,24.12.2020.,01:55:00,23,22,1,1,1,0,0,G,0,0
6586,24.12.2020.,02:00:00,23,22,1,1,1,0,0,G,0,0
6587,24.12.2020.,02:05:00,23,22,1,1,1,0,0,G,0,0
6588,24.12.2020.,02:10:00,23,22,1,1,1,0,0,G,0,0
6589,24.12.2020.,02:15:00,23,22,1,1,1,0,0,G,0,0
6590,24.12.2020.,02:20:00,23,22,1,1,1,0,0,G,0,0
6591,24.12.2020.,02:25:00,23,22,1,1,1,0,0,G,0,0
6592,24.12.2020.,02:30:00,23,22,1,1,1,0,0,G,0,0
6593,24.12.2020.,02:35:00,23,22,1,1,1,0,0,G,0,0
6594,24.12.2020.,02:40:00,23,22,1,1,1,0,0,G,0,0
6595,24.12.2020.,02:45:00,23,22,1,1,1,0,0,G,0,0
6596,24.12.2020.,02:50:00,23,22,1,1,1,0,0,G,0,0
6597,24.12.2020.,02:55:00,23,22,1,1,1,0,0,G,0,0
6598,24.12.2020.,03:00:00,23,22,1,1,1,0,0,G,0,0
6599,24.12.2020.,03:05:00,23,22,1,1,1,0,0,G,0,0
6600,24.12.2020.,03:10:00,23,22,1,1,1,0,0,G,0,0
6601,24.12.2020.,03:15:00,23,22,1,1,1,0,0,G,0,0
6602,24.12.2020.,03:20:00,23,22,1,1,1,0,0,G,0,0
6603,24.12.2020.,03:25:00,23,22,1,1,1,0,0,G,0,0
6604,24.12.2020.,03:30:00,23,22,1,1,1,0,0,G,0,0
6605,24.12.2020.,03:35:00,23,22,1,1,1,0,0,G,0,0
6606,24.12.2020.,03:40:00,23,22,1,1,1,0,0,G,0,0
6607,24.12.2020.,03:45:00,23,22,1,1,1,0,0,G,0,0
6608,24.12.2020.,03:50:00,23,22,1,1,1,0,0,G,0,0
6609,24.12.2020.,03:55:00,23,22,1,1,1,0,0,G,0,0
6610,24.12.2020.,04:00:00,23,22,1,1,1,0,0,G,0,0
6611,24.12.2020.,04:05:00,23,22,1,1,1,0,0,G,0,0
6612,24.12.2020.,04:10:00,23,22,1,1,1,0,0,G,0,0
6613,24.12.2020.,04:15:00,23,22,1,1,1,0,0,G,0,0
6614,24.12.2020.,04:20:00,23,22,1,1,1,0,0,G,0,0
6615,24.12.2020.,04:25:00,23,22,1,1,1,0,0,G,0,0
6616,24.12.2020.,04:30:00,23,22,1,1,1,0,0,G,0,0
6617,24.12.2020.,04:35:00,23,22,1,1,1,0,0,G,0,0
6618,24.12.2020.,04:40:00,23,22,1,1,1,0,0,G,0,0
6619,24.12.2020.,04:45:00,23,22,1,1,1,0,0,G,0,0
6620,24.12.2020.,04:50:00,23,22,1,1,1,0,0,G,0,0
6621,24.12.2020.,04:55:00,23,22,1,1,1,0,0,G,0,0
6622,24.12.2020.,05:00:00,23,22,1,1,1,0,0,G,0,0
6623,24.12.2020.,05:05:00,23,22,1,1,1,0,0,G,0,0
6624,24.12.2020.,05:10:00,23,22,1,1,1,0,0,G,0,0
6625,24.12.2020.,05:15:00,23,22,1,1,1,0,0,G,0,0
6626,24.12.2020.,05:20:00,23,22,1,1,1,0,0,G,0,0
6627,24.12.2020.,05:25:00,23,22,1,1,1,0,0,G,0,0
6628,24.12.2020.,05:30:00,23,22,1,1,1,0,0,G,0,0
6629,24.12.2020.,05:35:00,23,22,1,1,1,0,0,G,0,0
6630,24.12.2020.,05:40:00,23,22,1,1,1,0,0,G,0,0
6631,24.12.2020.,05:45:00,23,22,1,1,1,0,0,G,0,0
6632,24.12.2020.,05:50:00,23,22,1,1,1,0,0,G,0,0
6633,24.12.2020.,05:55:00,23,22,1,1,1,0,0,G,0,0
6634,24.12.2020.,06:00:00,23,22,1,1,1,0,0,G,0,0
6635,24.12.2020.,06:05:00,23,22,1,1,1,0,0,G,0,0
6636,24.12.2020.,06:10:00,23,22,1,1,1,0,0,G,0,0
6637,24.12.2020.,06:15:00,23,22,1,1,1,0,0,G,0,0
6638,24.12.2020.,06:20:00,23,22,1,1,1,0,0,G,0,0
6639,24.12.2020.,06:25:00,23,22,1,1,1,0,0,G,0,0
6640,24.12.2020.,06:30:00,23,22,1,1,1,0,0,G,0,0
6641,24.12.2020.,06:35:00,23,22,1,1,1,0,0,G,0,0
6642,24.12.2020.,06:40:00,23,22,1,1,1,0,0,G,0,0
6643,24.12.2020.,06:45:00,23,22,1,1,1,0,0,G,0,0
6644,24.12.2020.,06:50:00,23,22,1,1,1,0,0,G,0,0
6645,24.12.2020.,06:55:00,23,22,1,1,1,0,0,G,0,0
6646,24.12.2020.,07:00:00,23,22,1,1,1,0,0,G,0,0
6647,24.12.2020.,07:05:00,23,22,1,1,1,0,0,G,0,0
6648,24.12.2020.,07:10:00,23,22,1,1,1,0,0,G,0,0
6649,24.12.2020.,07:15:00,23,22,1,1,1,0,0,G,0,0
6650,24.12.2020.,07:20:00,23,22,1,1,1,0,0,G,0,0
6651,24.12.2020.,07:25:00,23,22,1,1,1,0,0,G,0,0
6652,24.12.2020.,07:30:00,23,22,1,1,1,0,0,G,0,0
6653,24.12.2020.,07:35:00,23,22,1,1,1,0,0,G,0,0
6654,24.12.2020.,07:40:00,23,22,1,1,1,0,0,G,0,0
6655,24.12.2020.,07:45:00,23,22,1,1,1,0,0,G,0,0
6656,24.12.2020.,07:50:00,23,22,1,1,1,0,0,G,0,0
6657,24.12.2020.,07:55:00,23,22,1,1,1,0,0,G,0,0
6658,24.12.2020.,08:00:00,23,22,1,1,1,0,0,G,0,0
6659,24.12.2020.,08:05:00,23,22,1,1,1,0,0,G,0,0
6660,24.12.2020.,08:10:00,23,22,1,1,1,0,0,G,0,0
6661,24.12.2020.,08:15:00,23,22,1,1,1,0,0,G,0,0
6662,24.12.2020.,08:20:00,23,22,1,1,1,0,0,G,0,0
6663,24.12.2020.,08:25:00,23,22,1,1,1,0,0,G,0,0
6664,24.12.2020.,08:30:00,23,22,1,1,1,0,0,G,0,0
6665,24.12.2020.,08:35:00,23,22,1,1,1,0,0,G,0,0
6666,24.12.2020.,08:40:00,23,22,1,1,1,0,0,G,0,0
6667,24.12.2020.,08:45:00,23,22,1,1,1,0,0,G,0,0
6668,24.12.2020.,08:50:00,23,22,1,1,1,0,0,G,0,0
6669,24.12.2020.,08:55:00,23,22,1,1,1,0,0,G,0,0
6670,24.12.2020.,09:00:00,23,22,1,1,1,0,0,G,0,0
6671,24.12.2020.,09:05:00,23,22,1,1,1,0,0,G,0,0
6672,24.12.2020.,09:10:00,23,22,1,1,1,0,0,G,0,0
6673,24.12.2020.,09:15:00,23,22,1,1,1,0,0,G,0,0
6674,24.12.2020.,09:20:00,23,22,1,1,1,0,0,G,0,0
6675,24.12.2020.,09:25:00,23,22,1,1,1,0,0,G,0,0
6676,24.12.2020.,09:30:00,23,22,1,1,1,0,0,G,0,0
6677,24.12.2020.,09:35:00,23,22,1,1,1,0,0,G,0,0
6678,24.12.2020.,09:40:00,23,22,1,1,1,0,0,G,0,0
6679,24.12.2020.,09:45:00,23,22,1,1,1,0,0,G,0,0
6680,24.12.2020.,09:50:00,23,22,1,1,1,0,0,G,0,0
6681,24.12.2020.,09:55:00,23,22,1,1,1,0,0,G,0,0
6682,24.12.2020.,10:00:00,23,22,1,1,1,0,0,G,0,0
6683,24.12.2020.,10:05:00,23,22,1,1,1,0,0,G,0,0
6684,24.12.2020.,10:10:00,23,22,1,1,1,0,0,G,0,0
6685,24.12.2020.,10:15:00,23,22,1,1,1,0,0,G,0,0
6686,24.12.2020.,10:20:00,23,22,1,1,1,0,0,G,0,0
6687,24.12.2020.,10:25:00,23,22,1,1,1,0,0,G,0,0
6688,24.12.2020.,10:30:00,23,22,1,1,1,0,0,G,0,0
6689,24.12.2020.,10:35:00,23,22,1,1,1,0,0,G,0,0
6690,24.12.2020.,10:40:00,23,22,1,1,1,0,0,G,0,0
6691,24.12.2020.,10:45:00,23,22,1,1,1,0,0,G,0,0
6692,24.12.2020.,10:50:00,23,22,1,1,1,0,0,G,0,0
6693,24.12.2020.,10:55:00,23,22,1,1,1,0,0,G,0,0
6694,24.12.2020.,11:00:00,23,22,1,1,1,0,0,G,0,0
6695,24.12.2020.,11:05:00,23,22,1,1,1,0,0,G,0,0
6696,24.12.2020.,11:10:00,23,22,1,1,1,0,0,G,0,0
6697,24.12.2020.,11:15:00,23,22,1,1,1,0,0,G,0,0
6698,24.12.2020.,11:20:00,23,22,1,1,1,0,0,G,0,0
6699,24.12.2020.,11:25:00,23,22,1,1,1,0,0,G,0,0
6700,24.12.2020.,11:30:00,23,22,1,1,1,0,0,G,0,0
6701,24.12.2020.,11:35:00,23,22,1,1,1,0,0,G,0,0
6702,24.12.2020.,11:40:00,23,22,1,1,1,0,0,G,0,0
6703,24.12.2020.,11:45:00,23,22,1,1,1,0,0,G,0,0
6704,24.12.2020.,11:50:00,23,22,1,1,1,0,0,G,0,0
6705,24.12.2020.,11:55:00,23,22,1,1,1,0,0,G,0,0
6706,24.12.2020.,12:00:00,23,22,1,1,1,0,0,G,0,0
6707,24.12.2020.,12:05:00,23,22,1,1,1,0,0,G,0,0
6708,24.12.2020.,12:10:00,23,22,1,1,1,0,0,G,0,0
6709,24.12.2020.,12:15:00,23,22,1,1,1,0,0,G,0,0
6710,24.12.2020.,12:20:00,23,22,1,1,1,0,0,G,0,0
6711,24.12.2020.,12:25:00,23,22,1,1,1,0,0,G,0,0
6712,24.12.2020.,12:30:00,23,22,1,1,1,0,0,G,0,0
6713,24.12.2020.,12:35:00,23,22,1,1,1,0,0,G,0,0
6714,24.12.2020.,12:40:00,23,22,1,1,1,0,0,G,0,0
6715,24.12.2020.,12:45:00,23,22,1,1,1,0,0,G,0,0
6716,24.12.2020.,12:50:00,23,22,1,1,1,0,0,G,0,0
6717,24.12.2020.,12:55:00,23,22,1,1,1,0,0,G,0,0
6718,24.12.2020.,13:00:00,23,22,1,1,1,0,0,G,0,0
6719,24.12.2020.,13:05:00,23,22,1,1,1,0,0,G,0,0
6720,24.12.2020.,13:10:00,23,22,1,1,1,0,0,G,0,0
6721,24.12.2020.,13:15:00,23,22,1,1,1,0,0,G,0,0
6722,24.12.2020.,13:20:00,23,22,1,1,1,0,0,G,0,0
6723,24.12.2020.,13:25:00,23,22,1,1,1,0,0,G,0,0
6724,24.12.2020.,13:30:00,23,22,1,1,1,0,0,G,0,0
6725,24.12.2020.,13:35:00,23,22,1,1,1,0,0,G,0,0
6726,24.12.2020.,13:40:00,23,22,1,1,1,0,0,G,0,0
6727,24.12.2020.,13:45:00,23,22,1,1,1,0,0,G,0,0
6728,24.12.2020.,13:50:00,23,22,1,1,1,0,0,G,0,0
6729,24.12.2020.,13:55:00,23,22,1,1,1,0,0,G,0,0
6730,24.12.2020.,14:00:00,23,22,1,1,1,0,0,G,0,0
6731,24.12.2020.,14:05:00,23,22,1,1,1,0,0,G,0,0
6732,24.12.2020.,14:10:00,23,22,1,1,1,0,0,G,0,0
6733,24.12.2020.,14:15:00,23,22,1,1,1,0,0,G,0,0
6734,24.12.2020.,14:20:00,23,22,1,1,1,0,0,G,0,0
6735,24.12.2020.,14:25:00,23,22,1,1,1,0,0,G,0,0
6736,24.12.2020.,14:30:00,23,22,1,1,1,0,0,G,0,0
6737,24.12.2020.,14:35:00,23,22,1,1,1,0,0,G,0,0
6738,24.12.2020.,14:40:00,23,22,1,1,1,0,0,G,0,0
6739,24.12.2020.,14:45:00,23,22,1,1,1,0,0,G,0,0
6740,24.12.2020.,14:50:00,23,22,1,1,1,0,0,G,0,0
6741,24.12.2020.,14:55:00,23,22,1,1,1,0,0,G,0,0
6742,24.12.2020.,15:00:00,23,22,1,1,1,0,0,G,0,0
6743,24.12.2020.,15:05:00,23,22,1,1,1,0,0,G,0,0
6744,24.12.2020.,15:10:00,23,22,1,1,1,0,0,G,0,0
6745,24.12.2020.,15:15:00,23,22,1,1,1,0,0,G,0,0
6746,24.12.2020.,15:20:00,23,22,1,1,1,0,0,G,0,0
6747,24.12.2020.,15:25:00,23,22,1,1,1,0,0,G,0,0
6748,24.12.2020.,15:30:00,23,22,1,1,1,0,0,G,0,0
6749,24.12.2020.,15:35:00,23,22,1,1,1,0,0,G,0,0
6750,24.12.2020.,15:40:00,23,22,1,1,1,0,0,G,0,0
6751,24.12.2020.,15:45:00,23,22,1,1,1,0,0,G,0,0
6752,24.12.2020.,15:50:00,23,22,1,1,1,0,0,G,0,0
6753,24.12.2020.,15:55:00,23,22,1,1,1,0,0,G,0,0
6754,24.12.2020.,16:00:00,23,22,1,1,1,0,0,G,0,0
6755,24.12.2020.,16:05:00,23,22,1,1,1,0,0,G,0,0
6756,24.12.2020.,16:10:00,23,22,1,1,1,0,0,G,0,0
6757,24.12.2020.,16:15:00,23,22,1,1,1,0,0,G,0,0
6758,24.12.2020.,16:20:00,23,22,1,1,1,0,0,G,0,0
6759,24.12.2020.,16:25:00,23,22,1,1,1,0,0,G,0,0
6760,24.12.2020.,16:30:00,23,22,1,1,1,0,0,G,0,0
6761,24.12.2020.,16:35:00,23,22,1,1,1,0,0,G,0,0
6762,24.12.2020.,16:40:00,23,22,1,1,1,0,0,G,0,0
6763,24.12.2020.,16:45:00,23,22,1,1,1,0,0,G,0,0
6764,24.12.2020.,16:50:00,23,22,1,1,1,0,0,G,0,0
6765,24.12.2020.,16:55:00,23,22,1,1,1,0,0,G,0,0
6766,24.12.2020.,17:00:00,23,22,1,1,1,0,0,G,0,0
6767,24.12.2020.,17:05:00,23,22,1,1,1,0,0,G,0,0
6768,24.12.2020.,17:10:00,23,22,1,1,1,0,0,G,0,0
6769,24.12.2020.,17:15:00,23,22,1,1,1,0,0,G,0,0
6770,24.12.2020.,17:20:00,23,22,1,1,1,0,0,G,0,0
6771,24.12.2020.,17:25:00,23,22,1,1,1,0,0,G,0,0
6772,24.12.2020.,17:30:00,23,22,1,1,1,0,0,G,0,0
6773,24.12.2020.,17:35:00,23,22,1,1,1,0,0,G,0,0
6774,24.12.2020.,17:40:00,23,22,1,1,1,0,0,G,0,0
6775,24.12.2020.,17:45:00,23,22,1,1,1,0,0,G,0,0
6776,24.12.2020.,17:50:00,23,22,1,1,1,0,0,G,0,0
6777,24.12.2020.,17:55:00,23,22,1,1,1,0,0,G,0,0
6778,24.12.2020.,18:00:00,23,22,1,1,1,0,0,G,0,0
6779,24.12.2020.,18:05:00,23,22,1,1,1,0,0,G,0,0
6780,24.12.2020.,18:10:00,23,22,1,1,1,0,0,G,0,0
6781,24.12.2020.,18:15:00,23,22,1,1,1,0,0,G,0,0
6782,24.12.2020.,18:20:00,23,22,1,1,1,0,0,G,0,0
6783,24.12.2020.,18:25:00,23,22,1,1,1,0,0,G,0,0
6784,24.12.2020.,18:30:00,23,22,1,1,1,0,0,G,0,0
6785,24.12.2020.,18:35:00,23,22,1,1,1,0,0,G,0,0
6786,24.12.2020.,18:40:00,23,22,1,1,1,0,0,G,0,0
6787,24.12.2020.,18:45:00,23,22,1,1,1,0,0,G,0,0
6788,24.12.2020.,18:50:00,23,22,1,1,1,0,0,G,0,0
6789,24.12.2020.,18:55:00,23,22,1,1,1,0,0,G,0,0
6790,24.12.2020.,19:00:00,23,22,1,1,1,0,0,G,0,0
6791,24.12.2020.,19:05:00,23,22,1,1,1,0,0,G,0,0
6792,24.12.2020.,19:10:00,23,22,1,1,1,0,0,G,0,0
6793,24.12.2020.,19:15:00,23,22,1,1,1,0,0,G,0,0
6794,24.12.2020.,19:20:00,23,22,1,1,1,0,0,G,0,0
6795,24.12.2020.,19:25:00,23,22,1,1,1,0,0,G,0,0
6796,24.12.2020.,19:30:00,23,22,1,1,1,0,0,G,0,0
6797,24.12.2020.,19:35:00,23,22,1,1,1,0,0,G,0,0
6798,24.12.2020.,19:40:00,23,22,1,1,1,0,0,G,0,0
6799,24.12.2020.,19:45:00,23,22,1,1,1,0,0,G,0,0
6800,24.12.2020.,19:50:00,23,22,1,1,1,0,0,G,0,0
6801,24.12.2020.,19:55:00,23,22,1,1,1,0,0,G,0,0
6802,24.12.2020.,20:00:00,23,22,1,1,1,0,0,G,0,0
6803,24.12.2020.,20:05:00,23,22,1,1,1,0,0,G,0,0
6804,24.12.2020.,20:10:00,23,22,1,1,1,0,0,G,0,0
6805,24.12.2020.,20:15:00,23,22,1,1,1,0,0,G,0,0
6806,24.12.2020.,20:20:00,23,22,1,1,1,0,0,G,0,0
6807,24.12.2020.,20:25:00,23,22,1,1,1,0,0,G,0,0
6808,24.12.2020.,20:30:00,23,22,1,1,1,0,0,G,0,0
6809,24.12.2020.,20:35:00,23,22,1,1,1,0,0,G,0,0
6810,24.12.2020.,20:40:00,23,22,1,1,1,0,0,G,0,0
6811,24.12.2020.,20:45:00,23,22,1,1,1,0,0,G,0,0
6812,24.12.2020.,20:50:00,23,22,1,1,1,0,0,G,0,0
6813,24.12.2020.,20:55:00,23,22,1,1,1,0,0,G,0,0
6814,24.12.2020.,21:00:00,23,22,1,1,1,0,0,G,0,0
6815,24.12.2020.,21:05:00,23,22,1,1,1,0,0,G,0,0
6816,24.12.2020.,21:10:00,23,22,1,1,1,0,0,G,0,0
6817,24.12.2020.,21:15:00,23,22,1,1,1,0,0,G,0,0
6818,24.12.2020.,21:20:00,23,22,1,1,1,0,0,G,0,0
6819,24.12.2020.,21:25:00,23,22,1,1,1,0,0,G,0,0
6820,24.12.2020.,21:30:00,23,22,1,1,1,0,0,G,0,0
6821,24.12.2020.,21:35:00,23,22,1,1,1,0,0,G,0,0
6822,24.12.2020.,21:40:00,23,22,1,1,1,0,0,G,0,0
6823,24.12.2020.,21:45:00,23,22,1,1,1,0,0,G,0,0
6824,24.12.2020.,21:50:00,23,22,1,1,1,0,0,G,0,0
6825,24.12.2020.,21:55:00,23,22,1,1,1,0,0,G,0,0
6826,24.12.2020.,22:00:00,23,22,1,1,1,0,0,G,0,0
6827,24.12.2020.,22:05:00,23,22,1,1,1,0,0,G,0,0
6828,24.12.2020.,22:10:00,23,22,1,1,1,0,0,G,0,0
6829,24.12.2020.,22:15:00,23,22,1,1,1,0,0,G,0,0
6830,24.12.2020.,22:20:00,23,22,1,1,1,0,0,G,0,0
6831,24.12.2020.,22:25:00,23,22,1,1,1,0,0,G,0,0
6832,24.12.2020.,22:30:00,23,22,1,1,1,0,0,G,0,0
6833,24.12.2020.,22:35:00,23,22,1,1,1,0,0,G,0,0
6834,24.12.2020.,22:40:00,23,22,1,1,1,0,0,G,0,0
6835,24.12.2020.,22:45:00,23,22,1,1,1,0,0,G,0,0
6836,24.12.2020.,22:50:00,23,22,1,1,1,0,0,G,0,0
6837,24.12.2020.,22:55:00,23,22,1,1,1,0,0,G,0,0
6838,24.12.2020.,23:00:00,23,22,1,1,1,0,0,G,0,0
6839,24.12.2020.,23:05:00,23,22,1,1,1,0,0,G,0,0
6840,24.12.2020.,23:10:00,23,22,1,1,1,0,0,G,0,0
6841,24.12.2020.,23:15:00,23,22,1,1,1,0,0,G,0,0
6842,24.12.2020.,23:20:00,23,22,1,1,1,0,0,G,0,0
6843,24.12.2020.,23:25:00,23,22,1,1,1,0,0,G,0,0
6844,24.12.2020.,23:30:00,23,22,1,1,1,0,0,G,0,0
6845,24.12.2020.,23:35:00,23,22,1,1,1,0,0,G,0,0
6846,24.12.2020.,23:40:00,23,22,1,1,1,0,0,G,0,0
6847,24.12.2020.,23:45:00,23,22,1,1,1,0,0,G,0,0
6848,24.12.2020.,23:50:00,23,22,1,1,1,0,0,G,0,0
6849,24.12.2020.,23:55:00,23,22,1,1,1,0,0,G,0,0
6850,25.12.2020.,00:00:00,23,22,1,1,1,0,0,G,0,0
6851,25.12.2020.,00:05:00,23,22,1,1,1,0,0,G,0,0
6852,25.12.2020.,00:10:00,23,22,1,1,1,0,0,G,0,0
6853,25.12.2020.,00:15:00,23,22,1,1,1,0,0,G,0,0
6854,25.12.2020.,00:20:00,23,22,1,1,1,0,0,G,0,0
6855,25.12.2020.,00:25:00,23,22,1,1,1,0,0,G,0,0
6856,25.12.2020.,00:30:00,23,22,1,1,1,0,0,G,0,0
6857,25.12.2020.,00:35:00,23,22,1,1,1,0,0,G,0,0
6858,25.12.2020.,00:40:00,23,22,1,1,1,0,0,G,0,0
6859,25.12.2020.,00:45:00,23,22,1,1,1,0,0,G,0,0
6860,25.12.2020.,00:50:00,23,22,1,1,1,0,0,G,0,0
6861,25.12.2020.,00:55:00,23,22,1,1,1,0,0,G,0,0
6862,25.12.2020.,01:00:00,23,22,1,1,1,0,0,G,0,0
6863,25.12.2020.,01:05:00,23,22,1,1,1,0,0,G,0,0
6864,25.12.2020.,01:10:00,23,22,1,1,1,0,0,G,0,0
6865,25.12.2020.,01:15:00,23,22,1,1,1,0,0,G,0,0
6866,25.12.2020.,01:20:00,23,22,1,1,1,0,0,G,0,0
6867,25.12.2020.,01:25:00,23,22,1,1,1,0,0,G,0,0
6868,25.12.2020.,01:30:00,23,22,1,1,1,0,0,G,0,0
6869,25.12.2020.,01:35:00,23,22,1,1,1,0,0,G,0,0
6870,25.12.2020.,01:40:00,23,22,1,1,1,0,0,G,0,0
6871,25.12.2020.,01:45:00,23,22,1,1,1,0,0,G,0,0
6872,25.12.2020.,01:50:00,23,22,1,1,1,0,0,G,0,0
6873,25.12.2020.,01:55:00,23,22,1,1,1,0,0,G,0,0
6874,25.12.2020.,02:00:00,23,22,1,1,1,0,0,G,0,0
6875,25.12.2020.,02:05:00,23,22,1,1,1,0,0,G,0,0
6876,25.12.2020.,02:10:00,23,22,1,1,1,0,0,G,0,0
6877,25.12.2020.,02:15:00,23,22,1,1,1,0,0,G,0,0
6878,25.12.2020.,02:20:00,23,22,1,1,1,0,0,G,0,0
6879,25.12.2020.,02:25:00,23,22,1,1,1,0,0,G,0,0
6880,25.12.2020.,02:30:00,23,22,1,1,1,0,0,G,0,0
6881,25.12.2020.,02:35:00,23,22,1,1,1,0,0,G,0,0
6882,25.12.2020.,02:40:00,23,22,1,1,1,0,0,G,0,0
6883,25.12.2020.,02:45:00,23,22,1,1,1,0,0,G,0,0
6884,25.12.2020.,02:50:00,23,22,1,1,1,0,0,G,0,0
6885,25.12.2020.,02:55:00,23,22,1,1,1,0,0,G,0,0
6886,25.12.2020.,03:00:00,23,22,1,1,1,0,0,G,0,0
6887,25.12.2020.,03:05:00,23,22,1,1,1,0,0,G,0,0
6888,25.12.2020.,03:10:00,23,22,1,1,1,0,0,G,0,0
6889,25.12.2020.,03:15:00,23,22,1,1,1,0,0,G,0,0
6890,25.12.2020.,03:20:00,23,22,1,1,1,0,0,G,0,0
6891,25.12.2020.,03:25:00,23,22,1,1,1,0,0,G,0,0
6892,25.12.2020.,03:30:00,23,22,1,1,1,0,0,G,0,0
6893,25.12.2020.,03:35:00,23,22,1,1,1,0,0,G,0,0
6894,25.12.2020.,03:40:00,23,22,1,1,1,0,0,G,0,0
6895,25.12.2020.,03:45:00,23,22,1,1,1,0,0,G,0,0
6896,25.12.2020.,03:50:00,23,22,1,1,1,0,0,G,0,0
6897,25.12.2020.,03:55:00,23,22,1,1,1,0,0,G,0,0
6898,25.12.2020.,04:00:00,23,22,1,1,1,0,0,G,0,0
6899,25.12.2020.,04:05:00,23,22,1,1,1,0,0,G,0,0
6900,25.12.2020.,04:10:00,23,22,1,1,1,0,0,G,0,0
6901,25.12.2020.,04:15:00,23,22,1,1,1,0,0,G,0,0
6902,25.12.2020.,04:20:00,23,22,1,1,1,0,0,G,0,0
6903,25.12.2020.,04:25:00,23,22,1,1,1,0,0,G,0,0
6904,25.12.2020.,04:30:00,23,22,1,1,1,0,0,G,0,0
6905,25.12.2020.,04:35:00,23,22,1,1,1,0,0,G,0,0
6906,25.12.2020.,04:40:00,23,22,1,1,1,0,0,G,0,0
6907,25.12.2020.,04:45:00,23,22,1,1,1,0,0,G,0,0
6908,25.12.2020.,04:50:00,23,22,1,1,1,0,0,G,0,0
6909,25.12.2020.,04:55:00,23,22,1,1,1,0,0,G,0,0
6910,25.12.2020.,05:00:00,23,22,1,1,1,0,0,G,0,0
6911,25.12.2020.,05:05:00,23,22,1,1,1,0,0,G,0,0
6912,25.12.2020.,05:10:00,23,22,1,1,1,0,0,G,0,0
6913,25.12.2020.,05:15:00,23,22,1,1,1,0,0,G,0,0
6914,25.12.2020.,05:20:00,23,22,1,1,1,0,0,G,0,0
6915,25.12.2020.,05:25:00,23,22,1,1,1,0,0,G,0,0
6916,25.12.2020.,05:30:00,23,22,1,1,1,0,0,G,0,0
6917,25.12.2020.,05:35:00,23,22,1,1,1,0,0,G,0,0
6918,25.12.2020.,05:40:00,23,22,1,1,1,0,0,G,0,0
6919,25.12.2020.,05:45:00,23,22,1,1,1,0,0,G,0,0
6920,25.12.2020.,05:50:00,23,22,1,1,1,0,0,G,0,0
6921,25.12.2020.,05:55:00,23,22,1,1,1,0,0,G,0,0
6922,25.12.2020.,06:00:00,23,22,1,1,1,0,0,G,0,0
6923,25.12.2020.,06:05:00,23,22,1,1,1,0,0,G,0,0
6924,25.12.2020.,06:10:00,23,22,1,1,1,0,0,G,0,0
6925,25.12.2020.,06:15:00,23,22,1,1,1,0,0,G,0,0
6926,25.12.2020.,06:20:00,23,22,1,1,1,0,0,G,0,0
6927,25.12.2020.,06:25:00,23,22,1,1,1,0,0,G,0,0
6928,25.12.2020.,06:30:00,23,22,1,1,1,0,0,G,0,0
6929,25.12.2020.,06:35:00,23,22,1,1,1,0,0,G,0,0
6930,25.12.2020.,06:40:00,23,22,1,1,1,0,0,G,0,0
6931,25.12.2020.,06:45:00,23,22,1,1,1,0,0,G,0,0
6932,25.12.2020.,06:50:00,23,22,1,1,1,0,0,G,0,0
6933,25.12.2020.,06:55:00,23,22,1,1,1,0,0,G,0,0
6934,25.12.2020.,07:00:00,23,22,1,1,1,0,0,G,0,0
6935,25.12.2020.,07:05:00,23,22,1,1,1,0,0,G,0,0
6936,25.12.2020.,07:10:00,23,22,1,1,1,0,0,G,0,0
6937,25.12.2020.,07:15:00,23,22,1,1,1,0,0,G,0,0
6938,25.12.2020.,07:20:00,23,22,1,1,1,0,0,G,0,0
6939,25.12.2020.,07:25:00,23,22,1,1,1,0,0,G,0,0
6940,25.12.2020.,07:30:00,23,22,1,1,1,0,0,G,0,0
6941,25.12.2020.,07:35:00,23,22,1,1,1,0,0,G,0,0
6942,25.12.2020.,07:40:00,23,22,1,1,1,0,0,G,0,0
6943,25.12.2020.,07:45:00,23,22,1,1,1,0,0,G,0,0
6944,25.12.2020.,07:50:00,23,22,1,1,1,0,0,G,0,0
6945,25.12.2020.,07:55:00,23,22,1,1,1,0,0,G,0,0
6946,25.12.2020.,08:00:00,23,22,1,1,1,0,0,G,0,0
6947,25.12.2020.,08:05:00,23,22,1,1,1,0,0,G,0,0
6948,25.12.2020.,08:10:00,23,22,1,1,1,0,0,G,0,0
6949,25.12.2020.,08:15:00,23,22,1,1,1,0,0,G,0,0
6950,25.12.2020.,08:20:00,23,22,1,1,1,0,0,G,0,0
6951,25.12.2020.,08:25:00,23,22,1,1,1,0,0,G,0,0
6952,25.12.2020.,08:30:00,23,22,1,1,1,0,0,G,0,0
6953,25.12.2020.,08:35:00,23,22,1,1,1,0,0,G,0,0
6954,25.12.2020.,08:40:00,23,22,1,1,1,0,0,G,0,0
6955,25.12.2020.,08:45:00,23,22,1,1,1,0,0,G,0,0
6956,25.12.2020.,08:50:00,23,22,1,1,1,0,0,G,0,0
6957,25.12.2020.,08:55:00,23,22,1,1,1,0,0,G,0,0
6958,25.12.2020.,09:00:00,23,22,1,1,1,0,0,G,0,0
6959,25.12.2020.,09:05:00,23,22,1,1,1,0,0,G,0,0
6960,25.12.2020.,09:10:00,23,22,1,1,1,0,0,G,0,0
6961,25.12.2020.,09:15:00,23,22,1,1,1,0,0,G,0,0
6962,25.12.2020.,09:20:00,23,22,1,1,1,0,0,G,0,0
6963,25.12.2020.,09:25:00,23,22,1,1,1,0,0,G,0,0
6964,25.12.2020.,09:30:00,23,22,1,1,1,0,0,G,0,0
6965,25.12.2020.,09:35:00,23,22,1,1,1,0,0,G,0,0
6966,25.12.2020.,09:40:00,23,22,1,1,1,0,0,G,0,0
6967,25.12.2020.,09:45:00,23,22,1,1,1,0,0,G,0,0
6968,25.12.2020.,09:50:00,23,22,1,1,1,0,0,G,0,0
6969,25.12.2020.,09:55:00,23,22,1,1,1,0,0,G,0,0
6970,25.12.2020.,10:00:00,23,22,1,1,1,0,0,G,0,0
6971,25.12.2020.,10:05:00,23,22,1,1,1,0,0,G,0,0
6972,25.12.2020.,10:10:00,23,22,1,1,1,0,0,G,0,0
6973,25.12.2020.,10:15:00,23,22,1,1,1,0,0,G,0,0
6974,25.12.2020.,10:20:00,23,22,1,1,1,0,0,G,0,0
6975,25.12.2020.,10:25:00,23,22,1,1,1,0,0,G,0,0
6976,25.12.2020.,10:30:00,23,22,1,1,1,0,0,G,0,0
6977,25.12.2020.,10:35:00,23,22,1,1,1,0,0,G,0,0
6978,25.12.2020.,10:40:00,23,22,1,1,1,0,0,G,0,0
6979,25.12.2020.,10:45:00,23,22,1,1,1,0,0,G,0,0
6980,25.12.2020.,10:50:00,23,22,1,1,1,0,0,G,0,0
6981,25.12.2020.,10:55:00,23,22,1,1,1,0,0,G,0,0
6982,25.12.2020.,11:00:00,23,22,1,1,1,0,0,G,0,0
6983,25.12.2020.,11:05:00,23,22,1,1,1,0,0,G,0,0
6984,25.12.2020.,11:10:00,23,22,1,1,1,0,0,G,0,0
6985,25.12.2020.,11:15:00,23,22,1,1,1,0,0,G,0,0
6986,25.12.2020.,11:20:00,23,22,1,1,1,0,0,G,0,0
6987,25.12.2020.,11:25:00,23,22,1,1,1,0,0,G,0,0
6988,25.12.2020.,11:30:00,23,22,1,1,1,0,0,G,0,0
6989,25.12.2020.,11:35:00,23,22,1,1,1,0,0,G,0,0
6990,25.12.2020.,11:40:00,23,22,1,1,1,0,0,G,0,0
6991,25.12.2020.,11:45:00,23,22,1,1,1,0,0,G,0,0
6992,25.12.2020.,11:50:00,23,22,1,1,1,0,0,G,0,0
6993,25.12.2020.,11:55:00,23,22,1,1,1,0,0,G,0,0
6994,25.12.2020.,12:00:00,23,22,1,1,1,0,0,G,0,0
6995,25.12.2020.,12:05:00,23,22,1,1,1,0,0,G,0,0
6996,25.12.2020.,12:10:00,23,22,1,1,1,0,0,G,0,0
6997,25.12.2020.,12:15:00,23,22,1,1,1,0,0,G,0,0
6998,25.12.2020.,12:20:00,23,22,1,1,1,0,0,G,0,0
6999,25.12.2020.,12:25:00,23,22,1,1,1,0,0,G,0,0
7000,25.12.2020.,12:30:00,23,22,1,1,1,0,0,G,0,0
7001,25.12.2020.,12:35:00,23,22,1,1,1,0,0,G,0,0
7002,25.12.2020.,12:40:00,23,22,1,1,1,0,0,G,0,0
7003,25.12.2020.,12:45:00,23,22,1,1,1,0,0,G,0,0
7004,25.12.2020.,12:50:00,23,22,1,1,1,0,0,G,0,0
7005,25.12.2020.,12:55:00,23,22,1,1,1,0,0,G,0,0
7006,25.12.2020.,13:00:00,23,22,1,1,1,0,0,G,0,0
7007,25.12.2020.,13:05:00,23,22,1,1,1,0,0,G,0,0
7008,25.12.2020.,13:10:00,23,22,1,1,1,0,0,G,0,0
7009,25.12.2020.,13:15:00,23,22,1,1,1,0,0,G,0,0
7010,25.12.2020.,13:20:00,23,22,1,1,1,0,0,G,0,0
7011,25.12.2020.,13:25:00,23,22,1,1,1,0,0,G,0,0
7012,25.12.2020.,13:30:00,23,22,1,1,1,0,0,G,0,0
7013,25.12.2020.,13:35:00,23,22,1,1,1,0,0,G,0,0
7014,25.12.2020.,13:40:00,23,22,1,1,1,0,0,G,0,0
7015,25.12.2020.,13:45:00,23,22,1,1,1,0,0,G,0,0
7016,25.12.2020.,13:50:00,23,22,1,1,1,0,0,G,0,0
7017,25.12.2020.,13:55:00,23,22,1,1,1,0,0,G,0,0
7018,25.12.2020.,14:00:00,23,22,1,1,1,0,0,G,0,0
7019,25.12.2020.,14:05:00,23,22,1,1,1,0,0,G,0,0
7020,25.12.2020.,14:10:00,23,22,1,1,1,0,0,G,0,0
7021,25.12.2020.,14:15:00,23,22,1,1,1,0,0,G,0,0
7022,25.12.2020.,14:20:00,23,22,1,1,1,0,0,G,0,0
7023,25.12.2020.,14:25:00,23,22,1,1,1,0,0,G,0,0
7024,25.12.2020.,14:30:00,23,22,1,1,1,0,0,G,0,0
7025,25.12.2020.,14:35:00,23,22,1,1,1,0,0,G,0,0
7026,25.12.2020.,14:40:00,23,22,1,1,1,0,0,G,0,0
7027,25.12.2020.,14:45:00,23,22,1,1,1,0,0,G,0,0
7028,25.12.2020.,14:50:00,23,22,1,1,1,0,0,G,0,0
7029,25.12.2020.,14:55:00,23,22,1,1,1,0,0,G,0,0
7030,25.12.2020.,15:00:00,23,22,1,1,1,0,0,G,0,0
7031,25.12.2020.,15:05:00,23,22,1,1,1,0,0,G,0,0
7032,25.12.2020.,15:10:00,23,22,1,1,1,0,0,G,0,0
7033,25.12.2020.,15:15:00,23,22,1,1,1,0,0,G,0,0
7034,25.12.2020.,15:20:00,23,22,1,1,1,0,0,G,0,0
7035,25.12.2020.,15:25:00,23,22,1,1,1,0,0,G,0,0
7036,25.12.2020.,15:30:00,23,22,1,1,1,0,0,G,0,0
7037,25.12.2020.,15:35:00,23,22,1,1,1,0,0,G,0,0
7038,25.12.2020.,15:40:00,23,22,1,1,1,0,0,G,0,0
7039,25.12.2020.,15:45:00,23,22,1,1,1,0,0,G,0,0
7040,25.12.2020.,15:50:00,23,22,1,1,1,0,0,G,0,0
7041,25.12.2020.,15:55:00,23,22,1,1,1,0,0,G,0,0
7042,25.12.2020.,16:00:00,23,22,1,1,1,0,0,G,0,0
7043,25.12.2020.,16:05:00,23,22,1,1,1,0,0,G,0,0
7044,25.12.2020.,16:10:00,23,22,1,1,1,0,0,G,0,0
7045,25.12.2020.,16:15:00,23,22,1,1,1,0,0,G,0,0
7046,25.12.2020.,16:20:00,23,22,1,1,1,0,0,G,0,0
7047,25.12.2020.,16:25:00,23,22,1,1,1,0,0,G,0,0
7048,25.12.2020.,16:30:00,23,22,1,1,1,0,0,G,0,0
7049,25.12.2020.,16:35:00,23,22,1,1,1,0,0,G,0,0
7050,25.12.2020.,16:40:00,23,22,1,1,1,0,0,G,0,0
7051,25.12.2020.,16:45:00,23,22,1,1,1,0,0,G,0,0
7052,25.12.2020.,16:50:00,23,22,1,1,1,0,0,G,0,0
7053,25.12.2020.,16:55:00,23,22,1,1,1,0,0,G,0,0
7054,25.12.2020.,17:00:00,23,22,1,1,1,0,0,G,0,0
7055,25.12.2020.,17:05:00,23,22,1,1,1,0,0,G,0,0
7056,25.12.2020.,17:10:00,23,22,1,1,1,0,0,G,0,0
7057,25.12.2020.,17:15:00,23,22,1,1,1,0,0,G,0,0
7058,25.12.2020.,17:20:00,23,22,1,1,1,0,0,G,0,0
7059,25.12.2020.,17:25:00,23,22,1,1,1,0,0,G,0,0
7060,25.12.2020.,17:30:00,23,22,1,1,1,0,0,G,0,0
7061,25.12.2020.,17:35:00,23,22,1,1,1,0,0,G,0,0
7062,25.12.2020.,17:40:00,23,22,1,1,1,0,0,G,0,0
7063,25.12.2020.,17:45:00,23,22,1,1,1,0,0,G,0,0
7064,25.12.2020.,17:50:00,23,22,1,1,1,0,0,G,0,0
7065,25.12.2020.,17:55:00,23,22,1,1,1,0,0,G,0,0
7066,25.12.2020.,18:00:00,23,22,1,1,1,0,0,G,0,0
7067,25.12.2020.,18:05:00,23,22,1,1,1,0,0,G,0,0
7068,25.12.2020.,18:10:00,23,22,1,1,1,0,0,G,0,0
7069,25.12.2020.,18:15:00,23,22,1,1,1,0,0,G,0,0
7070,25.12.2020.,18:20:00,23,22,1,1,1,0,0,G,0,0
7071,25.12.2020.,18:25:00,23,22,1,1,1,0,0,G,0,0
7072,25.12.2020.,18:30:00,23,22,1,1,1,0,0,G,0,0
7073,25.12.2020.,18:35:00,23,22,1,1,1,0,0,G,0,0
7074,25.12.2020.,18:40:00,23,22,1,1,1,0,0,G,0,0
7075,25.12.2020.,18:45:00,23,22,1,1,1,0,0,G,0,0
7076,25.12.2020.,18:50:00,23,22,1,1,1,0,0,G,0,0
7077,25.12.2020.,18:55:00,23,22,1,1,1,0,0,G,0,0
7078,25.12.2020.,19:00:00,23,22,1,1,1,0,0,G,0,0
7079,25.12.2020.,19:05:00,23,22,1,1,1,0,0,G,0,0
7080,25.12.2020.,19:10:00,23,22,1,1,1,0,0,G,0,0
7081,25.12.2020.,19:15:00,23,22,1,1,1,0,0,G,0,0
7082,25.12.2020.,19:20:00,23,22,1,1,1,0,0,G,0,0
7083,25.12.2020.,19:25:00,23,22,1,1,1,0,0,G,0,0
7084,25.12.2020.,19:30:00,23,22,1,1,1,0,0,G,0,0
7085,25.12.2020.,19:35:00,23,22,1,1,1,0,0,G,0,0
7086,25.12.2020.,19:40:00,23,22,1,1,1,0,0,G,0,0
7087,25.12.2020.,19:45:00,23,22,1,1,1,0,0,G,0,0
7088,25.12.2020.,19:50:00,23,22,1,1,1,0,0,G,0,0
7089,25.12.2020.,19:55:00,23,22,1,1,1,0,0,G,0,0
7090,25.12.2020.,20:00:00,23,22,1,1,1,0,0,G,0,0
7091,25.12.2020.,20:05:00,23,22,1,1,1,0,0,G,0,0
7092,25.12.2020.,20:10:00,23,22,1,1,1,0,0,G,0,0
7093,25.12.2020.,20:15:00,23,22,1,1,1,0,0,G,0,0
7094,25.12.2020.,20:20:00,23,22,1,1,1,0,0,G,0,0
7095,25.12.2020.,20:25:00,23,22,1,1,1,0,0,G,0,0
7096,25.12.2020.,20:30:00,23,22,1,1,1,0,0,G,0,0
7097,25.12.2020.,20:35:00,23,22,1,1,1,0,0,G,0,0
7098,25.12.2020.,20:40:00,23,22,1,1,1,0,0,G,0,0
7099,25.12.2020.,20:45:00,23,22,1,1,1,0,0,G,0,0
7100,25.12.2020.,20:50:00,23,22,1,1,1,0,0,G,0,0
7101,25.12.2020.,20:55:00,23,22,1,1,1,0,0,G,0,0
7102,25.12.2020.,21:00:00,23,22,1,1,1,0,0,G,0,0
7103,25.12.2020.,21:05:00,23,22,1,1,1,0,0,G,0,0
7104,25.12.2020.,21:10:00,23,22,1,1,1,0,0,G,0,0
7105,25.12.2020.,21:15:00,23,22,1,1,1,0,0,G,0,0
7106,25.12.2020.,21:20:00,23,22,1,1,1,0,0,G,0,0
7107,25.12.2020.,21:25:00,23,22,1,1,1,0,0,G,0,0
7108,25.12.2020.,21:30:00,23,22,1,1,1,0,0,G,0,0
7109,25.12.2020.,21:35:00,23,22,1,1,1,0,0,G,0,0
7110,25.12.2020.,21:40:00,23,22,1,1,1,0,0,G,0,0
7111,25.12.2020.,21:45:00,23,22,1,1,1,0,0,G,0,0
7112,25.12.2020.,21:50:00,23,22,1,1,1,0,0,G,0,0
7113,25.12.2020.,21:55:00,23,22,1,1,1,0,0,G,0,0
7114,25.12.2020.,22:00:00,23,22,1,1,1,0,0,G,0,0
7115,25.12.2020.,22:05:00,23,22,1,1,1,0,0,G,0,0
7116,25.12.2020.,22:10:00,23,22,1,1,1,0,0,G,0,0
7117,25.12.2020.,22:15:00,23,22,1,1,1,0,0,G,0,0
7118,25.12.2020.,22:20:00,23,22,1,1,1,0,0,G,0,0
7119,25.12.2020.,22:25:00,23,22,1,1,1,0,0,G,0,0
7120,25.12.2020.,22:30:00,23,22,1,1,1,0,0,G,0,0
7121,25.12.2020.,22:35:00,23,22,1,1,1,0,0,G,0,0
7122,25.12.2020.,22:40:00,23,22,1,1,1,0,0,G,0,0
7123,25.12.2020.,22:45:00,23,22,1,1,1,0,0,G,0,0
7124,25.12.2020.,22:50:00,23,22,1,1,1,0,0,G,0,0
7125,25.12.2020.,22:55:00,23,22,1,1,1,0,0,G,0,0
7126,25.12.2020.,23:00:00,23,22,1,1,1,0,0,G,0,0
7127,25.12.2020.,23:05:00,23,22,1,1,1,0,0,G,0,0
7128,25.12.2020.,23:10:00,23,22,1,1,1,0,0,G,0,0
7129,25.12.2020.,23:15:00,23,22,1,1,1,0,0,G,0,0
7130,25.12.2020.,23:20:00,23,22,1,1,1,0,0,G,0,0
7131,25.12.2020.,23:25:00,23,22,1,1,1,0,0,G,0,0
7132,25.12.2020.,23:30:00,23,22,1,1,1,0,0,G,0,0
7133,25.12.2020.,23:35:00,23,22,1,1,1,0,0,G,0,0
7134,25.12.2020.,23:40:00,23,22,1,1,1,0,0,G,0,0
7135,25.12.2020.,23:45:00,23,22,1,1,1,0,0,G,0,0
7136,25.12.2020.,23:50:00,23,22,1,1,1,0,0,G,0,0
7137,25.12.2020.,23:55:00,23,22,1,1,1,0,0,G,0,0
7138,26.12.2020.,00:00:00,23,22,1,1,1,0,0,G,0,0
7139,26.12.2020.,00:05:00,23,22,1,1,1,0,0,G,0,0
7140,26.12.2020.,00:10:00,23,22,1,1,1,0,0,G,0,0
7141,26.12.2020.,00:15:00,23,22,1,1,1,0,0,G,0,0
7142,26.12.2020.,00:20:00,23,22,1,1,1,0,0,G,0,0
7143,26.12.2020.,00:25:00,23,22,1,1,1,0,0,G,0,0
7144,26.12.2020.,00:30:00,23,22,1,1,1,0,0,G,0,0
7145,26.12.2020.,00:35:00,23,22,1,1,1,0,0,G,0,0
7146,26.12.2020.,00:40:00,23,22,1,1,1,0,0,G,0,0
7147,26.12.2020.,00:45:00,23,22,1,1,1,0,0,G,0,0
7148,26.12.2020.,00:50:00,23,22,1,1,1,0,0,G,0,0
7149,26.12.2020.,00:55:00,23,22,1,1,1,0,0,G,0,0
7150,26.12.2020.,01:00:00,23,22,1,1,1,0,0,G,0,0
7151,26.12.2020.,01:05:00,23,22,1,1,1,0,0,G,0,0
7152,26.12.2020.,01:10:00,23,22,1,1,1,0,0,G,0,0
7153,26.12.2020.,01:15:00,23,22,1,1,1,0,0,G,0,0
7154,26.12.2020.,01:20:00,23,22,1,1,1,0,0,G,0,0
7155,26.12.2020.,01:25:00,23,22,1,1,1,0,0,G,0,0
7156,26.12.2020.,01:30:00,23,22,1,1,1,0,0,G,0,0
7157,26.12.2020.,01:35:00,23,22,1,1,1,0,0,G,0,0
7158,26.12.2020.,01:40:00,23,22,1,1,1,0,0,G,0,0
7159,26.12.2020.,01:45:00,23,22,1,1,1,0,0,G,0,0
7160,26.12.2020.,01:50:00,23,22,1,1,1,0,0,G,0,0
7161,26.12.2020.,01:55:00,23,22,1,1,1,0,0,G,0,0
7162,26.12.2020.,02:00:00,23,22,1,1,1,0,0,G,0,0
7163,26.12.2020.,02:05:00,23,22,1,1,1,0,0,G,0,0
7164,26.12.2020.,02:10:00,23,22,1,1,1,0,0,G,0,0
7165,26.12.2020.,02:15:00,23,22,1,1,1,0,0,G,0,0
7166,26.12.2020.,02:20:00,23,22,1,1,1,0,0,G,0,0
7167,26.12.2020.,02:25:00,23,22,1,1,1,0,0,G,0,0
7168,26.12.2020.,02:30:00,23,22,1,1,1,0,0,G,0,0
7169,26.12.2020.,02:35:00,23,22,1,1,1,0,0,G,0,0
7170,26.12.2020.,02:40:00,23,22,1,1,1,0,0,G,0,0
7171,26.12.2020.,02:45:00,23,22,1,1,1,0,0,G,0,0
7172,26.12.2020.,02:50:00,23,22,1,1,1,0,0,G,0,0
7173,26.12.2020.,02:55:00,23,22,1,1,1,0,0,G,0,0
7174,26.12.2020.,03:00:00,23,22,1,1,1,0,0,G,0,0
7175,26.12.2020.,03:05:00,23,22,1,1,1,0,0,G,0,0
7176,26.12.2020.,03:10:00,23,22,1,1,1,0,0,G,0,0
7177,26.12.2020.,03:15:00,23,22,1,1,1,0,0,G,0,0
7178,26.12.2020.,03:20:00,23,22,1,1,1,0,0,G,0,0
7179,26.12.2020.,03:25:00,23,22,1,1,1,0,0,G,0,0
7180,26.12.2020.,03:30:00,23,22,1,1,1,0,0,G,0,0
7181,26.12.2020.,03:35:00,23,22,1,1,1,0,0,G,0,0
7182,26.12.2020.,03:40:00,23,22,1,1,1,0,0,G,0,0
7183,26.12.2020.,03:45:00,23,22,1,1,1,0,0,G,0,0
7184,26.12.2020.,03:50:00,23,22,1,1,1,0,0,G,0,0
7185,26.12.2020.,03:55:00,23,22,1,1,1,0,0,G,0,0
7186,26.12.2020.,04:00:00,23,22,1,1,1,0,0,G,0,0
7187,26.12.2020.,04:05:00,23,22,1,1,1,0,0,G,0,0
7188,26.12.2020.,04:10:00,23,22,1,1,1,0,0,G,0,0
7189,26.12.2020.,04:15:00,23,22,1,1,1,0,0,G,0,0
7190,26.12.2020.,04:20:00,23,22,1,1,1,0,0,G,0,0
7191,26.12.2020.,04:25:00,23,22,1,1,1,0,0,G,0,0
7192,26.12.2020.,04:30:00,23,22,1,1,1,0,0,G,0,0
7193,26.12.2020.,04:35:00,23,22,1,1,1,0,0,G,0,0
7194,26.12.2020.,04:40:00,23,22,1,1,1,0,0,G,0,0
7195,26.12.2020.,04:45:00,23,22,1,1,1,0,0,G,0,0
7196,26.12.2020.,04:50:00,23,22,1,1,1,0,0,G,0,0
7197,26.12.2020.,04:55:00,23,22,1,1,1,0,0,G,0,0
7198,26.12.2020.,05:00:00,23,22,1,1,1,0,0,G,0,0
7199,26.12.2020.,05:05:00,23,22,1,1,1,0,0,G,0,0
7200,26.12.2020.,05:10:00,23,22,1,1,1,0,0,G,0,0
7201,26.12.2020.,05:15:00,23,22,1,1,1,0,0,G,0,0
7202,26.12.2020.,05:20:00,23,22,1,1,1,0,0,G,0,0
7203,26.12.2020.,05:25:00,23,22,1,1,1,0,0,G,0,0
7204,26.12.2020.,05:30:00,23,22,1,1,1,0,0,G,0,0
7205,26.12.2020.,05:35:00,23,22,1,1,1,0,0,G,0,0
7206,26.12.2020.,05:40:00,23,22,1,1,1,0,0,G,0,0
7207,26.12.2020.,05:45:00,23,22,1,1,1,0,0,G,0,0
7208,26.12.2020.,05:50:00,23,22,1,1,1,0,0,G,0,0
7209,26.12.2020.,05:55:00,23,22,1,1,1,0,0,G,0,0
7210,26.12.2020.,06:00:00,23,22,1,1,1,0,0,G,0,0
7211,26.12.2020.,06:05:00,23,22,1,1,1,0,0,G,0,0
7212,26.12.2020.,06:10:00,23,22,1,1,1,0,0,G,0,0
7213,26.12.2020.,06:15:00,23,22,1,1,1,0,0,G,0,0
7214,26.12.2020.,06:20:00,23,22,1,1,1,0,0,G,0,0
7215,26.12.2020.,06:25:00,23,22,1,1,1,0,0,G,0,0
7216,26.12.2020.,06:30:00,23,22,1,1,1,0,0,G,0,0
7217,26.12.2020.,06:35:00,23,22,1,1,1,0,0,G,0,0
7218,26.12.2020.,06:40:00,23,22,1,1,1,0,0,G,0,0
7219,26.12.2020.,06:45:00,23,22,1,1,1,0,0,G,0,0
7220,26.12.2020.,06:50:00,23,22,1,1,1,0,0,G,0,0
7221,26.12.2020.,06:55:00,23,22,1,1,1,0,0,G,0,0
7222,26.12.2020.,07:00:00,23,22,1,1,1,0,0,G,0,0
7223,26.12.2020.,07:05:00,23,22,1,1,1,0,0,G,0,0
7224,26.12.2020.,07:10:00,23,22,1,1,1,0,0,G,0,0
7225,26.12.2020.,07:15:00,23,22,1,1,1,0,0,G,0,0
7226,26.12.2020.,07:20:00,23,22,1,1,1,0,0,G,0,0
7227,26.12.2020.,07:25:00,23,22,1,1,1,0,0,G,0,0
7228,26.12.2020.,07:30:00,23,22,1,1,1,0,0,G,0,0
7229,26.12.2020.,07:35:00,23,22,1,1,1,0,0,G,0,0
7230,26.12.2020.,07:40:00,23,22,1,1,1,0,0,G,0,0
7231,26.12.2020.,07:45:00,23,22,1,1,1,0,0,G,0,0
7232,26.12.2020.,07:50:00,23,22,1,1,1,0,0,G,0,0
7233,26.12.2020.,07:55:00,23,22,1,1,1,0,0,G,0,0
7234,26.12.2020.,08:00:00,23,22,1,1,1,0,0,G,0,0
7235,26.12.2020.,08:05:00,23,22,1,1,1,0,0,G,0,0
7236,26.12.2020.,08:10:00,23,22,1,1,1,0,0,G,0,0
7237,26.12.2020.,08:15:00,23,22,1,1,1,0,0,G,0,0
7238,26.12.2020.,08:20:00,23,22,1,1,1,0,0,G,0,0
7239,26.12.2020.,08:25:00,23,22,1,1,1,0,0,G,0,0
7240,26.12.2020.,08:30:00,23,22,1,1,1,0,0,G,0,0
7241,26.12.2020.,08:35:00,23,22,1,1,1,0,0,G,0,0
7242,26.12.2020.,08:40:00,23,22,1,1,1,0,0,G,0,0
7243,26.12.2020.,08:45:00,23,22,1,1,1,0,0,G,0,0
7244,26.12.2020.,08:50:00,23,22,1,1,1,0,0,G,0,0
7245,26.12.2020.,08:55:00,23,22,1,1,1,0,0,G,0,0
7246,26.12.2020.,09:00:00,23,22,1,1,1,0,0,G,0,0
7247,26.12.2020.,09:05:00,23,22,1,1,1,0,0,G,0,0
7248,26.12.2020.,09:10:00,23,22,1,1,1,0,0,G,0,0
7249,26.12.2020.,09:15:00,23,22,1,1,1,0,0,G,0,0
7250,26.12.2020.,09:20:00,23,22,1,1,1,0,0,G,0,0
7251,26.12.2020.,09:25:00,23,22,1,1,1,0,0,G,0,0
7252,26.12.2020.,09:30:00,23,22,1,1,1,0,0,G,0,0
7253,26.12.2020.,09:35:00,23,22,1,1,1,0,0,G,0,0
7254,26.12.2020.,09:40:00,23,22,1,1,1,0,0,G,0,0
7255,26.12.2020.,09:45:00,23,22,1,1,1,0,0,G,0,0
7256,26.12.2020.,09:50:00,23,22,1,1,1,0,0,G,0,0
7257,26.12.2020.,09:55:00,23,22,1,1,1,0,0,G,0,0
7258,26.12.2020.,10:00:00,23,22,1,1,1,0,0,G,0,0
7259,26.12.2020.,10:05:00,23,22,1,1,1,0,0,G,0,0
7260,26.12.2020.,10:10:00,23,22,1,1,1,0,0,G,0,0
7261,26.12.2020.,10:15:00,23,22,1,1,1,0,0,G,0,0
7262,26.12.2020.,10:20:00,23,22,1,1,1,0,0,G,0,0
7263,26.12.2020.,10:25:00,23,22,1,1,1,0,0,G,0,0
7264,26.12.2020.,10:30:00,23,22,1,1,1,0,0,G,0,0
7265,26.12.2020.,10:35:00,23,22,1,1,1,0,0,G,0,0
7266,26.12.2020.,10:40:00,23,22,1,1,1,0,0,G,0,0
7267,26.12.2020.,10:45:00,23,22,1,1,1,0,0,G,0,0
7268,26.12.2020.,10:50:00,23,22,1,1,1,0,0,G,0,0
7269,26.12.2020.,10:55:00,23,22,1,1,1,0,0,G,0,0
7270,26.12.2020.,11:00:00,23,22,1,1,1,0,0,G,0,0
7271,26.12.2020.,11:05:00,23,22,1,1,1,0,0,G,0,0
7272,26.12.2020.,11:10:00,23,22,1,1,1,0,0,G,0,0
7273,26.12.2020.,11:15:00,23,22,1,1,1,0,0,G,0,0
7274,26.12.2020.,11:20:00,23,22,1,1,1,0,0,G,0,0
7275,26.12.2020.,11:25:00,23,22,1,1,1,0,0,G,0,0
7276,26.12.2020.,11:30:00,23,22,1,1,1,0,0,G,0,0
7277,26.12.2020.,11:35:00,23,22,1,1,1,0,0,G,0,0
7278,26.12.2020.,11:40:00,23,22,1,1,1,0,0,G,0,0
7279,26.12.2020.,11:45:00,23,22,1,1,1,0,0,G,0,0
7280,26.12.2020.,11:50:00,23,22,1,1,1,0,0,G,0,0
7281,26.12.2020.,11:55:00,23,22,1,1,1,0,0,G,0,0
7282,26.12.2020.,12:00:00,23,22,1,1,1,0,0,G,0,0
7283,26.12.2020.,12:05:00,23,22,1,1,1,0,0,G,0,0
7284,26.12.2020.,12:10:00,23,22,1,1,1,0,0,G,0,0
7285,26.12.2020.,12:15:00,23,22,1,1,1,0,0,G,0,0
7286,26.12.2020.,12:20:00,23,22,1,1,1,0,0,G,0,0
7287,26.12.2020.,12:25:00,23,22,1,1,1,0,0,G,0,0
7288,26.12.2020.,12:30:00,23,22,1,1,1,0,0,G,0,0
7289,26.12.2020.,12:35:00,23,22,1,1,1,0,0,G,0,0
7290,26.12.2020.,12:40:00,23,22,1,1,1,0,0,G,0,0
7291,26.12.2020.,12:45:00,23,22,1,1,1,0,0,G,0,0
7292,26.12.2020.,12:50:00,23,22,1,1,1,0,0,G,0,0
7293,26.12.2020.,12:55:00,23,22,1,1,1,0,0,G,0,0
7294,26.12.2020.,13:00:00,23,22,1,1,1,0,0,G,0,0
7295,26.12.2020.,13:05:00,23,22,1,1,1,0,0,G,0,0
7296,26.12.2020.,13:10:00,23,22,1,1,1,0,0,G,0,0
7297,26.12.2020.,13:15:00,23,22,1,1,1,0,0,G,0,0
7298,26.12.2020.,13:20:00,23,22,1,1,1,0,0,G,0,0
7299,26.12.2020.,13:25:00,23,22,1,1,1,0,0,G,0,0
7300,26.12.2020.,13:30:00,23,22,1,1,1,0,0,G,0,0
7301,26.12.2020.,13:35:00,23,22,1,1,1,0,0,G,0,0
7302,26.12.2020.,13:40:00,23,22,1,1,1,0,0,G,0,0
7303,26.12.2020.,13:45:00,23,22,1,1,1,0,0,G,0,0
7304,26.12.2020.,13:50:00,23,22,1,1,1,0,0,G,0,0
7305,26.12.2020.,13:55:00,23,22,1,1,1,0,0,G,0,0
7306,26.12.2020.,14:00:00,23,22,1,1,1,0,0,G,0,0
7307,26.12.2020.,14:05:00,23,22,1,1,1,0,0,G,0,0
7308,26.12.2020.,14:10:00,23,22,1,1,1,0,0,G,0,0
7309,26.12.2020.,14:15:00,23,22,1,1,1,0,0,G,0,0
7310,26.12.2020.,14:20:00,23,22,1,1,1,0,0,G,0,0
7311,26.12.2020.,14:25:00,23,22,1,1,1,0,0,G,0,0
7312,26.12.2020.,14:30:00,23,22,1,1,1,0,0,G,0,0
7313,26.12.2020.,14:35:00,23,22,1,1,1,0,0,G,0,0
7314,26.12.2020.,14:40:00,23,22,1,1,1,0,0,G,0,0
7315,26.12.2020.,14:45:00,23,22,1,1,1,0,0,G,0,0
7316,26.12.2020.,14:50:00,23,22,1,1,1,0,0,G,0,0
7317,26.12.2020.,14:55:00,23,22,1,1,1,0,0,G,0,0
7318,26.12.2020.,15:00:00,23,22,1,1,1,0,0,G,0,0
7319,26.12.2020.,15:05:00,23,22,1,1,1,0,0,G,0,0
7320,26.12.2020.,15:10:00,23,22,1,1,1,0,0,G,0,0
7321,26.12.2020.,15:15:00,23,22,1,1,1,0,0,G,0,0
7322,26.12.2020.,15:20:00,23,22,1,1,1,0,0,G,0,0
7323,26.12.2020.,15:25:00,23,22,1,1,1,0,0,G,0,0
7324,26.12.2020.,15:30:00,23,22,1,1,1,0,0,G,0,0
7325,26.12.2020.,15:35:00,23,22,1,1,1,0,0,G,0,0
7326,26.12.2020.,15:40:00,23,22,1,1,1,0,0,G,0,0
7327,26.12.2020.,15:45:00,23,22,1,1,1,0,0,G,0,0
7328,26.12.2020.,15:50:00,23,22,1,1,1,0,0,G,0,0
7329,26.12.2020.,15:55:00,23,22,1,1,1,0,0,G,0,0
7330,26.12.2020.,16:00:00,23,22,1,1,1,0,0,G,0,0
7331,26.12.2020.,16:05:00,23,22,1,1,1,0,0,G,0,0
7332,26.12.2020.,16:10:00,23,22,1,1,1,0,0,G,0,0
7333,26.12.2020.,16:15:00,23,22,1,1,1,0,0,G,0,0
7334,26.12.2020.,16:20:00,23,22,1,1,1,0,0,G,0,0
7335,26.12.2020.,16:25:00,23,22,1,1,1,0,0,G,0,0
7336,26.12.2020.,16:30:00,23,22,1,1,1,0,0,G,0,0
7337,26.12.2020.,16:35:00,23,22,1,1,1,0,0,G,0,0
7338,26.12.2020.,16:40:00,23,22,1,1,1,0,0,G,0,0
7339,26.12.2020.,16:45:00,23,22,1,1,1,0,0,G,0,0
7340,26.12.2020.,16:50:00,23,22,1,1,1,0,0,G,0,0
7341,26.12.2020.,16:55:00,23,22,1,1,1,0,0,G,0,0
7342,26.12.2020.,17:00:00,23,22,1,1,1,0,0,G,0,0
7343,26.12.2020.,17:05:00,23,22,1,1,1,0,0,G,0,0
7344,26.12.2020.,17:10:00,23,22,1,1,1,0,0,G,0,0
7345,26.12.2020.,17:15:00,23,22,1,1,1,0,0,G,0,0
7346,26.12.2020.,17:20:00,23,22,1,1,1,0,0,G,0,0
7347,26.12.2020.,17:25:00,23,22,1,1,1,0,0,G,0,0
7348,26.12.2020.,17:30:00,23,22,1,1,1,0,0,G,0,0
7349,26.12.2020.,17:35:00,23,22,1,1,1,0,0,G,0,0
7350,26.12.2020.,17:40:00,23,22,1,1,1,0,0,G,0,0
7351,26.12.2020.,17:45:00,23,22,1,1,1,0,0,G,0,0
7352,26.12.2020.,17:50:00,23,22,1,1,1,0,0,G,0,0
7353,26.12.2020.,17:55:00,23,22,1,1,1,0,0,G,0,0
7354,26.12.2020.,18:00:00,23,22,1,1,1,0,0,G,0,0
7355,26.12.2020.,18:05:00,23,22,1,1,1,0,0,G,0,0
7356,26.12.2020.,18:10:00,23,22,1,1,1,0,0,G,0,0
7357,26.12.2020.,18:15:00,23,22,1,1,1,0,0,G,0,0
7358,26.12.2020.,18:20:00,23,22,1,1,1,0,0,G,0,0
7359,26.12.2020.,18:25:00,23,22,1,1,1,0,0,G,0,0
7360,26.12.2020.,18:30:00,23,22,1,1,1,0,0,G,0,0
7361,26.12.2020.,18:35:00,23,22,1,1,1,0,0,G,0,0
7362,26.12.2020.,18:40:00,23,22,1,1,1,0,0,G,0,0
7363,26.12.2020.,18:45:00,23,22,1,1,1,0,0,G,0,0
7364,26.12.2020.,18:50:00,23,22,1,1,1,0,0,G,0,0
7365,26.12.2020.,18:55:00,23,22,1,1,1,0,0,G,0,0
7366,26.12.2020.,19:00:00,23,22,1,1,1,0,0,G,0,0
7367,26.12.2020.,19:05:00,23,22,1,1,1,0,0,G,0,0
7368,26.12.2020.,19:10:00,23,22,1,1,1,0,0,G,0,0
7369,26.12.2020.,19:15:00,23,22,1,1,1,0,0,G,0,0
7370,26.12.2020.,19:20:00,23,22,1,1,1,0,0,G,0,0
7371,26.12.2020.,19:25:00,23,22,1,1,1,0,0,G,0,0
7372,26.12.2020.,19:30:00,23,22,1,1,1,0,0,G,0,0
7373,26.12.2020.,19:35:00,23,22,1,1,1,0,0,G,0,0
7374,26.12.2020.,19:40:00,23,22,1,1,1,0,0,G,0,0
7375,26.12.2020.,19:45:00,23,22,1,1,1,0,0,G,0,0
7376,26.12.2020.,19:50:00,23,22,1,1,1,0,0,G,0,0
7377,26.12.2020.,19:55:00,23,22,1,1,1,0,0,G,0,0
7378,26.12.2020.,20:00:00,23,22,1,1,1,0,0,G,0,0
7379,26.12.2020.,20:05:00,23,22,1,1,1,0,0,G,0,0
7380,26.12.2020.,20:10:00,23,22,1,1,1,0,0,G,0,0
7381,26.12.2020.,20:15:00,23,22,1,1,1,0,0,G,0,0
7382,26.12.2020.,20:20:00,23,22,1,1,1,0,0,G,0,0
7383,26.12.2020.,20:25:00,23,22,1,1,1,0,0,G,0,0
7384,26.12.2020.,20:30:00,23,22,1,1,1,0,0,G,0,0
7385,26.12.2020.,20:35:00,23,22,1,1,1,0,0,G,0,0
7386,26.12.2020.,20:40:00,23,22,1,1,1,0,0,G,0,0
7387,26.12.2020.,20:45:00,23,22,1,1,1,0,0,G,0,0
7388,26.12.2020.,20:50:00,23,22,1,1,1,0,0,G,0,0
7389,26.12.2020.,20:55:00,23,22,1,1,1,0,0,G,0,0
7390,26.12.2020.,21:00:00,23,22,1,1,1,0,0,G,0,0
7391,26.12.2020.,21:05:00,23,22,1,1,1,0,0,G,0,0
7392,26.12.2020.,21:10:00,23,22,1,1,1,0,0,G,0,0
7393,26.12.2020.,21:15:00,23,22,1,1,1,0,0,G,0,0
7394,26.12.2020.,21:20:00,23,22,1,1,1,0,0,G,0,0
7395,26.12.2020.,21:25:00,23,22,1,1,1,0,0,G,0,0
7396,26.12.2020.,21:30:00,23,22,1,1,1,0,0,G,0,0
7397,26.12.2020.,21:35:00,23,22,1,1,1,0,0,G,0,0
7398,26.12.2020.,21:40:00,23,22,1,1,1,0,0,G,0,0
7399,26.12.2020.,21:45:00,23,22,1,1,1,0,0,G,0,0
7400,26.12.2020.,21:50:00,23,22,1,1,1,0,0,G,0,0
7401,26.12.2020.,21:55:00,23,22,1,1,1,0,0,G,0,0
7402,26.12.2020.,22:00:00,23,22,1,1,1,0,0,G,0,0
7403,26.12.2020.,22:05:00,23,22,1,1,1,0,0,G,0,0
7404,26.12.2020.,22:10:00,23,22,1,1,1,0,0,G,0,0
7405,26.12.2020.,22:15:00,23,22,1,1,1,0,0,G,0,0
7406,26.12.2020.,22:20:00,23,22,1,1,1,0,0,G,0,0
7407,26.12.2020.,22:25:00,23,22,1,1,1,0,0,G,0,0
7408,26.12.2020.,22:30:00,23,22,1,1,1,0,0,G,0,0
7409,26.12.2020.,22:35:00,23,22,1,1,1,0,0,G,0,0
7410,26.12.2020.,22:40:00,23,22,1,1,1,0,0,G,0,0
7411,26.12.2020.,22:45:00,23,22,1,1,1,0,0,G,0,0
7412,26.12.2020.,22:50:00,23,22,1,1,1,0,0,G,0,0
7413,26.12.2020.,22:55:00,23,22,1,1,1,0,0,G,0,0
7414,26.12.2020.,23:00:00,23,22,1,1,1,0,0,G,0,0
7415,26.12.2020.,23:05:00,23,22,1,1,1,0,0,G,0,0
7416,26.12.2020.,23:10:00,23,22,1,1,1,0,0,G,0,0
7417,26.12.2020.,23:15:00,23,22,1,1,1,0,0,G,0,0
7418,26.12.2020.,23:20:00,23,22,1,1,1,0,0,G,0,0
7419,26.12.2020.,23:25:00,23,22,1,1,1,0,0,G,0,0
7420,26.12.2020.,23:30:00,23,22,1,1,1,0,0,G,0,0
7421,26.12.2020.,23:35:00,23,22,1,1,1,0,0,G,0,0
7422,26.12.2020.,23:40:00,23,22,1,1,1,0,0,G,0,0
7423,26.12.2020.,23:45:00,23,22,1,1,1,0,0,G,0,0
7424,26.12.2020.,23:50:00,23,22,1,1,1,0,0,G,0,0
7425,26.12.2020.,23:55:00,23,22,1,1,1,0,0,G,0,0
7426,27.12.2020.,00:00:00,23,22,1,1,1,0,0,G,0,0
7427,27.12.2020.,00:05:00,23,22,1,1,1,0,0,G,0,0
7428,27.12.2020.,00:10:00,23,22,1,1,1,0,0,G,0,0
7429,27.12.2020.,00:15:00,23,22,1,1,1,0,0,G,0,0
7430,27.12.2020.,00:20:00,23,22,1,1,1,0,0,G,0,0
7431,27.12.2020.,00:25:00,23,22,1,1,1,0,0,G,0,0
7432,27.12.2020.,00:30:00,23,22,1,1,1,0,0,G,0,0
7433,27.12.2020.,00:35:00,23,22,1,1,1,0,0,G,0,0
7434,27.12.2020.,00:40:00,23,22,1,1,1,0,0,G,0,0
7435,27.12.2020.,00:45:00,23,22,1,1,1,0,0,G,0,0
7436,27.12.2020.,00:50:00,23,22,1,1,1,0,0,G,0,0
7437,27.12.2020.,00:55:00,23,22,1,1,1,0,0,G,0,0
7438,27.12.2020.,01:00:00,23,22,1,1,1,0,0,G,0,0
7439,27.12.2020.,01:05:00,23,22,1,1,1,0,0,G,0,0
7440,27.12.2020.,01:10:00,23,22,1,1,1,0,0,G,0,0
7441,27.12.2020.,01:15:00,23,22,1,1,1,0,0,G,0,0
7442,27.12.2020.,01:20:00,23,22,1,1,1,0,0,G,0,0
7443,27.12.2020.,01:25:00,23,22,1,1,1,0,0,G,0,0
7444,27.12.2020.,01:30:00,23,22,1,1,1,0,0,G,0,0
7445,27.12.2020.,01:35:00,23,22,1,1,1,0,0,G,0,0
7446,27.12.2020.,01:40:00,23,22,1,1,1,0,0,G,0,0
7447,27.12.2020.,01:45:00,23,22,1,1,1,0,0,G,0,0
7448,27.12.2020.,01:50:00,23,22,1,1,1,0,0,G,0,0
7449,27.12.2020.,01:55:00,23,22,1,1,1,0,0,G,0,0
7450,27.12.2020.,02:00:00,23,22,1,1,1,0,0,G,0,0
7451,27.12.2020.,02:05:00,23,22,1,1,1,0,0,G,0,0
7452,27.12.2020.,02:10:00,23,22,1,1,1,0,0,G,0,0
7453,27.12.2020.,02:15:00,23,22,1,1,1,0,0,G,0,0
7454,27.12.2020.,02:20:00,23,22,1,1,1,0,0,G,0,0
7455,27.12.2020.,02:25:00,23,22,1,1,1,0,0,G,0,0
7456,27.12.2020.,02:30:00,23,22,1,1,1,0,0,G,0,0
7457,27.12.2020.,02:35:00,23,22,1,1,1,0,0,G,0,0
7458,27.12.2020.,02:40:00,23,22,1,1,1,0,0,G,0,0
7459,27.12.2020.,02:45:00,23,22,1,1,1,0,0,G,0,0
7460,27.12.2020.,02:50:00,23,22,1,1,1,0,0,G,0,0
7461,27.12.2020.,02:55:00,23,22,1,1,1,0,0,G,0,0
7462,27.12.2020.,03:00:00,23,22,1,1,1,0,0,G,0,0
7463,27.12.2020.,03:05:00,23,22,1,1,1,0,0,G,0,0
7464,27.12.2020.,03:10:00,23,22,1,1,1,0,0,G,0,0
7465,27.12.2020.,03:15:00,23,22,1,1,1,0,0,G,0,0
7466,27.12.2020.,03:20:00,23,22,1,1,1,0,0,G,0,0
7467,27.12.2020.,03:25:00,23,22,1,1,1,0,0,G,0,0
7468,27.12.2020.,03:30:00,23,22,1,1,1,0,0,G,0,0
7469,27.12.2020.,03:35:00,23,22,1,1,1,0,0,G,0,0
7470,27.12.2020.,03:40:00,23,22,1,1,1,0,0,G,0,0
7471,27.12.2020.,03:45:00,23,22,1,1,1,0,0,G,0,0
7472,27.12.2020.,03:50:00,23,22,1,1,1,0,0,G,0,0
7473,27.12.2020.,03:55:00,23,22,1,1,1,0,0,G,0,0
7474,27.12.2020.,04:00:00,23,22,1,1,1,0,0,G,0,0
7475,27.12.2020.,04:05:00,23,22,1,1,1,0,0,G,0,0
7476,27.12.2020.,04:10:00,23,22,1,1,1,0,0,G,0,0
7477,27.12.2020.,04:15:00,23,22,1,1,1,0,0,G,0,0
7478,27.12.2020.,04:20:00,23,22,1,1,1,0,0,G,0,0
7479,27.12.2020.,04:25:00,23,22,1,1,1,0,0,G,0,0
7480,27.12.2020.,04:30:00,23,22,1,1,1,0,0,G,0,0
7481,27.12.2020.,04:35:00,23,22,1,1,1,0,0,G,0,0
7482,27.12.2020.,04:40:00,23,22,1,1,1,0,0,G,0,0
7483,27.12.2020.,04:45:00,23,22,1,1,1,0,0,G,0,0
7484,27.12.2020.,04:50:00,23,22,1,1,1,0,0,G,0,0
7485,27.12.2020.,04:55:00,23,22,1,1,1,0,0,G,0,0
7486,27.12.2020.,05:00:00,23,22,1,1,1,0,0,G,0,0
7487,27.12.2020.,05:05:00,23,22,1,1,1,0,0,G,0,0
7488,27.12.2020.,05:10:00,23,22,1,1,1,0,0,G,0,0
7489,27.12.2020.,05:15:00,23,22,1,1,1,0,0,G,0,0
7490,27.12.2020.,05:20:00,23,22,1,1,1,0,0,G,0,0
7491,27.12.2020.,05:25:00,23,22,1,1,1,0,0,G,0,0
7492,27.12.2020.,05:30:00,23,22,1,1,1,0,0,G,0,0
7493,27.12.2020.,05:35:00,23,22,1,1,1,0,0,G,0,0
7494,27.12.2020.,05:40:00,23,22,1,1,1,0,0,G,0,0
7495,27.12.2020.,05:45:00,23,22,1,1,1,0,0,G,0,0
7496,27.12.2020.,05:50:00,23,22,1,1,1,0,0,G,0,0
7497,27.12.2020.,05:55:00,23,22,1,1,1,0,0,G,0,0
7498,27.12.2020.,06:00:00,23,22,1,1,1,0,0,G,0,0
7499,27.12.2020.,06:05:00,23,22,1,1,1,0,0,G,0,0
7500,27.12.2020.,06:10:00,23,22,1,1,1,0,0,G,0,0
7501,27.12.2020.,06:15:00,23,22,1,1,1,0,0,G,0,0
7502,27.12.2020.,06:20:00,23,22,1,1,1,0,0,G,0,0
7503,27.12.2020.,06:25:00,23,22,1,1,1,0,0,G,0,0
7504,27.12.2020.,06:30:00,23,22,1,1,1,0,0,G,0,0
7505,27.12.2020.,06:35:00,23,22,1,1,1,0,0,G,0,0
7506,27.12.2020.,06:40:00,23,22,1,1,1,0,0,G,0,0
7507,27.12.2020.,06:45:00,23,22,1,1,1,0,0,G,0,0
7508,27.12.2020.,06:50:00,23,22,1,1,1,0,0,G,0,0
7509,27.12.2020.,06:55:00,23,22,1,1,1,0,0,G,0,0
7510,27.12.2020.,07:00:00,23,22,1,1,1,0,0,G,0,0
7511,27.12.2020.,07:05:00,23,22,1,1,1,0,0,G,0,0
7512,27.12.2020.,07:10:00,23,22,1,1,1,0,0,G,0,0
7513,27.12.2020.,07:15:00,23,22,1,1,1,0,0,G,0,0
7514,27.12.2020.,07:20:00,23,22,1,1,1,0,0,G,0,0
7515,27.12.2020.,07:25:00,23,22,1,1,1,0,0,G,0,0
7516,27.12.2020.,07:30:00,23,22,1,1,1,0,0,G,0,0
7517,27.12.2020.,07:35:00,23,22,1,1,1,0,0,G,0,0
7518,27.12.2020.,07:40:00,23,22,1,1,1,0,0,G,0,0
7519,27.12.2020.,07:45:00,23,22,1,1,1,0,0,G,0,0
7520,27.12.2020.,07:50:00,23,22,1,1,1,0,0,G,0,0
7521,27.12.2020.,07:55:00,23,22,1,1,1,0,0,G,0,0
7522,27.12.2020.,08:00:00,23,22,1,1,1,0,0,G,0,0
7523,27.12.2020.,08:05:00,23,22,1,1,1,0,0,G,0,0
7524,27.12.2020.,08:10:00,23,22,1,1,1,0,0,G,0,0
7525,27.12.2020.,08:15:00,23,22,1,1,1,0,0,G,0,0
7526,27.12.2020.,08:20:00,23,22,1,1,1,0,0,G,0,0
7527,27.12.2020.,08:25:00,23,22,1,1,1,0,0,G,0,0
7528,27.12.2020.,08:30:00,23,22,1,1,1,0,0,G,0,0
7529,27.12.2020.,08:35:00,23,22,1,1,1,0,0,G,0,0
7530,27.12.2020.,08:40:00,23,22,1,1,1,0,0,G,0,0
7531,27.12.2020.,08:45:00,23,22,1,1,1,0,0,G,0,0
7532,27.12.2020.,08:50:00,23,22,1,1,1,0,0,G,0,0
7533,27.12.2020.,08:55:00,23,22,1,1,1,0,0,G,0,0
7534,27.12.2020.,09:00:00,23,22,1,1,1,0,0,G,0,0
7535,27.12.2020.,09:05:00,23,22,1,1,1,0,0,G,0,0
7536,27.12.2020.,09:10:00,23,22,1,1,1,0,0,G,0,0
7537,27.12.2020.,09:15:00,23,22,1,1,1,0,0,G,0,0
7538,27.12.2020.,09:20:00,23,22,1,1,1,0,0,G,0,0
7539,27.12.2020.,09:25:00,23,22,1,1,1,0,0,G,0,0
7540,27.12.2020.,09:30:00,23,22,1,1,1,0,0,G,0,0
7541,27.12.2020.,09:35:00,23,22,1,1,1,0,0,G,0,0
7542,27.12.2020.,09:40:00,23,22,1,1,1,0,0,G,0,0
7543,27.12.2020.,09:45:00,23,22,1,1,1,0,0,G,0,0
7544,27.12.2020.,09:50:00,23,22,1,1,1,0,0,G,0,0
7545,27.12.2020.,09:55:00,23,22,1,1,1,0,0,G,0,0
7546,27.12.2020.,10:00:00,23,22,1,1,1,0,0,G,0,0
7547,27.12.2020.,10:05:00,23,22,1,1,1,0,0,G,0,0
7548,27.12.2020.,10:10:00,23,22,1,1,1,0,0,G,0,0
7549,27.12.2020.,10:15:00,23,22,1,1,1,0,0,G,0,0
7550,27.12.2020.,10:20:00,23,22,1,1,1,0,0,G,0,0
7551,27.12.2020.,10:25:00,23,22,1,1,1,0,0,G,0,0
7552,27.12.2020.,10:30:00,23,22,1,1,1,0,0,G,0,0
7553,27.12.2020.,10:35:00,23,22,1,1,1,0,0,G,0,0
7554,27.12.2020.,10:40:00,23,22,1,1,1,0,0,G,0,0
7555,27.12.2020.,10:45:00,23,22,1,1,1,0,0,G,0,0
7556,27.12.2020.,10:50:00,23,22,1,1,1,0,0,G,0,0
7557,27.12.2020.,10:55:00,23,22,1,1,1,0,0,G,0,0
7558,27.12.2020.,11:00:00,23,22,1,1,1,0,0,G,0,0
7559,27.12.2020.,11:05:00,23,22,1,1,1,0,0,G,0,0
7560,27.12.2020.,11:10:00,23,22,1,1,1,0,0,G,0,0
7561,27.12.2020.,11:15:00,23,22,1,1,1,0,0,G,0,0
7562,27.12.2020.,11:20:00,23,22,1,1,1,0,0,G,0,0
7563,27.12.2020.,11:25:00,23,22,1,1,1,0,0,G,0,0
7564,27.12.2020.,11:30:00,23,22,1,1,1,0,0,G,0,0
7565,27.12.2020.,11:35:00,23,22,1,1,1,0,0,G,0,0
7566,27.12.2020.,11:40:00,23,22,1,1,1,0,0,G,0,0
7567,27.12.2020.,11:45:00,23,22,1,1,1,0,0,G,0,0
7568,27.12.2020.,11:50:00,23,22,1,1,1,0,0,G,0,0
7569,27.12.2020.,11:55:00,23,22,1,1,1,0,0,G,0,0
7570,27.12.2020.,12:00:00,23,22,1,1,1,0,0,G,0,0
7571,27.12.2020.,12:05:00,23,22,1,1,1,0,0,G,0,0
7572,27.12.2020.,12:10:00,23,22,1,1,1,0,0,G,0,0
7573,27.12.2020.,12:15:00,23,22,1,1,1,0,0,G,0,0
7574,27.12.2020.,12:20:00,23,22,1,1,1,0,0,G,0,0
7575,27.12.2020.,12:25:00,23,22,1,1,1,0,0,G,0,0
7576,27.12.2020.,12:30:00,23,22,1,1,1,0,0,G,0,0
7577,27.12.2020.,12:35:00,23,22,1,1,1,0,0,G,0,0
7578,27.12.2020.,12:40:00,23,22,1,1,1,0,0,G,0,0
7579,27.12.2020.,12:45:00,23,22,1,1,1,0,0,G,0,0
7580,27.12.2020.,12:50:00,23,22,1,1,1,0,0,G,0,0
7581,27.12.2020.,12:55:00,23,22,1,1,1,0,0,G,0,0
7582,27.12.2020.,13:00:00,23,22,1,1,1,0,0,G,0,0
7583,27.12.2020.,13:05:00,23,22,1,1,1,0,0,G,0,0
7584,27.12.2020.,13:10:00,23,22,1,1,1,0,0,G,0,0
7585,27.12.2020.,13:15:00,23,22,1,1,1,0,0,G,0,0
7586,27.12.2020.,13:20:00,23,22,1,1,1,0,0,G,0,0
7587,27.12.2020.,13:25:00,23,22,1,1,1,0,0,G,0,0
7588,27.12.2020.,13:30:00,23,22,1,1,1,0,0,G,0,0
7589,27.12.2020.,13:35:00,23,22,1,1,1,0,0,G,0,0
7590,27.12.2020.,13:40:00,23,22,1,1,1,0,0,G,0,0
7591,27.12.2020.,13:45:00,23,22,1,1,1,0,0,G,0,0
7592,27.12.2020.,13:50:00,23,22,1,1,1,0,0,G,0,0
7593,27.12.2020.,13:55:00,23,22,1,1,1,0,0,G,0,0
7594,27.12.2020.,14:00:00,23,22,1,1,1,0,0,G,0,0
7595,27.12.2020.,14:05:00,23,22,1,1,1,0,0,G,0,0
7596,27.12.2020.,14:10:00,23,22,1,1,1,0,0,G,0,0
7597,27.12.2020.,14:15:00,23,22,1,1,1,0,0,G,0,0
7598,27.12.2020.,14:20:00,23,22,1,1,1,0,0,G,0,0
7599,27.12.2020.,14:25:00,23,22,1,1,1,0,0,G,0,0
7600,27.12.2020.,14:30:00,23,22,1,1,1,0,0,G,0,0
7601,27.12.2020.,14:35:00,23,22,1,1,1,0,0,G,0,0
7602,27.12.2020.,14:40:00,23,22,1,1,1,0,0,G,0,0
7603,27.12.2020.,14:45:00,23,22,1,1,1,0,0,G,0,0
7604,27.12.2020.,14:50:00,23,22,1,1,1,0,0,G,0,0
7605,27.12.2020.,14:55:00,23,22,1,1,1,0,0,G,0,0
7606,27.12.2020.,15:00:00,23,22,1,1,1,0,0,G,0,0
7607,27.12.2020.,15:05:00,23,22,1,1,1,0,0,G,0,0
7608,27.12.2020.,15:10:00,23,22,1,1,1,0,0,G,0,0
7609,27.12.2020.,15:15:00,23,22,1,1,1,0,0,G,0,0
7610,27.12.2020.,15:20:00,23,22,1,1,1,0,0,G,0,0
7611,27.12.2020.,15:25:00,23,22,1,1,1,0,0,G,0,0
7612,27.12.2020.,15:30:00,23,22,1,1,1,0,0,G,0,0
7613,27.12.2020.,15:35:00,23,22,1,1,1,0,0,G,0,0
7614,27.12.2020.,15:40:00,23,22,1,1,1,0,0,G,0,0
7615,27.12.2020.,15:45:00,23,22,1,1,1,0,0,G,0,0
7616,27.12.2020.,15:50:00,23,22,1,1,1,0,0,G,0,0
7617,27.12.2020.,15:55:00,23,22,1,1,1,0,0,G,0,0
7618,27.12.2020.,16:00:00,23,22,1,1,1,0,0,G,0,0
7619,27.12.2020.,16:05:00,23,22,1,1,1,0,0,G,0,0
7620,27.12.2020.,16:10:00,23,22,1,1,1,0,0,G,0,0
7621,27.12.2020.,16:15:00,23,22,1,1,1,0,0,G,0,0
7622,27.12.2020.,16:20:00,23,22,1,1,1,0,0,G,0,0
7623,27.12.2020.,16:25:00,23,22,1,1,1,0,0,G,0,0
7624,27.12.2020.,16:30:00,23,22,1,1,1,0,0,G,0,0
7625,27.12.2020.,16:35:00,23,22,1,1,1,0,0,G,0,0
7626,27.12.2020.,16:40:00,23,22,1,1,1,0,0,G,0,0
7627,27.12.2020.,16:45:00,23,22,1,1,1,0,0,G,0,0
7628,27.12.2020.,16:50:00,23,22,1,1,1,0,0,G,0,0
7629,27.12.2020.,16:55:00,23,22,1,1,1,0,0,G,0,0
7630,27.12.2020.,17:00:00,23,22,1,1,1,0,0,G,0,0
7631,27.12.2020.,17:05:00,23,22,1,1,1,0,0,G,0,0
7632,27.12.2020.,17:10:00,23,22,1,1,1,0,0,G,0,0
7633,27.12.2020.,17:15:00,23,22,1,1,1,0,0,G,0,0
7634,27.12.2020.,17:20:00,23,22,1,1,1,0,0,G,0,0
7635,27.12.2020.,17:25:00,23,22,1,1,1,0,0,G,0,0
7636,27.12.2020.,17:30:00,23,22,1,1,1,0,0,G,0,0
7637,27.12.2020.,17:35:00,23,22,1,1,1,0,0,G,0,0
7638,27.12.2020.,17:40:00,23,22,1,1,1,0,0,G,0,0
7639,27.12.2020.,17:45:00,23,22,1,1,1,0,0,G,0,0
7640,27.12.2020.,17:50:00,23,22,1,1,1,0,0,G,0,0
7641,27.12.2020.,17:55:00,23,22,1,1,1,0,0,G,0,0
7642,27.12.2020.,18:00:00,23,22,1,1,1,0,0,G,0,0
7643,27.12.2020.,18:05:00,23,22,1,1,1,0,0,G,0,0
7644,27.12.2020.,18:10:00,23,22,1,1,1,0,0,G,0,0
7645,27.12.2020.,18:15:00,23,22,1,1,1,0,0,G,0,0
7646,27.12.2020.,18:20:00,23,22,1,1,1,0,0,G,0,0
7647,27.12.2020.,18:25:00,23,22,1,1,1,0,0,G,0,0
7648,27.12.2020.,18:30:00,23,22,1,1,1,0,0,G,0,0
7649,27.12.2020.,18:35:00,23,22,1,1,1,0,0,G,0,0
7650,27.12.2020.,18:40:00,23,22,1,1,1,0,0,G,0,0
7651,27.12.2020.,18:45:00,23,22,1,1,1,0,0,G,0,0
7652,27.12.2020.,18:50:00,23,22,1,1,1,0,0,G,0,0
7653,27.12.2020.,18:55:00,23,22,1,1,1,0,0,G,0,0
7654,27.12.2020.,19:00:00,23,22,1,1,1,0,0,G,0,0
7655,27.12.2020.,19:05:00,23,22,1,1,1,0,0,G,0,0
7656,27.12.2020.,19:10:00,23,22,1,1,1,0,0,G,0,0
7657,27.12.2020.,19:15:00,23,22,1,1,1,0,0,G,0,0
7658,27.12.2020.,19:20:00,23,22,1,1,1,0,0,G,0,0
7659,27.12.2020.,19:25:00,23,22,1,1,1,0,0,G,0,0
7660,27.12.2020.,19:30:00,23,22,1,1,1,0,0,G,0,0
7661,27.12.2020.,19:35:00,23,22,1,1,1,0,0,G,0,0
7662,27.12.2020.,19:40:00,23,22,1,1,1,0,0,G,0,0
7663,27.12.2020.,19:45:00,23,22,1,1,1,0,0,G,0,0
7664,27.12.2020.,19:50:00,23,22,1,1,1,0,0,G,0,0
7665,27.12.2020.,19:55:00,23,22,1,1,1,0,0,G,0,0
7666,27.12.2020.,20:00:00,23,22,1,1,1,0,0,G,0,0
7667,27.12.2020.,20:05:00,23,22,1,1,1,0,0,G,0,0
7668,27.12.2020.,20:10:00,23,22,1,1,1,0,0,G,0,0
7669,27.12.2020.,20:15:00,23,22,1,1,1,0,0,G,0,0
7670,27.12.2020.,20:20:00,23,22,1,1,1,0,0,G,0,0
7671,27.12.2020.,20:25:00,23,22,1,1,1,0,0,G,0,0
7672,27.12.2020.,20:30:00,23,22,1,1,1,0,0,G,0,0
7673,27.12.2020.,20:35:00,23,22,1,1,1,0,0,G,0,0
7674,27.12.2020.,20:40:00,23,22,1,1,1,0,0,G,0,0
7675,27.12.2020.,20:45:00,23,22,1,1,1,0,0,G,0,0
7676,27.12.2020.,20:50:00,23,22,1,1,1,0,0,G,0,0
7677,27.12.2020.,20:55:00,23,22,1,1,1,0,0,G,0,0
7678,27.12.2020.,21:00:00,23,22,1,1,1,0,0,G,0,0
7679,27.12.2020.,21:05:00,23,22,1,1,1,0,0,G,0,0
7680,27.12.2020.,21:10:00,23,22,1,1,1,0,0,G,0,0
7681,27.12.2020.,21:15:00,23,22,1,1,1,0,0,G,0,0
7682,27.12.2020.,21:20:00,23,22,1,1,1,0,0,G,0,0
7683,27.12.2020.,21:25:00,23,22,1,1,1,0,0,G,0,0
7684,27.12.2020.,21:30:00,23,22,1,1,1,0,0,G,0,0
7685,27.12.2020.,21:35:00,23,22,1,1,1,0,0,G,0,0
7686,27.12.2020.,21:40:00,23,22,1,1,1,0,0,G,0,0
7687,27.12.2020.,21:45:00,23,22,1,1,1,0,0,G,0,0
7688,27.12.2020.,21:50:00,23,22,1,1,1,0,0,G,0,0
7689,27.12.2020.,21:55:00,23,22,1,1,1,0,0,G,0,0
7690,27.12.2020.,22:00:00,23,22,1,1,1,0,0,G,0,0
7691,27.12.2020.,22:05:00,23,22,1,1,1,0,0,G,0,0
7692,27.12.2020.,22:10:00,23,22,1,1,1,0,0,G,0,0
7693,27.12.2020.,22:15:00,23,22,1,1,1,0,0,G,0,0
7694,27.12.2020.,22:20:00,23,22,1,1,1,0,0,G,0,0
7695,27.12.2020.,22:25:00,23,22,1,1,1,0,0,G,0,0
7696,27.12.2020.,22:30:00,23,22,1,1,1,0,0,G,0,0
7697,27.12.2020.,22:35:00,23,22,1,1,1,0,0,G,0,0
7698,27.12.2020.,22:40:00,23,22,1,1,1,0,0,G,0,0
7699,27.12.2020.,22:45:00,23,22,1,1,1,0,0,G,0,0
7700,27.12.2020.,22:50:00,23,22,1,1,1,0,0,G,0,0
7701,27.12.2020.,22:55:00,23,22,1,1,1,0,0,G,0,0
7702,27.12.2020.,23:00:00,23,22,1,1,1,0,0,G,0,0
7703,27.12.2020.,23:05:00,23,22,1,1,1,0,0,G,0,0
7704,27.12.2020.,23:10:00,23,22,1,1,1,0,0,G,0,0
7705,27.12.2020.,23:15:00,23,22,1,1,1,0,0,G,0,0
7706,27.12.2020.,23:20:00,23,22,1,1,1,0,0,G,0,0
7707,27.12.2020.,23:25:00,23,22,1,1,1,0,0,G,0,0
7708,27.12.2020.,23:30:00,23,22,1,1,1,0,0,G,0,0
7709,27.12.2020.,23:35:00,23,22,1,1,1,0,0,G,0,0
7710,27.12.2020.,23:40:00,23,22,1,1,1,0,0,G,0,0
7711,27.12.2020.,23:45:00,23,22,1,1,1,0,0,G,0,0
7712,27.12.2020.,23:50:00,23,22,1,1,1,0,0,G,0,0
7713,27.12.2020.,23:55:00,23,22,1,1,1,0,0,G,0,0
7714,28.12.2020.,00:00:00,23,22,1,1,1,0,0,G,0,0
7715,28.12.2020.,00:05:00,23,22,1,1,1,0,0,G,0,0
7716,28.12.2020.,00:10:00,23,22,1,1,1,0,0,G,0,0
7717,28.12.2020.,00:15:00,23,22,1,1,1,0,0,G,0,0
7718,28.12.2020.,00:20:00,23,22,1,1,1,0,0,G,0,0
7719,28.12.2020.,00:25:00,23,22,1,1,1,0,0,G,0,0
7720,28.12.2020.,00:30:00,23,22,1,1,1,0,0,G,0,0
7721,28.12.2020.,00:35:00,23,22,1,1,1,0,0,G,0,0
7722,28.12.2020.,00:40:00,23,22,1,1,1,0,0,G,0,0
7723,28.12.2020.,00:45:00,23,22,1,1,1,0,0,G,0,0
7724,28.12.2020.,00:50:00,23,22,1,1,1,0,0,G,0,0
7725,28.12.2020.,00:55:00,23,22,1,1,1,0,0,G,0,0
7726,28.12.2020.,01:00:00,23,22,1,1,1,0,0,G,0,0
7727,28.12.2020.,01:05:00,23,22,1,1,1,0,0,G,0,0
7728,28.12.2020.,01:10:00,23,22,1,1,1,0,0,G,0,0
7729,28.12.2020.,01:15:00,23,22,1,1,1,0,0,G,0,0
7730,28.12.2020.,01:20:00,23,22,1,1,1,0,0,G,0,0
7731,28.12.2020.,01:25:00,23,22,1,1,1,0,0,G,0,0
7732,28.12.2020.,01:30:00,23,22,1,1,1,0,0,G,0,0
7733,28.12.2020.,01:35:00,23,22,1,1,1,0,0,G,0,0
7734,28.12.2020.,01:40:00,23,22,1,1,1,0,0,G,0,0
7735,28.12.2020.,01:45:00,23,22,1,1,1,0,0,G,0,0
7736,28.12.2020.,01:50:00,23,22,1,1,1,0,0,G,0,0
7737,28.12.2020.,01:55:00,23,22,1,1,1,0,0,G,0,0
7738,28.12.2020.,02:00:00,23,22,1,1,1,0,0,G,0,0
7739,28.12.2020.,02:05:00,23,22,1,1,1,0,0,G,0,0
7740,28.12.2020.,02:10:00,23,22,1,1,1,0,0,G,0,0
7741,28.12.2020.,02:15:00,23,22,1,1,1,0,0,G,0,0
7742,28.12.2020.,02:20:00,23,22,1,1,1,0,0,G,0,0
7743,28.12.2020.,02:25:00,23,22,1,1,1,0,0,G,0,0
7744,28.12.2020.,02:30:00,23,22,1,1,1,0,0,G,0,0
7745,28.12.2020.,02:35:00,23,22,1,1,1,0,0,G,0,0
7746,28.12.2020.,02:40:00,23,22,1,1,1,0,0,G,0,0
7747,28.12.2020.,02:45:00,23,22,1,1,1,0,0,G,0,0
7748,28.12.2020.,02:50:00,23,22,1,1,1,0,0,G,0,0
7749,28.12.2020.,02:55:00,23,22,1,1,1,0,0,G,0,0
7750,28.12.2020.,03:00:00,23,22,1,1,1,0,0,G,0,0
7751,28.12.2020.,03:05:00,23,22,1,1,1,0,0,G,0,0
7752,28.12.2020.,03:10:00,23,22,1,1,1,0,0,G,0,0
7753,28.12.2020.,03:15:00,23,22,1,1,1,0,0,G,0,0
7754,28.12.2020.,03:20:00,23,22,1,1,1,0,0,G,0,0
7755,28.12.2020.,03:25:00,23,22,1,1,1,0,0,G,0,0
7756,28.12.2020.,03:30:00,23,22,1,1,1,0,0,G,0,0
7757,28.12.2020.,03:35:00,23,22,1,1,1,0,0,G,0,0
7758,28.12.2020.,03:40:00,23,22,1,1,1,0,0,G,0,0
7759,28.12.2020.,03:45:00,23,22,1,1,1,0,0,G,0,0
7760,28.12.2020.,03:50:00,23,22,1,1,1,0,0,G,0,0
7761,28.12.2020.,03:55:00,23,22,1,1,1,0,0,G,0,0
7762,28.12.2020.,04:00:00,23,22,1,1,1,0,0,G,0,0
7763,28.12.2020.,04:05:00,23,22,1,1,1,0,0,G,0,0
7764,28.12.2020.,04:10:00,23,22,1,1,1,0,0,G,0,0
7765,28.12.2020.,04:15:00,23,22,1,1,1,0,0,G,0,0
7766,28.12.2020.,04:20:00,23,22,1,1,1,0,0,G,0,0
7767,28.12.2020.,04:25:00,23,22,1,1,1,0,0,G,0,0
7768,28.12.2020.,04:30:00,23,22,1,1,1,0,0,G,0,0
7769,28.12.2020.,04:35:00,23,22,1,1,1,0,0,G,0,0
7770,28.12.2020.,04:40:00,23,22,1,1,1,0,0,G,0,0
7771,28.12.2020.,04:45:00,23,22,1,1,1,0,0,G,0,0
7772,28.12.2020.,04:50:00,23,22,1,1,1,0,0,G,0,0
7773,28.12.2020.,04:55:00,23,22,1,1,1,0,0,G,0,0
7774,28.12.2020.,05:00:00,23,22,1,1,1,0,0,G,0,0
7775,28.12.2020.,05:05:00,23,22,1,1,1,0,0,G,0,0
7776,28.12.2020.,05:10:00,23,22,1,1,1,0,0,G,0,0
7777,28.12.2020.,05:15:00,23,22,1,1,1,0,0,G,0,0
7778,28.12.2020.,05:20:00,23,22,1,1,1,0,0,G,0,0
7779,28.12.2020.,05:25:00,23,22,1,1,1,0,0,G,0,0
7780,28.12.2020.,05:30:00,23,22,1,1,1,0,0,G,0,0
7781,28.12.2020.,05:35:00,23,22,1,1,1,0,0,G,0,0
7782,28.12.2020.,05:40:00,23,22,1,1,1,0,0,G,0,0
7783,28.12.2020.,05:45:00,23,22,1,1,1,0,0,G,0,0
7784,28.12.2020.,05:50:00,23,22,1,1,1,0,0,G,0,0
7785,28.12.2020.,05:55:00,23,22,1,1,1,0,0,G,0,0
7786,28.12.2020.,06:00:00,23,22,1,1,1,0,0,G,0,0
7787,28.12.2020.,06:05:00,23,22,1,1,1,0,0,G,0,0
7788,28.12.2020.,06:10:00,23,22,1,1,1,0,0,G,0,0
7789,28.12.2020.,06:15:00,23,22,1,1,1,0,0,G,0,0
7790,28.12.2020.,06:20:00,23,22,1,1,1,0,0,G,0,0
7791,28.12.2020.,06:25:00,23,22,1,1,1,0,0,G,0,0
7792,28.12.2020.,06:30:00,23,22,1,1,1,0,0,G,0,0
7793,28.12.2020.,06:35:00,23,22,1,1,1,0,0,G,0,0
7794,28.12.2020.,06:40:00,23,22,1,1,1,0,0,G,0,0
7795,28.12.2020.,06:45:00,23,22,1,1,1,0,0,G,0,0
7796,28.12.2020.,06:50:00,23,22,1,1,1,0,0,G,0,0
7797,28.12.2020.,06:55:00,23,22,1,1,1,0,0,G,0,0
7798,28.12.2020.,07:00:00,23,22,1,1,1,0,0,G,0,0
7799,28.12.2020.,07:05:00,23,22,1,1,1,0,0,G,0,0
7800,28.12.2020.,07:10:00,23,22,1,1,1,0,0,G,0,0
7801,28.12.2020.,07:15:00,23,22,1,1,1,0,0,G,0,0
7802,28.12.2020.,07:20:00,23,22,1,1,1,0,0,G,0,0
7803,28.12.2020.,07:25:00,23,22,1,1,1,0,0,G,0,0
7804,28.12.2020.,07:30:00,23,22,1,1,1,0,0,G,0,0
7805,28.12.2020.,07:35:00,23,22,1,1,1,0,0,G,0,0
7806,28.12.2020.,07:40:00,23,22,1,1,1,0,0,G,0,0
7807,28.12.2020.,07:45:00,23,22,1,1,1,0,0,G,0,0
7808,28.12.2020.,07:50:00,23,22,1,1,1,0,0,G,0,0
7809,28.12.2020.,07:55:00,23,22,1,1,1,0,0,G,0,0
7810,28.12.2020.,08:00:00,23,22,1,1,1,0,0,G,0,0
7811,28.12.2020.,08:05:00,23,22,1,1,1,0,0,G,0,0
7812,28.12.2020.,08:10:00,23,22,1,1,1,0,0,G,0,0
7813,28.12.2020.,08:15:00,23,22,1,1,1,0,0,G,0,0
7814,28.12.2020.,08:20:00,23,13,1,3,1,0,0,G,0,0
7815,28.12.2020.,08:25:00,23,16,1,3,1,0,0,G,0,0
7816,28.12.2020.,08:30:00,23,16,1,3,1,0,0,G,0,0
7817,28.12.2020.,08:35:00,23,16,1,3,1,0,0,G,0,0
7818,28.12.2020.,08:40:00,23,16,1,3,1,0,0,G,0,0
7819,28.12.2020.,08:45:00,23,16,1,3,1,0,0,G,0,0
7820,28.12.2020.,08:50:00,23,16,1,3,1,0,0,G,0,0
7821,28.12.2020.,08:55:00,23,16,1,3,1,0,0,G,0,0
7822,28.12.2020.,09:00:00,23,17,1,3,1,0,0,G,0,0
7823,28.12.2020.,09:05:00,23,17,1,3,1,0,0,G,0,0
7824,28.12.2020.,09:10:00,23,17,1,3,1,0,0,G,0,0
7825,28.12.2020.,09:15:00,23,17,1,3,1,0,0,G,0,0
7826,28.12.2020.,09:20:00,23,17,1,3,1,0,0,G,0,0
7827,28.12.2020.,09:25:00,23,17,1,3,1,0,0,G,0,0
7828,28.12.2020.,09:30:00,23,17,1,3,1,0,0,G,0,0
7829,28.12.2020.,09:35:00,23,17,1,3,1,0,0,G,0,0
7830,28.12.2020.,09:40:00,23,17,1,3,1,0,0,G,0,0
7831,28.12.2020.,09:45:00,23,17,1,3,1,0,0,G,0,0
7832,28.12.2020.,09:50:00,23,17,1,3,1,0,0,G,0,0
7833,28.12.2020.,09:55:00,23,17,1,3,1,0,0,G,0,0
7834,28.12.2020.,10:00:00,23,17,1,3,1,0,0,G,0,0
7835,28.12.2020.,10:05:00,23,17,1,3,1,0,0,G,0,0
7836,28.12.2020.,10:10:00,23,18,1,3,1,0,0,G,0,0
7837,28.12.2020.,10:15:00,23,18,1,3,1,0,0,G,0,0
7838,28.12.2020.,10:20:00,23,18,1,3,1,0,0,G,0,0
7839,28.12.2020.,10:25:00,23,18,1,3,1,0,0,G,0,0
7840,28.12.2020.,10:30:00,23,18,1,3,1,0,0,G,0,0
7841,28.12.2020.,10:35:00,23,18,1,3,1,0,0,G,0,0
7842,28.12.2020.,10:40:00,23,18,1,3,1,0,0,G,0,0
7843,28.12.2020.,10:45:00,23,18,1,3,1,0,0,G,0,0
7844,28.12.2020.,10:50:00,23,18,1,3,1,0,0,G,0,0
7845,28.12.2020.,10:55:00,23,18,1,3,1,0,0,G,0,0
7846,28.12.2020.,11:00:00,23,18,1,3,1,0,0,G,0,0
7847,28.12.2020.,11:05:00,23,18,1,3,1,0,0,G,0,0
7848,28.12.2020.,11:10:00,23,18,1,3,1,0,0,G,0,0
7849,28.12.2020.,11:15:00,23,18,1,3,1,0,0,G,0,0
7850,28.12.2020.,11:20:00,23,18,1,3,1,0,0,G,0,0
7851,28.12.2020.,11:25:00,23,18,1,3,1,0,0,G,0,0
7852,28.12.2020.,11:30:00,23,18,1,3,1,0,0,G,0,0
7853,28.12.2020.,11:35:00,23,18,1,3,1,0,0,G,0,0
7854,28.12.2020.,11:40:00,23,19,1,3,1,0,0,G,0,0
7855,28.12.2020.,11:45:00,23,19,1,3,1,0,0,G,0,0
7856,28.12.2020.,11:50:00,23,19,1,3,1,0,0,G,0,0
7857,28.12.2020.,11:55:00,23,19,1,3,1,0,0,G,0,0
7858,28.12.2020.,12:00:00,23,19,1,3,1,0,0,G,0,0
7859,28.12.2020.,12:05:00,23,19,1,3,1,0,0,G,0,0
7860,28.12.2020.,12:10:00,23,19,1,3,1,0,0,G,0,0
7861,28.12.2020.,12:15:00,23,19,1,3,1,0,0,G,0,0
7862,28.12.2020.,12:20:00,23,19,1,3,1,0,0,G,0,0
7863,28.12.2020.,12:25:00,23,19,1,3,1,0,0,G,0,0
7864,28.12.2020.,12:30:00,23,19,1,3,1,0,0,G,0,0
7865,28.12.2020.,12:35:00,23,19,1,3,1,0,0,G,0,0
7866,28.12.2020.,12:40:00,23,19,1,3,1,0,0,G,0,0
7867,28.12.2020.,12:45:00,23,19,1,3,1,0,0,G,0,0
7868,28.12.2020.,12:50:00,23,19,1,3,1,0,0,G,0,0
7869,28.12.2020.,12:55:00,23,19,1,3,1,0,0,G,0,0
7870,28.12.2020.,13:00:00,23,19,1,3,1,0,0,G,0,0
7871,28.12.2020.,13:05:00,23,20,1,3,1,0,0,G,0,0
7872,28.12.2020.,13:10:00,23,20,1,3,1,0,0,G,0,0
7873,28.12.2020.,13:15:00,23,20,1,3,1,0,0,G,0,0
7874,28.12.2020.,13:20:00,23,20,1,3,1,0,0,G,0,0
7875,28.12.2020.,13:25:00,23,20,1,3,1,0,0,G,0,0
7876,28.12.2020.,13:30:00,23,20,1,3,1,0,0,G,0,0
7877,28.12.2020.,13:35:00,23,20,1,3,1,0,0,G,0,0
7878,28.12.2020.,13:40:00,23,20,1,3,1,0,0,G,0,0
7879,28.12.2020.,13:45:00,23,20,1,3,1,0,0,G,0,0
7880,28.12.2020.,13:50:00,23,20,1,3,1,0,0,G,0,0
7881,28.12.2020.,13:55:00,23,20,1,3,1,0,0,G,0,0
7882,28.12.2020.,14:00:00,23,20,1,3,1,0,0,G,0,0
7883,28.12.2020.,14:05:00,23,20,1,3,1,0,0,G,0,0
7884,28.12.2020.,14:10:00,23,20,1,3,1,0,0,G,0,0
7885,28.12.2020.,14:15:00,23,20,1,3,1,0,0,G,0,0
7886,28.12.2020.,14:20:00,23,20,1,3,1,0,0,G,0,0
7887,28.12.2020.,14:25:00,23,20,1,3,1,0,0,G,0,0
7888,28.12.2020.,14:30:00,23,20,1,3,1,0,0,G,0,0
7889,28.12.2020.,14:35:00,23,20,1,3,1,0,0,G,0,0
7890,28.12.2020.,14:40:00,23,20,1,3,1,0,0,G,0,0
7891,28.12.2020.,14:45:00,23,20,1,3,1,0,0,G,0,0
7892,28.12.2020.,14:50:00,23,20,1,3,1,0,0,G,0,0
7893,28.12.2020.,14:55:00,23,20,1,3,1,0,0,G,0,0
7894,28.12.2020.,15:00:00,23,20,1,3,1,0,0,G,0,0
7895,28.12.2020.,15:05:00,23,20,1,3,1,0,0,G,0,0
7896,28.12.2020.,15:10:00,23,20,1,3,1,0,0,G,0,0
7897,28.12.2020.,15:15:00,23,20,1,3,1,0,0,G,0,0
7898,28.12.2020.,15:20:00,23,20,1,3,1,0,0,G,0,0
7899,28.12.2020.,15:25:00,23,20,1,2,1,0,0,G,0,0
7900,28.12.2020.,15:30:00,23,20,1,2,1,0,0,G,0,0
7901,28.12.2020.,15:35:00,23,20,1,2,1,0,0,G,0,0
7902,28.12.2020.,15:40:00,23,20,1,2,1,0,0,G,0,0
7903,28.12.2020.,15:45:00,23,20,1,2,1,0,0,G,0,0
7904,28.12.2020.,15:50:00,23,20,1,2,1,0,0,G,0,0
7905,28.12.2020.,15:55:00,23,20,1,2,1,0,0,G,0,0
7906,28.12.2020.,16:00:00,23,20,1,2,1,0,0,G,0,0
7907,28.12.2020.,16:05:00,23,20,1,2,1,0,0,G,0,0
7908,28.12.2020.,16:10:00,23,20,1,2,1,0,0,G,0,0
7909,28.12.2020.,16:15:00,23,20,1,2,1,0,0,G,0,0
7910,28.12.2020.,16:20:00,23,20,1,2,1,0,0,G,0,0
7911,28.12.2020.,16:25:00,23,20,1,2,1,0,0,G,0,0
7912,28.12.2020.,16:30:00,23,20,1,2,1,0,0,G,0,0
7913,28.12.2020.,16:35:00,23,21,1,2,1,0,0,G,0,0
7914,28.12.2020.,16:40:00,23,21,1,2,1,0,0,G,0,0
7915,28.12.2020.,16:45:00,23,21,1,2,1,0,0,G,0,0
7916,28.12.2020.,16:50:00,23,21,1,2,1,0,0,G,0,0
7917,28.12.2020.,16:55:00,23,21,1,2,1,0,0,G,0,0
7918,28.12.2020.,17:00:00,23,21,1,2,1,0,0,G,0,0
7919,28.12.2020.,17:05:00,23,21,1,2,1,0,0,G,0,0
7920,28.12.2020.,17:10:00,23,21,1,2,1,0,0,G,0,0
7921,28.12.2020.,17:15:00,23,21,1,2,1,0,0,G,0,0
7922,28.12.2020.,17:20:00,23,21,1,2,1,0,0,G,0,0
7923,28.12.2020.,17:25:00,23,21,1,2,1,0,0,G,0,0
7924,28.12.2020.,17:30:00,23,21,1,2,1,0,0,G,0,0
7925,28.12.2020.,17:35:00,23,21,1,2,1,0,0,G,0,0
7926,28.12.2020.,17:40:00,23,21,1,2,1,0,0,G,0,0
7927,28.12.2020.,17:45:00,23,21,1,2,1,0,0,G,0,0
7928,28.12.2020.,17:50:00,23,21,1,2,1,0,0,G,0,0
7929,28.12.2020.,17:55:00,23,21,1,2,1,0,0,G,0,0
7930,28.12.2020.,18:00:00,23,21,1,2,1,0,0,G,0,0
7931,28.12.2020.,18:05:00,23,21,1,2,1,0,0,G,0,0
7932,28.12.2020.,18:10:00,23,21,1,2,1,0,0,G,0,0
7933,28.12.2020.,18:15:00,23,21,1,2,1,0,0,G,0,0
7934,28.12.2020.,18:20:00,23,21,1,2,1,0,0,G,0,0
7935,28.12.2020.,18:25:00,23,21,1,2,1,0,0,G,0,0
7936,28.12.2020.,18:30:00,23,21,1,2,1,0,0,G,0,0
7937,28.12.2020.,18:35:00,23,21,1,2,1,0,0,G,0,0
7938,28.12.2020.,18:40:00,23,21,1,2,1,0,0,G,0,0
7939,28.12.2020.,18:45:00,23,21,1,2,1,0,0,G,0,0
7940,28.12.2020.,18:50:00,23,21,1,2,1,0,0,G,0,0
7941,28.12.2020.,18:55:00,23,21,1,2,1,0,0,G,0,0
7942,28.12.2020.,19:00:00,23,21,1,2,1,0,0,G,0,0
7943,28.12.2020.,19:05:00,23,21,1,2,1,0,0,G,0,0
7944,28.12.2020.,19:10:00,23,21,1,2,1,0,0,G,0,0
7945,28.12.2020.,19:15:00,23,21,1,2,1,0,0,G,0,0
7946,28.12.2020.,19:20:00,23,21,1,2,1,0,0,G,0,0
7947,28.12.2020.,19:25:00,23,21,1,2,1,0,0,G,0,0
7948,28.12.2020.,19:30:00,23,21,1,2,1,0,0,G,0,0
7949,28.12.2020.,19:35:00,23,21,1,2,1,0,0,G,0,0
7950,28.12.2020.,19:40:00,23,21,1,2,1,0,0,G,0,0
7951,28.12.2020.,19:45:00,23,21,1,2,1,0,0,G,0,0
7952,28.12.2020.,19:50:00,23,21,1,2,1,0,0,G,0,0
7953,28.12.2020.,19:55:00,23,21,1,2,1,0,0,G,0,0
7954,28.12.2020.,20:00:00,23,21,1,2,1,0,0,G,0,0
7955,28.12.2020.,20:05:00,23,21,1,2,1,0,0,G,0,0
7956,28.12.2020.,20:10:00,23,21,1,2,1,0,0,G,0,0
7957,28.12.2020.,20:15:00,23,21,1,2,1,0,0,G,0,0
7958,28.12.2020.,20:20:00,23,21,1,2,1,0,0,G,0,0
7959,28.12.2020.,20:25:00,23,21,1,2,1,0,0,G,0,0
7960,28.12.2020.,20:30:00,23,22,1,1,1,0,0,G,0,0
7961,28.12.2020.,20:35:00,23,22,1,1,1,0,0,G,0,0
7962,28.12.2020.,20:40:00,23,22,1,1,1,0,0,G,0,0
7963,28.12.2020.,20:45:00,23,22,1,1,1,0,0,G,0,0
7964,28.12.2020.,20:50:00,23,22,1,1,1,0,0,G,0,0
7965,28.12.2020.,20:55:00,23,22,1,1,1,0,0,G,0,0
7966,28.12.2020.,21:00:00,23,22,1,1,1,0,0,G,0,0
7967,28.12.2020.,21:05:00,23,22,1,1,1,0,0,G,0,0
7968,28.12.2020.,21:10:00,23,22,1,1,1,0,0,G,0,0
7969,28.12.2020.,21:15:00,23,22,1,1,1,0,0,G,0,0
7970,28.12.2020.,21:20:00,23,22,1,1,1,0,0,G,0,0
7971,28.12.2020.,21:25:00,23,22,1,1,1,0,0,G,0,0
7972,28.12.2020.,21:30:00,23,22,1,1,1,0,0,G,0,0
7973,28.12.2020.,21:35:00,23,22,1,1,1,0,0,G,0,0
7974,28.12.2020.,21:40:00,23,22,1,1,1,0,0,G,0,0
7975,28.12.2020.,21:45:00,23,22,1,1,1,0,0,G,0,0
7976,28.12.2020.,21:50:00,23,22,1,1,1,0,0,G,0,0
7977,28.12.2020.,21:55:00,23,22,1,1,1,0,0,G,0,0
7978,28.12.2020.,22:00:00,23,22,1,1,1,0,0,G,0,0
7979,28.12.2020.,22:05:00,23,22,1,1,1,0,0,G,0,0
7980,28.12.2020.,22:10:00,23,22,1,1,1,0,0,G,0,0
7981,28.12.2020.,22:15:00,23,22,1,1,1,0,0,G,0,0
7982,28.12.2020.,22:20:00,23,22,1,1,1,0,0,G,0,0
7983,28.12.2020.,22:25:00,23,22,1,1,1,0,0,G,0,0
7984,28.12.2020.,22:30:00,23,22,1,1,1,0,0,G,0,0
7985,28.12.2020.,22:35:00,23,22,1,1,1,0,0,G,0,0
7986,28.12.2020.,22:40:00,23,22,1,1,1,0,0,G,0,0
7987,28.12.2020.,22:45:00,23,22,1,1,1,0,0,G,0,0
7988,28.12.2020.,22:50:00,23,22,1,1,1,0,0,G,0,0
7989,28.12.2020.,22:55:00,23,22,1,1,1,0,0,G,0,0
7990,28.12.2020.,23:00:00,23,22,1,1,1,0,0,G,0,0
7991,28.12.2020.,23:05:00,23,22,1,1,1,0,0,G,0,0
7992,28.12.2020.,23:10:00,23,22,1,1,1,0,0,G,0,0
7993,28.12.2020.,23:15:00,23,22,1,1,1,0,0,G,0,0
7994,28.12.2020.,23:20:00,23,22,1,1,1,0,0,G,0,0
7995,28.12.2020.,23:25:00,23,22,1,1,1,0,0,G,0,0
7996,28.12.2020.,23:30:00,23,22,1,1,1,0,0,G,0,0
7997,28.12.2020.,23:35:00,23,22,1,1,1,0,0,G,0,0
7998,28.12.2020.,23:40:00,23,22,1,1,1,0,0,G,0,0
7999,28.12.2020.,23:45:00,23,22,1,1,1,0,0,G,0,0
8000,28.12.2020.,23:50:00,23,22,1,1,1,0,0,G,0,0
8001,28.12.2020.,23:55:00,23,22,1,1,1,0,0,G,0,0
8002,29.12.2020.,00:00:00,23,22,1,1,1,0,0,G,0,0
8003,29.12.2020.,00:05:00,23,22,1,1,1,0,0,G,0,0
8004,29.12.2020.,00:10:00,23,22,1,1,1,0,0,G,0,0
8005,29.12.2020.,00:15:00,23,22,1,1,1,0,0,G,0,0
8006,29.12.2020.,00:20:00,23,22,1,1,1,0,0,G,0,0
8007,29.12.2020.,00:25:00,23,22,1,1,1,0,0,G,0,0
8008,29.12.2020.,00:30:00,23,22,1,1,1,0,0,G,0,0
8009,29.12.2020.,00:35:00,23,22,1,1,1,0,0,G,0,0
8010,29.12.2020.,00:40:00,23,22,1,1,1,0,0,G,0,0
8011,29.12.2020.,00:45:00,23,22,1,1,1,0,0,G,0,0
8012,29.12.2020.,00:50:00,23,22,1,1,1,0,0,G,0,0
8013,29.12.2020.,00:55:00,23,22,1,1,1,0,0,G,0,0
8014,29.12.2020.,01:00:00,23,22,1,1,1,0,0,G,0,0
8015,29.12.2020.,01:05:00,23,22,1,1,1,0,0,G,0,0
8016,29.12.2020.,01:10:00,23,22,1,1,1,0,0,G,0,0
8017,29.12.2020.,01:15:00,23,22,1,1,1,0,0,G,0,0
8018,29.12.2020.,01:20:00,23,22,1,1,1,0,0,G,0,0
8019,29.12.2020.,01:25:00,23,22,1,1,1,0,0,G,0,0
8020,29.12.2020.,01:30:00,23,22,1,1,1,0,0,G,0,0
8021,29.12.2020.,01:35:00,23,22,1,1,1,0,0,G,0,0
8022,29.12.2020.,01:40:00,23,22,1,1,1,0,0,G,0,0
8023,29.12.2020.,01:45:00,23,22,1,1,1,0,0,G,0,0
8024,29.12.2020.,01:50:00,23,22,1,1,1,0,0,G,0,0
8025,29.12.2020.,01:55:00,23,22,1,1,1,0,0,G,0,0
8026,29.12.2020.,02:00:00,23,22,1,1,1,0,0,G,0,0
8027,29.12.2020.,02:05:00,23,22,1,1,1,0,0,G,0,0
8028,29.12.2020.,02:10:00,23,22,1,1,1,0,0,G,0,0
8029,29.12.2020.,02:15:00,23,22,1,1,1,0,0,G,0,0
8030,29.12.2020.,02:20:00,23,22,1,1,1,0,0,G,0,0
8031,29.12.2020.,02:25:00,23,22,1,1,1,0,0,G,0,0
8032,29.12.2020.,02:30:00,23,22,1,1,1,0,0,G,0,0
8033,29.12.2020.,02:35:00,23,22,1,1,1,0,0,G,0,0
8034,29.12.2020.,02:40:00,23,22,1,1,1,0,0,G,0,0
8035,29.12.2020.,02:45:00,23,22,1,1,1,0,0,G,0,0
8036,29.12.2020.,02:50:00,23,22,1,1,1,0,0,G,0,0
8037,29.12.2020.,02:55:00,23,22,1,1,1,0,0,G,0,0
8038,29.12.2020.,03:00:00,23,22,1,1,1,0,0,G,0,0
8039,29.12.2020.,03:05:00,23,22,1,1,1,0,0,G,0,0
8040,29.12.2020.,03:10:00,23,22,1,1,1,0,0,G,0,0
8041,29.12.2020.,03:15:00,23,22,1,1,1,0,0,G,0,0
8042,29.12.2020.,03:20:00,23,22,1,1,1,0,0,G,0,0
8043,29.12.2020.,03:25:00,23,22,1,1,1,0,0,G,0,0
8044,29.12.2020.,03:30:00,23,22,1,1,1,0,0,G,0,0
8045,29.12.2020.,03:35:00,23,22,1,1,1,0,0,G,0,0
8046,29.12.2020.,03:40:00,23,22,1,1,1,0,0,G,0,0
8047,29.12.2020.,03:45:00,23,22,1,1,1,0,0,G,0,0
8048,29.12.2020.,03:50:00,23,22,1,1,1,0,0,G,0,0
8049,29.12.2020.,03:55:00,23,22,1,1,1,0,0,G,0,0
8050,29.12.2020.,04:00:00,23,22,1,1,1,0,0,G,0,0
8051,29.12.2020.,04:05:00,23,22,1,1,1,0,0,G,0,0
8052,29.12.2020.,04:10:00,23,22,1,1,1,0,0,G,0,0
8053,29.12.2020.,04:15:00,23,22,1,1,1,0,0,G,0,0
8054,29.12.2020.,04:20:00,23,22,1,1,1,0,0,G,0,0
8055,29.12.2020.,04:25:00,23,22,1,1,1,0,0,G,0,0
8056,29.12.2020.,04:30:00,23,22,1,1,1,0,0,G,0,0
8057,29.12.2020.,04:35:00,23,22,1,1,1,0,0,G,0,0
8058,29.12.2020.,04:40:00,23,22,1,1,1,0,0,G,0,0
8059,29.12.2020.,04:45:00,23,22,1,1,1,0,0,G,0,0
8060,29.12.2020.,04:50:00,23,22,1,1,1,0,0,G,0,0
8061,29.12.2020.,04:55:00,23,22,1,1,1,0,0,G,0,0
8062,29.12.2020.,05:00:00,23,22,1,1,1,0,0,G,0,0
8063,29.12.2020.,05:05:00,23,22,1,1,1,0,0,G,0,0
8064,29.12.2020.,05:10:00,23,22,1,1,1,0,0,G,0,0
8065,29.12.2020.,05:15:00,23,22,1,1,1,0,0,G,0,0
8066,29.12.2020.,05:20:00,23,22,1,1,1,0,0,G,0,0
8067,29.12.2020.,05:25:00,23,22,1,1,1,0,0,G,0,0
8068,29.12.2020.,05:30:00,23,22,1,1,1,0,0,G,0,0
8069,29.12.2020.,05:35:00,23,22,1,1,1,0,0,G,0,0
8070,29.12.2020.,05:40:00,23,22,1,1,1,0,0,G,0,0
8071,29.12.2020.,05:45:00,23,22,1,1,1,0,0,G,0,0
8072,29.12.2020.,05:50:00,23,22,1,1,1,0,0,G,0,0
8073,29.12.2020.,05:55:00,23,22,1,1,1,0,0,G,0,0
8074,29.12.2020.,06:00:00,23,22,1,1,1,0,0,G,0,0
8075,29.12.2020.,06:05:00,23,22,1,1,1,0,0,G,0,0
8076,29.12.2020.,06:10:00,23,22,1,1,1,0,0,G,0,0
8077,29.12.2020.,06:15:00,23,22,1,1,1,0,0,G,0,0
8078,29.12.2020.,06:20:00,23,22,1,1,1,0,0,G,0,0
8079,29.12.2020.,06:25:00,23,22,1,1,1,0,0,G,0,0
8080,29.12.2020.,06:30:00,23,22,1,1,1,0,0,G,0,0
8081,29.12.2020.,06:35:00,23,22,1,1,1,0,0,G,0,0
8082,29.12.2020.,06:40:00,23,22,1,1,1,0,0,G,0,0
8083,29.12.2020.,06:45:00,23,22,1,1,1,0,0,G,0,0
8084,29.12.2020.,06:50:00,23,22,1,1,1,0,0,G,0,0
8085,29.12.2020.,06:55:00,23,22,1,1,1,0,0,G,0,0
8086,29.12.2020.,07:00:00,23,22,1,1,1,0,0,G,0,0
8087,29.12.2020.,07:05:00,23,22,1,1,1,0,0,G,0,0
8088,29.12.2020.,07:10:00,23,22,1,1,1,0,0,G,0,0
8089,29.12.2020.,07:15:00,23,22,1,1,1,0,0,G,0,0
8090,29.12.2020.,07:20:00,23,22,1,1,1,0,0,G,0,0
8091,29.12.2020.,07:25:00,23,22,1,1,1,0,0,G,0,0
8092,29.12.2020.,07:30:00,23,22,1,1,1,0,0,G,0,0
8093,29.12.2020.,07:35:00,23,22,1,1,1,0,0,G,0,0
8094,29.12.2020.,07:40:00,23,22,1,1,1,0,0,G,0,0
8095,29.12.2020.,07:45:00,23,22,1,1,1,0,0,G,0,0
8096,29.12.2020.,07:50:00,23,22,1,1,1,0,0,G,0,0
8097,29.12.2020.,07:55:00,23,22,1,1,1,0,0,G,0,0
8098,29.12.2020.,08:00:00,23,22,1,1,1,0,0,G,0,0
8099,29.12.2020.,08:05:00,23,22,1,1,1,0,0,G,0,0
8100,29.12.2020.,08:10:00,23,22,1,1,1,0,0,G,0,0
8101,29.12.2020.,08:15:00,23,22,1,1,1,0,0,G,0,0
8102,29.12.2020.,08:20:00,23,22,1,1,1,0,0,G,0,0
8103,29.12.2020.,08:25:00,23,22,1,1,1,0,0,G,0,0
8104,29.12.2020.,08:30:00,23,22,1,1,1,0,0,G,0,0
8105,29.12.2020.,08:35:00,23,22,1,1,1,0,0,G,0,0
8106,29.12.2020.,08:40:00,23,22,1,1,1,0,0,G,0,0
8107,29.12.2020.,08:45:00,23,22,1,1,1,0,0,G,0,0
8108,29.12.2020.,08:50:00,23,22,1,1,1,0,0,G,0,0
8109,29.12.2020.,08:55:00,23,22,1,1,1,0,0,G,0,0
8110,29.12.2020.,09:00:00,23,22,1,1,1,0,0,G,0,0
8111,29.12.2020.,09:05:00,23,22,1,1,1,0,0,G,0,0
8112,29.12.2020.,09:10:00,23,22,1,1,1,0,0,G,0,0
8113,29.12.2020.,09:15:00,23,22,1,0,1,0,0,G,0,0
8114,29.12.2020.,09:20:00,23,22,1,0,1,0,0,G,0,0
8115,29.12.2020.,09:25:00,23,22,1,0,1,0,0,G,0,0
8116,29.12.2020.,09:30:00,23,22,1,0,1,0,0,G,0,0
8117,29.12.2020.,09:35:00,23,22,1,0,1,0,0,G,0,0
8118,29.12.2020.,09:40:00,23,22,1,0,1,0,0,G,0,0
8119,29.12.2020.,09:45:00,23,22,1,0,1,0,0,G,0,0
8120,29.12.2020.,09:50:00,23,22,1,0,1,0,0,G,0,0
8121,29.12.2020.,09:55:00,23,22,1,0,1,0,0,G,0,0
8122,29.12.2020.,10:00:00,23,22,1,0,1,0,0,G,0,0
8123,29.12.2020.,10:05:00,23,22,1,0,1,0,0,G,0,0
8124,29.12.2020.,10:10:00,23,22,1,0,1,0,0,G,0,0
8125,29.12.2020.,10:15:00,23,22,1,1,1,0,0,G,0,0
8126,29.12.2020.,10:20:00,23,22,1,1,1,0,0,G,0,0
8127,29.12.2020.,10:25:00,23,22,1,1,1,0,0,G,0,0
8128,29.12.2020.,10:30:00,23,22,1,1,1,0,0,G,0,0
8129,29.12.2020.,10:35:00,23,22,1,1,1,0,0,G,0,0
8130,29.12.2020.,10:40:00,23,22,1,1,1,0,0,G,0,0
8131,29.12.2020.,10:45:00,23,22,1,1,1,0,0,G,0,0
8132,29.12.2020.,10:50:00,23,22,1,1,1,0,0,G,0,0
8133,29.12.2020.,10:55:00,23,22,1,1,1,0,0,G,0,0
8134,29.12.2020.,11:00:00,23,22,1,1,1,0,0,G,0,0
8135,29.12.2020.,11:05:00,23,22,1,1,1,0,0,G,0,0
8136,29.12.2020.,11:10:00,23,22,1,1,1,0,0,G,0,0
8137,29.12.2020.,11:15:00,23,22,1,1,1,0,0,G,0,0
8138,29.12.2020.,11:20:00,23,22,1,1,1,0,0,G,0,0
8139,29.12.2020.,11:25:00,23,22,1,1,1,0,0,G,0,0
8140,29.12.2020.,11:30:00,23,22,1,1,1,0,0,G,0,0
8141,29.12.2020.,11:35:00,23,22,1,1,1,0,0,G,0,0
8142,29.12.2020.,11:40:00,23,22,1,0,1,0,0,G,0,0
8143,29.12.2020.,11:45:00,23,22,1,0,1,0,0,G,0,0
8144,29.12.2020.,11:50:00,23,22,1,0,1,0,0,G,0,0
8145,29.12.2020.,11:55:00,23,22,1,0,1,0,0,G,0,0
8146,29.12.2020.,12:00:00,23,22,1,0,1,0,0,G,0,0
8147,29.12.2020.,12:05:00,23,22,1,0,1,0,0,G,0,0
8148,29.12.2020.,12:10:00,23,22,1,0,1,0,0,G,0,0
8149,29.12.2020.,12:15:00,23,22,1,0,1,0,0,G,0,0
8150,29.12.2020.,12:20:00,23,22,1,0,1,0,0,G,0,0
8151,29.12.2020.,12:25:00,23,22,1,0,1,0,0,G,0,0
8152,29.12.2020.,12:30:00,23,22,1,0,1,0,0,G,0,0
8153,29.12.2020.,12:35:00,23,22,1,0,1,0,0,G,0,0
8154,29.12.2020.,12:40:00,23,22,1,0,1,0,0,G,0,0
8155,29.12.2020.,12:45:00,23,22,1,0,1,0,0,G,0,0
8156,29.12.2020.,12:50:00,23,22,1,0,1,0,0,G,0,0
8157,29.12.2020.,12:55:00,23,22,1,0,1,0,0,G,0,0
8158,29.12.2020.,13:00:00,23,22,1,0,1,0,0,G,0,0
8159,29.12.2020.,13:05:00,23,22,1,0,1,0,0,G,0,0
8160,29.12.2020.,13:10:00,23,22,1,0,1,0,0,G,0,0
8161,29.12.2020.,13:15:00,23,22,1,0,1,0,0,G,0,0
8162,29.12.2020.,13:20:00,23,22,1,0,1,0,0,G,0,0
8163,29.12.2020.,13:25:00,23,22,1,0,1,0,0,G,0,0
8164,29.12.2020.,13:30:00,23,22,1,0,1,0,0,G,0,0
8165,29.12.2020.,13:35:00,23,22,1,0,1,0,0,G,0,0
8166,29.12.2020.,13:40:00,23,22,1,0,1,0,0,G,0,0
8167,29.12.2020.,13:45:00,23,22,1,0,1,0,0,G,0,0
8168,29.12.2020.,13:50:00,23,22,1,0,1,0,0,G,0,0
8169,29.12.2020.,13:55:00,23,22,1,0,1,0,0,G,0,0
8170,29.12.2020.,14:00:00,23,22,1,1,1,0,0,G,0,0
8171,29.12.2020.,14:05:00,23,22,1,1,1,0,0,G,0,0
8172,29.12.2020.,14:10:00,23,22,1,1,1,0,0,G,0,0
8173,29.12.2020.,14:15:00,23,22,1,1,1,0,0,G,0,0
8174,29.12.2020.,14:20:00,23,22,1,1,1,0,0,G,0,0
8175,29.12.2020.,14:25:00,23,22,1,1,1,0,0,G,0,0
8176,29.12.2020.,14:30:00,23,22,1,1,1,0,0,G,0,0
8177,29.12.2020.,14:35:00,23,22,1,1,1,0,0,G,0,0
8178,29.12.2020.,14:40:00,23,22,1,1,1,0,0,G,0,0
8179,29.12.2020.,14:45:00,23,22,1,1,1,0,0,G,0,0
8180,29.12.2020.,14:50:00,23,22,1,1,1,0,0,G,0,0
8181,29.12.2020.,14:55:00,23,22,1,1,1,1,0,G,0,0
8182,29.12.2020.,15:00:00,23,22,1,1,1,0,0,G,0,0
8183,29.12.2020.,15:05:00,23,22,1,1,1,0,0,G,0,0
8184,29.12.2020.,15:10:00,23,22,1,1,1,0,0,G,0,0
8185,29.12.2020.,15:15:00,23,22,1,1,1,0,0,G,0,0
8186,29.12.2020.,15:20:00,23,22,1,1,1,0,0,G,0,0
8187,29.12.2020.,15:25:00,23,22,1,1,1,0,0,G,0,0
8188,29.12.2020.,15:30:00,23,22,1,1,1,0,0,G,0,0
8189,29.12.2020.,15:35:00,23,22,1,1,1,0,0,G,0,0
8190,29.12.2020.,15:40:00,23,22,1,1,1,0,0,G,0,0
8191,29.12.2020.,15:45:00,23,22,1,1,1,0,0,G,0,0
8192,29.12.2020.,15:50:00,23,22,1,1,1,0,0,G,0,0
8193,29.12.2020.,15:55:00,23,22,1,1,1,0,0,G,0,0
8194,29.12.2020.,16:00:00,23,22,1,1,1,0,0,G,0,0
8195,29.12.2020.,16:05:00,23,22,1,1,1,0,0,G,0,0
8196,29.12.2020.,16:10:00,23,22,1,1,1,0,0,G,0,0
8197,29.12.2020.,16:15:00,23,22,1,1,1,0,0,G,0,0
8198,29.12.2020.,16:20:00,23,22,1,1,1,0,0,G,0,0
8199,29.12.2020.,16:25:00,23,22,1,1,1,0,0,G,0,0
8200,29.12.2020.,16:30:00,23,22,1,1,1,0,0,G,0,0
8201,29.12.2020.,16:35:00,23,22,1,1,1,0,0,G,0,0
8202,29.12.2020.,16:40:00,23,22,1,1,1,0,0,G,0,0
8203,29.12.2020.,16:45:00,23,22,1,1,1,0,0,G,0,0
8204,29.12.2020.,16:50:00,23,22,1,1,1,0,0,G,0,0
8205,29.12.2020.,16:55:00,23,22,1,1,1,0,0,G,0,0
8206,29.12.2020.,17:00:00,23,22,1,1,1,0,0,G,0,0
8207,29.12.2020.,17:05:00,23,22,1,1,1,0,0,G,0,0
8208,29.12.2020.,17:10:00,23,22,1,1,1,0,0,G,0,0
8209,29.12.2020.,17:15:00,23,22,1,1,1,0,0,G,0,0
8210,29.12.2020.,17:20:00,23,22,1,1,1,0,0,G,0,0
8211,29.12.2020.,17:25:00,23,22,1,1,1,0,0,G,0,0
8212,29.12.2020.,17:30:00,23,22,1,1,1,0,0,G,0,0
8213,29.12.2020.,17:35:00,23,22,1,1,1,0,0,G,0,0
8214,29.12.2020.,17:40:00,23,22,1,1,1,0,0,G,0,0
8215,29.12.2020.,17:45:00,23,22,1,1,1,0,0,G,0,0
8216,29.12.2020.,17:50:00,23,22,1,1,1,0,0,G,0,0
8217,29.12.2020.,17:55:00,23,22,1,1,1,0,0,G,0,0
8218,29.12.2020.,18:00:00,23,22,1,1,1,0,0,G,0,0
8219,29.12.2020.,18:05:00,23,22,1,1,1,0,0,G,0,0
8220,29.12.2020.,18:10:00,23,22,1,1,1,0,0,G,0,0
8221,29.12.2020.,18:15:00,23,22,1,1,1,0,0,G,0,0
8222,29.12.2020.,18:20:00,23,22,1,1,1,0,0,G,0,0
8223,29.12.2020.,18:25:00,23,22,1,1,1,0,0,G,0,0
8224,29.12.2020.,18:30:00,23,22,1,1,1,0,0,G,0,0
8225,29.12.2020.,18:35:00,23,22,1,1,1,0,0,G,0,0
8226,29.12.2020.,18:40:00,23,22,1,1,1,0,0,G,0,0
8227,29.12.2020.,18:45:00,23,22,1,1,1,0,0,G,0,0
8228,29.12.2020.,18:50:00,23,22,1,1,1,0,0,G,0,0
8229,29.12.2020.,18:55:00,23,22,1,1,1,0,0,G,0,0
8230,29.12.2020.,19:00:00,23,22,1,1,1,0,0,G,0,0
8231,29.12.2020.,19:05:00,23,22,1,1,1,0,0,G,0,0
8232,29.12.2020.,19:10:00,23,22,1,1,1,0,0,G,0,0
8233,29.12.2020.,19:15:00,23,22,1,1,1,0,0,G,0,0
8234,29.12.2020.,19:20:00,23,22,1,1,1,0,0,G,0,0
8235,29.12.2020.,19:25:00,23,22,1,1,1,0,0,G,0,0
8236,29.12.2020.,19:30:00,23,22,1,1,1,0,0,G,0,0
8237,29.12.2020.,19:35:00,23,22,1,1,1,0,0,G,0,0
8238,29.12.2020.,19:40:00,23,22,1,1,1,0,0,G,0,0
8239,29.12.2020.,19:45:00,23,22,1,1,1,0,0,G,0,0
8240,29.12.2020.,19:50:00,23,22,1,1,1,0,0,G,0,0
8241,29.12.2020.,19:55:00,23,22,1,1,1,0,0,G,0,0
8242,29.12.2020.,20:00:00,23,22,1,1,1,0,0,G,0,0
8243,29.12.2020.,20:05:00,23,22,1,1,1,0,0,G,0,0
8244,29.12.2020.,20:10:00,23,22,1,1,1,0,0,G,0,0
8245,29.12.2020.,20:15:00,23,22,1,1,1,0,0,G,0,0
8246,29.12.2020.,20:20:00,23,22,1,1,1,0,0,G,0,0
8247,29.12.2020.,20:25:00,23,22,1,1,1,0,0,G,0,0
8248,29.12.2020.,20:30:00,23,22,1,1,1,0,0,G,0,0
8249,29.12.2020.,20:35:00,23,22,1,1,1,0,0,G,0,0
8250,29.12.2020.,20:40:00,23,22,1,1,1,0,0,G,0,0
8251,29.12.2020.,20:45:00,23,22,1,1,1,0,0,G,0,0
8252,29.12.2020.,20:50:00,23,22,1,1,1,0,0,G,0,0
8253,29.12.2020.,20:55:00,23,22,1,1,1,0,0,G,0,0
8254,29.12.2020.,21:00:00,23,22,1,1,1,0,0,G,0,0
8255,29.12.2020.,21:05:00,23,22,1,1,1,0,0,G,0,0
8256,29.12.2020.,21:10:00,23,22,1,1,1,0,0,G,0,0
8257,29.12.2020.,21:15:00,23,22,1,1,1,0,0,G,0,0
8258,29.12.2020.,21:20:00,23,22,1,1,1,0,0,G,0,0
8259,29.12.2020.,21:25:00,23,22,1,1,1,0,0,G,0,0
8260,29.12.2020.,21:30:00,23,22,1,1,1,0,0,G,0,0
8261,29.12.2020.,21:35:00,23,22,1,1,1,0,0,G,0,0
8262,29.12.2020.,21:40:00,23,22,1,1,1,0,0,G,0,0
8263,29.12.2020.,21:45:00,23,22,1,1,1,0,0,G,0,0
8264,29.12.2020.,21:50:00,23,22,1,1,1,0,0,G,0,0
8265,29.12.2020.,21:55:00,23,22,1,1,1,0,0,G,0,0
8266,29.12.2020.,22:00:00,23,22,1,1,1,0,0,G,0,0
8267,29.12.2020.,22:05:00,23,22,1,1,1,0,0,G,0,0
8268,29.12.2020.,22:10:00,23,22,1,1,1,0,0,G,0,0
8269,29.12.2020.,22:15:00,23,22,1,1,1,0,0,G,0,0
8270,29.12.2020.,22:20:00,23,22,1,1,1,0,0,G,0,0
8271,29.12.2020.,22:25:00,23,22,1,1,1,0,0,G,0,0
8272,29.12.2020.,22:30:00,23,22,1,1,1,0,0,G,0,0
8273,29.12.2020.,22:35:00,23,22,1,1,1,0,0,G,0,0
8274,29.12.2020.,22:40:00,23,22,1,1,1,0,0,G,0,0
8275,29.12.2020.,22:45:00,23,22,1,1,1,0,0,G,0,0
8276,29.12.2020.,22:50:00,23,22,1,1,1,0,0,G,0,0
8277,29.12.2020.,22:55:00,23,22,1,1,1,0,0,G,0,0
8278,29.12.2020.,23:00:00,23,22,1,1,1,0,0,G,0,0
8279,29.12.2020.,23:05:00,23,22,1,1,1,0,0,G,0,0
8280,29.12.2020.,23:10:00,23,22,1,1,1,0,0,G,0,0
8281,29.12.2020.,23:15:00,23,22,1,1,1,0,0,G,0,0
8282,29.12.2020.,23:20:00,23,22,1,1,1,0,0,G,0,0
8283,29.12.2020.,23:25:00,23,22,1,1,1,0,0,G,0,0
8284,29.12.2020.,23:30:00,23,22,1,1,1,0,0,G,0,0
8285,29.12.2020.,23:35:00,23,22,1,1,1,0,0,G,0,0
8286,29.12.2020.,23:40:00,23,22,1,1,1,0,0,G,0,0
8287,29.12.2020.,23:45:00,23,22,1,1,1,0,0,G,0,0
8288,29.12.2020.,23:50:00,23,22,1,1,1,0,0,G,0,0
8289,29.12.2020.,23:55:00,23,22,1,1,1,0,0,G,0,0
8290,30.12.2020.,00:00:00,23,22,1,1,1,0,0,G,0,0
8291,30.12.2020.,00:05:00,23,22,1,1,1,0,0,G,0,0
8292,30.12.2020.,00:10:00,23,22,1,1,1,0,0,G,0,0
8293,30.12.2020.,00:15:00,23,22,1,1,1,0,0,G,0,0
8294,30.12.2020.,00:20:00,23,22,1,1,1,0,0,G,0,0
8295,30.12.2020.,00:25:00,23,22,1,1,1,0,0,G,0,0
8296,30.12.2020.,00:30:00,23,22,1,1,1,0,0,G,0,0
8297,30.12.2020.,00:35:00,23,22,1,1,1,0,0,G,0,0
8298,30.12.2020.,00:40:00,23,22,1,1,1,0,0,G,0,0
8299,30.12.2020.,00:45:00,23,22,1,1,1,0,0,G,0,0
8300,30.12.2020.,00:50:00,23,22,1,1,1,0,0,G,0,0
8301,30.12.2020.,00:55:00,23,22,1,1,1,0,0,G,0,0
8302,30.12.2020.,01:00:00,23,22,1,1,1,0,0,G,0,0
8303,30.12.2020.,01:05:00,23,22,1,1,1,0,0,G,0,0
8304,30.12.2020.,01:10:00,23,22,1,1,1,0,0,G,0,0
8305,30.12.2020.,01:15:00,23,22,1,1,1,0,0,G,0,0
8306,30.12.2020.,01:20:00,23,22,1,1,1,0,0,G,0,0
8307,30.12.2020.,01:25:00,23,22,1,1,1,0,0,G,0,0
8308,30.12.2020.,01:30:00,23,22,1,1,1,0,0,G,0,0
8309,30.12.2020.,01:35:00,23,22,1,1,1,0,0,G,0,0
8310,30.12.2020.,01:40:00,23,22,1,1,1,0,0,G,0,0
8311,30.12.2020.,01:45:00,23,22,1,1,1,0,0,G,0,0
8312,30.12.2020.,01:50:00,23,22,1,1,1,0,0,G,0,0
8313,30.12.2020.,01:55:00,23,22,1,1,1,0,0,G,0,0
8314,30.12.2020.,02:00:00,23,22,1,1,1,0,0,G,0,0
8315,30.12.2020.,02:05:00,23,22,1,1,1,0,0,G,0,0
8316,30.12.2020.,02:10:00,23,22,1,1,1,0,0,G,0,0
8317,30.12.2020.,02:15:00,23,22,1,1,1,0,0,G,0,0
8318,30.12.2020.,02:20:00,23,22,1,1,1,0,0,G,0,0
8319,30.12.2020.,02:25:00,23,22,1,1,1,0,0,G,0,0
8320,30.12.2020.,02:30:00,23,22,1,1,1,0,0,G,0,0
8321,30.12.2020.,02:35:00,23,22,1,1,1,0,0,G,0,0
8322,30.12.2020.,02:40:00,23,22,1,1,1,0,0,G,0,0
8323,30.12.2020.,02:45:00,23,22,1,1,1,0,0,G,0,0
8324,30.12.2020.,02:50:00,23,22,1,1,1,0,0,G,0,0
8325,30.12.2020.,02:55:00,23,22,1,1,1,0,0,G,0,0
8326,30.12.2020.,03:00:00,23,22,1,1,1,0,0,G,0,0
8327,30.12.2020.,03:05:00,23,22,1,1,1,0,0,G,0,0
8328,30.12.2020.,03:10:00,23,22,1,1,1,0,0,G,0,0
8329,30.12.2020.,03:15:00,23,22,1,1,1,0,0,G,0,0
8330,30.12.2020.,03:20:00,23,22,1,1,1,0,0,G,0,0
8331,30.12.2020.,03:25:00,23,22,1,1,1,0,0,G,0,0
8332,30.12.2020.,03:30:00,23,22,1,1,1,0,0,G,0,0
8333,30.12.2020.,03:35:00,23,22,1,1,1,0,0,G,0,0
8334,30.12.2020.,03:40:00,23,22,1,1,1,0,0,G,0,0
8335,30.12.2020.,03:45:00,23,22,1,1,1,0,0,G,0,0
8336,30.12.2020.,03:50:00,23,22,1,1,1,0,0,G,0,0
8337,30.12.2020.,03:55:00,23,22,1,1,1,0,0,G,0,0
8338,30.12.2020.,04:00:00,23,22,1,1,1,0,0,G,0,0
8339,30.12.2020.,04:05:00,23,22,1,1,1,0,0,G,0,0
8340,30.12.2020.,04:10:00,23,22,1,1,1,0,0,G,0,0
8341,30.12.2020.,04:15:00,23,22,1,1,1,0,0,G,0,0
8342,30.12.2020.,04:20:00,23,22,1,1,1,0,0,G,0,0
8343,30.12.2020.,04:25:00,23,22,1,1,1,0,0,G,0,0
8344,30.12.2020.,04:30:00,23,22,1,1,1,0,0,G,0,0
8345,30.12.2020.,04:35:00,23,22,1,1,1,0,0,G,0,0
8346,30.12.2020.,04:40:00,23,22,1,1,1,0,0,G,0,0
8347,30.12.2020.,04:45:00,23,22,1,1,1,0,0,G,0,0
8348,30.12.2020.,04:50:00,23,22,1,1,1,0,0,G,0,0
8349,30.12.2020.,04:55:00,23,22,1,1,1,0,0,G,0,0
8350,30.12.2020.,05:00:00,23,22,1,1,1,0,0,G,0,0
8351,30.12.2020.,05:05:00,23,22,1,1,1,0,0,G,0,0
8352,30.12.2020.,05:10:00,23,22,1,1,1,0,0,G,0,0
8353,30.12.2020.,05:15:00,23,22,1,1,1,0,0,G,0,0
8354,30.12.2020.,05:20:00,23,22,1,1,1,0,0,G,0,0
8355,30.12.2020.,05:25:00,23,22,1,1,1,0,0,G,0,0
8356,30.12.2020.,05:30:00,23,22,1,1,1,0,0,G,0,0
8357,30.12.2020.,05:35:00,23,22,1,1,1,0,0,G,0,0
8358,30.12.2020.,05:40:00,23,22,1,1,1,0,0,G,0,0
8359,30.12.2020.,05:45:00,23,22,1,1,1,0,0,G,0,0
8360,30.12.2020.,05:50:00,23,22,1,1,1,0,0,G,0,0
8361,30.12.2020.,05:55:00,23,22,1,1,1,0,0,G,0,0
8362,30.12.2020.,06:00:00,23,22,1,1,1,0,0,G,0,0
8363,30.12.2020.,06:05:00,23,22,1,1,1,0,0,G,0,0
8364,30.12.2020.,06:10:00,23,22,1,1,1,0,0,G,0,0
8365,30.12.2020.,06:15:00,23,22,1,1,1,0,0,G,0,0
8366,30.12.2020.,06:20:00,23,22,1,1,1,0,0,G,0,0
8367,30.12.2020.,06:25:00,23,22,1,1,1,0,0,G,0,0
8368,30.12.2020.,06:30:00,23,22,1,1,1,0,0,G,0,0
8369,30.12.2020.,06:35:00,23,22,1,1,1,0,0,G,0,0
8370,30.12.2020.,06:40:00,23,22,1,1,1,0,0,G,0,0
8371,30.12.2020.,06:45:00,23,22,1,1,1,0,0,G,0,0
8372,30.12.2020.,06:50:00,23,22,1,1,1,0,0,G,0,0
8373,30.12.2020.,06:55:00,23,22,1,1,1,0,0,G,0,0
8374,30.12.2020.,07:00:00,23,22,1,1,1,0,0,G,0,0
8375,30.12.2020.,07:05:00,23,22,1,1,1,0,0,G,0,0
8376,30.12.2020.,07:10:00,23,22,1,1,1,0,0,G,0,0
8377,30.12.2020.,07:15:00,23,22,1,1,1,0,0,G,0,0
8378,30.12.2020.,07:20:00,23,22,1,1,1,0,0,G,0,0
8379,30.12.2020.,07:25:00,23,22,1,1,1,0,0,G,0,0
8380,30.12.2020.,07:30:00,23,22,1,1,1,0,0,G,0,0
8381,30.12.2020.,07:35:00,23,22,1,1,1,0,0,G,0,0
8382,30.12.2020.,07:40:00,23,22,1,1,1,0,0,G,0,0
8383,30.12.2020.,07:45:00,23,22,1,1,1,0,0,G,0,0
8384,30.12.2020.,07:50:00,23,22,1,1,1,0,0,G,0,0
8385,30.12.2020.,07:55:00,23,22,1,1,1,0,0,G,0,0
8386,30.12.2020.,08:00:00,23,22,1,1,1,0,0,G,0,0
8387,30.12.2020.,08:05:00,23,22,1,1,1,0,0,G,0,0
8388,30.12.2020.,08:10:00,23,22,1,1,1,0,0,G,0,0
8389,30.12.2020.,08:15:00,23,22,1,1,1,0,0,G,0,0
8390,30.12.2020.,08:20:00,23,22,1,1,1,0,0,G,0,0
8391,30.12.2020.,08:25:00,23,22,1,1,1,0,0,G,0,0
8392,30.12.2020.,08:30:00,23,22,1,1,1,0,0,G,0,0
8393,30.12.2020.,08:35:00,23,22,1,1,1,0,0,G,0,0
8394,30.12.2020.,08:40:00,23,22,1,1,1,0,0,G,0,0
8395,30.12.2020.,08:45:00,23,22,1,1,1,0,0,G,0,0
8396,30.12.2020.,08:50:00,23,22,1,1,1,0,0,G,0,0
8397,30.12.2020.,08:55:00,23,22,1,1,1,0,0,G,0,0
8398,30.12.2020.,09:00:00,23,22,1,1,1,0,0,G,0,0
8399,30.12.2020.,09:05:00,23,22,1,1,1,0,0,G,0,0
8400,30.12.2020.,09:10:00,23,22,1,1,1,0,0,G,0,0
8401,30.12.2020.,09:15:00,23,22,1,1,1,0,0,G,0,0
8402,30.12.2020.,09:20:00,23,21,1,1,1,0,0,G,0,0
8403,30.12.2020.,09:25:00,23,21,1,1,1,0,0,G,0,0
8404,30.12.2020.,09:30:00,23,21,1,1,1,0,0,G,0,0
8405,30.12.2020.,09:35:00,23,21,1,1,1,0,0,G,0,0
8406,30.12.2020.,09:40:00,23,21,1,1,1,0,0,G,0,0
8407,30.12.2020.,09:45:00,23,21,1,1,1,0,0,G,0,0
8408,30.12.2020.,09:50:00,23,21,1,1,1,0,0,G,0,0
8409,30.12.2020.,09:55:00,23,21,1,1,1,0,0,G,0,0
8410,30.12.2020.,10:00:00,23,21,1,1,1,0,0,G,0,0
8411,30.12.2020.,10:05:00,23,21,1,1,1,0,0,G,0,0
8412,30.12.2020.,10:10:00,23,21,1,1,1,0,0,G,0,0
8413,30.12.2020.,10:15:00,23,21,1,1,1,0,0,G,0,0
8414,30.12.2020.,10:20:00,23,21,1,2,1,0,0,G,0,0
8415,30.12.2020.,10:25:00,23,21,1,2,1,0,0,G,0,0
8416,30.12.2020.,10:30:00,23,21,1,2,1,0,0,G,0,0
8417,30.12.2020.,10:35:00,23,21,1,2,1,0,0,G,0,0
8418,30.12.2020.,10:40:00,23,21,1,2,1,0,0,G,0,0
8419,30.12.2020.,10:45:00,23,21,1,2,1,0,0,G,0,0
8420,30.12.2020.,10:50:00,23,21,1,2,1,0,0,G,0,0
8421,30.12.2020.,10:55:00,23,21,1,2,1,0,0,G,0,0
8422,30.12.2020.,11:00:00,23,21,1,2,1,0,0,G,0,0
8423,30.12.2020.,11:05:00,23,21,1,2,1,0,0,G,0,0
8424,30.12.2020.,11:10:00,23,21,1,2,1,0,0,G,0,0
8425,30.12.2020.,11:15:00,23,21,1,2,1,0,0,G,0,0
8426,30.12.2020.,11:20:00,23,21,1,2,1,0,0,G,0,0
8427,30.12.2020.,11:25:00,23,21,1,2,1,0,0,G,0,0
8428,30.12.2020.,11:30:00,23,21,1,2,1,0,0,G,0,0
8429,30.12.2020.,11:35:00,23,21,1,2,1,0,0,G,0,0
8430,30.12.2020.,11:40:00,23,22,1,1,1,0,0,G,0,0
8431,30.12.2020.,11:45:00,23,22,1,1,1,0,0,G,0,0
8432,30.12.2020.,11:50:00,23,22,1,1,1,0,0,G,0,0
8433,30.12.2020.,11:55:00,23,22,1,1,1,0,0,G,0,0
8434,30.12.2020.,12:00:00,23,22,1,1,1,0,0,G,0,0
8435,30.12.2020.,12:05:00,23,22,1,1,1,0,0,G,0,0
8436,30.12.2020.,12:10:00,23,22,1,1,1,0,0,G,0,0
8437,30.12.2020.,12:15:00,23,22,1,1,1,0,0,G,0,0
8438,30.12.2020.,12:20:00,23,22,1,1,1,0,0,G,0,0
8439,30.12.2020.,12:25:00,23,22,1,1,1,0,0,G,0,0
8440,30.12.2020.,12:30:00,23,22,1,1,1,0,0,G,0,0
8441,30.12.2020.,12:35:00,23,22,1,1,1,0,0,G,0,0
8442,30.12.2020.,12:40:00,23,22,1,1,1,0,0,G,0,0
8443,30.12.2020.,12:45:00,23,22,1,1,1,0,0,G,0,0
8444,30.12.2020.,12:50:00,23,22,1,1,1,0,0,G,0,0
8445,30.12.2020.,12:55:00,23,22,1,1,1,0,0,G,0,0
8446,30.12.2020.,13:00:00,23,22,1,1,1,0,0,G,0,0
8447,30.12.2020.,13:05:00,23,22,1,1,1,0,0,G,0,0
8448,30.12.2020.,13:10:00,23,22,1,1,1,0,0,G,0,0
8449,30.12.2020.,13:15:00,23,22,1,1,1,0,0,G,0,0
8450,30.12.2020.,13:20:00,23,22,1,1,1,0,0,G,0,0
8451,30.12.2020.,13:25:00,23,22,1,1,1,0,0,G,0,0
8452,30.12.2020.,13:30:00,23,22,1,1,1,0,0,G,0,0
8453,30.12.2020.,13:35:00,23,22,1,1,1,0,0,G,0,0
8454,30.12.2020.,13:40:00,23,22,1,1,1,0,0,G,0,0
8455,30.12.2020.,13:45:00,23,22,1,1,1,0,0,G,0,0
8456,30.12.2020.,13:50:00,23,22,1,1,1,0,0,G,0,0
8457,30.12.2020.,13:55:00,23,22,1,1,1,0,0,G,0,0
8458,30.12.2020.,14:00:00,23,22,1,0,1,0,0,G,0,0
8459,30.12.2020.,14:05:00,23,22,1,0,1,0,0,G,0,0
8460,30.12.2020.,14:10:00,23,22,1,0,1,0,0,G,0,0
8461,30.12.2020.,14:15:00,23,22,1,0,1,0,0,G,0,0
8462,30.12.2020.,14:20:00,23,22,1,0,1,0,0,G,0,0
8463,30.12.2020.,14:25:00,23,22,1,0,1,0,0,G,0,0
8464,30.12.2020.,14:30:00,23,23,1,0,0,0,0,G,0,0
8465,30.12.2020.,14:35:00,23,23,1,0,0,0,0,G,0,0
8466,30.12.2020.,14:40:00,23,23,1,0,0,0,0,G,0,0
8467,30.12.2020.,14:45:00,23,23,1,0,0,0,0,G,0,0
8468,30.12.2020.,14:50:00,23,23,1,0,0,0,0,G,0,0
8469,30.12.2020.,14:55:00,23,23,1,0,0,0,0,G,0,0
8470,30.12.2020.,15:00:00,23,23,1,0,0,0,0,G,0,0
8471,30.12.2020.,15:05:00,23,23,1,0,1,0,0,G,0,0
8472,30.12.2020.,15:10:00,23,23,1,0,1,0,0,G,0,0
8473,30.12.2020.,15:15:00,23,23,1,0,1,0,0,G,0,0
8474,30.12.2020.,15:20:00,23,23,1,0,1,0,0,G,0,0
8475,30.12.2020.,15:25:00,23,23,1,0,1,0,0,G,0,0
8476,30.12.2020.,15:30:00,23,23,1,0,1,0,0,G,0,0
8477,30.12.2020.,15:35:00,23,23,1,0,1,0,0,G,0,0
8478,30.12.2020.,15:40:00,23,23,1,0,1,0,0,G,0,0
8479,30.12.2020.,15:45:00,23,23,1,0,1,0,0,G,0,0
8480,30.12.2020.,15:50:00,23,23,1,0,1,0,0,G,0,0
8481,30.12.2020.,15:55:00,23,23,1,0,0,0,0,G,0,0
8482,30.12.2020.,16:00:00,23,23,1,0,0,0,0,G,0,0
8483,30.12.2020.,16:05:00,23,23,1,0,0,0,0,G,0,0
8484,30.12.2020.,16:10:00,23,23,1,0,0,0,0,G,0,0
8485,30.12.2020.,16:15:00,23,23,1,0,0,0,0,G,0,0
8486,30.12.2020.,16:20:00,23,23,1,0,0,0,0,G,0,0
8487,30.12.2020.,16:25:00,23,23,1,0,0,0,0,G,0,0
8488,30.12.2020.,16:30:00,23,23,1,0,0,0,0,G,0,0
8489,30.12.2020.,16:35:00,23,23,1,0,1,0,0,G,0,0
8490,30.12.2020.,16:40:00,23,23,1,0,1,0,0,G,0,0
8491,30.12.2020.,16:45:00,23,23,1,0,1,0,0,G,0,0
8492,30.12.2020.,16:50:00,23,23,1,0,1,0,0,G,0,0
8493,30.12.2020.,16:55:00,23,23,1,0,1,0,0,G,0,0
8494,30.12.2020.,17:00:00,23,23,1,0,1,0,0,G,0,0
8495,30.12.2020.,17:05:00,23,23,1,0,1,0,0,G,0,0
8496,30.12.2020.,17:10:00,23,23,1,0,1,0,0,G,0,0
8497,30.12.2020.,17:15:00,23,23,1,0,1,0,0,G,0,0
8498,30.12.2020.,17:20:00,23,23,1,0,1,0,0,G,0,0
8499,30.12.2020.,17:25:00,23,23,1,0,1,0,0,G,0,0
8500,30.12.2020.,17:30:00,23,23,1,0,1,0,0,G,0,0
8501,30.12.2020.,17:35:00,23,23,1,0,1,0,0,G,0,0
8502,30.12.2020.,17:40:00,23,23,1,0,1,0,0,G,0,0
8503,30.12.2020.,17:45:00,23,23,1,0,1,0,0,G,0,0
8504,30.12.2020.,17:50:00,23,23,1,0,1,0,0,G,0,0
8505,30.12.2020.,17:55:00,23,23,1,0,1,0,0,G,0,0
8506,30.12.2020.,18:00:00,23,23,1,0,1,0,0,G,0,0
8507,30.12.2020.,18:05:00,23,23,1,0,1,0,0,G,0,0
8508,30.12.2020.,18:10:00,23,23,1,0,1,0,0,G,0,0
8509,30.12.2020.,18:15:00,23,23,1,0,1,0,0,G,0,0
8510,30.12.2020.,18:20:00,23,23,1,0,1,0,0,G,0,0
8511,30.12.2020.,18:25:00,23,23,1,0,1,0,0,G,0,0
8512,30.12.2020.,18:30:00,23,23,1,0,1,0,0,G,0,0
8513,30.12.2020.,18:35:00,23,23,1,0,1,0,0,G,0,0
8514,30.12.2020.,18:40:00,23,23,1,0,1,0,0,G,0,0
8515,30.12.2020.,18:45:00,23,23,1,0,1,0,0,G,0,0
8516,30.12.2020.,18:50:00,23,23,1,0,1,0,0,G,0,0
8517,30.12.2020.,18:55:00,23,23,1,0,1,0,0,G,0,0
8518,30.12.2020.,19:00:00,23,23,1,0,1,0,0,G,0,0
8519,30.12.2020.,19:05:00,23,23,1,0,1,0,0,G,0,0
8520,30.12.2020.,19:10:00,23,23,1,0,1,0,0,G,0,0
8521,30.12.2020.,19:15:00,23,23,1,0,1,0,0,G,0,0
8522,30.12.2020.,19:20:00,23,23,1,0,1,0,0,G,0,0
8523,30.12.2020.,19:25:00,23,23,1,0,1,0,0,G,0,0
8524,30.12.2020.,19:30:00,23,23,1,0,1,0,0,G,0,0
8525,30.12.2020.,19:35:00,23,22,1,0,1,0,0,G,0,0
8526,30.12.2020.,19:40:00,23,22,1,0,1,0,0,G,0,0
8527,30.12.2020.,19:45:00,23,22,1,0,1,0,0,G,0,0
8528,30.12.2020.,19:50:00,23,22,1,0,1,0,0,G,0,0
8529,30.12.2020.,19:55:00,23,22,1,0,1,0,0,G,0,0
8530,30.12.2020.,20:00:00,23,22,1,0,1,0,0,G,0,0
8531,30.12.2020.,20:05:00,23,22,1,0,1,0,0,G,0,0
8532,30.12.2020.,20:10:00,23,22,1,0,1,0,0,G,0,0
8533,30.12.2020.,20:15:00,23,22,1,0,1,0,0,G,0,0
8534,30.12.2020.,20:20:00,23,22,1,0,1,0,0,G,0,0
8535,30.12.2020.,20:25:00,23,22,1,0,1,0,0,G,0,0
8536,30.12.2020.,20:30:00,23,22,1,0,1,0,0,G,0,0
8537,30.12.2020.,20:35:00,23,22,1,0,1,0,0,G,0,0
8538,30.12.2020.,20:40:00,23,22,1,0,1,0,0,G,0,0
8539,30.12.2020.,20:45:00,23,22,1,1,1,0,0,G,0,0
8540,30.12.2020.,20:50:00,23,22,1,1,1,0,0,G,0,0
8541,30.12.2020.,20:55:00,23,22,1,1,1,0,0,G,0,0
8542,30.12.2020.,21:00:00,23,22,1,1,1,0,0,G,0,0
8543,30.12.2020.,21:05:00,23,22,1,1,1,0,0,G,0,0
8544,30.12.2020.,21:10:00,23,22,1,1,1,0,0,G,0,0
8545,30.12.2020.,21:15:00,23,22,1,1,1,0,0,G,0,0
8546,30.12.2020.,21:20:00,23,22,1,1,1,0,0,G,0,0
8547,30.12.2020.,21:25:00,23,22,1,1,1,0,0,G,0,0
8548,30.12.2020.,21:30:00,23,22,1,1,1,0,0,G,0,0
8549,30.12.2020.,21:35:00,23,22,1,1,1,0,0,G,0,0
8550,30.12.2020.,21:40:00,23,22,1,1,1,0,0,G,0,0
8551,30.12.2020.,21:45:00,23,22,1,1,1,0,0,G,0,0
8552,30.12.2020.,21:50:00,23,22,1,1,1,0,0,G,0,0
8553,30.12.2020.,21:55:00,23,22,1,0,1,0,0,G,0,0
8554,30.12.2020.,22:00:00,23,22,1,0,1,0,0,G,0,0
8555,30.12.2020.,22:05:00,23,22,1,0,1,0,0,G,0,0
8556,30.12.2020.,22:10:00,23,22,1,0,1,0,0,G,0,0
8557,30.12.2020.,22:15:00,23,22,1,0,1,0,0,G,0,0
8558,30.12.2020.,22:20:00,23,22,1,0,1,0,0,G,0,0
8559,30.12.2020.,22:25:00,23,22,1,0,1,0,0,G,0,0
8560,30.12.2020.,22:30:00,23,22,1,0,1,0,0,G,0,0
8561,30.12.2020.,22:35:00,23,22,1,0,1,0,0,G,0,0
8562,30.12.2020.,22:40:00,23,22,1,0,1,0,0,G,0,0
8563,30.12.2020.,22:45:00,23,22,1,0,1,0,0,G,0,0
8564,30.12.2020.,22:50:00,23,22,1,0,1,0,0,G,0,0
8565,30.12.2020.,22:55:00,23,22,1,0,1,0,0,G,0,0
8566,30.12.2020.,23:00:00,23,22,1,0,1,0,0,G,0,0
8567,30.12.2020.,23:05:00,23,22,1,0,1,0,0,G,0,0
8568,30.12.2020.,23:10:00,23,22,1,0,1,0,0,G,0,0
8569,30.12.2020.,23:15:00,23,22,1,0,1,0,0,G,0,0
8570,30.12.2020.,23:20:00,23,22,1,0,1,0,0,G,0,0
8571,30.12.2020.,23:25:00,23,22,1,0,1,0,0,G,0,0
8572,30.12.2020.,23:30:00,23,22,1,0,1,0,0,G,0,0
8573,30.12.2020.,23:35:00,23,22,1,0,1,0,0,G,0,0
8574,30.12.2020.,23:40:00,23,22,1,0,1,0,0,G,0,0
8575,30.12.2020.,23:45:00,23,22,1,0,1,0,0,G,0,0
8576,30.12.2020.,23:50:00,23,22,1,0,1,0,0,G,0,0
8577,30.12.2020.,23:55:00,23,22,1,0,1,0,0,G,0,0
8578,31.12.2020.,00:00:00,23,22,1,0,1,0,0,G,0,0
8579,31.12.2020.,00:05:00,23,22,1,0,1,0,0,G,0,0
8580,31.12.2020.,00:10:00,23,22,1,0,1,0,0,G,0,0
8581,31.12.2020.,00:15:00,23,22,1,1,1,0,0,G,0,0
8582,31.12.2020.,00:20:00,23,22,1,1,1,0,0,G,0,0
8583,31.12.2020.,00:25:00,23,22,1,1,1,0,0,G,0,0
8584,31.12.2020.,00:30:00,23,22,1,1,1,0,0,G,0,0
8585,31.12.2020.,00:35:00,23,22,1,1,1,0,0,G,0,0
8586,31.12.2020.,00:40:00,23,22,1,1,1,0,0,G,0,0
8587,31.12.2020.,00:45:00,23,22,1,1,1,0,0,G,0,0
8588,31.12.2020.,00:50:00,23,22,1,1,1,0,0,G,0,0
8589,31.12.2020.,00:55:00,23,22,1,1,1,0,0,G,0,0
8590,31.12.2020.,01:00:00,23,22,1,1,1,0,0,G,0,0
8591,31.12.2020.,01:05:00,23,22,1,1,1,0,0,G,0,0
8592,31.12.2020.,01:10:00,23,22,1,1,1,0,0,G,0,0
8593,31.12.2020.,01:15:00,23,22,1,1,1,0,0,G,0,0
8594,31.12.2020.,01:20:00,23,22,1,1,1,0,0,G,0,0
8595,31.12.2020.,01:25:00,23,22,1,1,1,0,0,G,0,0
8596,31.12.2020.,01:30:00,23,22,1,1,1,0,0,G,0,0
8597,31.12.2020.,01:35:00,23,22,1,1,1,0,0,G,0,0
8598,31.12.2020.,01:40:00,23,22,1,1,1,0,0,G,0,0
8599,31.12.2020.,01:45:00,23,22,1,1,1,0,0,G,0,0
8600,31.12.2020.,01:50:00,23,22,1,0,1,0,0,G,0,0
8601,31.12.2020.,01:55:00,23,22,1,0,1,0,0,G,0,0
8602,31.12.2020.,02:00:00,23,22,1,0,1,0,0,G,0,0
8603,31.12.2020.,02:05:00,23,22,1,0,1,0,0,G,0,0
8604,31.12.2020.,02:10:00,23,22,1,0,1,0,0,G,0,0
8605,31.12.2020.,02:15:00,23,22,1,0,1,0,0,G,0,0
8606,31.12.2020.,02:20:00,23,22,1,0,1,0,0,G,0,0
8607,31.12.2020.,02:25:00,23,22,1,0,1,0,0,G,0,0
8608,31.12.2020.,02:30:00,23,22,1,0,1,0,0,G,0,0
8609,31.12.2020.,02:35:00,23,22,1,0,1,0,0,G,0,0
8610,31.12.2020.,02:40:00,23,22,1,0,1,0,0,G,0,0
8611,31.12.2020.,02:45:00,23,22,1,0,1,0,0,G,0,0
8612,31.12.2020.,02:50:00,23,22,1,0,1,0,0,G,0,0
8613,31.12.2020.,02:55:00,23,22,1,0,1,0,0,G,0,0
8614,31.12.2020.,03:00:00,23,22,1,0,1,0,0,G,0,0
8615,31.12.2020.,03:05:00,23,22,1,0,1,0,0,G,0,0
8616,31.12.2020.,03:10:00,23,22,1,0,1,0,0,G,0,0
8617,31.12.2020.,03:15:00,23,22,1,0,1,0,0,G,0,0
8618,31.12.2020.,03:20:00,23,22,1,0,1,0,0,G,0,0
8619,31.12.2020.,03:25:00,23,22,1,0,1,0,0,G,0,0
8620,31.12.2020.,03:30:00,23,22,1,0,1,0,0,G,0,0
8621,31.12.2020.,03:35:00,23,22,1,0,1,0,0,G,0,0
8622,31.12.2020.,03:40:00,23,22,1,0,1,0,0,G,0,0
8623,31.12.2020.,03:45:00,23,22,1,0,1,0,0,G,0,0
8624,31.12.2020.,03:50:00,23,22,1,0,1,0,0,G,0,0
8625,31.12.2020.,03:55:00,23,22,1,0,1,0,0,G,0,0
8626,31.12.2020.,04:00:00,23,22,1,0,1,0,0,G,0,0
8627,31.12.2020.,04:05:00,23,22,1,0,1,0,0,G,0,0
8628,31.12.2020.,04:10:00,23,22,1,0,1,0,0,G,0,0
8629,31.12.2020.,04:15:00,23,22,1,0,1,0,0,G,0,0
8630,31.12.2020.,04:20:00,23,22,1,0,1,0,0,G,0,0
8631,31.12.2020.,04:25:00,23,22,1,0,1,0,0,G,0,0
8632,31.12.2020.,04:30:00,23,22,1,0,1,0,0,G,0,0
8633,31.12.2020.,04:35:00,23,22,1,0,1,0,0,G,0,0
8634,31.12.2020.,04:40:00,23,22,1,0,1,0,0,G,0,0
8635,31.12.2020.,04:45:00,23,22,1,1,1,0,0,G,0,0
8636,31.12.2020.,04:50:00,23,22,1,1,1,0,0,G,0,0
8637,31.12.2020.,04:55:00,23,22,1,1,1,0,0,G,0,0
8638,31.12.2020.,05:00:00,23,22,1,1,1,0,0,G,0,0
8639,31.12.2020.,05:05:00,23,22,1,1,1,0,0,G,0,0
8640,31.12.2020.,05:10:00,23,22,1,1,1,0,0,G,0,0
8641,31.12.2020.,05:15:00,23,22,1,1,1,0,0,G,0,0
8642,31.12.2020.,05:20:00,23,22,1,1,1,0,0,G,0,0
8643,31.12.2020.,05:25:00,23,22,1,1,1,0,0,G,0,0
8644,31.12.2020.,05:30:00,23,22,1,1,1,0,0,G,0,0
8645,31.12.2020.,05:35:00,23,22,1,1,1,0,0,G,0,0
8646,31.12.2020.,05:40:00,23,22,1,1,1,0,0,G,0,0
8647,31.12.2020.,05:45:00,23,22,1,1,1,0,0,G,0,0
8648,31.12.2020.,05:50:00,23,22,1,0,1,0,0,G,0,0
8649,31.12.2020.,05:55:00,23,22,1,0,1,0,0,G,0,0
8650,31.12.2020.,06:00:00,23,22,1,0,1,0,0,G,0,0
8651,31.12.2020.,06:05:00,23,22,1,0,1,0,0,G,0,0
8652,31.12.2020.,06:10:00,23,22,1,0,1,0,0,G,0,0
8653,31.12.2020.,06:15:00,23,22,1,0,1,0,0,G,0,0
8654,31.12.2020.,06:20:00,23,22,1,0,1,0,0,G,0,0
8655,31.12.2020.,06:25:00,23,22,1,0,1,0,0,G,0,0
8656,31.12.2020.,06:30:00,23,22,1,0,1,0,0,G,0,0
8657,31.12.2020.,06:35:00,23,22,1,0,1,0,0,G,0,0
8658,31.12.2020.,06:40:00,23,22,1,0,1,0,0,G,0,0
8659,31.12.2020.,06:45:00,23,22,1,0,1,0,0,G,0,0
8660,31.12.2020.,06:50:00,23,22,1,0,1,0,0,G,0,0
8661,31.12.2020.,06:55:00,23,22,1,0,1,0,0,G,0,0
8662,31.12.2020.,07:00:00,23,22,1,0,1,0,0,G,0,0
8663,31.12.2020.,07:05:00,23,22,1,0,1,0,0,G,0,0
8664,31.12.2020.,07:10:00,23,22,1,0,1,0,0,G,0,0
8665,31.12.2020.,07:15:00,23,22,1,0,1,0,0,G,0,0
8666,31.12.2020.,07:20:00,23,22,1,0,1,0,0,G,0,0
8667,31.12.2020.,07:25:00,23,22,1,0,1,0,0,G,0,0
8668,31.12.2020.,07:30:00,23,22,1,0,1,0,0,G,0,0
8669,31.12.2020.,07:35:00,23,22,1,0,1,0,0,G,0,0
8670,31.12.2020.,07:40:00,23,22,1,0,1,0,0,G,0,0
8671,31.12.2020.,07:45:00,23,22,1,0,1,0,0,G,0,0
8672,31.12.2020.,07:50:00,23,22,1,0,1,0,0,G,0,0
8673,31.12.2020.,07:55:00,23,22,1,0,1,0,0,G,0,0
8674,31.12.2020.,08:00:00,23,22,1,0,1,0,0,G,0,0
8675,31.12.2020.,08:05:00,23,22,1,0,1,0,0,G,0,0
8676,31.12.2020.,08:10:00,23,22,1,0,1,0,0,G,0,0
8677,31.12.2020.,08:15:00,23,22,1,0,1,0,0,G,0,0
8678,31.12.2020.,08:20:00,23,22,1,1,1,0,0,G,0,0
8679,31.12.2020.,08:25:00,23,22,1,1,1,0,0,G,0,0
8680,31.12.2020.,08:30:00,23,22,1,1,1,0,0,G,0,0
8681,31.12.2020.,08:35:00,23,22,1,1,1,0,0,G,0,0
8682,31.12.2020.,08:40:00,23,22,1,1,1,0,0,G,0,0
8683,31.12.2020.,08:45:00,23,22,1,1,1,0,0,G,0,0
8684,31.12.2020.,08:50:00,23,22,1,1,1,0,0,G,0,0
8685,31.12.2020.,08:55:00,23,22,1,1,1,0,0,G,0,0
8686,31.12.2020.,09:00:00,23,22,1,1,1,0,0,G,0,0
8687,31.12.2020.,09:05:00,23,22,1,1,1,0,0,G,0,0
8688,31.12.2020.,09:10:00,23,22,1,1,1,0,0,G,0,0
8689,31.12.2020.,09:15:00,23,22,1,1,1,0,0,G,0,0
8690,31.12.2020.,09:20:00,23,22,1,1,1,0,0,G,0,0
8691,31.12.2020.,09:25:00,23,22,1,1,1,0,0,G,0,0
8692,31.12.2020.,09:30:00,23,22,1,0,1,0,0,G,0,0
8693,31.12.2020.,09:35:00,23,22,1,0,1,0,0,G,0,0
8694,31.12.2020.,09:40:00,23,22,1,0,1,0,0,G,0,0
8695,31.12.2020.,09:45:00,23,22,1,0,1,0,0,G,0,0
8696,31.12.2020.,09:50:00,23,22,1,0,1,0,0,G,0,0
8697,31.12.2020.,09:55:00,23,22,1,0,1,0,0,G,0,0
8698,31.12.2020.,10:00:00,23,22,1,0,1,0,0,G,0,0
8699,31.12.2020.,10:05:00,23,22,1,0,1,0,0,G,0,0
8700,31.12.2020.,10:10:00,23,22,1,0,1,0,0,G,0,0
8701,31.12.2020.,10:15:00,23,22,1,0,1,0,0,G,0,0
8702,31.12.2020.,10:20:00,23,22,1,0,1,0,0,G,0,0
8703,31.12.2020.,10:25:00,23,22,1,0,1,0,0,G,0,0
8704,31.12.2020.,10:30:00,23,22,1,0,1,0,0,G,0,0
8705,31.12.2020.,10:35:00,23,22,1,0,1,0,0,G,0,0
8706,31.12.2020.,10:40:00,23,22,1,0,1,0,0,G,0,0
8707,31.12.2020.,10:45:00,23,22,1,0,1,0,0,G,0,0
8708,31.12.2020.,10:50:00,23,22,1,0,1,0,0,G,0,0
8709,31.12.2020.,10:55:00,23,22,1,0,1,0,0,G,0,0
8710,31.12.2020.,11:00:00,23,22,1,0,1,0,0,G,0,0
8711,31.12.2020.,11:05:00,23,22,1,0,1,0,0,G,0,0
8712,31.12.2020.,11:10:00,23,22,1,0,1,0,0,G,0,0
8713,31.12.2020.,11:15:00,23,22,1,0,1,0,0,G,0,0
8714,31.12.2020.,11:20:00,23,22,1,0,1,0,0,G,0,0
8715,31.12.2020.,11:25:00,23,22,1,0,1,0,0,G,0,0
8716,31.12.2020.,11:30:00,23,22,1,0,1,0,0,G,0,0
8717,31.12.2020.,11:35:00,23,22,1,0,1,0,0,G,0,0
8718,31.12.2020.,11:40:00,23,22,1,0,1,0,0,G,0,0
8719,31.12.2020.,11:45:00,23,22,1,0,1,0,0,G,0,0
8720,31.12.2020.,11:50:00,23,22,1,0,1,0,0,G,0,0
8721,31.12.2020.,11:55:00,23,22,1,0,1,0,0,G,0,0
8722,31.12.2020.,12:00:00,23,22,1,0,1,0,0,G,0,0
8723,31.12.2020.,12:05:00,23,22,1,0,1,0,0,G,0,0
8724,31.12.2020.,12:10:00,23,22,1,0,1,0,0,G,0,0
8725,31.12.2020.,12:15:00,23,22,1,0,1,0,0,G,0,0
8726,31.12.2020.,12:20:00,23,22,1,0,1,0,0,G,0,0
8727,31.12.2020.,12:25:00,23,22,1,0,1,0,0,G,0,0
8728,31.12.2020.,12:30:00,23,22,1,0,1,0,0,G,0,0
8729,31.12.2020.,12:35:00,23,22,1,0,1,0,0,G,0,0
8730,31.12.2020.,12:40:00,23,22,1,0,1,0,0,G,0,0
8731,31.12.2020.,12:45:00,23,22,1,0,1,0,0,G,0,0
8732,31.12.2020.,12:50:00,23,22,1,0,1,0,0,G,0,0
8733,31.12.2020.,12:55:00,23,22,1,0,1,0,0,G,0,0
8734,31.12.2020.,13:00:00,23,22,1,0,1,0,0,G,0,0
8735,31.12.2020.,13:05:00,23,22,1,0,1,0,0,G,0,0
8736,31.12.2020.,13:10:00,23,22,1,0,1,0,0,G,0,0
8737,31.12.2020.,13:15:00,23,22,1,0,1,0,0,G,0,0
8738,31.12.2020.,13:20:00,23,22,1,0,1,0,0,G,0,0
8739,31.12.2020.,13:25:00,23,22,1,0,1,0,0,G,0,0
8740,31.12.2020.,13:30:00,23,22,1,0,1,0,0,G,0,0
8741,31.12.2020.,13:35:00,23,22,1,0,1,0,0,G,0,0
8742,31.12.2020.,13:40:00,23,22,1,0,1,0,0,G,0,0
8743,31.12.2020.,13:45:00,23,22,1,0,1,0,0,G,0,0
8744,31.12.2020.,13:50:00,23,22,1,0,1,0,0,G,0,0
8745,31.12.2020.,13:55:00,23,22,1,0,1,0,0,G,0,0
8746,31.12.2020.,14:00:00,23,22,1,0,1,0,0,G,0,0
8747,31.12.2020.,14:05:00,23,22,1,0,1,0,0,G,0,0
8748,31.12.2020.,14:10:00,23,22,1,0,1,0,0,G,0,0
8749,31.12.2020.,14:15:00,23,22,1,0,1,0,0,G,0,0
8750,31.12.2020.,14:20:00,23,22,1,0,1,0,0,G,0,0
8751,31.12.2020.,14:25:00,23,22,1,0,1,0,0,G,0,0
8752,31.12.2020.,14:30:00,23,22,1,0,1,0,0,G,0,0
8753,31.12.2020.,14:35:00,23,22,1,0,1,0,0,G,0,0
8754,31.12.2020.,14:40:00,23,22,1,0,1,0,0,G,0,0
8755,31.12.2020.,14:45:00,23,22,1,0,1,0,0,G,0,0
8756,31.12.2020.,14:50:00,23,22,1,0,1,0,0,G,0,0
8757,31.12.2020.,14:55:00,23,22,1,0,1,0,0,G,0,0
8758,31.12.2020.,15:00:00,23,22,1,0,1,0,0,G,0,0
8759,31.12.2020.,15:05:00,23,22,1,0,1,0,0,G,0,0
8760,31.12.2020.,15:10:00,23,22,1,0,1,0,0,G,0,0
8761,31.12.2020.,15:15:00,23,22,1,0,1,0,0,G,0,0
8762,31.12.2020.,15:20:00,23,22,1,0,1,0,0,G,0,0
8763,31.12.2020.,15:25:00,23,22,1,0,1,0,0,G,0,0
8764,31.12.2020.,15:30:00,23,22,1,0,1,0,0,G,0,0
8765,31.12.2020.,15:35:00,23,22,1,0,1,0,0,G,0,0
8766,31.12.2020.,15:40:00,23,22,1,0,1,0,0,G,0,0
8767,31.12.2020.,15:45:00,23,22,1,0,1,0,0,G,0,0
8768,31.12.2020.,15:50:00,23,22,1,0,1,0,0,G,0,0
8769,31.12.2020.,15:55:00,23,22,1,0,1,0,0,G,0,0
8770,31.12.2020.,16:00:00,23,22,1,0,1,0,0,G,0,0
8771,31.12.2020.,16:05:00,23,22,1,0,1,0,0,G,0,0
8772,31.12.2020.,16:10:00,23,22,1,0,1,0,0,G,0,0
8773,31.12.2020.,16:15:00,23,22,1,0,1,0,0,G,0,0
8774,31.12.2020.,16:20:00,23,22,1,0,1,0,0,G,0,0
8775,31.12.2020.,16:25:00,23,22,1,0,1,0,0,G,0,0
8776,31.12.2020.,16:30:00,23,22,1,0,1,0,0,G,0,0
8777,31.12.2020.,16:35:00,23,22,1,0,1,1,0,G,0,0
8778,31.12.2020.,16:40:00,23,22,1,0,1,1,0,G,0,0
8779,31.12.2020.,16:45:00,23,22,1,0,1,1,0,G,0,0
8780,31.12.2020.,16:50:00,23,22,1,0,1,1,0,G,0,0
8781,31.12.2020.,16:55:00,23,22,1,0,1,1,0,G,0,0
8782,31.12.2020.,17:00:00,23,22,1,0,1,0,0,G,0,0
8783,31.12.2020.,17:05:00,23,22,1,0,1,0,0,G,0,0
8784,31.12.2020.,17:10:00,23,22,1,0,1,0,0,G,0,0
8785,31.12.2020.,17:15:00,23,22,1,0,1,0,0,G,0,0
8786,31.12.2020.,17:20:00,23,22,1,0,1,0,0,G,0,0
8787,31.12.2020.,17:25:00,23,22,1,0,1,0,0,G,0,0
8788,31.12.2020.,17:30:00,23,22,1,0,1,0,0,G,0,0
8789,31.12.2020.,17:35:00,23,22,1,0,1,0,0,G,0,0
8790,31.12.2020.,17:40:00,23,22,1,0,1,0,0,G,0,0
8791,31.12.2020.,17:45:00,23,22,1,0,1,0,0,G,0,0
8792,31.12.2020.,17:50:00,23,22,1,0,1,0,0,G,0,0
8793,31.12.2020.,17:55:00,23,22,1,0,1,0,0,G,0,0
8794,31.12.2020.,18:00:00,23,22,1,0,1,0,0,G,0,0
8795,31.12.2020.,18:05:00,23,22,1,0,1,0,0,G,0,0
8796,31.12.2020.,18:10:00,23,22,1,0,1,0,0,G,0,0
8797,31.12.2020.,18:15:00,23,22,1,0,1,1,0,G,0,0
8798,31.12.2020.,18:20:00,23,22,1,0,1,1,0,G,0,0
8799,31.12.2020.,18:25:00,23,22,1,0,1,1,0,G,0,0
8800,31.12.2020.,18:30:00,23,22,1,0,1,1,0,G,0,0
8801,31.12.2020.,18:35:00,23,22,1,0,1,1,0,G,0,0
8802,31.12.2020.,18:40:00,23,22,1,0,1,1,0,G,0,0
8803,31.12.2020.,18:45:00,23,22,1,0,1,1,0,G,0,0
8804,31.12.2020.,18:50:00,23,23,1,0,0,1,0,G,0,0
8805,31.12.2020.,18:55:00,23,23,1,0,0,1,0,G,0,0
8806,31.12.2020.,19:00:00,23,23,1,0,0,1,0,G,0,0
8807,31.12.2020.,19:05:00,23,23,1,0,0,1,0,G,0,0
8808,31.12.2020.,19:10:00,23,23,1,0,0,1,0,G,0,0
8809,31.12.2020.,19:15:00,23,23,1,0,0,1,0,G,0,0
8810,31.12.2020.,19:20:00,23,23,1,0,0,1,0,G,0,0
8811,31.12.2020.,19:25:00,23,23,1,0,0,1,0,G,0,0
8812,31.12.2020.,19:30:00,23,23,1,0,0,1,0,G,0,0
8813,31.12.2020.,19:35:00,23,23,1,0,0,1,0,G,0,0
8814,31.12.2020.,19:40:00,23,23,1,0,0,1,0,G,0,0
8815,31.12.2020.,19:45:00,23,23,1,0,0,1,0,G,0,0
8816,31.12.2020.,19:50:00,23,23,1,0,0,1,0,G,0,0
8817,31.12.2020.,19:55:00,23,23,1,0,0,1,0,G,0,0
8818,31.12.2020.,20:00:00,23,23,1,0,0,1,0,G,0,0
8819,31.12.2020.,20:05:00,23,23,1,0,0,1,0,G,0,0
8820,31.12.2020.,20:10:00,23,23,1,0,0,0,0,G,0,0
8821,31.12.2020.,20:15:00,23,23,1,0,0,0,0,G,0,0
8822,31.12.2020.,20:20:00,23,23,1,0,0,0,0,G,0,0
8823,31.12.2020.,20:25:00,23,23,1,0,0,0,0,G,0,0
8824,31.12.2020.,20:30:00,23,23,1,0,0,0,0,G,0,0
8825,31.12.2020.,20:35:00,23,23,1,0,0,0,0,G,0,0
8826,31.12.2020.,20:40:00,23,23,1,0,0,0,0,G,0,0
8827,31.12.2020.,20:45:00,23,23,1,0,0,0,0,G,0,0
8828,31.12.2020.,20:50:00,23,23,1,0,1,0,0,G,0,0
8829,31.12.2020.,20:55:00,23,23,1,0,1,0,0,G,0,0
8830,31.12.2020.,21:00:00,23,23,1,0,1,0,0,G,0,0
8831,31.12.2020.,21:05:00,23,23,1,0,1,0,0,G,0,0
8832,31.12.2020.,21:10:00,23,23,1,0,1,0,0,G,0,0
8833,31.12.2020.,21:15:00,23,23,1,0,1,0,0,G,0,0
8834,31.12.2020.,21:20:00,23,23,1,0,1,0,0,G,0,0
8835,31.12.2020.,21:25:00,23,23,1,0,1,0,0,G,0,0
8836,31.12.2020.,21:30:00,23,23,1,0,1,0,0,G,0,0
8837,31.12.2020.,21:35:00,23,23,1,0,1,0,0,G,0,0
8838,31.12.2020.,21:40:00,23,23,1,0,1,0,0,G,0,0
8839,31.12.2020.,21:45:00,23,23,1,0,1,0,0,G,0,0
8840,31.12.2020.,21:50:00,23,23,1,0,1,0,0,G,0,0
8841,31.12.2020.,21:55:00,23,23,1,0,1,0,0,G,0,0
8842,31.12.2020.,22:00:00,23,23,1,0,1,0,0,G,0,0
8843,31.12.2020.,22:05:00,25,23,1,2,1,1,0,G,0,0
8844,31.12.2020.,22:10:00,25,23,1,2,1,1,0,G,0,0
8845,31.12.2020.,22:15:00,25,23,1,2,1,1,0,G,0,0
8846,31.12.2020.,22:20:00,25,23,1,2,1,1,0,G,0,0
8847,31.12.2020.,22:25:00,25,23,1,2,1,1,0,G,0,0
8848,31.12.2020.,22:30:00,25,23,1,2,1,1,0,G,0,0
8849,31.12.2020.,22:35:00,25,23,1,2,1,1,0,G,0,0
8850,31.12.2020.,22:40:00,25,23,1,2,1,1,0,G,0,0
8851,31.12.2020.,22:45:00,25,23,1,2,1,1,0,G,0,0
8852,31.12.2020.,22:50:00,25,23,1,2,1,1,0,G,0,0
8853,31.12.2020.,22:55:00,25,23,1,2,1,1,0,G,0,0
8854,31.12.2020.,23:00:00,25,23,1,2,1,1,0,G,0,0
8855,31.12.2020.,23:05:00,25,23,1,2,1,1,0,G,0,0
8856,31.12.2020.,23:10:00,25,23,1,2,1,1,0,G,0,0
8857,31.12.2020.,23:15:00,25,23,1,2,1,1,0,G,0,0
8858,31.12.2020.,23:20:00,25,23,1,2,1,1,0,G,0,0
8859,31.12.2020.,23:25:00,25,23,1,2,1,1,0,G,0,0
8860,31.12.2020.,23:30:00,25,23,1,2,1,1,0,G,0,0
8861,31.12.2020.,23:35:00,25,23,1,2,1,1,0,G,0,0
8862,31.12.2020.,23:40:00,25,23,1,2,1,1,0,G,0,0
8863,31.12.2020.,23:45:00,25,23,1,2,1,1,0,G,0,0
8864,31.12.2020.,23:50:00,25,23,1,2,1,1,0,G,0,0
8865,31.12.2020.,23:55:00,25,23,1,2,1,1,0,G,0,0
