1,01.12.2016.,00:05:00,23,21,0,0,0,1,0,G,16,18
2,01.12.2016.,00:10:00,23,21,0,0,0,1,0,G,16,18
3,01.12.2016.,00:15:00,23,21,0,0,0,1,0,G,16,18
4,01.12.2016.,00:20:00,23,21,0,0,0,1,0,G,16,18
5,01.12.2016.,00:25:00,23,21,0,0,0,1,0,G,16,18
6,01.12.2016.,00:30:00,23,21,0,0,0,1,0,G,16,18
7,01.12.2016.,00:35:00,23,21,0,0,0,1,0,G,16,18
8,01.12.2016.,00:40:00,23,21,0,0,0,1,0,G,16,18
9,01.12.2016.,00:45:00,23,21,0,0,0,1,0,G,16,18
10,01.12.2016.,00:50:00,23,21,0,0,0,1,0,G,16,18
11,01.12.2016.,00:55:00,23,21,0,0,0,1,0,G,16,18
12,01.12.2016.,01:00:00,23,21,0,0,0,1,0,G,16,18
13,01.12.2016.,01:05:00,23,21,0,0,0,1,0,G,16,18
14,01.12.2016.,01:10:00,23,21,0,0,0,1,0,G,16,18
15,01.12.2016.,01:15:00,23,21,0,0,0,1,0,G,16,18
16,01.12.2016.,01:20:00,23,21,0,0,0,1,0,G,16,18
17,01.12.2016.,01:25:00,23,21,0,0,0,1,0,G,16,18
18,01.12.2016.,01:30:00,23,21,0,0,0,1,0,G,16,18
19,01.12.2016.,01:35:00,23,21,0,0,0,1,0,G,16,18
20,01.12.2016.,01:40:00,23,21,0,0,0,1,0,G,16,18
21,01.12.2016.,01:45:00,23,20,0,0,0,1,0,G,16,18
22,01.12.2016.,01:50:00,23,20,0,0,0,1,0,G,16,18
23,01.12.2016.,01:55:00,23,20,0,0,0,1,0,G,16,18
24,01.12.2016.,02:00:00,23,20,0,0,0,1,0,G,16,18
25,01.12.2016.,02:05:00,23,20,0,0,0,1,0,G,16,18
26,01.12.2016.,02:10:00,23,20,0,0,0,1,0,G,16,18
27,01.12.2016.,02:15:00,23,20,0,0,0,1,0,G,16,18
28,01.12.2016.,02:20:00,23,20,0,0,0,1,0,G,16,18
29,01.12.2016.,02:25:00,23,20,0,0,0,1,0,G,16,18
30,01.12.2016.,02:30:00,23,20,0,0,0,1,0,G,16,18
31,01.12.2016.,02:35:00,23,20,0,0,0,1,0,G,16,18
32,01.12.2016.,02:40:00,23,20,0,0,0,1,0,G,16,18
33,01.12.2016.,02:45:00,23,20,0,0,0,1,0,G,16,18
34,01.12.2016.,02:50:00,23,20,0,0,0,1,0,G,16,18
35,01.12.2016.,02:55:00,23,20,0,0,0,1,0,G,16,18
36,01.12.2016.,03:00:00,23,20,0,0,0,1,0,G,16,18
37,01.12.2016.,03:05:00,23,20,0,0,0,1,0,G,16,18
38,01.12.2016.,03:10:00,23,20,0,0,0,1,0,G,16,18
39,01.12.2016.,03:15:00,23,20,0,0,0,1,0,G,16,18
40,01.12.2016.,03:20:00,23,20,0,0,0,1,0,G,16,18
41,01.12.2016.,03:25:00,23,20,0,0,0,1,0,G,16,18
42,01.12.2016.,03:30:00,23,20,0,0,0,1,0,G,16,18
43,01.12.2016.,03:35:00,23,20,0,0,0,1,0,G,16,18
44,01.12.2016.,03:40:00,23,20,0,0,0,1,0,G,16,18
45,01.12.2016.,03:45:00,23,20,0,0,0,1,0,G,16,18
46,01.12.2016.,03:50:00,23,20,0,0,0,1,0,G,16,18
47,01.12.2016.,03:55:00,23,19,0,0,0,1,0,G,16,18
48,01.12.2016.,04:00:00,23,19,0,0,0,1,0,G,16,18
49,01.12.2016.,04:05:00,23,19,0,0,0,1,0,G,16,18
50,01.12.2016.,04:10:00,23,19,0,0,0,1,0,G,16,18
51,01.12.2016.,04:15:00,23,19,0,0,0,1,0,G,16,18
52,01.12.2016.,04:20:00,23,19,0,0,0,1,0,G,16,18
53,01.12.2016.,04:25:00,23,19,0,0,0,1,0,G,16,18
54,01.12.2016.,04:30:00,23,19,0,0,0,1,0,G,16,18
55,01.12.2016.,04:35:00,23,19,0,0,0,1,0,G,16,18
56,01.12.2016.,04:40:00,23,19,0,0,0,1,0,G,16,17
57,01.12.2016.,04:45:00,23,19,0,0,0,1,0,G,16,17
58,01.12.2016.,04:50:00,23,19,0,0,0,1,0,G,16,17
59,01.12.2016.,04:55:00,23,19,0,0,0,1,0,G,16,17
60,01.12.2016.,05:00:00,23,19,0,0,0,1,0,G,16,17
61,01.12.2016.,05:05:00,23,19,0,0,0,1,0,G,16,17
62,01.12.2016.,05:10:00,23,19,0,0,0,1,0,G,16,17
63,01.12.2016.,05:15:00,23,19,0,0,0,1,0,G,16,17
64,01.12.2016.,05:20:00,23,19,0,0,0,1,0,G,16,17
65,01.12.2016.,05:25:00,23,19,0,0,0,1,0,G,16,17
66,01.12.2016.,05:30:00,23,19,0,0,0,1,0,G,16,17
67,01.12.2016.,05:35:00,23,19,0,0,0,1,0,G,16,17
68,01.12.2016.,05:40:00,23,19,0,0,0,1,0,G,16,17
69,01.12.2016.,05:45:00,23,19,0,0,0,1,0,G,16,17
70,01.12.2016.,05:50:00,23,19,0,0,0,1,0,G,16,17
71,01.12.2016.,05:55:00,23,19,0,0,0,1,0,G,16,17
72,01.12.2016.,06:00:00,23,19,0,0,0,1,0,G,16,17
73,01.12.2016.,06:05:00,23,19,0,0,0,1,0,G,16,17
74,01.12.2016.,06:10:00,23,19,0,0,0,1,0,G,16,17
75,01.12.2016.,06:15:00,23,19,0,0,0,1,0,G,16,17
76,01.12.2016.,06:20:00,23,19,0,0,0,1,0,G,16,17
77,01.12.2016.,06:25:00,23,19,0,0,0,1,0,G,16,17
78,01.12.2016.,06:30:00,23,19,0,0,0,1,0,G,16,17
79,01.12.2016.,06:35:00,23,19,0,0,0,1,0,G,16,17
80,01.12.2016.,06:40:00,23,19,0,0,0,1,0,G,16,17
81,01.12.2016.,06:45:00,23,19,0,0,0,1,0,G,16,17
82,01.12.2016.,06:50:00,23,19,0,0,0,1,0,G,16,17
83,01.12.2016.,06:55:00,23,19,0,0,0,1,0,G,16,17
84,01.12.2016.,07:00:00,23,19,0,0,0,1,0,G,16,17
85,01.12.2016.,07:05:00,23,19,0,0,0,1,0,G,16,17
86,01.12.2016.,07:10:00,23,19,0,0,0,1,0,G,16,17
87,01.12.2016.,07:15:00,23,19,0,0,0,1,0,G,16,17
88,01.12.2016.,07:20:00,23,19,0,0,0,1,0,G,16,17
89,01.12.2016.,07:25:00,23,19,0,0,0,1,0,G,16,17
90,01.12.2016.,07:30:00,23,19,0,0,0,1,0,G,16,17
91,01.12.2016.,07:35:00,23,19,0,0,0,1,0,G,16,17
92,01.12.2016.,07:40:00,23,19,0,0,0,1,0,G,16,17
93,01.12.2016.,07:45:00,23,19,0,0,0,1,0,G,16,17
94,01.12.2016.,07:50:00,23,19,0,0,0,1,0,G,16,17
95,01.12.2016.,07:55:00,23,19,0,0,0,1,0,G,16,17
96,01.12.2016.,08:00:00,23,19,0,0,0,1,0,G,16,17
97,01.12.2016.,08:05:00,23,19,0,0,0,1,0,G,16,17
98,01.12.2016.,08:10:00,23,19,0,0,0,1,0,G,16,17
99,01.12.2016.,08:15:00,23,19,0,0,0,1,0,G,16,17
100,01.12.2016.,08:20:00,25,19,1,3,1,1,0,G,16,17
101,01.12.2016.,08:25:00,25,19,1,3,1,1,0,G,16,17
102,01.12.2016.,08:30:00,25,19,1,3,1,1,0,G,16,17
103,01.12.2016.,08:35:00,25,19,1,3,1,1,0,G,16,17
104,01.12.2016.,08:40:00,25,19,1,3,1,1,0,G,16,17
105,01.12.2016.,08:45:00,25,19,1,3,1,1,0,G,16,17
106,01.12.2016.,08:50:00,25,19,1,3,1,1,0,G,16,17
107,01.12.2016.,08:55:00,25,19,1,3,1,1,0,G,16,17
108,01.12.2016.,09:00:00,25,19,1,3,1,1,0,G,16,17
109,01.12.2016.,09:05:00,25,19,1,3,1,1,0,G,16,17
110,01.12.2016.,09:10:00,25,19,1,3,1,1,0,G,16,17
111,01.12.2016.,09:15:00,25,19,1,3,1,1,0,G,16,17
112,01.12.2016.,09:20:00,21,19,1,1,1,0,0,G,15,17
113,01.12.2016.,09:25:00,21,19,1,1,1,0,0,G,15,17
114,01.12.2016.,09:30:00,21,19,1,1,1,0,0,G,15,17
115,01.12.2016.,09:35:00,21,19,1,1,1,0,0,G,15,17
116,01.12.2016.,09:40:00,21,19,1,1,1,0,0,G,15,17
117,01.12.2016.,09:45:00,21,19,1,1,1,0,0,G,15,17
118,01.12.2016.,09:50:00,21,20,1,1,1,0,0,G,15,17
119,01.12.2016.,09:55:00,21,20,1,1,1,0,0,G,15,17
120,01.12.2016.,10:00:00,21,20,1,1,1,0,0,G,15,17
121,01.12.2016.,10:05:00,21,20,1,1,1,0,0,G,15,17
122,01.12.2016.,10:10:00,21,20,1,1,1,0,0,G,15,17
123,01.12.2016.,10:15:00,21,20,1,1,1,0,0,G,15,17
124,01.12.2016.,10:20:00,21,20,1,1,1,0,0,G,15,17
125,01.12.2016.,10:25:00,21,20,1,1,1,0,0,G,15,17
126,01.12.2016.,10:30:00,21,20,1,1,1,0,0,G,15,17
127,01.12.2016.,10:35:00,21,20,1,1,1,0,0,G,15,17
128,01.12.2016.,10:40:00,21,20,1,1,1,0,0,G,15,17
129,01.12.2016.,10:45:00,21,20,1,1,1,0,0,G,15,17
130,01.12.2016.,10:50:00,21,20,1,1,1,0,0,G,15,17
131,01.12.2016.,10:55:00,21,20,1,1,1,0,0,G,15,17
132,01.12.2016.,11:00:00,21,20,1,1,1,0,0,G,15,17
133,01.12.2016.,11:05:00,21,20,1,1,1,0,0,G,15,17
134,01.12.2016.,11:10:00,21,20,1,1,1,0,0,G,15,17
135,01.12.2016.,11:15:00,21,20,1,1,1,0,0,G,15,17
136,01.12.2016.,11:20:00,21,20,1,1,1,0,0,G,15,17
137,01.12.2016.,11:25:00,21,20,1,1,1,0,0,G,15,17
138,01.12.2016.,11:30:00,21,20,1,1,1,0,0,G,15,17
139,01.12.2016.,11:35:00,21,20,1,1,1,0,0,G,15,17
140,01.12.2016.,11:40:00,21,20,1,1,1,0,0,G,15,17
141,01.12.2016.,11:45:00,21,20,1,1,1,0,0,G,15,17
142,01.12.2016.,11:50:00,21,20,1,1,1,0,0,G,15,17
143,01.12.2016.,11:55:00,21,20,1,1,1,0,0,G,15,17
144,01.12.2016.,12:00:00,21,20,1,1,1,0,0,G,15,17
145,01.12.2016.,12:05:00,21,20,1,1,1,0,0,G,15,17
146,01.12.2016.,12:10:00,21,20,1,1,1,0,0,G,15,17
147,01.12.2016.,12:15:00,21,20,1,1,1,0,0,G,15,17
148,01.12.2016.,12:20:00,21,20,1,1,1,0,0,G,15,17
149,01.12.2016.,12:25:00,21,20,1,1,1,0,0,G,15,17
150,01.12.2016.,12:30:00,21,20,1,1,1,0,0,G,15,17
151,01.12.2016.,12:35:00,21,20,1,1,1,0,0,G,15,17
152,01.12.2016.,12:40:00,21,20,1,1,1,0,0,G,15,17
153,01.12.2016.,12:45:00,21,20,1,1,1,0,0,G,15,17
154,01.12.2016.,12:50:00,21,20,1,1,1,0,0,G,15,17
155,01.12.2016.,12:55:00,21,20,1,1,1,0,0,G,15,17
156,01.12.2016.,13:00:00,21,20,1,1,1,0,0,G,15,17
157,01.12.2016.,13:05:00,21,20,1,1,1,0,0,G,15,17
158,01.12.2016.,13:10:00,21,20,1,1,1,0,0,G,15,17
159,01.12.2016.,13:15:00,21,20,1,1,1,0,0,G,15,17
160,01.12.2016.,13:20:00,21,20,1,1,1,0,0,G,15,17
161,01.12.2016.,13:25:00,21,20,1,1,1,0,0,G,15,17
162,01.12.2016.,13:30:00,21,20,1,1,1,0,0,G,15,17
163,01.12.2016.,13:35:00,21,20,1,1,1,0,0,G,15,17
164,01.12.2016.,13:40:00,21,20,1,1,1,0,0,G,15,17
165,01.12.2016.,13:45:00,21,20,1,1,1,0,0,G,15,17
166,01.12.2016.,13:50:00,21,20,1,1,1,0,0,G,15,17
167,01.12.2016.,13:55:00,21,20,1,1,1,0,0,G,15,17
168,01.12.2016.,14:00:00,21,20,1,1,1,0,0,G,15,17
169,01.12.2016.,14:05:00,21,20,1,1,1,0,0,G,15,17
170,01.12.2016.,14:10:00,21,20,1,1,1,0,0,G,15,17
171,01.12.2016.,14:15:00,21,20,1,1,1,0,0,G,15,17
172,01.12.2016.,14:20:00,21,20,1,1,1,0,0,G,15,17
173,01.12.2016.,14:25:00,21,20,1,1,1,0,0,G,15,17
174,01.12.2016.,14:30:00,21,20,1,1,1,0,0,G,15,17
175,01.12.2016.,14:35:00,22,20,1,3,1,1,0,G,16,17
176,01.12.2016.,14:40:00,22,20,1,3,1,1,0,G,16,17
177,01.12.2016.,14:45:00,22,21,1,3,1,1,0,G,16,17
178,01.12.2016.,14:50:00,21,21,1,0,0,0,0,G,15,18
179,01.12.2016.,14:55:00,21,21,1,0,0,0,0,G,15,18
180,01.12.2016.,15:00:00,21,21,1,0,0,0,0,G,15,18
181,01.12.2016.,15:05:00,21,21,1,0,0,0,0,G,15,18
182,01.12.2016.,15:10:00,21,21,1,0,0,0,0,G,15,18
183,01.12.2016.,15:15:00,21,21,1,0,1,0,0,G,15,18
184,01.12.2016.,15:20:00,21,21,1,0,1,0,0,G,15,18
185,01.12.2016.,15:25:00,21,21,1,0,1,0,0,G,15,18
186,01.12.2016.,15:30:00,21,21,1,0,1,0,0,G,15,18
187,01.12.2016.,15:35:00,21,21,1,0,1,0,0,G,15,18
188,01.12.2016.,15:40:00,21,21,1,0,1,0,0,G,15,18
189,01.12.2016.,15:45:00,21,21,1,0,1,0,0,G,15,18
190,01.12.2016.,15:50:00,21,21,1,0,1,0,0,G,15,18
191,01.12.2016.,15:55:00,21,21,1,0,1,0,0,G,15,18
192,01.12.2016.,16:00:00,21,21,1,0,1,0,0,G,15,18
193,01.12.2016.,16:05:00,21,21,1,0,1,0,0,G,15,18
194,01.12.2016.,16:10:00,21,21,1,0,1,0,0,G,15,18
195,01.12.2016.,16:15:00,21,21,1,0,1,0,0,G,15,18
196,01.12.2016.,16:20:00,21,21,1,0,1,0,0,G,15,18
197,01.12.2016.,16:25:00,21,21,1,0,1,0,0,G,15,18
198,01.12.2016.,16:30:00,21,21,1,0,1,0,0,G,15,18
199,01.12.2016.,16:35:00,21,21,1,0,1,0,0,G,15,18
200,01.12.2016.,16:40:00,21,21,1,0,1,0,0,G,15,18
201,01.12.2016.,16:45:00,21,21,1,0,1,0,0,G,15,18
202,01.12.2016.,16:50:00,21,21,1,0,1,0,0,G,15,18
203,01.12.2016.,16:55:00,21,21,1,0,1,0,0,G,15,18
204,01.12.2016.,17:00:00,21,21,1,0,1,0,0,G,15,18
205,01.12.2016.,17:05:00,21,21,1,0,1,0,0,G,15,18
206,01.12.2016.,17:10:00,21,21,1,0,1,0,0,G,15,18
207,01.12.2016.,17:15:00,21,20,1,0,1,0,0,G,15,18
208,01.12.2016.,17:20:00,21,20,1,1,1,0,0,G,15,18
209,01.12.2016.,17:25:00,21,20,1,1,1,0,0,G,15,18
210,01.12.2016.,17:30:00,21,20,1,1,1,0,0,G,15,18
211,01.12.2016.,17:35:00,21,20,1,1,1,0,0,G,15,18
212,01.12.2016.,17:40:00,21,20,1,1,1,0,0,G,15,18
213,01.12.2016.,17:45:00,21,20,1,1,1,0,0,G,15,18
214,01.12.2016.,17:50:00,21,20,1,1,1,0,0,G,15,18
215,01.12.2016.,17:55:00,21,20,1,1,1,0,0,G,15,18
216,01.12.2016.,18:00:00,21,20,1,1,1,0,0,G,15,18
217,01.12.2016.,18:05:00,21,20,1,1,1,0,0,G,15,18
218,01.12.2016.,18:10:00,21,20,1,1,1,0,0,G,15,18
219,01.12.2016.,18:15:00,21,20,1,1,1,0,0,G,15,18
220,01.12.2016.,18:20:00,21,20,1,1,1,0,0,G,15,18
221,01.12.2016.,18:25:00,21,20,1,1,1,0,0,G,15,18
222,01.12.2016.,18:30:00,21,20,1,1,1,0,0,G,15,18
223,01.12.2016.,18:35:00,21,20,1,1,1,0,0,G,15,18
224,01.12.2016.,18:40:00,21,20,1,1,1,0,0,G,15,18
225,01.12.2016.,18:45:00,21,20,1,1,1,0,0,G,15,18
226,01.12.2016.,18:50:00,21,20,1,1,1,0,0,G,15,18
227,01.12.2016.,18:55:00,21,20,1,1,1,0,0,G,15,18
228,01.12.2016.,19:00:00,21,20,1,1,1,0,0,G,15,18
229,01.12.2016.,19:05:00,21,20,1,1,1,0,0,G,15,18
230,01.12.2016.,19:10:00,21,20,1,1,1,0,0,G,15,18
231,01.12.2016.,19:15:00,21,20,1,1,1,0,0,G,15,18
232,01.12.2016.,19:20:00,21,20,1,1,1,0,0,G,15,18
233,01.12.2016.,19:25:00,21,20,1,1,1,0,0,G,15,18
234,01.12.2016.,19:30:00,21,20,1,1,1,0,0,G,15,18
235,01.12.2016.,19:35:00,21,20,1,1,1,0,0,G,15,18
236,01.12.2016.,19:40:00,21,20,1,1,1,0,0,G,15,18
237,01.12.2016.,19:45:00,21,20,1,1,1,0,0,G,15,18
238,01.12.2016.,19:50:00,21,20,1,1,1,0,0,G,15,18
239,01.12.2016.,19:55:00,21,20,1,1,1,0,0,G,15,18
240,01.12.2016.,20:00:00,21,20,1,1,1,0,0,G,15,18
241,01.12.2016.,20:05:00,21,20,1,1,1,0,0,G,15,18
242,01.12.2016.,20:10:00,21,20,1,1,1,0,0,G,15,18
243,01.12.2016.,20:15:00,21,20,1,1,1,0,0,G,15,18
244,01.12.2016.,20:20:00,21,20,1,1,1,0,0,G,15,18
245,01.12.2016.,20:25:00,21,20,1,1,1,0,0,G,15,18
246,01.12.2016.,20:30:00,21,20,1,1,1,0,0,G,15,18
247,01.12.2016.,20:35:00,21,20,1,1,1,0,0,G,15,18
248,01.12.2016.,20:40:00,21,20,1,1,1,0,0,G,15,18
249,01.12.2016.,20:45:00,21,20,1,1,1,0,0,G,15,18
250,01.12.2016.,20:50:00,21,20,1,1,1,0,0,G,15,18
251,01.12.2016.,20:55:00,21,20,1,1,1,0,0,G,15,18
252,01.12.2016.,21:00:00,21,20,1,1,1,0,0,G,15,18
253,01.12.2016.,21:05:00,21,20,1,1,1,0,0,G,15,18
254,01.12.2016.,21:10:00,21,20,1,1,1,0,0,G,15,18
255,01.12.2016.,21:15:00,21,20,1,1,1,0,0,G,15,18
256,01.12.2016.,21:20:00,21,20,1,1,1,0,0,G,15,18
257,01.12.2016.,21:25:00,21,20,1,1,1,0,0,G,15,18
258,01.12.2016.,21:30:00,21,20,1,1,1,0,0,G,15,18
259,01.12.2016.,21:35:00,21,20,1,1,1,0,0,G,15,18
260,01.12.2016.,21:40:00,21,20,1,1,1,0,0,G,15,18
261,01.12.2016.,21:45:00,21,20,1,1,1,0,0,G,15,18
262,01.12.2016.,21:50:00,21,20,1,1,1,0,0,G,15,18
263,01.12.2016.,21:55:00,21,20,1,1,1,0,0,G,15,18
264,01.12.2016.,22:00:00,21,20,1,1,1,0,0,G,15,18
265,01.12.2016.,22:05:00,21,20,1,1,1,0,0,G,15,18
266,01.12.2016.,22:10:00,21,20,1,1,1,0,0,G,15,18
267,01.12.2016.,22:15:00,21,20,1,1,1,0,0,G,15,18
268,01.12.2016.,22:20:00,21,20,1,1,1,0,0,G,15,18
269,01.12.2016.,22:25:00,21,20,1,1,1,0,0,G,15,18
270,01.12.2016.,22:30:00,21,20,1,1,1,0,0,G,15,18
271,01.12.2016.,22:35:00,21,20,1,1,1,0,0,G,15,18
272,01.12.2016.,22:40:00,21,20,1,1,1,0,0,G,15,18
273,01.12.2016.,22:45:00,21,20,1,1,1,0,0,G,15,18
274,01.12.2016.,22:50:00,21,20,1,1,1,0,0,G,15,18
275,01.12.2016.,22:55:00,22,20,1,3,1,1,0,G,15,18
276,01.12.2016.,23:00:00,22,20,1,3,1,1,0,G,16,18
277,01.12.2016.,23:05:00,22,20,1,3,1,1,0,G,16,18
278,01.12.2016.,23:10:00,22,20,0,0,0,1,0,G,16,18
279,01.12.2016.,23:15:00,22,20,0,0,0,1,0,G,16,18
280,01.12.2016.,23:20:00,22,20,0,0,0,1,0,G,16,18
281,01.12.2016.,23:25:00,22,20,0,0,0,1,0,G,16,18
282,01.12.2016.,23:30:00,22,20,0,0,0,1,0,G,16,18
283,01.12.2016.,23:35:00,22,20,0,0,0,1,0,G,16,18
284,01.12.2016.,23:40:00,22,20,0,0,0,1,0,G,16,18
285,01.12.2016.,23:45:00,22,20,0,0,0,1,0,G,16,18
286,01.12.2016.,23:50:00,22,20,0,0,0,1,0,G,16,18
287,01.12.2016.,23:55:00,22,20,0,0,0,1,0,G,16,18
288,02.12.2016.,00:00:00,22,20,0,0,0,1,0,G,16,18
289,02.12.2016.,00:05:00,22,20,0,0,0,1,0,G,16,18
290,02.12.2016.,00:10:00,22,20,0,0,0,1,0,G,16,18
291,02.12.2016.,00:15:00,22,20,0,0,0,1,0,G,16,18
292,02.12.2016.,00:20:00,22,20,0,0,0,1,0,G,16,18
293,02.12.2016.,00:25:00,22,20,0,0,0,1,0,G,16,18
294,02.12.2016.,00:30:00,22,20,0,0,0,1,0,G,16,18
295,02.12.2016.,00:35:00,22,20,0,0,0,1,0,G,16,18
296,02.12.2016.,00:40:00,22,20,0,0,0,1,0,G,16,18
297,02.12.2016.,00:45:00,22,20,0,0,0,1,0,G,16,18
298,02.12.2016.,00:50:00,22,20,0,0,0,1,0,G,16,18
299,02.12.2016.,00:55:00,22,20,0,0,0,1,0,G,16,18
300,02.12.2016.,01:00:00,22,20,0,0,0,1,0,G,16,18
301,02.12.2016.,01:05:00,22,20,0,0,0,1,0,G,16,18
302,02.12.2016.,01:10:00,22,20,0,0,0,1,0,G,16,18
303,02.12.2016.,01:15:00,22,20,0,0,0,1,0,G,16,18
304,02.12.2016.,01:20:00,22,20,0,0,0,1,0,G,16,18
305,02.12.2016.,01:25:00,22,20,0,0,0,1,0,G,16,18
306,02.12.2016.,01:30:00,22,20,0,0,0,1,0,G,16,18
307,02.12.2016.,01:35:00,22,20,0,0,0,1,0,G,16,18
308,02.12.2016.,01:40:00,22,20,0,0,0,1,0,G,16,18
309,02.12.2016.,01:45:00,22,20,0,0,0,1,0,G,16,18
310,02.12.2016.,01:50:00,22,20,0,0,0,1,0,G,16,18
311,02.12.2016.,01:55:00,22,20,0,0,0,1,0,G,16,18
312,02.12.2016.,02:00:00,22,20,0,0,0,1,0,G,16,18
313,02.12.2016.,02:05:00,22,20,0,0,0,1,0,G,16,18
314,02.12.2016.,02:10:00,22,20,0,0,0,1,0,G,16,18
315,02.12.2016.,02:15:00,22,20,0,0,0,1,0,G,16,18
316,02.12.2016.,02:20:00,22,20,0,0,0,1,0,G,16,18
317,02.12.2016.,02:25:00,22,20,0,0,0,1,0,G,16,18
318,02.12.2016.,02:30:00,22,20,0,0,0,1,0,G,16,18
319,02.12.2016.,02:35:00,22,20,0,0,0,1,0,G,16,18
320,02.12.2016.,02:40:00,22,20,0,0,0,1,0,G,16,18
321,02.12.2016.,02:45:00,22,20,0,0,0,1,0,G,16,18
322,02.12.2016.,02:50:00,22,20,0,0,0,1,0,G,16,18
323,02.12.2016.,02:55:00,22,20,0,0,0,1,0,G,16,18
324,02.12.2016.,03:00:00,22,20,0,0,0,1,0,G,16,18
325,02.12.2016.,03:05:00,22,20,0,0,0,1,0,G,16,18
326,02.12.2016.,03:10:00,22,20,0,0,0,1,0,G,16,18
327,02.12.2016.,03:15:00,22,20,0,0,0,1,0,G,16,18
328,02.12.2016.,03:20:00,22,20,0,0,0,1,0,G,16,18
329,02.12.2016.,03:25:00,22,20,0,0,0,1,0,G,16,18
330,02.12.2016.,03:30:00,22,20,0,0,0,1,0,G,16,18
331,02.12.2016.,03:35:00,22,20,0,0,0,1,0,G,16,18
332,02.12.2016.,03:40:00,22,20,0,0,0,1,0,G,16,18
333,02.12.2016.,03:45:00,22,20,0,0,0,1,0,G,16,18
334,02.12.2016.,03:50:00,22,20,0,0,0,1,0,G,16,18
335,02.12.2016.,03:55:00,22,20,0,0,0,1,0,G,16,18
336,02.12.2016.,04:00:00,22,20,0,0,0,1,0,G,16,18
337,02.12.2016.,04:05:00,22,20,0,0,0,1,0,G,16,18
338,02.12.2016.,04:10:00,22,20,0,0,0,1,0,G,16,18
339,02.12.2016.,04:15:00,22,20,0,0,0,1,0,G,16,18
340,02.12.2016.,04:20:00,22,20,0,0,0,1,0,G,16,18
341,02.12.2016.,04:25:00,22,20,0,0,0,1,0,G,16,18
342,02.12.2016.,04:30:00,22,19,0,0,0,1,0,G,16,18
343,02.12.2016.,04:35:00,22,19,0,0,0,1,0,G,16,18
344,02.12.2016.,04:40:00,22,19,0,0,0,1,0,G,16,18
345,02.12.2016.,04:45:00,22,19,0,0,0,1,0,G,16,18
346,02.12.2016.,04:50:00,22,19,0,0,0,1,0,G,16,18
347,02.12.2016.,04:55:00,22,19,0,0,0,1,0,G,16,18
348,02.12.2016.,05:00:00,22,19,0,0,0,1,0,G,16,18
349,02.12.2016.,05:05:00,22,19,0,0,0,1,0,G,16,18
350,02.12.2016.,05:10:00,22,19,0,0,0,1,0,G,16,17
351,02.12.2016.,05:15:00,22,19,0,0,0,1,0,G,16,17
352,02.12.2016.,05:20:00,22,19,0,0,0,1,0,G,16,17
353,02.12.2016.,05:25:00,22,19,0,0,0,1,0,G,16,17
354,02.12.2016.,05:30:00,22,19,0,0,0,1,0,G,16,17
355,02.12.2016.,05:35:00,22,19,0,0,0,1,0,G,16,17
356,02.12.2016.,05:40:00,22,19,0,0,0,1,0,G,16,17
357,02.12.2016.,05:45:00,22,19,0,0,0,1,0,G,16,17
358,02.12.2016.,05:50:00,22,19,0,0,0,1,0,G,16,17
359,02.12.2016.,05:55:00,22,19,0,0,0,1,0,G,16,17
360,02.12.2016.,06:00:00,22,19,0,0,0,1,0,G,16,17
361,02.12.2016.,06:05:00,22,19,0,0,0,1,0,G,16,17
362,02.12.2016.,06:10:00,22,19,0,0,0,1,0,G,16,17
363,02.12.2016.,06:15:00,22,19,0,0,0,1,0,G,16,17
364,02.12.2016.,06:20:00,22,19,0,0,0,1,0,G,16,17
365,02.12.2016.,06:25:00,22,19,0,0,0,1,0,G,16,17
366,02.12.2016.,06:30:00,22,19,0,0,0,1,0,G,16,17
367,02.12.2016.,06:35:00,22,19,0,0,0,1,0,G,16,17
368,02.12.2016.,06:40:00,22,19,0,0,0,1,0,G,16,17
369,02.12.2016.,06:45:00,22,19,0,0,0,1,0,G,16,17
370,02.12.2016.,06:50:00,22,19,0,0,0,1,0,G,16,17
371,02.12.2016.,06:55:00,22,19,0,0,0,1,0,G,16,17
372,02.12.2016.,07:00:00,22,19,0,0,0,1,0,G,16,17
373,02.12.2016.,07:05:00,22,19,0,0,0,1,0,G,16,17
374,02.12.2016.,07:10:00,22,19,0,0,0,1,0,G,16,17
375,02.12.2016.,07:15:00,22,19,0,0,0,1,0,G,16,17
376,02.12.2016.,07:20:00,22,19,0,0,0,1,0,G,16,17
377,02.12.2016.,07:25:00,22,19,0,0,0,1,0,G,16,17
378,02.12.2016.,07:30:00,22,19,0,0,0,1,0,G,16,17
379,02.12.2016.,07:35:00,22,19,0,0,0,1,0,G,16,17
380,02.12.2016.,07:40:00,22,19,0,0,0,1,0,G,16,17
381,02.12.2016.,07:45:00,22,19,0,0,0,1,0,G,16,17
382,02.12.2016.,07:50:00,22,19,0,0,0,1,0,G,16,17
383,02.12.2016.,07:55:00,22,19,0,0,0,1,0,G,16,17
384,02.12.2016.,08:00:00,22,19,0,0,0,1,0,G,16,17
385,02.12.2016.,08:05:00,22,19,0,0,0,1,0,G,16,17
386,02.12.2016.,08:10:00,22,19,0,0,0,1,0,G,16,17
387,02.12.2016.,08:15:00,22,19,0,0,0,1,0,G,16,17
388,02.12.2016.,08:20:00,21,19,0,1,1,0,0,G,15,17
389,02.12.2016.,08:25:00,21,19,0,2,1,0,0,G,15,17
390,02.12.2016.,08:30:00,21,19,0,2,1,0,0,G,15,17
391,02.12.2016.,08:35:00,21,19,0,2,1,0,0,G,15,17
392,02.12.2016.,08:40:00,22,19,0,0,0,1,0,G,16,17
393,02.12.2016.,08:45:00,24,19,1,3,1,1,0,G,16,17
394,02.12.2016.,08:50:00,24,19,1,3,1,1,0,G,16,17
395,02.12.2016.,08:55:00,24,19,1,3,1,1,0,G,16,17
396,02.12.2016.,09:00:00,24,19,1,3,1,1,0,G,16,17
397,02.12.2016.,09:05:00,24,19,1,3,1,1,0,G,16,17
398,02.12.2016.,09:10:00,24,19,1,3,1,1,0,G,16,17
399,02.12.2016.,09:15:00,24,19,1,3,1,1,0,G,16,17
400,02.12.2016.,09:20:00,24,19,1,3,1,1,0,G,16,17
401,02.12.2016.,09:25:00,24,20,1,3,1,1,0,G,16,17
402,02.12.2016.,09:30:00,24,20,1,3,1,1,0,G,16,17
403,02.12.2016.,09:35:00,24,20,1,3,1,1,0,G,16,17
404,02.12.2016.,09:40:00,24,20,1,3,1,1,0,G,16,17
405,02.12.2016.,09:45:00,21,20,1,1,1,0,0,G,15,17
406,02.12.2016.,09:50:00,21,20,1,1,1,0,0,G,15,17
407,02.12.2016.,09:55:00,21,20,1,1,1,0,0,G,15,17
408,02.12.2016.,10:00:00,21,20,1,1,1,0,0,G,15,17
409,02.12.2016.,10:05:00,21,20,1,1,1,0,0,G,15,17
410,02.12.2016.,10:10:00,21,20,1,1,1,0,0,G,15,17
411,02.12.2016.,10:15:00,21,20,1,1,1,0,0,G,15,17
412,02.12.2016.,10:20:00,22,20,1,0,0,1,1,G,16,17
413,02.12.2016.,10:25:00,22,20,1,0,0,1,1,G,16,17
414,02.12.2016.,10:30:00,21,20,1,1,1,0,0,G,15,17
415,02.12.2016.,10:35:00,21,20,1,1,1,0,0,G,15,17
416,02.12.2016.,10:40:00,21,20,1,1,1,0,0,G,15,17
417,02.12.2016.,10:45:00,21,20,1,1,1,0,0,G,15,17
418,02.12.2016.,10:50:00,21,20,1,1,1,0,0,G,15,17
419,02.12.2016.,10:55:00,21,20,1,1,1,0,0,G,15,17
420,02.12.2016.,11:00:00,21,20,1,1,1,0,0,G,15,17
421,02.12.2016.,11:05:00,21,20,1,1,1,0,0,G,15,17
422,02.12.2016.,11:10:00,21,20,1,1,1,0,0,G,15,17
423,02.12.2016.,11:15:00,21,20,1,1,1,0,0,G,15,18
424,02.12.2016.,11:20:00,21,20,1,1,1,0,0,G,15,17
425,02.12.2016.,11:25:00,21,20,1,1,1,0,0,G,15,17
426,02.12.2016.,11:30:00,21,20,1,1,1,0,0,G,15,17
427,02.12.2016.,11:35:00,21,20,1,1,1,0,0,G,15,17
428,02.12.2016.,11:40:00,21,20,1,1,1,0,0,G,15,17
429,02.12.2016.,11:45:00,21,20,1,1,1,0,0,G,15,17
430,02.12.2016.,11:50:00,21,20,1,1,1,0,0,G,15,17
431,02.12.2016.,11:55:00,21,20,1,1,1,0,0,G,15,17
432,02.12.2016.,12:00:00,21,20,1,1,1,0,0,G,15,17
433,02.12.2016.,12:05:00,20,20,1,0,1,0,0,G,13,17
434,02.12.2016.,12:10:00,20,20,1,0,1,0,0,G,13,17
435,02.12.2016.,12:15:00,20,20,1,0,1,0,0,G,13,17
436,02.12.2016.,12:20:00,20,20,1,0,1,0,0,G,13,17
437,02.12.2016.,12:25:00,20,20,1,0,1,0,0,G,13,17
438,02.12.2016.,12:30:00,20,20,1,0,1,0,0,G,13,17
439,02.12.2016.,12:35:00,20,20,1,0,0,0,0,G,13,17
440,02.12.2016.,12:40:00,20,20,1,0,0,0,0,G,13,17
441,02.12.2016.,12:45:00,20,20,1,0,0,0,0,G,13,17
442,02.12.2016.,12:50:00,20,20,1,0,0,0,0,G,13,17
443,02.12.2016.,12:55:00,20,20,1,0,0,0,0,G,13,17
444,02.12.2016.,13:00:00,20,20,1,0,0,0,0,G,13,17
445,02.12.2016.,13:05:00,20,20,1,0,0,0,0,G,13,17
446,02.12.2016.,13:10:00,20,20,1,0,0,0,0,G,13,17
447,02.12.2016.,13:15:00,20,20,1,0,0,0,0,G,13,17
448,02.12.2016.,13:20:00,20,20,1,0,0,0,0,G,13,17
449,02.12.2016.,13:25:00,20,20,1,0,0,0,0,G,13,17
450,02.12.2016.,13:30:00,20,20,1,0,0,0,0,G,13,17
451,02.12.2016.,13:35:00,20,20,1,0,0,0,0,G,13,17
452,02.12.2016.,13:40:00,20,20,1,0,0,0,0,G,13,17
453,02.12.2016.,13:45:00,20,20,1,0,0,0,0,G,13,17
454,02.12.2016.,13:50:00,20,20,1,0,0,0,0,G,13,17
455,02.12.2016.,13:55:00,20,20,1,0,0,0,0,G,13,17
456,02.12.2016.,14:00:00,20,20,1,0,0,0,0,G,13,17
457,02.12.2016.,14:05:00,20,20,1,0,0,0,0,G,13,17
458,02.12.2016.,14:10:00,20,20,1,0,0,0,0,G,13,17
459,02.12.2016.,14:15:00,20,20,1,0,0,0,0,G,13,17
460,02.12.2016.,14:20:00,20,20,1,0,0,0,0,G,13,17
461,02.12.2016.,14:25:00,20,20,1,0,0,0,0,G,13,17
462,02.12.2016.,14:30:00,20,20,1,0,0,0,0,G,13,17
463,02.12.2016.,14:35:00,20,20,1,0,0,0,0,G,13,17
464,02.12.2016.,14:40:00,20,20,1,0,0,0,0,G,13,17
465,02.12.2016.,14:45:00,20,20,1,0,0,0,0,G,13,17
466,02.12.2016.,14:50:00,20,20,1,0,0,0,0,G,13,17
467,02.12.2016.,14:55:00,20,20,1,0,0,0,0,G,13,17
468,02.12.2016.,15:00:00,20,20,1,0,0,0,0,G,13,17
469,02.12.2016.,15:05:00,20,20,1,0,0,0,0,G,13,18
470,02.12.2016.,15:10:00,20,20,1,0,0,0,0,G,13,18
471,02.12.2016.,15:15:00,20,20,1,0,0,0,0,G,13,18
472,02.12.2016.,15:20:00,20,20,1,0,0,0,0,G,13,18
473,02.12.2016.,15:25:00,20,20,1,0,0,0,0,G,13,18
474,02.12.2016.,15:30:00,20,20,1,0,0,0,0,G,13,18
475,02.12.2016.,15:35:00,20,20,1,0,0,0,0,G,13,18
476,02.12.2016.,15:40:00,20,20,1,0,0,0,0,G,13,18
477,02.12.2016.,15:45:00,20,20,1,0,0,0,0,G,13,18
478,02.12.2016.,15:50:00,20,20,1,0,0,0,0,G,13,18
479,02.12.2016.,15:55:00,20,20,1,0,0,0,0,G,13,18
480,02.12.2016.,16:00:00,20,20,1,0,0,0,0,G,13,18
481,02.12.2016.,16:05:00,20,20,1,0,0,0,0,G,13,18
482,02.12.2016.,16:10:00,20,20,1,0,0,0,0,G,13,18
483,02.12.2016.,16:15:00,20,20,1,0,0,0,0,G,13,18
484,02.12.2016.,16:20:00,20,20,1,0,0,0,0,G,13,18
485,02.12.2016.,16:25:00,20,20,1,0,0,0,0,G,13,18
486,02.12.2016.,16:30:00,20,20,1,0,0,0,0,G,13,18
487,02.12.2016.,16:35:00,20,20,1,0,0,0,0,G,13,18
488,02.12.2016.,16:40:00,20,20,1,0,0,0,0,G,13,18
489,02.12.2016.,16:45:00,20,20,1,0,0,0,0,G,13,18
490,02.12.2016.,16:50:00,20,20,1,0,0,0,0,G,13,18
491,02.12.2016.,16:55:00,20,20,1,0,0,0,0,G,13,18
492,02.12.2016.,17:00:00,20,20,1,0,0,0,0,G,13,18
493,02.12.2016.,17:05:00,20,20,1,0,0,0,0,G,13,18
494,02.12.2016.,17:10:00,20,20,1,0,0,0,0,G,13,18
495,02.12.2016.,17:15:00,20,20,1,0,0,0,0,G,13,18
496,02.12.2016.,17:20:00,20,20,1,0,0,0,0,G,13,18
497,02.12.2016.,17:25:00,20,20,1,0,0,0,0,G,13,18
498,02.12.2016.,17:30:00,20,20,1,0,0,0,0,G,13,18
499,02.12.2016.,17:35:00,20,20,1,0,0,0,0,G,13,18
500,02.12.2016.,17:40:00,20,20,1,0,0,0,0,G,13,18
501,02.12.2016.,17:45:00,20,20,1,0,1,0,0,G,13,18
502,02.12.2016.,17:50:00,20,20,1,0,1,0,0,G,13,18
503,02.12.2016.,17:55:00,20,20,1,0,1,0,0,G,13,18
504,02.12.2016.,18:00:00,20,20,1,0,1,0,0,G,13,18
505,02.12.2016.,18:05:00,20,20,1,0,1,0,0,G,13,18
506,02.12.2016.,18:10:00,20,20,1,0,1,0,0,G,13,18
507,02.12.2016.,18:15:00,20,20,1,0,1,0,0,G,13,18
508,02.12.2016.,18:20:00,20,20,1,0,1,0,0,G,13,18
509,02.12.2016.,18:25:00,20,20,1,0,1,0,0,G,13,18
510,02.12.2016.,18:30:00,20,20,1,0,1,0,0,G,13,18
511,02.12.2016.,18:35:00,20,20,1,0,1,0,0,G,13,18
512,02.12.2016.,18:40:00,20,20,1,0,1,0,0,G,13,18
513,02.12.2016.,18:45:00,20,20,1,0,1,0,0,G,13,18
514,02.12.2016.,18:50:00,20,20,1,0,1,0,0,G,13,18
515,02.12.2016.,18:55:00,20,20,1,0,1,0,0,G,13,18
516,02.12.2016.,19:00:00,20,20,1,0,1,0,0,G,13,18
517,02.12.2016.,19:05:00,20,19,1,0,1,0,0,G,13,18
518,02.12.2016.,19:10:00,20,19,1,0,1,0,0,G,13,18
519,02.12.2016.,19:15:00,20,19,1,0,1,0,0,G,13,18
520,02.12.2016.,19:20:00,20,19,1,0,1,0,0,G,13,18
521,02.12.2016.,19:25:00,20,19,1,0,1,0,0,G,13,18
522,02.12.2016.,19:30:00,20,19,1,0,1,0,0,G,13,18
523,02.12.2016.,19:35:00,20,19,1,0,1,0,0,G,13,18
524,02.12.2016.,19:40:00,20,19,1,0,1,0,0,G,13,18
525,02.12.2016.,19:45:00,20,19,1,0,1,0,0,G,13,18
526,02.12.2016.,19:50:00,20,19,1,0,1,0,0,G,13,18
527,02.12.2016.,19:55:00,20,19,1,0,1,0,0,G,13,18
528,02.12.2016.,20:00:00,20,19,1,0,1,0,0,G,13,18
529,02.12.2016.,20:05:00,20,19,1,0,1,0,0,G,13,18
530,02.12.2016.,20:10:00,20,19,1,0,1,0,0,G,13,18
531,02.12.2016.,20:15:00,20,19,1,0,1,0,0,G,13,18
532,02.12.2016.,20:20:00,20,19,1,0,1,0,0,G,13,18
533,02.12.2016.,20:25:00,20,19,1,0,1,0,0,G,13,17
534,02.12.2016.,20:30:00,20,19,1,0,1,0,0,G,13,17
535,02.12.2016.,20:35:00,20,19,1,0,1,0,0,G,13,17
536,02.12.2016.,20:40:00,20,19,1,1,1,0,0,G,13,17
537,02.12.2016.,20:45:00,20,19,1,1,1,0,0,G,13,17
538,02.12.2016.,20:50:00,20,19,1,1,1,0,0,G,13,17
539,02.12.2016.,20:55:00,20,19,1,1,1,0,0,G,13,17
540,02.12.2016.,21:00:00,20,19,1,1,1,0,0,G,13,17
541,02.12.2016.,21:05:00,20,19,1,1,1,0,0,G,13,17
542,02.12.2016.,21:10:00,20,19,1,1,1,0,0,G,13,17
543,02.12.2016.,21:15:00,20,19,1,1,1,0,0,G,13,17
544,02.12.2016.,21:20:00,20,19,1,1,1,0,0,G,13,17
545,02.12.2016.,21:25:00,20,19,1,1,1,0,0,G,13,17
546,02.12.2016.,21:30:00,20,19,1,1,1,0,0,G,13,17
547,02.12.2016.,21:35:00,20,19,1,1,1,0,0,G,13,17
548,02.12.2016.,21:40:00,20,19,1,1,1,0,0,G,13,17
549,02.12.2016.,21:45:00,20,19,1,1,1,0,0,G,13,17
550,02.12.2016.,21:50:00,20,19,1,1,1,0,0,G,13,17
551,02.12.2016.,21:55:00,20,19,1,1,1,0,0,G,13,17
552,02.12.2016.,22:00:00,20,19,1,1,1,0,0,G,13,17
553,02.12.2016.,22:05:00,20,19,1,1,1,0,0,G,13,17
554,02.12.2016.,22:10:00,20,19,1,1,1,0,0,G,13,17
555,02.12.2016.,22:15:00,20,19,1,1,1,0,0,G,13,17
556,02.12.2016.,22:20:00,20,19,1,1,1,0,0,G,13,17
557,02.12.2016.,22:25:00,20,19,1,1,1,0,0,G,13,17
558,02.12.2016.,22:30:00,20,19,1,1,1,0,0,G,13,17
559,02.12.2016.,22:35:00,20,19,1,1,1,0,0,G,13,17
560,02.12.2016.,22:40:00,20,19,1,1,1,0,0,G,13,17
561,02.12.2016.,22:45:00,20,19,1,1,1,0,0,G,13,17
562,02.12.2016.,22:50:00,20,19,1,1,1,0,0,G,13,17
563,02.12.2016.,22:55:00,20,19,1,1,1,0,0,G,13,17
564,02.12.2016.,23:00:00,20,19,1,1,1,0,0,G,13,17
565,02.12.2016.,23:05:00,20,19,1,1,1,0,0,G,13,17
566,02.12.2016.,23:10:00,20,19,1,1,1,0,0,G,13,17
567,02.12.2016.,23:15:00,20,19,1,1,1,0,0,G,13,17
568,02.12.2016.,23:20:00,20,19,1,1,1,0,0,G,13,17
569,02.12.2016.,23:25:00,20,19,1,1,1,0,0,G,13,17
570,02.12.2016.,23:30:00,20,19,1,1,1,0,0,G,13,17
571,02.12.2016.,23:35:00,20,19,1,1,1,0,0,G,13,17
572,02.12.2016.,23:40:00,20,19,1,1,1,0,0,G,13,17
573,02.12.2016.,23:45:00,20,19,1,0,1,0,0,G,13,17
574,02.12.2016.,23:50:00,20,19,1,0,1,0,0,G,13,17
575,02.12.2016.,23:55:00,20,20,1,0,0,0,0,G,13,17
576,03.12.2016.,00:00:00,20,20,1,0,0,0,0,G,13,17
577,03.12.2016.,00:05:00,20,20,1,0,0,0,0,G,13,17
578,03.12.2016.,00:10:00,20,20,1,0,0,0,0,G,13,17
579,03.12.2016.,00:15:00,20,20,1,0,0,0,0,G,13,17
580,03.12.2016.,00:20:00,20,20,1,0,0,0,0,G,13,17
581,03.12.2016.,00:25:00,20,20,1,0,0,0,0,G,13,17
582,03.12.2016.,00:30:00,20,20,1,0,0,0,0,G,13,17
583,03.12.2016.,00:35:00,20,20,1,0,0,0,0,G,13,17
584,03.12.2016.,00:40:00,20,20,1,0,0,0,0,G,13,17
585,03.12.2016.,00:45:00,20,20,1,0,0,0,0,G,13,17
586,03.12.2016.,00:50:00,20,20,1,0,0,0,0,G,13,17
587,03.12.2016.,00:55:00,20,20,1,0,0,0,0,G,13,17
588,03.12.2016.,01:00:00,20,20,1,0,0,0,0,G,13,17
589,03.12.2016.,01:05:00,20,20,1,0,0,0,0,G,13,17
590,03.12.2016.,01:10:00,20,20,1,0,0,0,0,G,13,17
591,03.12.2016.,01:15:00,20,20,1,0,0,0,0,G,13,17
592,03.12.2016.,01:20:00,20,20,1,0,0,0,0,G,13,17
593,03.12.2016.,01:25:00,20,20,1,0,0,0,0,G,13,17
594,03.12.2016.,01:30:00,20,20,1,0,0,0,0,G,13,17
595,03.12.2016.,01:35:00,20,20,1,0,0,0,0,G,13,17
596,03.12.2016.,01:40:00,20,20,1,0,0,0,0,G,13,17
597,03.12.2016.,01:45:00,20,20,1,0,0,0,0,G,13,17
598,03.12.2016.,01:50:00,20,20,1,0,0,0,0,G,13,17
599,03.12.2016.,01:55:00,20,20,1,0,0,0,0,G,13,17
600,03.12.2016.,02:00:00,20,20,1,0,0,0,0,G,13,17
601,03.12.2016.,02:05:00,20,20,1,0,0,0,0,G,13,17
602,03.12.2016.,02:10:00,20,20,1,0,0,0,0,G,13,17
603,03.12.2016.,02:15:00,20,20,1,0,0,0,0,G,13,17
604,03.12.2016.,02:20:00,20,20,1,0,0,0,0,G,13,17
605,03.12.2016.,02:25:00,20,20,1,0,0,0,0,G,13,17
606,03.12.2016.,02:30:00,20,20,1,0,0,0,0,G,13,17
607,03.12.2016.,02:35:00,20,20,1,0,0,0,0,G,13,17
608,03.12.2016.,02:40:00,20,20,1,0,0,0,0,G,13,17
609,03.12.2016.,02:45:00,20,20,1,0,0,0,0,G,13,17
610,03.12.2016.,02:50:00,20,20,1,0,0,0,0,G,13,17
611,03.12.2016.,02:55:00,20,20,1,0,0,0,0,G,13,17
612,03.12.2016.,03:00:00,20,20,1,0,0,0,0,G,13,17
613,03.12.2016.,03:05:00,20,20,1,0,0,0,0,G,13,17
614,03.12.2016.,03:10:00,20,20,1,0,0,0,0,G,13,17
615,03.12.2016.,03:15:00,20,20,1,0,1,0,0,G,13,17
616,03.12.2016.,03:20:00,20,20,1,0,1,0,0,G,13,17
617,03.12.2016.,03:25:00,20,20,1,0,1,0,0,G,13,17
618,03.12.2016.,03:30:00,20,20,1,0,1,0,0,G,13,17
619,03.12.2016.,03:35:00,20,20,1,0,1,0,0,G,13,17
620,03.12.2016.,03:40:00,20,20,1,0,1,0,0,G,13,17
621,03.12.2016.,03:45:00,20,19,1,0,1,0,0,G,13,17
622,03.12.2016.,03:50:00,20,19,1,0,1,0,0,G,13,17
623,03.12.2016.,03:55:00,20,19,1,0,1,0,0,G,13,17
624,03.12.2016.,04:00:00,20,19,1,0,1,0,0,G,13,17
625,03.12.2016.,04:05:00,20,19,1,1,1,0,0,G,13,17
626,03.12.2016.,04:10:00,20,19,1,1,1,0,0,G,13,17
627,03.12.2016.,04:15:00,20,19,1,1,1,0,0,G,13,17
628,03.12.2016.,04:20:00,20,19,1,1,1,0,0,G,13,17
629,03.12.2016.,04:25:00,20,19,1,1,1,0,0,G,13,17
630,03.12.2016.,04:30:00,20,19,1,1,1,0,0,G,13,17
631,03.12.2016.,04:35:00,20,19,1,1,1,0,0,G,13,17
632,03.12.2016.,04:40:00,20,19,1,1,1,0,0,G,13,17
633,03.12.2016.,04:45:00,20,19,1,1,1,0,0,G,13,17
634,03.12.2016.,04:50:00,20,19,1,1,1,0,0,G,13,17
635,03.12.2016.,04:55:00,20,19,1,1,1,0,0,G,13,17
636,03.12.2016.,05:00:00,20,19,1,1,1,0,0,G,13,17
637,03.12.2016.,05:05:00,20,19,1,1,1,0,0,G,13,17
638,03.12.2016.,05:10:00,20,19,1,1,1,0,0,G,13,17
639,03.12.2016.,05:15:00,20,19,1,1,1,0,0,G,13,17
640,03.12.2016.,05:20:00,20,19,1,1,1,0,0,G,13,17
641,03.12.2016.,05:25:00,20,19,1,1,1,0,0,G,13,17
642,03.12.2016.,05:30:00,20,19,1,1,1,0,0,G,13,17
643,03.12.2016.,05:35:00,20,19,1,1,1,0,0,G,13,17
644,03.12.2016.,05:40:00,20,19,1,1,1,0,0,G,13,17
645,03.12.2016.,05:45:00,20,19,1,1,1,0,0,G,13,17
646,03.12.2016.,05:50:00,20,19,1,1,1,0,0,G,13,17
647,03.12.2016.,05:55:00,20,19,1,1,1,0,0,G,13,17
648,03.12.2016.,06:00:00,20,19,1,1,1,0,0,G,13,17
649,03.12.2016.,06:05:00,20,19,1,0,1,0,0,G,13,17
650,03.12.2016.,06:10:00,20,20,1,0,0,0,0,G,13,17
651,03.12.2016.,06:15:00,20,20,1,0,0,0,0,G,13,17
652,03.12.2016.,06:20:00,20,20,1,0,0,0,0,G,13,17
653,03.12.2016.,06:25:00,20,20,1,0,0,0,0,G,13,17
654,03.12.2016.,06:30:00,20,20,1,0,0,0,0,G,13,17
655,03.12.2016.,06:35:00,20,20,1,0,0,0,0,G,13,17
656,03.12.2016.,06:40:00,20,20,1,0,0,0,0,G,13,17
657,03.12.2016.,06:45:00,20,20,1,0,1,0,0,G,13,17
658,03.12.2016.,06:50:00,20,20,1,0,1,0,0,G,13,17
659,03.12.2016.,06:55:00,20,20,1,0,1,0,0,G,13,17
660,03.12.2016.,07:00:00,20,19,1,0,1,0,0,G,13,17
661,03.12.2016.,07:05:00,20,19,1,0,1,0,0,G,13,17
662,03.12.2016.,07:10:00,20,19,1,1,1,0,0,G,13,17
663,03.12.2016.,07:15:00,20,19,1,1,1,0,0,G,13,17
664,03.12.2016.,07:20:00,20,19,1,1,1,0,0,G,13,17
665,03.12.2016.,07:25:00,20,19,1,1,1,0,0,G,13,17
666,03.12.2016.,07:30:00,20,19,1,1,1,0,0,G,13,17
667,03.12.2016.,07:35:00,20,19,1,1,1,0,0,G,13,17
668,03.12.2016.,07:40:00,20,19,1,1,1,0,0,G,13,17
669,03.12.2016.,07:45:00,20,19,1,1,1,0,0,G,13,17
670,03.12.2016.,07:50:00,20,19,1,1,1,0,0,G,13,17
671,03.12.2016.,07:55:00,20,19,1,1,1,0,0,G,13,17
672,03.12.2016.,08:00:00,20,19,1,1,1,0,0,G,13,17
673,03.12.2016.,08:05:00,20,19,1,1,1,0,0,G,13,17
674,03.12.2016.,08:10:00,20,19,1,1,1,0,0,G,13,17
675,03.12.2016.,08:15:00,20,19,1,1,1,0,0,G,13,17
676,03.12.2016.,08:20:00,20,19,1,1,1,0,0,G,13,17
677,03.12.2016.,08:25:00,20,19,1,1,1,0,0,G,13,17
678,03.12.2016.,08:30:00,20,19,1,1,1,0,0,G,13,17
679,03.12.2016.,08:35:00,20,19,1,1,1,0,0,G,13,17
680,03.12.2016.,08:40:00,20,19,1,1,1,0,0,G,13,17
681,03.12.2016.,08:45:00,20,19,1,1,1,0,0,G,13,17
682,03.12.2016.,08:50:00,20,19,1,1,1,0,0,G,13,17
683,03.12.2016.,08:55:00,20,19,1,1,1,0,0,G,13,17
684,03.12.2016.,09:00:00,20,19,1,1,1,0,0,G,13,17
685,03.12.2016.,09:05:00,20,19,1,1,1,0,0,G,13,17
686,03.12.2016.,09:10:00,20,19,1,0,1,0,0,G,13,17
687,03.12.2016.,09:15:00,20,19,1,0,1,0,0,G,13,17
688,03.12.2016.,09:20:00,20,19,1,0,1,0,0,G,13,17
689,03.12.2016.,09:25:00,20,19,1,0,1,0,0,G,13,17
690,03.12.2016.,09:30:00,20,19,1,0,1,0,0,G,13,17
691,03.12.2016.,09:35:00,20,19,1,0,1,0,0,G,13,17
692,03.12.2016.,09:40:00,20,19,1,0,1,0,0,G,13,17
693,03.12.2016.,09:45:00,20,19,1,0,1,0,0,G,13,17
694,03.12.2016.,09:50:00,20,20,1,0,0,0,0,G,13,17
695,03.12.2016.,09:55:00,20,20,1,0,0,0,0,G,13,17
696,03.12.2016.,10:00:00,20,20,1,0,0,0,0,G,13,17
697,03.12.2016.,10:05:00,20,20,1,0,0,0,0,G,13,17
698,03.12.2016.,10:10:00,20,20,1,0,0,0,0,G,13,17
699,03.12.2016.,10:15:00,20,20,1,0,0,0,0,G,13,17
700,03.12.2016.,10:20:00,20,20,1,0,0,0,0,G,13,17
701,03.12.2016.,10:25:00,20,20,1,0,0,0,0,G,13,17
702,03.12.2016.,10:30:00,20,20,1,0,0,0,0,G,13,17
703,03.12.2016.,10:35:00,20,20,1,0,0,0,0,G,13,17
704,03.12.2016.,10:40:00,20,20,1,0,0,0,0,G,13,17
705,03.12.2016.,10:45:00,20,20,1,0,0,0,0,G,13,17
706,03.12.2016.,10:50:00,20,20,1,0,0,0,0,G,13,17
707,03.12.2016.,10:55:00,20,20,1,0,1,0,0,G,13,17
708,03.12.2016.,11:00:00,20,20,1,0,1,0,0,G,13,17
709,03.12.2016.,11:05:00,20,20,1,0,1,0,0,G,13,17
710,03.12.2016.,11:10:00,20,20,1,0,1,0,0,G,13,17
711,03.12.2016.,11:15:00,20,20,1,0,1,0,0,G,13,17
712,03.12.2016.,11:20:00,20,20,1,0,1,0,0,G,13,17
713,03.12.2016.,11:25:00,20,20,1,0,1,0,0,G,13,17
714,03.12.2016.,11:30:00,20,20,1,0,1,0,0,G,13,17
715,03.12.2016.,11:35:00,20,20,1,0,1,0,0,G,13,17
716,03.12.2016.,11:40:00,20,20,1,0,1,0,0,G,13,17
717,03.12.2016.,11:45:00,20,20,1,0,1,0,0,G,13,17
718,03.12.2016.,11:50:00,20,20,1,0,1,0,0,G,13,17
719,03.12.2016.,11:55:00,20,20,1,0,1,0,0,G,13,17
720,03.12.2016.,12:00:00,20,20,1,0,1,0,0,G,13,17
721,03.12.2016.,12:05:00,20,20,1,0,0,0,0,G,13,17
722,03.12.2016.,12:10:00,20,20,1,0,1,0,0,G,13,17
723,03.12.2016.,12:15:00,20,20,1,0,1,0,0,G,13,17
724,03.12.2016.,12:20:00,20,20,1,0,1,0,0,G,13,17
725,03.12.2016.,12:25:00,20,20,1,0,1,0,0,G,13,17
726,03.12.2016.,12:30:00,20,20,1,0,1,0,0,G,13,17
727,03.12.2016.,12:35:00,20,20,1,0,1,0,0,G,13,17
728,03.12.2016.,12:40:00,20,20,1,0,1,0,0,G,13,17
729,03.12.2016.,12:45:00,20,20,1,0,1,0,0,G,13,17
730,03.12.2016.,12:50:00,20,20,1,0,1,0,0,G,13,17
731,03.12.2016.,12:55:00,20,20,1,0,1,0,0,G,13,17
732,03.12.2016.,13:00:00,20,20,1,0,1,0,0,G,13,17
733,03.12.2016.,13:05:00,20,19,1,0,1,0,0,G,13,17
734,03.12.2016.,13:10:00,20,19,1,0,1,0,0,G,13,17
735,03.12.2016.,13:15:00,20,19,1,0,1,0,0,G,13,17
736,03.12.2016.,13:20:00,20,19,1,0,1,0,0,G,13,17
737,03.12.2016.,13:25:00,20,19,1,0,1,0,0,G,13,17
738,03.12.2016.,13:30:00,20,19,1,0,1,0,0,G,13,17
739,03.12.2016.,13:35:00,20,19,1,0,1,0,0,G,13,17
740,03.12.2016.,13:40:00,20,19,1,0,1,0,0,G,13,17
741,03.12.2016.,13:45:00,20,19,1,0,1,0,0,G,13,17
742,03.12.2016.,13:50:00,20,19,1,0,1,0,0,G,13,17
743,03.12.2016.,13:55:00,20,19,1,0,1,0,0,G,13,17
744,03.12.2016.,14:00:00,20,19,1,0,1,0,0,G,13,17
745,03.12.2016.,14:05:00,20,19,1,0,1,0,0,G,13,17
746,03.12.2016.,14:10:00,20,19,1,0,1,0,0,G,13,17
747,03.12.2016.,14:15:00,20,19,1,0,1,0,0,G,13,17
748,03.12.2016.,14:20:00,20,19,1,0,1,0,0,G,13,17
749,03.12.2016.,14:25:00,20,19,1,0,1,0,0,G,13,17
750,03.12.2016.,14:30:00,20,19,1,0,1,0,0,G,13,17
751,03.12.2016.,14:35:00,20,19,1,0,1,0,0,G,13,17
752,03.12.2016.,14:40:00,20,19,1,0,1,0,0,G,13,17
753,03.12.2016.,14:45:00,20,19,1,0,1,0,0,G,13,17
754,03.12.2016.,14:50:00,20,20,1,0,0,0,0,G,13,17
755,03.12.2016.,14:55:00,20,20,1,0,1,0,0,G,13,17
756,03.12.2016.,15:00:00,20,20,1,0,1,0,0,G,13,17
757,03.12.2016.,15:05:00,20,20,1,0,1,0,0,G,13,17
758,03.12.2016.,15:10:00,20,20,1,0,1,0,0,G,13,17
759,03.12.2016.,15:15:00,20,20,1,0,0,0,0,G,13,17
760,03.12.2016.,15:20:00,20,20,1,0,0,0,0,G,13,17
761,03.12.2016.,15:25:00,20,20,1,0,0,0,0,G,13,17
762,03.12.2016.,15:30:00,20,20,1,0,0,0,0,G,13,17
763,03.12.2016.,15:35:00,20,20,1,0,0,0,0,G,13,17
764,03.12.2016.,15:40:00,20,20,1,0,0,0,0,G,13,17
765,03.12.2016.,15:45:00,20,20,1,0,0,0,0,G,13,17
766,03.12.2016.,15:50:00,20,20,1,0,0,0,0,G,13,17
767,03.12.2016.,15:55:00,20,20,1,0,0,0,0,G,13,17
768,03.12.2016.,16:00:00,20,20,1,0,0,0,0,G,13,17
769,03.12.2016.,16:05:00,20,20,1,0,0,0,0,G,13,17
770,03.12.2016.,16:10:00,20,20,1,0,0,0,0,G,13,17
771,03.12.2016.,16:15:00,20,20,1,0,0,0,0,G,13,17
772,03.12.2016.,16:20:00,20,20,1,0,0,0,0,G,13,17
773,03.12.2016.,16:25:00,20,20,1,0,0,0,0,G,13,17
774,03.12.2016.,16:30:00,20,20,1,0,0,0,0,G,13,17
775,03.12.2016.,16:35:00,20,20,1,0,0,0,0,G,13,17
776,03.12.2016.,16:40:00,20,20,1,0,0,0,0,G,13,17
777,03.12.2016.,16:45:00,20,20,1,0,0,0,0,G,13,17
778,03.12.2016.,16:50:00,20,20,1,0,0,0,0,G,13,17
779,03.12.2016.,16:55:00,20,20,1,0,0,0,0,G,13,17
780,03.12.2016.,17:00:00,20,20,1,0,0,0,0,G,13,17
781,03.12.2016.,17:05:00,20,20,1,0,0,0,0,G,13,17
782,03.12.2016.,17:10:00,20,20,1,0,0,0,0,G,13,17
783,03.12.2016.,17:15:00,20,20,1,0,0,0,0,G,13,17
784,03.12.2016.,17:20:00,20,20,1,0,0,0,0,G,13,17
785,03.12.2016.,17:25:00,20,20,1,0,1,0,0,G,13,17
786,03.12.2016.,17:30:00,20,20,1,0,1,0,0,G,13,17
787,03.12.2016.,17:35:00,20,20,1,0,1,0,0,G,13,17
788,03.12.2016.,17:40:00,20,20,1,0,1,0,0,G,13,17
789,03.12.2016.,17:45:00,20,20,1,0,1,0,0,G,13,17
790,03.12.2016.,17:50:00,20,20,1,0,1,0,0,G,13,17
791,03.12.2016.,17:55:00,20,20,1,0,1,0,0,G,13,17
792,03.12.2016.,18:00:00,20,20,1,0,1,0,0,G,13,17
793,03.12.2016.,18:05:00,20,20,1,0,1,0,0,G,13,17
794,03.12.2016.,18:10:00,20,20,1,0,1,0,0,G,13,17
795,03.12.2016.,18:15:00,20,20,1,0,1,0,0,G,13,17
796,03.12.2016.,18:20:00,20,20,1,0,1,0,0,G,13,17
797,03.12.2016.,18:25:00,20,20,1,0,1,0,0,G,13,17
798,03.12.2016.,18:30:00,20,20,1,0,1,0,0,G,13,17
799,03.12.2016.,18:35:00,20,20,1,0,1,0,0,G,13,17
800,03.12.2016.,18:40:00,20,20,1,0,1,0,0,G,13,17
801,03.12.2016.,18:45:00,20,20,1,0,1,0,0,G,13,17
802,03.12.2016.,18:50:00,20,20,1,0,1,0,0,G,13,17
803,03.12.2016.,18:55:00,20,19,1,0,1,0,0,G,13,17
804,03.12.2016.,19:00:00,20,19,1,0,1,0,0,G,13,17
805,03.12.2016.,19:05:00,20,19,1,0,1,0,0,G,13,17
806,03.12.2016.,19:10:00,20,19,1,0,1,0,0,G,13,17
807,03.12.2016.,19:15:00,20,19,1,0,1,0,0,G,13,17
808,03.12.2016.,19:20:00,20,19,1,0,1,0,0,G,13,17
809,03.12.2016.,19:25:00,20,19,1,0,1,0,0,G,13,17
810,03.12.2016.,19:30:00,20,19,1,0,1,0,0,G,13,17
811,03.12.2016.,19:35:00,20,19,1,0,1,0,0,G,13,17
812,03.12.2016.,19:40:00,20,19,1,0,1,0,0,G,13,17
813,03.12.2016.,19:45:00,20,19,1,0,1,0,0,G,13,17
814,03.12.2016.,19:50:00,20,19,1,0,1,0,0,G,13,17
815,03.12.2016.,19:55:00,20,19,1,0,1,0,0,G,13,17
816,03.12.2016.,20:00:00,20,19,1,1,1,0,0,G,13,17
817,03.12.2016.,20:05:00,20,19,1,1,1,0,0,G,13,17
818,03.12.2016.,20:10:00,20,19,1,1,1,0,0,G,13,17
819,03.12.2016.,20:15:00,20,19,1,1,1,0,0,G,13,17
820,03.12.2016.,20:20:00,20,19,1,1,1,0,0,G,13,17
821,03.12.2016.,20:25:00,20,19,1,1,1,0,0,G,13,17
822,03.12.2016.,20:30:00,20,19,1,1,1,0,0,G,13,17
823,03.12.2016.,20:35:00,20,19,1,1,1,0,0,G,13,17
824,03.12.2016.,20:40:00,20,19,1,1,1,0,0,G,13,17
825,03.12.2016.,20:45:00,20,19,1,1,1,0,0,G,13,17
826,03.12.2016.,20:50:00,20,19,1,1,1,0,0,G,13,17
827,03.12.2016.,20:55:00,20,19,1,1,1,0,0,G,13,17
828,03.12.2016.,21:00:00,20,19,1,1,1,0,0,G,13,17
829,03.12.2016.,21:05:00,20,19,1,1,1,0,0,G,13,17
830,03.12.2016.,21:10:00,20,19,1,1,1,0,0,G,13,17
831,03.12.2016.,21:15:00,20,19,1,1,1,0,0,G,13,17
832,03.12.2016.,21:20:00,20,19,1,1,1,0,0,G,13,17
833,03.12.2016.,21:25:00,20,19,1,1,1,0,0,G,13,17
834,03.12.2016.,21:30:00,20,19,1,1,1,0,0,G,13,17
835,03.12.2016.,21:35:00,20,19,1,1,1,0,0,G,13,17
836,03.12.2016.,21:40:00,20,19,1,1,1,0,0,G,13,17
837,03.12.2016.,21:45:00,20,19,1,1,1,0,0,G,13,18
838,03.12.2016.,21:50:00,20,19,1,1,1,0,0,G,13,17
839,03.12.2016.,21:55:00,20,19,1,1,1,0,0,G,13,17
840,03.12.2016.,22:00:00,20,19,1,1,1,0,0,G,13,17
841,03.12.2016.,22:05:00,20,19,1,1,1,0,0,G,13,17
842,03.12.2016.,22:10:00,20,19,1,1,1,0,0,G,13,17
843,03.12.2016.,22:15:00,20,19,1,1,1,0,0,G,13,17
844,03.12.2016.,22:20:00,20,19,1,1,1,0,0,G,13,17
845,03.12.2016.,22:25:00,20,19,1,1,1,0,0,G,13,17
846,03.12.2016.,22:30:00,20,19,1,1,1,0,0,G,13,17
847,03.12.2016.,22:35:00,20,19,1,1,1,0,0,G,13,17
848,03.12.2016.,22:40:00,20,19,1,1,1,0,0,G,13,17
849,03.12.2016.,22:45:00,20,19,1,1,1,0,0,G,13,17
850,03.12.2016.,22:50:00,20,19,1,1,1,0,0,G,13,17
851,03.12.2016.,22:55:00,20,19,1,1,1,0,0,G,13,17
852,03.12.2016.,23:00:00,20,19,1,1,1,0,0,G,13,17
853,03.12.2016.,23:05:00,20,19,1,1,1,0,0,G,13,17
854,03.12.2016.,23:10:00,20,19,1,1,1,0,0,G,13,17
855,03.12.2016.,23:15:00,20,19,1,1,1,0,0,G,13,17
856,03.12.2016.,23:20:00,20,19,1,0,1,0,0,G,13,17
857,03.12.2016.,23:25:00,20,19,1,0,1,0,0,G,13,17
858,03.12.2016.,23:30:00,20,19,1,0,1,0,0,G,13,17
859,03.12.2016.,23:35:00,20,19,1,0,1,0,0,G,13,17
860,03.12.2016.,23:40:00,20,19,1,0,1,0,0,G,13,17
861,03.12.2016.,23:45:00,20,20,1,0,0,0,0,G,13,17
862,03.12.2016.,23:50:00,20,20,1,0,0,0,0,G,13,17
863,03.12.2016.,23:55:00,20,20,1,0,0,0,0,G,13,17
864,04.12.2016.,00:00:00,20,20,1,0,0,0,0,G,13,17
865,04.12.2016.,00:05:00,20,20,1,0,0,0,0,G,13,17
866,04.12.2016.,00:10:00,20,20,1,0,0,0,0,G,13,17
867,04.12.2016.,00:15:00,20,20,1,0,0,0,0,G,13,17
868,04.12.2016.,00:20:00,20,20,1,0,0,0,0,G,13,17
869,04.12.2016.,00:25:00,20,20,1,0,0,0,0,G,13,17
870,04.12.2016.,00:30:00,20,20,1,0,0,0,0,G,13,17
871,04.12.2016.,00:35:00,20,20,1,0,0,0,0,G,13,17
872,04.12.2016.,00:40:00,20,20,1,0,0,0,0,G,13,17
873,04.12.2016.,00:45:00,20,20,1,0,0,0,0,G,13,17
874,04.12.2016.,00:50:00,20,20,1,0,0,0,0,G,13,17
875,04.12.2016.,00:55:00,20,20,1,0,0,0,0,G,13,17
876,04.12.2016.,01:00:00,20,20,1,0,0,0,0,G,13,17
877,04.12.2016.,01:05:00,20,20,1,0,0,0,0,G,13,17
878,04.12.2016.,01:10:00,20,20,1,0,0,0,0,G,13,17
879,04.12.2016.,01:15:00,20,20,1,0,0,0,0,G,13,17
880,04.12.2016.,01:20:00,20,20,1,0,0,0,0,G,13,17
881,04.12.2016.,01:25:00,20,20,1,0,0,0,0,G,13,17
882,04.12.2016.,01:30:00,20,20,1,0,0,0,0,G,13,17
883,04.12.2016.,01:35:00,20,20,1,0,0,0,0,G,13,17
884,04.12.2016.,01:40:00,20,20,1,0,0,0,0,G,13,17
885,04.12.2016.,01:45:00,20,20,1,0,0,0,0,G,13,17
886,04.12.2016.,01:50:00,20,20,1,0,0,0,0,G,13,17
887,04.12.2016.,01:55:00,20,20,1,0,0,0,0,G,13,17
888,04.12.2016.,02:00:00,20,20,1,0,0,0,0,G,13,17
889,04.12.2016.,02:05:00,20,20,1,0,0,0,0,G,13,17
890,04.12.2016.,02:10:00,20,20,1,0,0,0,0,G,13,17
891,04.12.2016.,02:15:00,20,20,1,0,0,0,0,G,13,17
892,04.12.2016.,02:20:00,20,20,1,0,0,0,0,G,13,17
893,04.12.2016.,02:25:00,20,20,1,0,0,0,0,G,13,17
894,04.12.2016.,02:30:00,20,20,1,0,0,0,0,G,13,17
895,04.12.2016.,02:35:00,20,20,1,0,0,0,0,G,13,17
896,04.12.2016.,02:40:00,20,20,1,0,0,0,0,G,13,17
897,04.12.2016.,02:45:00,20,20,1,0,0,0,0,G,13,17
898,04.12.2016.,02:50:00,20,20,1,0,0,0,0,G,13,17
899,04.12.2016.,02:55:00,20,20,1,0,0,0,0,G,13,17
900,04.12.2016.,03:00:00,20,20,1,0,0,0,0,G,13,17
901,04.12.2016.,03:05:00,20,20,1,0,0,0,0,G,13,17
902,04.12.2016.,03:10:00,20,20,1,0,1,0,0,G,13,17
903,04.12.2016.,03:15:00,20,20,1,0,1,0,0,G,13,17
904,04.12.2016.,03:20:00,20,20,1,0,1,0,0,G,13,17
905,04.12.2016.,03:25:00,20,19,1,0,1,0,0,G,13,17
906,04.12.2016.,03:30:00,20,19,1,0,1,0,0,G,13,17
907,04.12.2016.,03:35:00,20,19,1,1,1,0,0,G,13,17
908,04.12.2016.,03:40:00,20,19,1,1,1,0,0,G,13,17
909,04.12.2016.,03:45:00,20,19,1,1,1,0,0,G,13,17
910,04.12.2016.,03:50:00,20,19,1,1,1,0,0,G,13,17
911,04.12.2016.,03:55:00,20,19,1,1,1,0,0,G,13,17
912,04.12.2016.,04:00:00,20,19,1,1,1,0,0,G,13,17
913,04.12.2016.,04:05:00,20,19,1,1,1,0,0,G,13,17
914,04.12.2016.,04:10:00,20,19,1,1,1,0,0,G,13,17
915,04.12.2016.,04:15:00,20,19,1,1,1,0,0,G,13,17
916,04.12.2016.,04:20:00,20,19,1,1,1,0,0,G,13,17
917,04.12.2016.,04:25:00,20,19,1,1,1,0,0,G,13,17
918,04.12.2016.,04:30:00,20,19,1,1,1,0,0,G,13,17
919,04.12.2016.,04:35:00,20,19,1,1,1,0,0,G,13,17
920,04.12.2016.,04:40:00,20,19,1,1,1,0,0,G,13,17
921,04.12.2016.,04:45:00,20,19,1,1,1,0,0,G,13,17
922,04.12.2016.,04:50:00,20,19,1,1,1,0,0,G,13,17
923,04.12.2016.,04:55:00,20,19,1,1,1,0,0,G,13,17
924,04.12.2016.,05:00:00,20,19,1,1,1,0,0,G,13,17
925,04.12.2016.,05:05:00,20,19,1,1,1,0,0,G,13,17
926,04.12.2016.,05:10:00,20,19,1,1,1,0,0,G,13,17
927,04.12.2016.,05:15:00,20,19,1,1,1,0,0,G,13,17
928,04.12.2016.,05:20:00,20,19,1,1,1,0,0,G,13,17
929,04.12.2016.,05:25:00,20,19,1,1,1,0,0,G,13,17
930,04.12.2016.,05:30:00,20,19,1,1,1,0,0,G,13,17
931,04.12.2016.,05:35:00,20,19,1,1,1,0,0,G,13,17
932,04.12.2016.,05:40:00,20,19,1,1,1,0,0,G,13,17
933,04.12.2016.,05:45:00,20,19,1,1,1,0,0,G,13,17
934,04.12.2016.,05:50:00,20,19,1,1,1,0,0,G,13,17
935,04.12.2016.,05:55:00,20,19,1,1,1,0,0,G,13,17
936,04.12.2016.,06:00:00,20,19,1,1,1,0,0,G,13,17
937,04.12.2016.,06:05:00,20,19,1,1,1,0,0,G,13,17
938,04.12.2016.,06:10:00,20,19,1,1,1,0,0,G,13,17
939,04.12.2016.,06:15:00,20,19,1,1,1,0,0,G,13,17
940,04.12.2016.,06:20:00,20,19,1,1,1,0,0,G,13,17
941,04.12.2016.,06:25:00,20,19,1,0,1,0,0,G,13,17
942,04.12.2016.,06:30:00,20,19,1,0,1,0,0,G,13,17
943,04.12.2016.,06:35:00,20,19,1,0,1,0,0,G,13,17
944,04.12.2016.,06:40:00,20,19,1,0,1,0,0,G,13,17
945,04.12.2016.,06:45:00,20,19,1,0,1,0,0,G,13,17
946,04.12.2016.,06:50:00,20,19,1,0,1,0,0,G,13,17
947,04.12.2016.,06:55:00,20,19,1,1,1,0,0,G,13,17
948,04.12.2016.,07:00:00,20,19,1,1,1,0,0,G,13,17
949,04.12.2016.,07:05:00,20,19,1,1,1,0,0,G,13,17
950,04.12.2016.,07:10:00,20,19,1,1,1,0,0,G,13,17
951,04.12.2016.,07:15:00,20,19,1,1,1,0,0,G,13,17
952,04.12.2016.,07:20:00,20,19,1,1,1,0,0,G,13,17
953,04.12.2016.,07:25:00,20,19,1,1,1,0,0,G,13,17
954,04.12.2016.,07:30:00,20,19,1,1,1,0,0,G,13,17
955,04.12.2016.,07:35:00,20,19,1,1,1,0,0,G,13,17
956,04.12.2016.,07:40:00,20,19,1,1,1,0,0,G,13,17
957,04.12.2016.,07:45:00,20,19,1,1,1,0,0,G,13,17
958,04.12.2016.,07:50:00,20,19,1,1,1,0,0,G,13,17
959,04.12.2016.,07:55:00,20,19,1,1,1,0,0,G,13,17
960,04.12.2016.,08:00:00,20,19,1,1,1,0,0,G,13,17
961,04.12.2016.,08:05:00,20,19,1,1,1,0,0,G,13,17
962,04.12.2016.,08:10:00,20,19,1,1,1,0,0,G,13,17
963,04.12.2016.,08:15:00,20,19,1,1,1,0,0,G,13,17
964,04.12.2016.,08:20:00,20,19,1,1,1,0,0,G,13,17
965,04.12.2016.,08:25:00,20,19,1,1,1,0,0,G,13,17
966,04.12.2016.,08:30:00,20,19,1,1,1,0,0,G,13,17
967,04.12.2016.,08:35:00,20,19,1,1,1,0,0,G,13,17
968,04.12.2016.,08:40:00,20,19,1,1,1,0,0,G,13,17
969,04.12.2016.,08:45:00,20,19,1,1,1,0,0,G,13,17
970,04.12.2016.,08:50:00,20,19,1,1,1,0,0,G,13,17
971,04.12.2016.,08:55:00,20,19,1,1,1,0,0,G,13,17
972,04.12.2016.,09:00:00,20,19,1,1,1,0,0,G,13,17
973,04.12.2016.,09:05:00,20,19,1,1,1,0,0,G,13,17
974,04.12.2016.,09:10:00,20,19,1,1,1,0,0,G,13,17
975,04.12.2016.,09:15:00,20,19,1,1,1,0,0,G,13,17
976,04.12.2016.,09:20:00,20,19,1,1,1,0,0,G,13,17
977,04.12.2016.,09:25:00,20,19,1,0,1,0,0,G,13,17
978,04.12.2016.,09:30:00,20,19,1,0,1,0,0,G,13,17
979,04.12.2016.,09:35:00,20,19,1,0,1,0,0,G,13,17
980,04.12.2016.,09:40:00,20,19,1,0,1,0,0,G,13,17
981,04.12.2016.,09:45:00,20,20,1,0,0,0,0,G,13,17
982,04.12.2016.,09:50:00,20,20,1,0,1,0,0,G,13,17
983,04.12.2016.,09:55:00,20,20,1,0,1,0,0,G,13,17
984,04.12.2016.,10:00:00,20,20,1,0,1,0,0,G,13,17
985,04.12.2016.,10:05:00,20,20,1,0,0,0,0,G,13,17
986,04.12.2016.,10:10:00,20,20,1,0,0,0,0,G,13,17
987,04.12.2016.,10:15:00,20,20,1,0,0,0,0,G,13,17
988,04.12.2016.,10:20:00,20,20,1,0,0,0,0,G,13,17
989,04.12.2016.,10:25:00,20,20,1,0,0,0,0,G,13,17
990,04.12.2016.,10:30:00,20,20,1,0,0,0,0,G,13,17
991,04.12.2016.,10:35:00,20,20,1,0,0,0,0,G,13,17
992,04.12.2016.,10:40:00,20,20,1,0,0,0,0,G,13,17
993,04.12.2016.,10:45:00,20,20,1,0,1,0,0,G,13,17
994,04.12.2016.,10:50:00,20,20,1,0,1,0,0,G,13,17
995,04.12.2016.,10:55:00,20,20,1,0,1,0,0,G,13,17
996,04.12.2016.,11:00:00,20,20,1,0,1,0,0,G,13,17
997,04.12.2016.,11:05:00,20,20,1,0,1,0,0,G,13,17
998,04.12.2016.,11:10:00,20,20,1,0,1,0,0,G,13,17
999,04.12.2016.,11:15:00,20,20,1,0,1,0,0,G,13,17
1000,04.12.2016.,11:20:00,20,19,1,0,1,0,0,G,13,17
1001,04.12.2016.,11:25:00,20,19,1,0,1,0,0,G,13,17
1002,04.12.2016.,11:30:00,20,19,1,0,1,0,0,G,13,17
1003,04.12.2016.,11:35:00,20,19,1,0,1,0,0,G,13,17
1004,04.12.2016.,11:40:00,20,19,1,0,1,0,0,G,13,17
1005,04.12.2016.,11:45:00,20,19,1,0,1,0,0,G,13,17
1006,04.12.2016.,11:50:00,20,19,1,0,1,0,0,G,13,17
1007,04.12.2016.,11:55:00,20,19,1,0,1,0,0,G,13,17
1008,04.12.2016.,12:00:00,20,19,1,0,1,0,0,G,13,17
1009,04.12.2016.,12:05:00,20,19,1,0,1,0,0,G,13,17
1010,04.12.2016.,12:10:00,20,19,1,0,1,0,0,G,13,17
1011,04.12.2016.,12:15:00,20,19,1,0,1,0,0,G,13,17
1012,04.12.2016.,12:20:00,20,19,1,0,1,0,0,G,13,17
1013,04.12.2016.,12:25:00,20,19,1,0,1,0,0,G,13,17
1014,04.12.2016.,12:30:00,20,19,1,0,1,0,0,G,13,17
1015,04.12.2016.,12:35:00,20,19,1,0,1,0,0,G,13,17
1016,04.12.2016.,12:40:00,20,19,1,0,1,0,0,G,13,17
1017,04.12.2016.,12:45:00,20,19,1,0,1,0,0,G,13,17
1018,04.12.2016.,12:50:00,20,19,1,0,1,0,0,G,13,17
1019,04.12.2016.,12:55:00,20,19,1,0,1,0,0,G,13,17
1020,04.12.2016.,13:00:00,20,19,1,0,1,0,0,G,13,17
1021,04.12.2016.,13:05:00,20,19,1,0,1,0,0,G,13,17
1022,04.12.2016.,13:10:00,20,19,1,0,1,0,0,G,13,17
1023,04.12.2016.,13:15:00,20,19,1,0,1,0,0,G,13,17
1024,04.12.2016.,13:20:00,20,19,1,0,1,0,0,G,13,17
1025,04.12.2016.,13:25:00,20,19,1,0,1,0,0,G,13,17
1026,04.12.2016.,13:30:00,20,20,1,0,0,0,0,G,13,17
1027,04.12.2016.,13:35:00,20,20,1,0,0,0,0,G,13,17
1028,04.12.2016.,13:40:00,20,20,1,0,1,0,0,G,13,17
1029,04.12.2016.,13:45:00,20,20,1,0,1,0,0,G,13,17
1030,04.12.2016.,13:50:00,20,20,1,0,1,0,0,G,13,17
1031,04.12.2016.,13:55:00,20,20,1,0,1,0,0,G,13,17
1032,04.12.2016.,14:00:00,20,19,1,0,1,0,0,G,13,17
1033,04.12.2016.,14:05:00,20,19,1,0,1,0,0,G,13,17
1034,04.12.2016.,14:10:00,20,19,1,0,1,0,0,G,13,17
1035,04.12.2016.,14:15:00,20,19,1,0,1,0,0,G,13,17
1036,04.12.2016.,14:20:00,20,19,1,0,1,0,0,G,13,17
1037,04.12.2016.,14:25:00,20,20,1,0,0,0,0,G,13,17
1038,04.12.2016.,14:30:00,20,20,1,0,0,0,0,G,13,17
1039,04.12.2016.,14:35:00,20,20,1,0,0,0,0,G,13,17
1040,04.12.2016.,14:40:00,20,20,1,0,0,0,0,G,13,17
1041,04.12.2016.,14:45:00,20,20,1,0,0,0,0,G,13,17
1042,04.12.2016.,14:50:00,20,20,1,0,0,0,0,G,13,17
1043,04.12.2016.,14:55:00,20,20,1,0,0,0,0,G,13,17
1044,04.12.2016.,15:00:00,20,20,1,0,0,0,0,G,13,17
1045,04.12.2016.,15:05:00,20,20,1,0,0,0,0,G,13,17
1046,04.12.2016.,15:10:00,20,20,1,0,0,0,0,G,13,17
1047,04.12.2016.,15:15:00,20,20,1,0,0,0,0,G,13,17
1048,04.12.2016.,15:20:00,20,20,1,0,0,0,0,G,13,17
1049,04.12.2016.,15:25:00,20,20,1,0,0,0,0,G,13,17
1050,04.12.2016.,15:30:00,20,20,1,0,0,0,0,G,13,17
1051,04.12.2016.,15:35:00,20,20,1,0,0,0,0,G,13,17
1052,04.12.2016.,15:40:00,20,20,1,0,0,0,0,G,13,17
1053,04.12.2016.,15:45:00,20,20,1,0,0,0,0,G,13,17
1054,04.12.2016.,15:50:00,20,20,1,0,0,0,0,G,13,17
1055,04.12.2016.,15:55:00,20,20,1,0,0,0,0,G,13,17
1056,04.12.2016.,16:00:00,20,20,1,0,0,0,0,G,13,17
1057,04.12.2016.,16:05:00,20,20,1,0,0,0,0,G,13,17
1058,04.12.2016.,16:10:00,20,20,1,0,0,0,0,G,13,17
1059,04.12.2016.,16:15:00,20,20,1,0,0,0,0,G,13,17
1060,04.12.2016.,16:20:00,20,20,1,0,0,0,0,G,13,17
1061,04.12.2016.,16:25:00,20,20,1,0,0,0,0,G,13,17
1062,04.12.2016.,16:30:00,20,20,1,0,0,0,0,G,13,17
1063,04.12.2016.,16:35:00,20,20,1,0,0,0,0,G,13,17
1064,04.12.2016.,16:40:00,20,20,1,0,0,0,0,G,13,17
1065,04.12.2016.,16:45:00,20,20,1,0,0,0,0,G,13,17
1066,04.12.2016.,16:50:00,20,20,1,0,0,0,0,G,13,17
1067,04.12.2016.,16:55:00,20,20,1,0,0,0,0,G,13,17
1068,04.12.2016.,17:00:00,20,20,1,0,0,0,0,G,13,17
1069,04.12.2016.,17:05:00,20,20,1,0,0,0,0,G,13,17
1070,04.12.2016.,17:10:00,20,20,1,0,0,0,0,G,13,17
1071,04.12.2016.,17:15:00,20,20,1,0,1,0,0,G,13,17
1072,04.12.2016.,17:20:00,20,20,1,0,1,0,0,G,13,17
1073,04.12.2016.,17:25:00,20,20,1,0,1,0,0,G,13,17
1074,04.12.2016.,17:30:00,20,20,1,0,1,0,0,G,13,17
1075,04.12.2016.,17:35:00,20,19,1,0,1,0,0,G,13,17
1076,04.12.2016.,17:40:00,20,19,1,1,1,0,0,G,13,17
1077,04.12.2016.,17:45:00,20,19,1,1,1,0,0,G,13,17
1078,04.12.2016.,17:50:00,20,19,1,1,1,0,0,G,13,17
1079,04.12.2016.,17:55:00,20,19,1,1,1,0,0,G,13,17
1080,04.12.2016.,18:00:00,20,19,1,1,1,0,0,G,13,17
1081,04.12.2016.,18:05:00,20,19,1,1,1,0,0,G,13,17
1082,04.12.2016.,18:10:00,20,19,1,1,1,0,0,G,13,17
1083,04.12.2016.,18:15:00,20,19,1,1,1,0,0,G,13,17
1084,04.12.2016.,18:20:00,20,19,1,1,1,0,0,G,13,17
1085,04.12.2016.,18:25:00,20,19,1,1,1,0,0,G,13,17
1086,04.12.2016.,18:30:00,20,19,1,1,1,0,0,G,13,17
1087,04.12.2016.,18:35:00,20,19,1,1,1,0,0,G,13,17
1088,04.12.2016.,18:40:00,20,19,1,1,1,0,0,G,13,17
1089,04.12.2016.,18:45:00,20,19,1,1,1,0,0,G,13,17
1090,04.12.2016.,18:50:00,20,19,1,1,1,0,0,G,13,17
1091,04.12.2016.,18:55:00,20,19,1,1,1,0,0,G,13,17
1092,04.12.2016.,19:00:00,20,19,1,1,1,0,0,G,13,17
1093,04.12.2016.,19:05:00,20,19,1,1,1,0,0,G,13,17
1094,04.12.2016.,19:10:00,20,19,1,1,1,0,0,G,13,17
1095,04.12.2016.,19:15:00,20,19,1,1,1,0,0,G,13,17
1096,04.12.2016.,19:20:00,20,19,1,1,1,0,0,G,13,17
1097,04.12.2016.,19:25:00,20,19,1,1,1,0,0,G,13,17
1098,04.12.2016.,19:30:00,20,19,1,1,1,0,0,G,13,17
1099,04.12.2016.,19:35:00,20,19,1,1,1,0,0,G,13,17
1100,04.12.2016.,19:40:00,20,19,1,1,1,0,0,G,13,17
1101,04.12.2016.,19:45:00,20,19,1,1,1,0,0,G,13,17
1102,04.12.2016.,19:50:00,20,19,1,1,1,0,0,G,13,17
1103,04.12.2016.,19:55:00,20,19,1,1,1,0,0,G,13,17
1104,04.12.2016.,20:00:00,20,19,1,1,1,0,0,G,13,17
1105,04.12.2016.,20:05:00,20,19,1,1,1,0,0,G,13,17
1106,04.12.2016.,20:10:00,20,19,1,1,1,0,0,G,13,17
1107,04.12.2016.,20:15:00,20,19,1,1,1,0,0,G,13,17
1108,04.12.2016.,20:20:00,20,19,1,1,1,0,0,G,13,17
1109,04.12.2016.,20:25:00,20,19,1,1,1,0,0,G,13,17
1110,04.12.2016.,20:30:00,20,19,1,1,1,0,0,G,13,17
1111,04.12.2016.,20:35:00,20,19,1,1,1,0,0,G,13,17
1112,04.12.2016.,20:40:00,20,19,1,1,1,0,0,G,13,17
1113,04.12.2016.,20:45:00,20,19,1,1,1,0,0,G,13,17
1114,04.12.2016.,20:50:00,20,19,1,1,1,0,0,G,13,17
1115,04.12.2016.,20:55:00,20,19,1,1,1,0,0,G,13,17
1116,04.12.2016.,21:00:00,20,19,1,1,1,0,0,G,13,17
1117,04.12.2016.,21:05:00,20,19,1,1,1,0,0,G,13,17
1118,04.12.2016.,21:10:00,20,19,1,1,1,0,0,G,13,17
1119,04.12.2016.,21:15:00,20,19,1,1,1,0,0,G,13,17
1120,04.12.2016.,21:20:00,20,19,1,1,1,0,0,G,13,17
1121,04.12.2016.,21:25:00,20,19,1,1,1,0,0,G,13,17
1122,04.12.2016.,21:30:00,20,19,1,1,1,0,0,G,13,17
1123,04.12.2016.,21:35:00,20,19,1,0,1,0,0,G,13,17
1124,04.12.2016.,21:40:00,20,19,1,0,1,0,0,G,13,17
1125,04.12.2016.,21:45:00,20,19,1,0,1,0,0,G,13,17
1126,04.12.2016.,21:50:00,20,19,1,0,1,0,0,G,13,17
1127,04.12.2016.,21:55:00,20,19,1,0,1,0,0,G,13,17
1128,04.12.2016.,22:00:00,20,19,1,0,1,0,0,G,13,17
1129,04.12.2016.,22:05:00,20,19,1,0,1,0,0,G,13,17
1130,04.12.2016.,22:10:00,20,19,1,0,1,0,0,G,13,17
1131,04.12.2016.,22:15:00,20,19,1,0,1,0,0,G,13,17
1132,04.12.2016.,22:20:00,20,19,1,0,1,0,0,G,13,17
1133,04.12.2016.,22:25:00,20,19,1,0,1,0,0,G,13,17
1134,04.12.2016.,22:30:00,20,19,1,0,1,0,0,G,13,17
1135,04.12.2016.,22:35:00,20,19,1,0,1,0,0,G,13,17
1136,04.12.2016.,22:40:00,20,19,1,0,1,0,0,G,13,17
1137,04.12.2016.,22:45:00,20,19,1,1,1,0,0,G,13,17
1138,04.12.2016.,22:50:00,20,19,1,1,1,0,0,G,13,17
1139,04.12.2016.,22:55:00,20,19,1,1,1,0,0,G,13,17
1140,04.12.2016.,23:00:00,20,19,1,1,1,0,0,G,13,17
1141,04.12.2016.,23:05:00,20,19,1,1,1,0,0,G,13,17
1142,04.12.2016.,23:10:00,20,19,1,1,1,0,0,G,13,17
1143,04.12.2016.,23:15:00,20,19,1,1,1,0,0,G,13,17
1144,04.12.2016.,23:20:00,20,19,1,1,1,0,0,G,13,17
1145,04.12.2016.,23:25:00,20,19,1,1,1,0,0,G,13,17
1146,04.12.2016.,23:30:00,20,19,1,1,1,0,0,G,13,17
1147,04.12.2016.,23:35:00,20,19,1,1,1,0,0,G,13,17
1148,04.12.2016.,23:40:00,20,19,1,1,1,0,0,G,13,17
1149,04.12.2016.,23:45:00,20,19,1,0,1,0,0,G,13,17
1150,04.12.2016.,23:50:00,20,20,1,0,0,0,0,G,13,17
1151,04.12.2016.,23:55:00,20,20,1,0,0,0,0,G,13,17
1152,05.12.2016.,00:00:00,20,20,1,0,0,0,0,G,13,17
1153,05.12.2016.,00:05:00,20,20,1,0,0,0,0,G,13,17
1154,05.12.2016.,00:10:00,20,20,1,0,0,0,0,G,13,17
1155,05.12.2016.,00:15:00,20,20,1,0,0,0,0,G,13,17
1156,05.12.2016.,00:20:00,20,20,1,0,0,0,0,G,13,17
1157,05.12.2016.,00:25:00,20,20,1,0,0,0,0,G,13,17
1158,05.12.2016.,00:30:00,20,20,1,0,0,0,0,G,13,17
1159,05.12.2016.,00:35:00,20,20,1,0,0,0,0,G,13,17
1160,05.12.2016.,00:40:00,20,20,1,0,0,0,0,G,13,17
1161,05.12.2016.,00:45:00,20,20,1,0,0,0,0,G,13,17
1162,05.12.2016.,00:50:00,20,20,1,0,0,0,0,G,13,17
1163,05.12.2016.,00:55:00,20,20,1,0,0,0,0,G,13,17
1164,05.12.2016.,01:00:00,20,20,1,0,0,0,0,G,13,17
1165,05.12.2016.,01:05:00,20,20,1,0,0,0,0,G,13,17
1166,05.12.2016.,01:10:00,20,20,1,0,0,0,0,G,13,17
1167,05.12.2016.,01:15:00,20,20,1,0,0,0,0,G,13,17
1168,05.12.2016.,01:20:00,20,20,1,0,0,0,0,G,13,17
1169,05.12.2016.,01:25:00,20,20,1,0,0,0,0,G,13,17
1170,05.12.2016.,01:30:00,20,20,1,0,0,0,0,G,13,17
1171,05.12.2016.,01:35:00,20,20,1,0,0,0,0,G,13,17
1172,05.12.2016.,01:40:00,20,20,1,0,0,0,0,G,13,17
1173,05.12.2016.,01:45:00,20,20,1,0,0,0,0,G,13,17
1174,05.12.2016.,01:50:00,20,20,1,0,0,0,0,G,13,17
1175,05.12.2016.,01:55:00,20,20,1,0,0,0,0,G,13,17
1176,05.12.2016.,02:00:00,20,20,1,0,0,0,0,G,13,17
1177,05.12.2016.,02:05:00,20,20,1,0,0,0,0,G,13,17
1178,05.12.2016.,02:10:00,20,20,1,0,0,0,0,G,13,17
1179,05.12.2016.,02:15:00,20,20,1,0,0,0,0,G,13,17
1180,05.12.2016.,02:20:00,20,20,1,0,0,0,0,G,13,17
1181,05.12.2016.,02:25:00,20,20,1,0,0,0,0,G,13,17
1182,05.12.2016.,02:30:00,20,20,1,0,0,0,0,G,13,17
1183,05.12.2016.,02:35:00,20,20,1,0,0,0,0,G,13,17
1184,05.12.2016.,02:40:00,20,20,1,0,0,0,0,G,13,17
1185,05.12.2016.,02:45:00,20,20,1,0,0,0,0,G,13,17
1186,05.12.2016.,02:50:00,20,20,1,0,0,0,0,G,13,17
1187,05.12.2016.,02:55:00,20,20,1,0,1,0,0,G,13,17
1188,05.12.2016.,03:00:00,20,20,1,0,1,0,0,G,13,17
1189,05.12.2016.,03:05:00,20,20,1,0,1,0,0,G,13,17
1190,05.12.2016.,03:10:00,20,20,1,0,1,0,0,G,13,17
1191,05.12.2016.,03:15:00,20,20,1,0,1,0,0,G,13,17
1192,05.12.2016.,03:20:00,20,19,1,1,1,0,0,G,13,17
1193,05.12.2016.,03:25:00,20,19,1,1,1,0,0,G,13,17
1194,05.12.2016.,03:30:00,20,19,1,1,1,0,0,G,13,17
1195,05.12.2016.,03:35:00,20,19,1,1,1,0,0,G,13,17
1196,05.12.2016.,03:40:00,20,19,1,1,1,0,0,G,13,17
1197,05.12.2016.,03:45:00,20,19,1,1,1,0,0,G,13,17
1198,05.12.2016.,03:50:00,20,19,1,1,1,0,0,G,13,17
1199,05.12.2016.,03:55:00,20,19,1,1,1,0,0,G,13,17
1200,05.12.2016.,04:00:00,20,19,1,1,1,0,0,G,13,17
1201,05.12.2016.,04:05:00,20,19,1,1,1,0,0,G,13,17
1202,05.12.2016.,04:10:00,20,19,1,1,1,0,0,G,13,17
1203,05.12.2016.,04:15:00,20,19,1,1,1,0,0,G,13,17
1204,05.12.2016.,04:20:00,20,19,1,1,1,0,0,G,13,17
1205,05.12.2016.,04:25:00,20,19,1,1,1,0,0,G,13,17
1206,05.12.2016.,04:30:00,20,19,1,1,1,0,0,G,13,17
1207,05.12.2016.,04:35:00,20,19,1,1,1,0,0,G,13,17
1208,05.12.2016.,04:40:00,20,19,1,1,1,0,0,G,13,17
1209,05.12.2016.,04:45:00,20,19,1,1,1,0,0,G,13,17
1210,05.12.2016.,04:50:00,20,19,1,1,1,0,0,G,13,17
1211,05.12.2016.,04:55:00,20,19,1,1,1,0,0,G,13,17
1212,05.12.2016.,05:00:00,20,19,1,1,1,0,0,G,13,17
1213,05.12.2016.,05:05:00,20,19,1,1,1,0,0,G,13,17
1214,05.12.2016.,05:10:00,20,19,1,1,1,0,0,G,13,17
1215,05.12.2016.,05:15:00,20,19,1,1,1,0,0,G,13,17
1216,05.12.2016.,05:20:00,20,19,1,1,1,0,0,G,13,17
1217,05.12.2016.,05:25:00,20,19,1,1,1,0,0,G,13,17
1218,05.12.2016.,05:30:00,20,19,1,1,1,0,0,G,13,17
1219,05.12.2016.,05:35:00,20,19,1,1,1,0,0,G,13,17
1220,05.12.2016.,05:40:00,20,19,1,1,1,0,0,G,13,17
1221,05.12.2016.,05:45:00,20,19,1,1,1,0,0,G,13,17
1222,05.12.2016.,05:50:00,20,19,1,1,1,0,0,G,13,17
1223,05.12.2016.,05:55:00,20,19,1,1,1,0,0,G,13,17
1224,05.12.2016.,06:00:00,20,19,1,1,1,0,0,G,13,17
1225,05.12.2016.,06:05:00,20,19,1,1,1,0,0,G,13,17
1226,05.12.2016.,06:10:00,20,19,1,0,1,0,0,G,13,17
1227,05.12.2016.,06:15:00,20,19,1,0,1,0,0,G,13,17
1228,05.12.2016.,06:20:00,20,19,1,0,1,0,0,G,13,17
1229,05.12.2016.,06:25:00,20,19,1,0,1,0,0,G,13,17
1230,05.12.2016.,06:30:00,20,19,1,0,1,0,0,G,13,17
1231,05.12.2016.,06:35:00,20,19,1,0,1,0,0,G,13,17
1232,05.12.2016.,06:40:00,20,19,1,0,1,0,0,G,13,17
1233,05.12.2016.,06:45:00,20,19,1,0,1,0,0,G,13,17
1234,05.12.2016.,06:50:00,20,19,1,0,1,0,0,G,13,17
1235,05.12.2016.,06:55:00,20,19,1,0,1,0,0,G,13,17
1236,05.12.2016.,07:00:00,20,19,1,1,1,0,0,G,13,17
1237,05.12.2016.,07:05:00,20,19,1,1,1,0,0,G,13,17
1238,05.12.2016.,07:10:00,20,19,1,1,1,0,0,G,13,17
1239,05.12.2016.,07:15:00,20,19,1,1,1,0,0,G,13,17
1240,05.12.2016.,07:20:00,20,19,1,1,1,0,0,G,13,17
1241,05.12.2016.,07:25:00,20,19,1,1,1,0,0,G,13,17
1242,05.12.2016.,07:30:00,20,19,1,1,1,0,0,G,13,17
1243,05.12.2016.,07:35:00,20,19,1,1,1,0,0,G,13,17
1244,05.12.2016.,07:40:00,20,19,1,1,1,0,0,G,13,17
1245,05.12.2016.,07:45:00,20,19,1,1,1,0,0,G,13,17
1246,05.12.2016.,07:50:00,20,19,1,1,1,0,0,G,13,17
1247,05.12.2016.,07:55:00,20,19,1,1,1,0,0,G,13,17
1248,05.12.2016.,08:00:00,20,19,1,1,1,0,0,G,13,17
1249,05.12.2016.,08:05:00,20,19,1,1,1,0,0,G,13,17
1250,05.12.2016.,08:10:00,20,19,1,1,1,0,0,G,13,17
1251,05.12.2016.,08:15:00,20,19,1,1,1,0,0,G,13,17
1252,05.12.2016.,08:20:00,20,19,1,1,1,0,0,G,13,17
1253,05.12.2016.,08:25:00,20,19,1,1,1,0,0,G,13,17
1254,05.12.2016.,08:30:00,20,19,1,1,1,0,0,G,13,17
1255,05.12.2016.,08:35:00,20,19,1,1,1,0,0,G,13,17
1256,05.12.2016.,08:40:00,20,19,1,1,1,0,0,G,13,17
1257,05.12.2016.,08:45:00,20,19,1,1,1,0,0,G,13,17
1258,05.12.2016.,08:50:00,20,19,1,1,1,0,0,G,13,17
1259,05.12.2016.,08:55:00,20,19,1,1,1,0,0,G,13,17
1260,05.12.2016.,09:00:00,20,19,1,1,1,0,0,G,13,17
1261,05.12.2016.,09:05:00,20,19,1,1,1,0,0,G,13,17
1262,05.12.2016.,09:10:00,20,19,1,1,1,0,0,G,13,17
1263,05.12.2016.,09:15:00,20,19,1,1,1,0,0,G,13,17
1264,05.12.2016.,09:20:00,20,19,1,1,1,0,0,G,13,17
1265,05.12.2016.,09:25:00,20,19,1,0,1,0,0,G,13,17
1266,05.12.2016.,09:30:00,20,19,1,0,1,0,0,G,13,17
1267,05.12.2016.,09:35:00,20,19,1,0,1,0,0,G,13,17
1268,05.12.2016.,09:40:00,20,20,1,0,0,0,0,G,13,17
1269,05.12.2016.,09:45:00,20,20,1,0,0,0,0,G,13,17
1270,05.12.2016.,09:50:00,20,20,1,0,0,0,0,G,13,17
1271,05.12.2016.,09:55:00,20,20,1,0,0,0,0,G,13,17
1272,05.12.2016.,10:00:00,20,20,1,0,0,0,0,G,13,17
1273,05.12.2016.,10:05:00,20,20,1,0,0,0,0,G,13,17
1274,05.12.2016.,10:10:00,20,20,1,0,0,0,0,G,13,17
1275,05.12.2016.,10:15:00,20,20,1,0,0,0,0,G,13,17
1276,05.12.2016.,10:20:00,20,20,1,0,0,0,0,G,13,17
1277,05.12.2016.,10:25:00,20,20,1,0,0,0,0,G,13,17
1278,05.12.2016.,10:30:00,20,20,1,0,0,0,0,G,13,17
1279,05.12.2016.,10:35:00,20,20,1,0,0,0,0,G,13,17
1280,05.12.2016.,10:40:00,20,20,1,0,0,0,0,G,13,17
1281,05.12.2016.,10:45:00,20,20,1,0,0,0,0,G,13,17
1282,05.12.2016.,10:50:00,20,20,1,0,0,0,0,G,13,17
1283,05.12.2016.,10:55:00,20,20,1,0,0,0,0,G,13,17
1284,05.12.2016.,11:00:00,20,20,1,0,1,0,0,G,13,17
1285,05.12.2016.,11:05:00,20,20,1,0,1,0,0,G,13,17
1286,05.12.2016.,11:10:00,20,20,1,0,1,0,0,G,13,17
1287,05.12.2016.,11:15:00,20,20,1,0,1,0,0,G,13,17
1288,05.12.2016.,11:20:00,20,20,1,0,1,0,0,G,13,17
1289,05.12.2016.,11:25:00,20,20,1,0,1,0,0,G,13,17
1290,05.12.2016.,11:30:00,20,20,1,0,1,0,0,G,13,17
1291,05.12.2016.,11:35:00,20,20,1,0,1,0,0,G,13,17
1292,05.12.2016.,11:40:00,20,20,1,0,1,0,0,G,13,17
1293,05.12.2016.,11:45:00,20,20,1,0,1,0,0,G,13,17
1294,05.12.2016.,11:50:00,20,19,1,0,1,0,0,G,13,17
1295,05.12.2016.,11:55:00,20,19,1,1,1,0,0,G,13,17
1296,05.12.2016.,12:00:00,20,19,1,1,1,0,0,G,13,17
1297,05.12.2016.,12:05:00,20,19,1,1,1,0,0,G,13,17
1298,05.12.2016.,12:10:00,20,19,1,1,1,0,0,G,13,17
1299,05.12.2016.,12:15:00,20,19,1,1,1,0,0,G,13,17
1300,05.12.2016.,12:20:00,20,19,1,1,1,0,0,G,13,17
1301,05.12.2016.,12:25:00,20,19,1,1,1,0,0,G,13,17
1302,05.12.2016.,12:30:00,20,19,1,1,1,0,0,G,13,17
1303,05.12.2016.,12:35:00,20,19,1,1,1,0,0,G,13,17
1304,05.12.2016.,12:40:00,20,19,1,1,1,0,0,G,13,17
1305,05.12.2016.,12:45:00,20,19,1,1,1,0,0,G,13,17
1306,05.12.2016.,12:50:00,20,19,1,1,1,0,0,G,13,17
1307,05.12.2016.,12:55:00,20,19,1,1,1,0,0,G,13,17
1308,05.12.2016.,13:00:00,20,19,1,1,1,0,0,G,13,17
1309,05.12.2016.,13:05:00,20,19,1,1,1,0,0,G,13,17
1310,05.12.2016.,13:10:00,20,19,1,1,1,0,0,G,13,17
1311,05.12.2016.,13:15:00,20,19,1,1,1,0,0,G,13,17
1312,05.12.2016.,13:20:00,20,19,1,1,1,0,0,G,13,17
1313,05.12.2016.,13:25:00,20,19,1,1,1,0,0,G,13,17
1314,05.12.2016.,13:30:00,20,19,1,1,1,0,0,G,13,17
1315,05.12.2016.,13:35:00,20,19,1,0,1,0,0,G,13,17
1316,05.12.2016.,13:40:00,20,19,1,0,1,0,0,G,13,17
1317,05.12.2016.,13:45:00,20,19,1,0,1,0,0,G,13,17
1318,05.12.2016.,13:50:00,20,20,1,0,1,0,0,G,13,17
1319,05.12.2016.,13:55:00,20,20,1,0,1,0,0,G,13,17
1320,05.12.2016.,14:00:00,20,20,1,0,1,0,0,G,13,17
1321,05.12.2016.,14:05:00,20,20,1,0,1,0,0,G,13,17
1322,05.12.2016.,14:10:00,20,20,1,0,1,0,0,G,13,17
1323,05.12.2016.,14:15:00,20,20,1,0,1,0,0,G,13,17
1324,05.12.2016.,14:20:00,20,20,1,0,1,0,0,G,13,17
1325,05.12.2016.,14:25:00,20,20,1,0,1,0,0,G,13,17
1326,05.12.2016.,14:30:00,20,20,1,0,1,0,0,G,13,17
1327,05.12.2016.,14:35:00,20,20,1,0,1,0,0,G,13,17
1328,05.12.2016.,14:40:00,20,20,1,0,1,0,0,G,13,17
1329,05.12.2016.,14:45:00,20,20,1,0,1,0,0,G,13,17
1330,05.12.2016.,14:50:00,20,20,1,0,1,0,0,G,13,17
1331,05.12.2016.,14:55:00,20,20,1,0,1,0,0,G,13,17
1332,05.12.2016.,15:00:00,20,20,1,0,1,0,0,G,13,17
1333,05.12.2016.,15:05:00,20,20,1,0,1,0,0,G,13,17
1334,05.12.2016.,15:10:00,20,20,1,0,1,0,0,G,13,17
1335,05.12.2016.,15:15:00,20,20,1,0,1,0,0,G,13,17
1336,05.12.2016.,15:20:00,20,19,1,0,1,0,0,G,13,17
1337,05.12.2016.,15:25:00,20,19,1,0,1,0,0,G,13,17
1338,05.12.2016.,15:30:00,20,19,1,0,1,0,0,G,13,17
1339,05.12.2016.,15:35:00,20,19,1,0,1,0,0,G,13,17
1340,05.12.2016.,15:40:00,20,19,1,0,1,0,0,G,13,17
1341,05.12.2016.,15:45:00,20,19,1,0,1,0,0,G,13,17
1342,05.12.2016.,15:50:00,20,19,1,0,1,0,0,G,13,17
1343,05.12.2016.,15:55:00,20,20,1,0,0,0,0,G,13,17
1344,05.12.2016.,16:00:00,20,20,1,0,0,0,0,G,13,17
1345,05.12.2016.,16:05:00,20,20,1,0,0,0,0,G,13,17
1346,05.12.2016.,16:10:00,20,20,1,0,0,0,0,G,13,17
1347,05.12.2016.,16:15:00,20,20,1,0,0,0,0,G,13,17
1348,05.12.2016.,16:20:00,20,20,1,0,0,0,0,G,13,17
1349,05.12.2016.,16:25:00,20,20,1,0,0,0,0,G,13,17
1350,05.12.2016.,16:30:00,20,20,1,0,0,0,0,G,13,17
1351,05.12.2016.,16:35:00,20,20,1,0,0,0,0,G,13,17
1352,05.12.2016.,16:40:00,20,20,1,0,0,0,0,G,13,17
1353,05.12.2016.,16:45:00,20,20,1,0,0,0,0,G,13,17
1354,05.12.2016.,16:50:00,20,20,1,0,0,0,0,G,13,17
1355,05.12.2016.,16:55:00,20,20,1,0,0,0,0,G,13,17
1356,05.12.2016.,17:00:00,20,20,1,0,0,0,0,G,13,17
1357,05.12.2016.,17:05:00,20,20,1,0,0,0,0,G,13,17
1358,05.12.2016.,17:10:00,20,20,1,0,0,0,0,G,13,17
1359,05.12.2016.,17:15:00,20,20,1,0,1,0,0,G,13,17
1360,05.12.2016.,17:20:00,20,20,1,0,1,0,0,G,13,17
1361,05.12.2016.,17:25:00,20,20,1,0,1,0,0,G,13,17
1362,05.12.2016.,17:30:00,20,20,1,0,1,0,0,G,13,17
1363,05.12.2016.,17:35:00,20,19,1,0,1,0,0,G,13,17
1364,05.12.2016.,17:40:00,20,19,1,0,1,0,0,G,13,17
1365,05.12.2016.,17:45:00,20,19,1,0,1,0,0,G,13,17
1366,05.12.2016.,17:50:00,20,19,1,1,1,0,0,G,13,17
1367,05.12.2016.,17:55:00,20,19,1,1,1,0,0,G,13,17
1368,05.12.2016.,18:00:00,20,19,1,1,1,0,0,G,13,17
1369,05.12.2016.,18:05:00,20,19,1,1,1,0,0,G,13,17
1370,05.12.2016.,18:10:00,20,19,1,1,1,0,0,G,13,17
1371,05.12.2016.,18:15:00,20,19,1,1,1,0,0,G,13,17
1372,05.12.2016.,18:20:00,20,19,1,1,1,0,0,G,13,17
1373,05.12.2016.,18:25:00,20,19,1,1,1,0,0,G,13,17
1374,05.12.2016.,18:30:00,20,19,1,1,1,0,0,G,13,17
1375,05.12.2016.,18:35:00,20,19,1,1,1,0,0,G,13,17
1376,05.12.2016.,18:40:00,20,19,1,1,1,0,0,G,13,17
1377,05.12.2016.,18:45:00,20,19,1,1,1,0,0,G,13,17
1378,05.12.2016.,18:50:00,20,19,1,1,1,0,0,G,13,17
1379,05.12.2016.,18:55:00,20,19,1,1,1,0,0,G,13,17
1380,05.12.2016.,19:00:00,20,19,1,1,1,0,0,G,13,17
1381,05.12.2016.,19:05:00,20,19,1,1,1,0,0,G,13,17
1382,05.12.2016.,19:10:00,20,19,1,1,1,0,0,G,13,17
1383,05.12.2016.,19:15:00,20,19,1,1,1,0,0,G,13,17
1384,05.12.2016.,19:20:00,20,19,1,1,1,0,0,G,13,17
1385,05.12.2016.,19:25:00,20,19,1,1,1,0,0,G,13,17
1386,05.12.2016.,19:30:00,20,19,1,1,1,0,0,G,13,17
1387,05.12.2016.,19:35:00,20,19,1,1,1,0,0,G,13,17
1388,05.12.2016.,19:40:00,20,19,1,1,1,0,0,G,13,17
1389,05.12.2016.,19:45:00,20,19,1,1,1,0,0,G,13,17
1390,05.12.2016.,19:50:00,20,19,1,1,1,0,0,G,13,17
1391,05.12.2016.,19:55:00,20,19,1,1,1,0,0,G,13,17
1392,05.12.2016.,20:00:00,20,19,1,1,1,0,0,G,13,17
1393,05.12.2016.,20:05:00,20,19,1,1,1,0,0,G,13,17
1394,05.12.2016.,20:10:00,20,19,1,1,1,0,0,G,13,17
1395,05.12.2016.,20:15:00,20,19,1,1,1,0,0,G,13,17
1396,05.12.2016.,20:20:00,20,19,1,1,1,0,0,G,13,17
1397,05.12.2016.,20:25:00,21,19,1,1,1,0,0,G,15,17
1398,05.12.2016.,20:30:00,22,19,1,2,1,1,0,G,16,17
1399,05.12.2016.,20:35:00,24,19,1,3,1,1,0,G,16,17
1400,05.12.2016.,20:40:00,24,19,1,3,1,1,0,G,16,17
1401,05.12.2016.,20:45:00,24,19,1,3,1,1,0,G,16,17
1402,05.12.2016.,20:50:00,24,19,1,3,1,1,0,G,16,17
1403,05.12.2016.,20:55:00,24,19,1,3,1,1,0,G,16,17
1404,05.12.2016.,21:00:00,24,19,1,3,1,1,0,G,16,17
1405,05.12.2016.,21:05:00,24,19,1,3,1,1,0,G,16,17
1406,05.12.2016.,21:10:00,24,19,1,3,1,1,0,G,16,17
1407,05.12.2016.,21:15:00,24,19,1,3,1,1,0,G,16,17
1408,05.12.2016.,21:20:00,24,19,0,0,0,1,0,G,16,17
1409,05.12.2016.,21:25:00,25,19,1,1,1,1,0,G,16,17
1410,05.12.2016.,21:30:00,25,20,1,1,1,1,0,G,16,17
1411,05.12.2016.,21:35:00,25,20,1,1,1,1,0,G,16,17
1412,05.12.2016.,21:40:00,25,20,1,1,1,1,0,G,16,17
1413,05.12.2016.,21:45:00,25,20,1,1,1,1,0,G,16,17
1414,05.12.2016.,21:50:00,25,20,1,1,1,1,0,G,16,17
1415,05.12.2016.,21:55:00,25,20,1,1,1,1,0,G,16,17
1416,05.12.2016.,22:00:00,25,20,1,1,1,1,0,G,16,17
1417,05.12.2016.,22:05:00,25,20,1,1,1,1,0,G,16,17
1418,05.12.2016.,22:10:00,25,20,1,3,1,1,0,G,16,17
1419,05.12.2016.,22:15:00,25,20,1,3,1,1,0,G,16,17
1420,05.12.2016.,22:20:00,25,20,1,3,1,1,0,G,16,17
1421,05.12.2016.,22:25:00,25,20,1,3,1,1,0,G,16,17
1422,05.12.2016.,22:30:00,25,20,1,3,1,1,0,G,16,17
1423,05.12.2016.,22:35:00,25,20,0,0,0,1,0,G,16,17
1424,05.12.2016.,22:40:00,25,20,0,0,0,1,0,G,16,17
1425,05.12.2016.,22:45:00,25,20,0,0,0,1,0,G,16,17
1426,05.12.2016.,22:50:00,25,20,0,0,0,1,0,G,16,17
1427,05.12.2016.,22:55:00,25,20,0,0,0,1,0,G,16,17
1428,05.12.2016.,23:00:00,25,20,0,0,0,1,0,G,16,17
1429,05.12.2016.,23:05:00,25,20,0,0,0,1,0,G,16,17
1430,05.12.2016.,23:10:00,25,20,0,0,0,1,0,G,16,18
1431,05.12.2016.,23:15:00,25,20,0,0,0,1,0,G,16,18
1432,05.12.2016.,23:20:00,25,20,0,0,0,1,0,G,16,18
1433,05.12.2016.,23:25:00,25,20,0,0,0,1,0,G,16,17
1434,05.12.2016.,23:30:00,25,20,0,0,0,1,0,G,16,17
1435,05.12.2016.,23:35:00,25,20,0,0,0,1,0,G,16,17
1436,05.12.2016.,23:40:00,25,20,0,0,0,1,0,G,16,18
1437,05.12.2016.,23:45:00,25,20,0,0,0,1,0,G,16,17
1438,05.12.2016.,23:50:00,25,20,0,0,0,1,0,G,16,17
1439,05.12.2016.,23:55:00,25,20,0,0,0,1,0,G,16,17
1440,06.12.2016.,00:00:00,25,20,0,0,0,1,0,G,16,17
1441,06.12.2016.,00:05:00,25,20,0,0,0,1,0,G,16,17
1442,06.12.2016.,00:10:00,25,20,0,0,0,1,0,G,16,17
1443,06.12.2016.,00:15:00,25,20,0,0,0,1,0,G,16,17
1444,06.12.2016.,00:20:00,25,20,0,0,0,1,0,G,16,17
1445,06.12.2016.,00:25:00,25,20,0,0,0,1,0,G,16,17
1446,06.12.2016.,00:30:00,25,20,0,0,0,1,0,G,16,17
1447,06.12.2016.,00:35:00,25,20,0,0,0,1,0,G,16,17
1448,06.12.2016.,00:40:00,25,20,0,0,0,1,0,G,16,17
1449,06.12.2016.,00:45:00,25,20,0,0,0,1,0,G,16,17
1450,06.12.2016.,00:50:00,25,20,0,0,0,1,0,G,16,17
1451,06.12.2016.,00:55:00,25,20,0,0,0,1,0,G,16,17
1452,06.12.2016.,01:00:00,25,20,0,0,0,1,0,G,16,17
1453,06.12.2016.,01:05:00,25,20,0,0,0,1,0,G,16,17
1454,06.12.2016.,01:10:00,25,20,0,0,0,1,0,G,16,17
1455,06.12.2016.,01:15:00,25,20,0,0,0,1,0,G,16,17
1456,06.12.2016.,01:20:00,25,20,0,0,0,1,0,G,16,17
1457,06.12.2016.,01:25:00,25,20,0,0,0,1,0,G,16,17
1458,06.12.2016.,01:30:00,25,20,0,0,0,1,0,G,16,17
1459,06.12.2016.,01:35:00,25,20,0,0,0,1,0,G,16,17
1460,06.12.2016.,01:40:00,25,20,0,0,0,1,0,G,16,17
1461,06.12.2016.,01:45:00,25,20,0,0,0,1,0,G,16,17
1462,06.12.2016.,01:50:00,25,20,0,0,0,1,0,G,16,17
1463,06.12.2016.,01:55:00,25,20,0,0,0,1,0,G,16,17
1464,06.12.2016.,02:00:00,25,20,0,0,0,1,0,G,16,17
1465,06.12.2016.,02:05:00,25,20,0,0,0,1,0,G,16,17
1466,06.12.2016.,02:10:00,25,20,0,0,0,1,0,G,16,17
1467,06.12.2016.,02:15:00,25,20,0,0,0,1,0,G,16,17
1468,06.12.2016.,02:20:00,25,20,0,0,0,1,0,G,16,17
1469,06.12.2016.,02:25:00,25,20,0,0,0,1,0,G,16,17
1470,06.12.2016.,02:30:00,25,20,0,0,0,1,0,G,16,17
1471,06.12.2016.,02:35:00,25,20,0,0,0,1,0,G,16,17
1472,06.12.2016.,02:40:00,25,20,0,0,0,1,0,G,16,17
1473,06.12.2016.,02:45:00,25,20,0,0,0,1,0,G,16,17
1474,06.12.2016.,02:50:00,25,20,0,0,0,1,0,G,16,17
1475,06.12.2016.,02:55:00,25,20,0,0,0,1,0,G,16,17
1476,06.12.2016.,03:00:00,25,20,0,0,0,1,0,G,16,17
1477,06.12.2016.,03:05:00,25,20,0,0,0,1,0,G,16,17
1478,06.12.2016.,03:10:00,25,20,0,0,0,1,0,G,16,17
1479,06.12.2016.,03:15:00,25,20,0,0,0,1,0,G,16,17
1480,06.12.2016.,03:20:00,25,20,0,0,0,1,0,G,16,17
1481,06.12.2016.,03:25:00,25,20,0,0,0,1,0,G,16,17
1482,06.12.2016.,03:30:00,25,20,0,0,0,1,0,G,16,17
1483,06.12.2016.,03:35:00,25,20,0,0,0,1,0,G,16,17
1484,06.12.2016.,03:40:00,25,19,0,0,0,1,0,G,16,17
1485,06.12.2016.,03:45:00,25,19,0,0,0,1,0,G,16,17
1486,06.12.2016.,03:50:00,25,19,0,0,0,1,0,G,16,17
1487,06.12.2016.,03:55:00,25,19,0,0,0,1,0,G,16,17
1488,06.12.2016.,04:00:00,25,19,0,0,0,1,0,G,16,17
1489,06.12.2016.,04:05:00,25,19,0,0,0,1,0,G,16,17
1490,06.12.2016.,04:10:00,25,19,0,0,0,1,0,G,16,17
1491,06.12.2016.,04:15:00,25,19,0,0,0,1,0,G,16,17
1492,06.12.2016.,04:20:00,25,19,0,0,0,1,0,G,16,17
1493,06.12.2016.,04:25:00,25,19,0,0,0,1,0,G,16,17
1494,06.12.2016.,04:30:00,25,19,0,0,0,1,0,G,16,17
1495,06.12.2016.,04:35:00,25,19,0,0,0,1,0,G,16,17
1496,06.12.2016.,04:40:00,25,19,0,0,0,1,0,G,16,17
1497,06.12.2016.,04:45:00,25,19,0,0,0,1,0,G,16,17
1498,06.12.2016.,04:50:00,25,19,0,0,0,1,0,G,16,17
1499,06.12.2016.,04:55:00,25,19,0,0,0,1,0,G,16,17
1500,06.12.2016.,05:00:00,25,19,0,0,0,1,0,G,16,17
1501,06.12.2016.,05:05:00,25,19,0,0,0,1,0,G,16,17
1502,06.12.2016.,05:10:00,25,19,0,0,0,1,0,G,16,17
1503,06.12.2016.,05:15:00,25,19,0,0,0,1,0,G,16,17
1504,06.12.2016.,05:20:00,25,19,0,0,0,1,0,G,16,17
1505,06.12.2016.,05:25:00,25,19,0,0,0,1,0,G,16,17
1506,06.12.2016.,05:30:00,25,19,0,0,0,1,0,G,16,17
1507,06.12.2016.,05:35:00,25,19,0,0,0,1,0,G,16,17
1508,06.12.2016.,05:40:00,25,19,0,0,0,1,0,G,16,17
1509,06.12.2016.,05:45:00,25,19,0,0,0,1,0,G,16,17
1510,06.12.2016.,05:50:00,25,19,0,0,0,1,0,G,16,17
1511,06.12.2016.,05:55:00,25,19,0,0,0,1,0,G,16,17
1512,06.12.2016.,06:00:00,25,19,0,0,0,1,0,G,16,17
1513,06.12.2016.,06:05:00,25,19,0,0,0,1,0,G,16,17
1514,06.12.2016.,06:10:00,25,19,0,0,0,1,0,G,16,17
1515,06.12.2016.,06:15:00,25,19,0,0,0,1,0,G,16,17
1516,06.12.2016.,06:20:00,25,19,0,0,0,1,0,G,16,17
1517,06.12.2016.,06:25:00,25,19,0,0,0,1,0,G,16,17
1518,06.12.2016.,06:30:00,25,19,0,0,0,1,0,G,16,17
1519,06.12.2016.,06:35:00,25,19,0,0,0,1,0,G,16,17
1520,06.12.2016.,06:40:00,25,19,0,0,0,1,0,G,16,17
1521,06.12.2016.,06:45:00,25,19,0,0,0,1,0,G,16,17
1522,06.12.2016.,06:50:00,25,19,0,0,0,1,0,G,16,17
1523,06.12.2016.,06:55:00,25,19,0,0,0,1,0,G,16,17
1524,06.12.2016.,07:00:00,25,19,0,0,0,1,0,G,16,17
1525,06.12.2016.,07:05:00,25,19,0,0,0,1,0,G,16,17
1526,06.12.2016.,07:10:00,25,19,0,0,0,1,0,G,16,17
1527,06.12.2016.,07:15:00,25,19,0,0,0,1,0,G,16,17
1528,06.12.2016.,07:20:00,25,19,0,0,0,1,0,G,16,17
1529,06.12.2016.,07:25:00,25,18,0,0,0,1,0,G,16,17
1530,06.12.2016.,07:30:00,25,18,0,0,0,1,0,G,16,17
1531,06.12.2016.,07:35:00,25,18,0,0,0,1,0,G,16,17
1532,06.12.2016.,07:40:00,25,18,0,0,0,1,0,G,16,17
1533,06.12.2016.,07:45:00,25,18,0,0,0,1,0,G,16,17
1534,06.12.2016.,07:50:00,25,18,0,0,0,1,0,G,16,17
1535,06.12.2016.,07:55:00,25,18,0,0,0,1,0,G,16,17
1536,06.12.2016.,08:00:00,25,18,0,0,0,1,0,G,16,17
1537,06.12.2016.,08:05:00,25,18,0,0,0,1,0,G,16,17
1538,06.12.2016.,08:10:00,25,18,0,0,0,1,0,G,16,17
1539,06.12.2016.,08:15:00,25,18,0,0,0,1,0,G,16,17
1540,06.12.2016.,08:20:00,25,18,0,0,0,1,0,G,16,17
1541,06.12.2016.,08:25:00,25,18,0,0,0,1,0,G,16,17
1542,06.12.2016.,08:30:00,25,18,0,0,0,1,0,G,16,17
1543,06.12.2016.,08:35:00,25,18,0,0,0,1,0,G,16,17
1544,06.12.2016.,08:40:00,25,18,0,0,0,1,0,G,16,17
1545,06.12.2016.,08:45:00,25,18,0,0,0,1,0,G,16,17
1546,06.12.2016.,08:50:00,25,18,0,0,0,1,0,G,16,17
1547,06.12.2016.,08:55:00,25,18,0,0,0,1,0,G,16,17
1548,06.12.2016.,09:00:00,25,18,0,0,0,1,0,G,16,17
1549,06.12.2016.,09:05:00,25,18,0,0,0,1,0,G,16,17
1550,06.12.2016.,09:10:00,25,18,0,0,0,1,0,G,16,17
1551,06.12.2016.,09:15:00,21,18,0,2,1,0,0,G,15,17
1552,06.12.2016.,09:20:00,22,18,0,0,0,1,1,G,16,17
1553,06.12.2016.,09:25:00,22,18,0,0,0,1,1,G,16,17
1554,06.12.2016.,09:30:00,21,17,0,0,0,0,1,G,15,17
1555,06.12.2016.,09:35:00,21,17,0,0,0,0,1,G,15,17
1556,06.12.2016.,09:40:00,21,16,0,0,0,0,1,G,15,17
1557,06.12.2016.,09:45:00,22,16,0,0,0,1,0,G,16,16
1558,06.12.2016.,09:50:00,21,17,0,3,1,0,0,G,15,16
1559,06.12.2016.,09:55:00,21,17,0,3,1,0,0,G,15,16
1560,06.12.2016.,10:00:00,21,18,0,3,1,0,0,G,15,16
1561,06.12.2016.,10:05:00,21,18,0,3,1,0,0,G,15,16
1562,06.12.2016.,10:10:00,21,18,0,3,1,0,0,G,15,16
1563,06.12.2016.,10:15:00,21,18,0,3,1,0,0,G,15,16
1564,06.12.2016.,10:20:00,21,18,0,3,1,0,0,G,15,16
1565,06.12.2016.,10:25:00,21,18,0,3,1,0,0,G,15,16
1566,06.12.2016.,10:30:00,21,18,0,3,1,0,0,G,15,16
1567,06.12.2016.,10:35:00,21,18,0,3,1,0,0,G,15,16
1568,06.12.2016.,10:40:00,21,18,0,3,1,0,0,G,15,16
1569,06.12.2016.,10:45:00,21,18,0,2,1,0,0,G,15,16
1570,06.12.2016.,10:50:00,21,18,0,2,1,0,0,G,15,16
1571,06.12.2016.,10:55:00,21,18,0,2,1,0,0,G,15,16
1572,06.12.2016.,11:00:00,20,18,1,2,1,0,0,G,13,16
1573,06.12.2016.,11:05:00,20,18,1,2,1,0,0,G,13,16
1574,06.12.2016.,11:10:00,20,18,1,2,1,0,0,G,13,16
1575,06.12.2016.,11:15:00,20,18,1,2,1,0,0,G,13,16
1576,06.12.2016.,11:20:00,20,18,1,2,1,0,0,G,13,16
1577,06.12.2016.,11:25:00,20,18,1,2,1,0,0,G,13,16
1578,06.12.2016.,11:30:00,20,18,1,2,1,0,0,G,13,16
1579,06.12.2016.,11:35:00,20,18,1,2,1,0,0,G,13,16
1580,06.12.2016.,11:40:00,20,18,1,2,1,0,0,G,13,16
1581,06.12.2016.,11:45:00,20,18,1,2,1,0,0,G,13,16
1582,06.12.2016.,11:50:00,20,18,1,2,1,0,0,G,13,16
1583,06.12.2016.,11:55:00,20,18,1,2,1,0,0,G,13,16
1584,06.12.2016.,12:00:00,20,18,1,2,1,0,0,G,13,16
1585,06.12.2016.,12:05:00,20,19,1,1,1,0,0,G,13,16
1586,06.12.2016.,12:10:00,20,19,1,1,1,0,0,G,13,16
1587,06.12.2016.,12:15:00,20,19,1,1,1,0,0,G,13,16
1588,06.12.2016.,12:20:00,20,19,1,1,1,0,0,G,13,16
1589,06.12.2016.,12:25:00,20,19,1,1,1,0,0,G,13,16
1590,06.12.2016.,12:30:00,20,19,1,1,1,0,0,G,13,16
1591,06.12.2016.,12:35:00,20,19,1,1,1,0,0,G,13,16
1592,06.12.2016.,12:40:00,20,19,1,1,1,0,0,G,13,16
1593,06.12.2016.,12:45:00,20,19,1,1,1,0,0,G,13,16
1594,06.12.2016.,12:50:00,20,19,1,1,1,0,0,G,13,16
1595,06.12.2016.,12:55:00,20,19,1,1,1,0,0,G,13,16
1596,06.12.2016.,13:00:00,20,19,1,1,1,0,0,G,13,16
1597,06.12.2016.,13:05:00,20,19,1,1,1,0,0,G,13,16
1598,06.12.2016.,13:10:00,20,19,1,1,1,0,0,G,13,16
1599,06.12.2016.,13:15:00,20,19,1,1,1,0,0,G,13,16
1600,06.12.2016.,13:20:00,20,19,1,1,1,0,0,G,13,16
1601,06.12.2016.,13:25:00,20,19,1,1,1,0,0,G,13,16
1602,06.12.2016.,13:30:00,20,19,1,1,1,0,0,G,13,16
1603,06.12.2016.,13:35:00,20,19,1,1,1,0,0,G,13,16
1604,06.12.2016.,13:40:00,20,19,1,1,1,0,0,G,13,16
1605,06.12.2016.,13:45:00,20,19,1,1,1,0,0,G,13,17
1606,06.12.2016.,13:50:00,20,19,1,1,1,0,0,G,13,17
1607,06.12.2016.,13:55:00,20,19,1,1,1,0,0,G,13,17
1608,06.12.2016.,14:00:00,20,19,1,1,1,0,0,G,13,17
1609,06.12.2016.,14:05:00,20,19,1,1,1,0,0,G,13,17
1610,06.12.2016.,14:10:00,20,19,1,1,1,0,0,G,13,17
1611,06.12.2016.,14:15:00,20,19,1,0,1,0,0,G,13,17
1612,06.12.2016.,14:20:00,20,19,1,0,1,0,0,G,13,17
1613,06.12.2016.,14:25:00,20,19,1,0,1,0,0,G,13,17
1614,06.12.2016.,14:30:00,20,19,1,0,1,0,0,G,13,17
1615,06.12.2016.,14:35:00,20,20,1,0,1,0,0,G,13,17
1616,06.12.2016.,14:40:00,20,20,1,0,1,0,0,G,13,17
1617,06.12.2016.,14:45:00,20,20,1,0,1,0,0,G,13,17
1618,06.12.2016.,14:50:00,20,20,1,0,1,0,0,G,13,17
1619,06.12.2016.,14:55:00,20,20,1,0,1,0,0,G,13,17
1620,06.12.2016.,15:00:00,20,20,1,0,1,0,0,G,13,17
1621,06.12.2016.,15:05:00,20,20,1,0,1,0,0,G,13,17
1622,06.12.2016.,15:10:00,20,20,1,0,1,0,0,G,13,17
1623,06.12.2016.,15:15:00,20,20,1,0,1,0,0,G,13,17
1624,06.12.2016.,15:20:00,20,20,1,0,1,0,0,G,13,17
1625,06.12.2016.,15:25:00,20,20,1,0,1,0,0,G,13,17
1626,06.12.2016.,15:30:00,20,20,1,0,1,0,0,G,13,17
1627,06.12.2016.,15:35:00,20,20,1,0,1,0,0,G,13,17
1628,06.12.2016.,15:40:00,20,20,1,0,1,0,0,G,13,17
1629,06.12.2016.,15:45:00,20,20,1,0,1,0,0,G,13,17
1630,06.12.2016.,15:50:00,20,20,1,0,1,0,0,G,13,17
1631,06.12.2016.,15:55:00,20,20,1,0,1,0,0,G,13,17
1632,06.12.2016.,16:00:00,20,20,1,0,0,0,0,G,13,17
1633,06.12.2016.,16:05:00,20,20,1,0,0,0,0,G,13,17
1634,06.12.2016.,16:10:00,21,20,1,1,1,0,0,G,13,17
1635,06.12.2016.,16:15:00,21,20,1,1,1,0,0,G,13,17
1636,06.12.2016.,16:20:00,21,20,1,1,1,0,0,G,13,17
1637,06.12.2016.,16:25:00,21,20,1,1,1,0,0,G,13,17
1638,06.12.2016.,16:30:00,21,20,1,1,1,0,0,G,13,17
1639,06.12.2016.,16:35:00,21,20,1,1,1,0,0,G,13,17
1640,06.12.2016.,16:40:00,21,20,1,1,1,0,0,G,13,17
1641,06.12.2016.,16:45:00,21,20,1,1,1,0,0,G,13,17
1642,06.12.2016.,16:50:00,21,20,1,1,1,0,0,G,13,17
1643,06.12.2016.,16:55:00,21,20,1,1,1,0,0,G,13,17
1644,06.12.2016.,17:00:00,21,20,1,1,1,0,0,G,13,17
1645,06.12.2016.,17:05:00,21,20,1,1,1,0,0,G,13,17
1646,06.12.2016.,17:10:00,21,20,1,1,1,0,0,G,13,17
1647,06.12.2016.,17:15:00,21,20,1,1,1,0,0,G,13,17
1648,06.12.2016.,17:20:00,21,20,1,1,1,0,0,G,13,17
1649,06.12.2016.,17:25:00,21,20,1,1,1,0,0,G,13,17
1650,06.12.2016.,17:30:00,21,20,1,1,1,0,0,G,13,17
1651,06.12.2016.,17:35:00,21,20,1,1,1,0,0,G,13,17
1652,06.12.2016.,17:40:00,21,20,1,1,1,0,0,G,13,17
1653,06.12.2016.,17:45:00,21,20,1,1,1,0,0,G,13,17
1654,06.12.2016.,17:50:00,21,20,1,1,1,0,0,G,13,17
1655,06.12.2016.,17:55:00,21,20,1,1,1,0,0,G,13,17
1656,06.12.2016.,18:00:00,21,20,1,1,1,0,0,G,13,17
1657,06.12.2016.,18:05:00,21,20,1,1,1,0,0,G,13,17
1658,06.12.2016.,18:10:00,21,20,1,1,1,0,0,G,13,17
1659,06.12.2016.,18:15:00,21,20,1,1,1,0,0,G,13,17
1660,06.12.2016.,18:20:00,21,20,1,1,1,0,0,G,13,17
1661,06.12.2016.,18:25:00,21,20,1,1,1,0,0,G,13,17
1662,06.12.2016.,18:30:00,21,20,1,1,1,0,0,G,13,17
1663,06.12.2016.,18:35:00,21,20,1,1,1,0,0,G,13,17
1664,06.12.2016.,18:40:00,21,20,1,1,1,0,0,G,13,17
1665,06.12.2016.,18:45:00,21,20,1,1,1,0,0,G,13,17
1666,06.12.2016.,18:50:00,21,20,1,1,1,0,0,G,13,17
1667,06.12.2016.,18:55:00,21,20,1,1,1,0,0,G,13,17
1668,06.12.2016.,19:00:00,21,20,1,1,1,0,0,G,13,17
1669,06.12.2016.,19:05:00,21,20,1,1,1,0,0,G,13,17
1670,06.12.2016.,19:10:00,21,20,1,1,1,0,0,G,13,17
1671,06.12.2016.,19:15:00,21,20,1,1,1,0,0,G,13,17
1672,06.12.2016.,19:20:00,21,20,1,1,1,0,0,G,13,17
1673,06.12.2016.,19:25:00,21,20,1,1,1,0,0,G,13,17
1674,06.12.2016.,19:30:00,21,20,1,1,1,0,0,G,13,17
1675,06.12.2016.,19:35:00,21,20,1,1,1,0,0,G,13,17
1676,06.12.2016.,19:40:00,21,20,1,1,1,0,0,G,13,17
1677,06.12.2016.,19:45:00,21,20,1,1,1,0,0,G,13,17
1678,06.12.2016.,19:50:00,21,20,1,1,1,0,0,G,13,17
1679,06.12.2016.,19:55:00,21,20,1,1,1,0,0,G,13,17
1680,06.12.2016.,20:00:00,21,20,1,1,1,0,0,G,13,17
1681,06.12.2016.,20:05:00,21,20,1,1,1,0,0,G,13,17
1682,06.12.2016.,20:10:00,21,20,1,1,1,0,0,G,13,17
1683,06.12.2016.,20:15:00,21,20,1,1,1,0,0,G,13,17
1684,06.12.2016.,20:20:00,21,20,1,1,1,0,0,G,13,17
1685,06.12.2016.,20:25:00,21,20,1,1,1,0,0,G,13,17
1686,06.12.2016.,20:30:00,21,20,1,1,1,0,0,G,13,17
1687,06.12.2016.,20:35:00,21,20,1,1,1,0,0,G,13,17
1688,06.12.2016.,20:40:00,21,20,1,1,1,0,0,G,13,17
1689,06.12.2016.,20:45:00,21,20,1,1,1,0,0,G,13,17
1690,06.12.2016.,20:50:00,21,20,1,1,1,0,0,G,13,17
1691,06.12.2016.,20:55:00,21,20,1,1,1,0,0,G,13,17
1692,06.12.2016.,21:00:00,21,20,1,1,1,0,0,G,13,17
1693,06.12.2016.,21:05:00,21,20,1,1,1,0,0,G,13,17
1694,06.12.2016.,21:10:00,21,20,1,1,1,0,0,G,13,17
1695,06.12.2016.,21:15:00,21,20,1,1,1,0,0,G,13,17
1696,06.12.2016.,21:20:00,21,20,1,1,1,0,0,G,13,17
1697,06.12.2016.,21:25:00,21,20,1,1,1,0,0,G,13,17
1698,06.12.2016.,21:30:00,21,20,1,1,1,0,0,G,13,17
1699,06.12.2016.,21:35:00,21,20,1,1,1,0,0,G,13,17
1700,06.12.2016.,21:40:00,21,20,1,1,1,0,0,G,13,17
1701,06.12.2016.,21:45:00,21,20,1,1,1,0,0,G,13,17
1702,06.12.2016.,21:50:00,21,20,1,1,1,0,0,G,13,17
1703,06.12.2016.,21:55:00,21,20,1,1,1,0,0,G,13,17
1704,06.12.2016.,22:00:00,21,20,1,1,1,0,0,G,13,18
1705,06.12.2016.,22:05:00,21,20,1,1,1,0,0,G,13,17
1706,06.12.2016.,22:10:00,21,20,1,1,1,0,0,G,13,17
1707,06.12.2016.,22:15:00,21,20,1,1,1,0,0,G,13,17
1708,06.12.2016.,22:20:00,21,20,1,1,1,0,0,G,13,17
1709,06.12.2016.,22:25:00,21,20,1,1,1,0,0,G,13,17
1710,06.12.2016.,22:30:00,21,20,1,1,1,0,0,G,13,17
1711,06.12.2016.,22:35:00,21,20,1,1,1,0,0,G,13,17
1712,06.12.2016.,22:40:00,21,20,1,1,1,0,0,G,13,17
1713,06.12.2016.,22:45:00,21,20,1,1,1,0,0,G,13,17
1714,06.12.2016.,22:50:00,21,20,1,1,1,0,0,G,13,18
1715,06.12.2016.,22:55:00,21,20,1,1,1,0,0,G,13,17
1716,06.12.2016.,23:00:00,21,20,1,1,1,0,0,G,13,17
1717,06.12.2016.,23:05:00,21,20,1,1,1,0,0,G,13,17
1718,06.12.2016.,23:10:00,21,20,1,1,1,0,0,G,13,17
1719,06.12.2016.,23:15:00,21,20,1,1,1,0,0,G,13,17
1720,06.12.2016.,23:20:00,21,20,1,1,1,0,0,G,13,17
1721,06.12.2016.,23:25:00,21,20,1,1,1,0,0,G,13,17
1722,06.12.2016.,23:30:00,21,20,1,1,1,0,0,G,13,17
1723,06.12.2016.,23:35:00,21,20,1,1,1,0,0,G,13,17
1724,06.12.2016.,23:40:00,21,20,1,1,1,0,0,G,13,17
1725,06.12.2016.,23:45:00,21,20,1,1,1,0,0,G,13,17
1726,06.12.2016.,23:50:00,21,20,1,1,1,0,0,G,13,17
1727,06.12.2016.,23:55:00,21,20,1,1,1,0,0,G,13,17
1728,07.12.2016.,00:00:00,21,20,1,1,1,0,0,G,13,17
1729,07.12.2016.,00:05:00,21,20,1,1,1,0,0,G,13,17
1730,07.12.2016.,00:10:00,21,20,1,1,1,0,0,G,13,17
1731,07.12.2016.,00:15:00,21,20,1,1,1,0,0,G,13,17
1732,07.12.2016.,00:20:00,21,20,1,1,1,0,0,G,13,17
1733,07.12.2016.,00:25:00,21,20,1,1,1,0,0,G,13,17
1734,07.12.2016.,00:30:00,21,20,1,1,1,0,0,G,13,17
1735,07.12.2016.,00:35:00,21,20,1,1,1,0,0,G,13,17
1736,07.12.2016.,00:40:00,21,20,1,1,1,0,0,G,13,18
1737,07.12.2016.,00:45:00,21,20,1,1,1,0,0,G,13,17
1738,07.12.2016.,00:50:00,21,20,1,1,1,0,0,G,13,17
1739,07.12.2016.,00:55:00,21,20,1,1,1,0,0,G,13,17
1740,07.12.2016.,01:00:00,21,20,1,1,1,0,0,G,13,17
1741,07.12.2016.,01:05:00,21,20,1,0,1,0,0,G,13,17
1742,07.12.2016.,01:10:00,21,20,1,0,1,0,0,G,13,18
1743,07.12.2016.,01:15:00,21,20,1,0,1,0,0,G,13,17
1744,07.12.2016.,01:20:00,21,20,1,0,1,0,0,G,13,17
1745,07.12.2016.,01:25:00,21,20,1,0,1,0,0,G,13,17
1746,07.12.2016.,01:30:00,21,20,1,0,1,0,0,G,13,17
1747,07.12.2016.,01:35:00,21,20,1,0,1,0,0,G,13,17
1748,07.12.2016.,01:40:00,21,20,1,0,1,0,0,G,13,17
1749,07.12.2016.,01:45:00,21,20,1,0,1,0,0,G,13,17
1750,07.12.2016.,01:50:00,21,20,1,0,1,0,0,G,13,17
1751,07.12.2016.,01:55:00,21,20,1,0,1,0,0,G,13,17
1752,07.12.2016.,02:00:00,21,20,1,0,1,0,0,G,13,17
1753,07.12.2016.,02:05:00,21,20,1,0,1,0,0,G,13,17
1754,07.12.2016.,02:10:00,21,20,1,0,1,0,0,G,13,17
1755,07.12.2016.,02:15:00,21,20,1,0,1,0,0,G,13,17
1756,07.12.2016.,02:20:00,21,20,1,0,1,0,0,G,13,17
1757,07.12.2016.,02:25:00,21,20,1,0,1,0,0,G,13,17
1758,07.12.2016.,02:30:00,21,20,1,0,1,0,0,G,13,17
1759,07.12.2016.,02:35:00,21,20,1,0,1,0,0,G,13,17
1760,07.12.2016.,02:40:00,21,20,1,0,1,0,0,G,13,17
1761,07.12.2016.,02:45:00,21,20,1,1,1,0,0,G,13,17
1762,07.12.2016.,02:50:00,21,20,1,1,1,0,0,G,13,17
1763,07.12.2016.,02:55:00,21,20,1,1,1,0,0,G,13,17
1764,07.12.2016.,03:00:00,21,20,1,1,1,0,0,G,13,17
1765,07.12.2016.,03:05:00,21,20,1,1,1,0,0,G,13,17
1766,07.12.2016.,03:10:00,21,20,1,1,1,0,0,G,13,17
1767,07.12.2016.,03:15:00,21,20,1,1,1,0,0,G,13,17
1768,07.12.2016.,03:20:00,21,20,1,1,1,0,0,G,13,17
1769,07.12.2016.,03:25:00,21,20,1,1,1,0,0,G,13,17
1770,07.12.2016.,03:30:00,21,20,1,1,1,0,0,G,13,17
1771,07.12.2016.,03:35:00,21,20,1,1,1,0,0,G,13,17
1772,07.12.2016.,03:40:00,21,20,1,1,1,0,0,G,13,17
1773,07.12.2016.,03:45:00,21,20,1,1,1,0,0,G,13,17
1774,07.12.2016.,03:50:00,21,20,1,1,1,0,0,G,13,17
1775,07.12.2016.,03:55:00,21,20,1,1,1,0,0,G,13,17
1776,07.12.2016.,04:00:00,21,20,1,1,1,0,0,G,13,17
1777,07.12.2016.,04:05:00,21,20,1,1,1,0,0,G,13,17
1778,07.12.2016.,04:10:00,21,20,1,1,1,0,0,G,13,17
1779,07.12.2016.,04:15:00,21,20,1,1,1,0,0,G,13,17
1780,07.12.2016.,04:20:00,21,20,1,1,1,0,0,G,13,17
1781,07.12.2016.,04:25:00,21,20,1,1,1,0,0,G,13,17
1782,07.12.2016.,04:30:00,21,20,1,1,1,0,0,G,13,17
1783,07.12.2016.,04:35:00,21,20,1,1,1,0,0,G,13,17
1784,07.12.2016.,04:40:00,21,20,1,1,1,0,0,G,13,17
1785,07.12.2016.,04:45:00,21,20,1,1,1,0,0,G,13,17
1786,07.12.2016.,04:50:00,21,20,1,1,1,0,0,G,13,17
1787,07.12.2016.,04:55:00,21,20,1,1,1,0,0,G,13,17
1788,07.12.2016.,05:00:00,21,20,1,1,1,0,0,G,13,17
1789,07.12.2016.,05:05:00,21,20,1,1,1,0,0,G,13,17
1790,07.12.2016.,05:10:00,21,20,1,1,1,0,0,G,13,17
1791,07.12.2016.,05:15:00,21,20,1,1,1,0,0,G,13,17
1792,07.12.2016.,05:20:00,21,20,1,1,1,0,0,G,13,17
1793,07.12.2016.,05:25:00,21,20,1,1,1,0,0,G,13,17
1794,07.12.2016.,05:30:00,21,20,1,1,1,0,0,G,13,17
1795,07.12.2016.,05:35:00,21,20,1,1,1,0,0,G,13,17
1796,07.12.2016.,05:40:00,21,20,1,1,1,0,0,G,13,17
1797,07.12.2016.,05:45:00,21,20,1,1,1,0,0,G,13,17
1798,07.12.2016.,05:50:00,21,20,1,1,1,0,0,G,13,17
1799,07.12.2016.,05:55:00,21,20,1,1,1,0,0,G,13,17
1800,07.12.2016.,06:00:00,21,20,1,1,1,0,0,G,13,17
1801,07.12.2016.,06:05:00,21,20,1,1,1,0,0,G,13,17
1802,07.12.2016.,06:10:00,21,20,1,1,1,0,0,G,13,17
1803,07.12.2016.,06:15:00,21,20,1,1,1,0,0,G,13,17
1804,07.12.2016.,06:20:00,21,20,1,1,1,0,0,G,13,17
1805,07.12.2016.,06:25:00,21,20,1,1,1,0,0,G,13,17
1806,07.12.2016.,06:30:00,21,20,1,1,1,0,0,G,13,17
1807,07.12.2016.,06:35:00,21,20,1,1,1,0,0,G,13,17
1808,07.12.2016.,06:40:00,21,20,1,1,1,0,0,G,13,17
1809,07.12.2016.,06:45:00,21,20,1,1,1,0,0,G,13,17
1810,07.12.2016.,06:50:00,21,20,1,1,1,0,0,G,13,17
1811,07.12.2016.,06:55:00,21,20,1,1,1,0,0,G,13,17
1812,07.12.2016.,07:00:00,21,20,1,1,1,0,0,G,13,17
1813,07.12.2016.,07:05:00,21,20,1,1,1,0,0,G,13,17
1814,07.12.2016.,07:10:00,21,20,1,1,1,0,0,G,13,17
1815,07.12.2016.,07:15:00,21,20,1,1,1,0,0,G,13,17
1816,07.12.2016.,07:20:00,21,20,1,1,1,0,0,G,13,17
1817,07.12.2016.,07:25:00,21,20,1,1,1,0,0,G,13,17
1818,07.12.2016.,07:30:00,21,20,1,1,1,0,0,G,13,17
1819,07.12.2016.,07:35:00,21,20,1,1,1,0,0,G,13,17
1820,07.12.2016.,07:40:00,21,20,1,1,1,0,0,G,13,17
1821,07.12.2016.,07:45:00,21,20,1,1,1,0,0,G,13,17
1822,07.12.2016.,07:50:00,21,20,1,1,1,0,0,G,13,17
1823,07.12.2016.,07:55:00,21,20,1,1,1,0,0,G,13,17
1824,07.12.2016.,08:00:00,21,20,1,1,1,0,0,G,13,17
1825,07.12.2016.,08:05:00,21,20,1,1,1,0,0,G,13,17
1826,07.12.2016.,08:10:00,21,20,1,1,1,0,0,G,13,17
1827,07.12.2016.,08:15:00,21,20,1,1,1,0,0,G,13,17
1828,07.12.2016.,08:20:00,21,20,1,1,1,0,0,G,13,17
1829,07.12.2016.,08:25:00,21,20,1,1,1,0,0,G,13,17
1830,07.12.2016.,08:30:00,21,20,1,1,1,0,0,G,13,17
1831,07.12.2016.,08:35:00,21,20,1,1,1,0,0,G,13,17
1832,07.12.2016.,08:40:00,21,20,1,1,1,0,0,G,13,17
1833,07.12.2016.,08:45:00,21,20,1,1,1,0,0,G,13,17
1834,07.12.2016.,08:50:00,21,20,1,1,1,0,0,G,13,17
1835,07.12.2016.,08:55:00,21,20,1,1,1,0,0,G,13,17
1836,07.12.2016.,09:00:00,21,20,1,1,1,0,0,G,13,17
1837,07.12.2016.,09:05:00,21,20,1,1,1,0,0,G,13,17
1838,07.12.2016.,09:10:00,21,20,1,1,1,0,0,G,13,17
1839,07.12.2016.,09:15:00,21,20,1,1,1,0,0,G,13,17
1840,07.12.2016.,09:20:00,21,20,1,1,1,0,0,G,13,17
1841,07.12.2016.,09:25:00,21,20,1,1,1,0,0,G,13,17
1842,07.12.2016.,09:30:00,21,20,1,1,1,0,0,G,13,17
1843,07.12.2016.,09:35:00,21,20,1,1,1,0,0,G,13,17
1844,07.12.2016.,09:40:00,21,20,1,1,1,0,0,G,13,17
1845,07.12.2016.,09:45:00,21,20,1,1,1,0,0,G,13,17
1846,07.12.2016.,09:50:00,21,20,1,1,1,0,0,G,13,17
1847,07.12.2016.,09:55:00,21,20,1,1,1,0,0,G,13,17
1848,07.12.2016.,10:00:00,21,20,1,1,1,0,0,G,13,17
1849,07.12.2016.,10:05:00,21,20,1,1,1,0,0,G,13,17
1850,07.12.2016.,10:10:00,21,20,1,1,1,0,0,G,13,17
1851,07.12.2016.,10:15:00,21,20,1,1,1,0,0,G,13,17
1852,07.12.2016.,10:20:00,21,20,1,1,1,0,0,G,13,17
1853,07.12.2016.,10:25:00,21,20,1,1,1,0,0,G,13,17
1854,07.12.2016.,10:30:00,21,20,1,1,1,0,0,G,13,17
1855,07.12.2016.,10:35:00,21,20,1,1,1,0,0,G,13,17
1856,07.12.2016.,10:40:00,21,20,1,1,1,0,0,G,13,17
1857,07.12.2016.,10:45:00,21,20,1,1,1,0,0,G,13,17
1858,07.12.2016.,10:50:00,21,20,1,1,1,0,0,G,13,17
1859,07.12.2016.,10:55:00,21,20,1,1,1,0,0,G,13,17
1860,07.12.2016.,11:00:00,21,20,1,1,1,0,0,G,13,17
1861,07.12.2016.,11:05:00,21,20,1,1,1,0,0,G,13,17
1862,07.12.2016.,11:10:00,21,20,1,1,1,0,0,G,13,18
1863,07.12.2016.,11:15:00,21,20,1,1,1,0,0,G,13,17
1864,07.12.2016.,11:20:00,21,20,1,1,1,0,0,G,13,17
1865,07.12.2016.,11:25:00,21,20,1,1,1,0,0,G,13,17
1866,07.12.2016.,11:30:00,21,20,1,1,1,0,0,G,13,17
1867,07.12.2016.,11:35:00,21,20,1,1,1,0,0,G,13,17
1868,07.12.2016.,11:40:00,21,20,1,1,1,0,0,G,13,17
1869,07.12.2016.,11:45:00,21,20,1,1,1,0,0,G,13,17
1870,07.12.2016.,11:50:00,21,20,1,1,1,0,0,G,13,17
1871,07.12.2016.,11:55:00,21,20,1,1,1,0,0,G,13,17
1872,07.12.2016.,12:00:00,21,20,1,1,1,0,0,G,13,17
1873,07.12.2016.,12:05:00,21,20,1,1,1,0,0,G,13,17
1874,07.12.2016.,12:10:00,21,20,1,1,1,0,0,G,13,17
1875,07.12.2016.,12:15:00,21,20,1,1,1,0,0,G,13,17
1876,07.12.2016.,12:20:00,21,20,1,1,1,0,0,G,13,17
1877,07.12.2016.,12:25:00,21,20,1,1,1,0,0,G,13,17
1878,07.12.2016.,12:30:00,21,20,1,1,1,0,0,G,13,17
1879,07.12.2016.,12:35:00,21,20,1,1,1,0,0,G,13,17
1880,07.12.2016.,12:40:00,21,20,1,1,1,0,0,G,13,17
1881,07.12.2016.,12:45:00,21,20,1,1,1,0,0,G,13,17
1882,07.12.2016.,12:50:00,21,20,1,1,1,0,0,G,13,17
1883,07.12.2016.,12:55:00,21,20,1,1,1,0,0,G,13,17
1884,07.12.2016.,13:00:00,21,20,1,1,1,0,0,G,13,17
1885,07.12.2016.,13:05:00,21,20,1,1,1,0,0,G,13,17
1886,07.12.2016.,13:10:00,21,20,1,1,1,0,0,G,13,17
1887,07.12.2016.,13:15:00,21,20,1,1,1,0,0,G,13,17
1888,07.12.2016.,13:20:00,21,20,1,1,1,0,0,G,13,17
1889,07.12.2016.,13:25:00,21,20,1,1,1,0,0,G,13,17
1890,07.12.2016.,13:30:00,21,20,1,1,1,0,0,G,13,17
1891,07.12.2016.,13:35:00,21,20,1,1,1,0,0,G,13,17
1892,07.12.2016.,13:40:00,21,20,1,1,1,0,0,G,13,17
1893,07.12.2016.,13:45:00,21,20,1,1,1,0,0,G,13,17
1894,07.12.2016.,13:50:00,21,20,1,1,1,0,0,G,13,17
1895,07.12.2016.,13:55:00,21,20,1,1,1,0,0,G,13,17
1896,07.12.2016.,14:00:00,21,20,1,1,1,0,0,G,13,17
1897,07.12.2016.,14:05:00,21,20,1,1,1,0,0,G,13,17
1898,07.12.2016.,14:10:00,21,20,1,1,1,0,0,G,13,17
1899,07.12.2016.,14:15:00,21,20,1,1,1,0,0,G,13,17
1900,07.12.2016.,14:20:00,21,20,1,0,1,0,0,G,13,17
1901,07.12.2016.,14:25:00,21,20,1,0,1,0,0,G,13,17
1902,07.12.2016.,14:30:00,21,20,1,0,1,0,0,G,13,17
1903,07.12.2016.,14:35:00,21,20,1,0,1,0,0,G,13,17
1904,07.12.2016.,14:40:00,21,20,1,0,1,0,0,G,13,17
1905,07.12.2016.,14:45:00,21,20,1,0,1,0,0,G,13,17
1906,07.12.2016.,14:50:00,21,20,1,0,1,0,0,G,13,17
1907,07.12.2016.,14:55:00,21,20,1,0,1,0,0,G,13,17
1908,07.12.2016.,15:00:00,21,20,1,0,1,0,0,G,13,17
1909,07.12.2016.,15:05:00,21,20,1,0,1,0,0,G,13,17
1910,07.12.2016.,15:10:00,21,20,1,0,1,0,0,G,13,18
1911,07.12.2016.,15:15:00,21,20,1,0,1,0,0,G,13,18
1912,07.12.2016.,15:20:00,21,20,1,0,1,0,0,G,13,18
1913,07.12.2016.,15:25:00,21,20,1,0,1,0,0,G,13,18
1914,07.12.2016.,15:30:00,21,20,1,0,1,0,0,G,13,18
1915,07.12.2016.,15:35:00,21,20,1,1,1,0,0,G,13,18
1916,07.12.2016.,15:40:00,21,20,1,1,1,0,0,G,13,18
1917,07.12.2016.,15:45:00,21,20,1,1,1,0,0,G,13,18
1918,07.12.2016.,15:50:00,21,20,1,0,1,0,0,G,13,18
1919,07.12.2016.,15:55:00,21,20,1,0,1,0,0,G,13,18
1920,07.12.2016.,16:00:00,21,20,1,0,1,0,0,G,13,18
1921,07.12.2016.,16:05:00,21,20,1,0,1,0,0,G,13,18
1922,07.12.2016.,16:10:00,21,20,1,0,1,0,0,G,13,18
1923,07.12.2016.,16:15:00,21,20,1,0,1,0,0,G,13,18
1924,07.12.2016.,16:20:00,21,20,1,0,1,0,0,G,13,18
1925,07.12.2016.,16:25:00,21,20,1,0,1,0,0,G,13,18
1926,07.12.2016.,16:30:00,21,20,1,0,1,0,0,G,13,18
1927,07.12.2016.,16:35:00,21,20,1,0,1,0,0,G,13,18
1928,07.12.2016.,16:40:00,21,20,1,0,1,0,0,G,13,18
1929,07.12.2016.,16:45:00,21,20,1,0,1,0,0,G,13,18
1930,07.12.2016.,16:50:00,21,20,1,0,1,0,0,G,13,18
1931,07.12.2016.,16:55:00,21,20,1,0,1,0,0,G,13,18
1932,07.12.2016.,17:00:00,21,20,1,0,1,0,0,G,13,18
1933,07.12.2016.,17:05:00,21,20,1,0,1,0,0,G,13,18
1934,07.12.2016.,17:10:00,21,20,1,0,1,0,0,G,13,18
1935,07.12.2016.,17:15:00,21,20,1,0,1,0,0,G,13,18
1936,07.12.2016.,17:20:00,21,20,1,0,1,0,0,G,13,18
1937,07.12.2016.,17:25:00,21,20,1,0,1,0,0,G,13,18
1938,07.12.2016.,17:30:00,21,20,1,0,1,0,0,G,13,18
1939,07.12.2016.,17:35:00,21,20,1,0,1,0,0,G,13,18
1940,07.12.2016.,17:40:00,21,20,1,0,1,0,0,G,13,18
1941,07.12.2016.,17:45:00,21,20,1,0,1,0,0,G,13,18
1942,07.12.2016.,17:50:00,21,20,1,1,1,0,0,G,13,18
1943,07.12.2016.,17:55:00,21,20,1,1,1,0,0,G,13,18
1944,07.12.2016.,18:00:00,21,20,1,1,1,0,0,G,13,18
1945,07.12.2016.,18:05:00,21,20,1,1,1,0,0,G,13,18
1946,07.12.2016.,18:10:00,21,20,1,1,1,0,0,G,13,18
1947,07.12.2016.,18:15:00,21,20,1,1,1,0,0,G,13,18
1948,07.12.2016.,18:20:00,21,20,1,1,1,0,0,G,13,18
1949,07.12.2016.,18:25:00,21,20,1,1,1,0,0,G,13,18
1950,07.12.2016.,18:30:00,21,20,1,1,1,0,0,G,13,18
1951,07.12.2016.,18:35:00,21,20,1,1,1,0,0,G,13,18
1952,07.12.2016.,18:40:00,21,20,1,1,1,0,0,G,13,18
1953,07.12.2016.,18:45:00,21,20,1,1,1,0,0,G,13,18
1954,07.12.2016.,18:50:00,21,20,1,1,1,0,0,G,13,18
1955,07.12.2016.,18:55:00,21,20,1,1,1,0,0,G,13,18
1956,07.12.2016.,19:00:00,21,20,1,1,1,0,0,G,13,18
1957,07.12.2016.,19:05:00,21,20,1,1,1,0,0,G,13,18
1958,07.12.2016.,19:10:00,21,20,1,1,1,0,0,G,13,18
1959,07.12.2016.,19:15:00,21,20,1,1,1,0,0,G,13,18
1960,07.12.2016.,19:20:00,21,20,1,1,1,0,0,G,13,18
1961,07.12.2016.,19:25:00,21,20,1,1,1,0,0,G,13,18
1962,07.12.2016.,19:30:00,21,20,1,1,1,0,0,G,13,18
1963,07.12.2016.,19:35:00,21,20,1,1,1,0,0,G,13,18
1964,07.12.2016.,19:40:00,21,20,1,1,1,0,0,G,13,18
1965,07.12.2016.,19:45:00,21,20,1,1,1,0,0,G,13,18
1966,07.12.2016.,19:50:00,21,20,1,1,1,0,0,G,13,18
1967,07.12.2016.,19:55:00,21,20,1,1,1,0,0,G,13,18
1968,07.12.2016.,20:00:00,21,20,1,1,1,0,0,G,13,18
1969,07.12.2016.,20:05:00,21,20,1,1,1,0,0,G,13,18
1970,07.12.2016.,20:10:00,21,20,1,1,1,0,0,G,13,18
1971,07.12.2016.,20:15:00,21,20,1,1,1,0,0,G,13,18
1972,07.12.2016.,20:20:00,21,20,1,1,1,0,0,G,13,18
1973,07.12.2016.,20:25:00,21,20,1,1,1,0,0,G,13,18
1974,07.12.2016.,20:30:00,21,20,1,1,1,0,0,G,13,18
1975,07.12.2016.,20:35:00,21,20,1,1,1,0,0,G,13,18
1976,07.12.2016.,20:40:00,21,20,1,1,1,0,0,G,13,18
1977,07.12.2016.,20:45:00,21,20,1,1,1,0,0,G,13,18
1978,07.12.2016.,20:50:00,21,20,1,1,1,0,0,G,13,18
1979,07.12.2016.,20:55:00,21,20,1,1,1,0,0,G,13,18
1980,07.12.2016.,21:00:00,21,20,1,1,1,0,0,G,13,18
1981,07.12.2016.,21:05:00,21,20,1,1,1,0,0,G,13,18
1982,07.12.2016.,21:10:00,21,20,1,1,1,0,0,G,13,18
1983,07.12.2016.,21:15:00,21,20,1,1,1,0,0,G,13,18
1984,07.12.2016.,21:20:00,21,20,1,1,1,0,0,G,13,18
1985,07.12.2016.,21:25:00,21,20,1,1,1,0,0,G,13,18
1986,07.12.2016.,21:30:00,21,20,1,1,1,0,0,G,13,18
1987,07.12.2016.,21:35:00,21,20,1,1,1,0,0,G,13,18
1988,07.12.2016.,21:40:00,21,20,1,1,1,0,0,G,13,18
1989,07.12.2016.,21:45:00,21,20,1,1,1,0,0,G,13,18
1990,07.12.2016.,21:50:00,21,20,1,1,1,0,0,G,13,18
1991,07.12.2016.,21:55:00,21,20,1,1,1,0,0,G,13,18
1992,07.12.2016.,22:00:00,21,20,1,1,1,0,0,G,13,18
1993,07.12.2016.,22:05:00,21,20,1,1,1,0,0,G,13,18
1994,07.12.2016.,22:10:00,21,20,1,1,1,0,0,G,13,18
1995,07.12.2016.,22:15:00,21,20,1,1,1,0,0,G,13,18
1996,07.12.2016.,22:20:00,21,20,1,1,1,0,0,G,13,18
1997,07.12.2016.,22:25:00,21,20,1,1,1,0,0,G,13,18
1998,07.12.2016.,22:30:00,21,20,1,1,1,0,0,G,13,18
1999,07.12.2016.,22:35:00,21,20,1,1,1,0,0,G,13,18
2000,07.12.2016.,22:40:00,21,20,1,1,1,0,0,G,13,18
2001,07.12.2016.,22:45:00,21,20,1,1,1,0,0,G,13,18
2002,07.12.2016.,22:50:00,21,20,1,1,1,0,0,G,13,18
2003,07.12.2016.,22:55:00,21,20,1,1,1,0,0,G,13,18
2004,07.12.2016.,23:00:00,21,20,1,1,1,0,0,G,13,18
2005,07.12.2016.,23:05:00,21,20,1,1,1,0,0,G,13,18
2006,07.12.2016.,23:10:00,21,20,1,1,1,0,0,G,13,18
2007,07.12.2016.,23:15:00,21,20,1,1,1,0,0,G,13,18
2008,07.12.2016.,23:20:00,21,20,1,1,1,0,0,G,13,18
2009,07.12.2016.,23:25:00,21,20,1,1,1,0,0,G,13,18
2010,07.12.2016.,23:30:00,21,20,1,1,1,0,0,G,13,18
2011,07.12.2016.,23:35:00,21,20,1,1,1,0,0,G,13,18
2012,07.12.2016.,23:40:00,21,20,1,1,1,0,0,G,13,18
2013,07.12.2016.,23:45:00,21,20,1,1,1,0,0,G,13,18
2014,07.12.2016.,23:50:00,21,20,1,1,1,0,0,G,13,18
2015,07.12.2016.,23:55:00,21,20,1,1,1,0,0,G,13,18
2016,08.12.2016.,00:00:00,21,20,1,0,1,0,0,G,13,18
2017,08.12.2016.,00:05:00,21,20,1,0,1,0,0,G,13,18
2018,08.12.2016.,00:10:00,21,20,1,0,1,0,0,G,13,18
2019,08.12.2016.,00:15:00,21,20,1,0,1,0,0,G,13,18
2020,08.12.2016.,00:20:00,21,20,1,0,1,0,0,G,13,18
2021,08.12.2016.,00:25:00,21,20,1,0,1,0,0,G,13,18
2022,08.12.2016.,00:30:00,21,20,1,0,1,0,0,G,13,18
2023,08.12.2016.,00:35:00,21,20,1,0,1,0,0,G,13,18
2024,08.12.2016.,00:40:00,21,20,1,0,1,0,0,G,13,18
2025,08.12.2016.,00:45:00,21,20,1,0,1,0,0,G,13,18
2026,08.12.2016.,00:50:00,21,20,1,0,1,0,0,G,13,18
2027,08.12.2016.,00:55:00,21,20,1,0,1,0,0,G,13,18
2028,08.12.2016.,01:00:00,21,20,1,0,1,0,0,G,13,18
2029,08.12.2016.,01:05:00,21,20,1,0,1,0,0,G,13,18
2030,08.12.2016.,01:10:00,21,20,1,0,1,0,0,G,13,18
2031,08.12.2016.,01:15:00,21,20,1,0,1,0,0,G,13,18
2032,08.12.2016.,01:20:00,21,20,1,0,1,0,0,G,13,18
2033,08.12.2016.,01:25:00,21,20,1,0,1,0,0,G,13,18
2034,08.12.2016.,01:30:00,21,20,1,0,1,0,0,G,13,18
2035,08.12.2016.,01:35:00,21,20,1,0,1,0,0,G,13,18
2036,08.12.2016.,01:40:00,21,20,1,0,1,0,0,G,13,18
2037,08.12.2016.,01:45:00,21,20,1,0,1,0,0,G,13,18
2038,08.12.2016.,01:50:00,21,20,1,0,1,0,0,G,13,18
2039,08.12.2016.,01:55:00,21,20,1,0,1,0,0,G,13,18
2040,08.12.2016.,02:00:00,21,20,1,0,1,0,0,G,13,18
2041,08.12.2016.,02:05:00,21,20,1,0,1,0,0,G,13,18
2042,08.12.2016.,02:10:00,21,20,1,0,1,0,0,G,13,18
2043,08.12.2016.,02:15:00,21,20,1,1,1,0,0,G,13,18
2044,08.12.2016.,02:20:00,21,20,1,1,1,0,0,G,13,18
2045,08.12.2016.,02:25:00,21,20,1,1,1,0,0,G,13,18
2046,08.12.2016.,02:30:00,21,20,1,1,1,0,0,G,13,18
2047,08.12.2016.,02:35:00,21,20,1,1,1,0,0,G,13,18
2048,08.12.2016.,02:40:00,21,20,1,1,1,0,0,G,13,18
2049,08.12.2016.,02:45:00,21,20,1,1,1,0,0,G,13,18
2050,08.12.2016.,02:50:00,21,20,1,1,1,0,0,G,13,17
2051,08.12.2016.,02:55:00,21,20,1,1,1,0,0,G,13,17
2052,08.12.2016.,03:00:00,21,20,1,1,1,0,0,G,13,17
2053,08.12.2016.,03:05:00,21,20,1,1,1,0,0,G,13,17
2054,08.12.2016.,03:10:00,21,20,1,1,1,0,0,G,13,17
2055,08.12.2016.,03:15:00,21,20,1,1,1,0,0,G,13,17
2056,08.12.2016.,03:20:00,21,20,1,1,1,0,0,G,13,17
2057,08.12.2016.,03:25:00,21,20,1,1,1,0,0,G,13,17
2058,08.12.2016.,03:30:00,21,20,1,1,1,0,0,G,13,17
2059,08.12.2016.,03:35:00,21,20,1,1,1,0,0,G,13,17
2060,08.12.2016.,03:40:00,21,20,1,1,1,0,0,G,13,17
2061,08.12.2016.,03:45:00,21,20,1,1,1,0,0,G,13,17
2062,08.12.2016.,03:50:00,21,20,1,1,1,0,0,G,13,17
2063,08.12.2016.,03:55:00,21,20,1,1,1,0,0,G,13,17
2064,08.12.2016.,04:00:00,21,20,1,1,1,0,0,G,13,17
2065,08.12.2016.,04:05:00,21,20,1,1,1,0,0,G,13,17
2066,08.12.2016.,04:10:00,21,20,1,1,1,0,0,G,13,17
2067,08.12.2016.,04:15:00,21,20,1,1,1,0,0,G,13,17
2068,08.12.2016.,04:20:00,21,20,1,1,1,0,0,G,13,17
2069,08.12.2016.,04:25:00,21,20,1,1,1,0,0,G,13,17
2070,08.12.2016.,04:30:00,21,20,1,1,1,0,0,G,13,17
2071,08.12.2016.,04:35:00,21,20,1,1,1,0,0,G,13,17
2072,08.12.2016.,04:40:00,21,20,1,1,1,0,0,G,13,17
2073,08.12.2016.,04:45:00,21,20,1,1,1,0,0,G,13,17
2074,08.12.2016.,04:50:00,21,20,1,1,1,0,0,G,13,17
2075,08.12.2016.,04:55:00,21,20,1,1,1,0,0,G,13,17
2076,08.12.2016.,05:00:00,21,20,1,1,1,0,0,G,13,17
2077,08.12.2016.,05:05:00,21,20,1,1,1,0,0,G,13,17
2078,08.12.2016.,05:10:00,21,20,1,1,1,0,0,G,13,17
2079,08.12.2016.,05:15:00,21,20,1,1,1,0,0,G,13,17
2080,08.12.2016.,05:20:00,21,20,1,1,1,0,0,G,13,17
2081,08.12.2016.,05:25:00,21,20,1,1,1,0,0,G,13,17
2082,08.12.2016.,05:30:00,21,20,1,1,1,0,0,G,13,17
2083,08.12.2016.,05:35:00,21,20,1,1,1,0,0,G,13,17
2084,08.12.2016.,05:40:00,21,20,1,1,1,0,0,G,13,17
2085,08.12.2016.,05:45:00,21,20,1,1,1,0,0,G,13,17
2086,08.12.2016.,05:50:00,21,20,1,1,1,0,0,G,13,17
2087,08.12.2016.,05:55:00,21,20,1,1,1,0,0,G,13,17
2088,08.12.2016.,06:00:00,21,20,1,1,1,0,0,G,13,17
2089,08.12.2016.,06:05:00,21,20,1,1,1,0,0,G,13,17
2090,08.12.2016.,06:10:00,21,20,1,1,1,0,0,G,13,17
2091,08.12.2016.,06:15:00,21,20,1,1,1,0,0,G,13,17
2092,08.12.2016.,06:20:00,21,20,1,1,1,0,0,G,13,17
2093,08.12.2016.,06:25:00,21,20,1,1,1,0,0,G,13,17
2094,08.12.2016.,06:30:00,21,20,1,1,1,0,0,G,13,17
2095,08.12.2016.,06:35:00,21,20,1,1,1,0,0,G,13,17
2096,08.12.2016.,06:40:00,21,20,1,1,1,0,0,G,13,17
2097,08.12.2016.,06:45:00,21,20,1,1,1,0,0,G,13,17
2098,08.12.2016.,06:50:00,21,20,1,1,1,0,0,G,13,17
2099,08.12.2016.,06:55:00,21,20,1,1,1,0,0,G,13,17
2100,08.12.2016.,07:00:00,21,20,1,1,1,0,0,G,13,17
2101,08.12.2016.,07:05:00,21,20,1,1,1,0,0,G,13,17
2102,08.12.2016.,07:10:00,21,20,1,1,1,0,0,G,13,17
2103,08.12.2016.,07:15:00,21,20,1,1,1,0,0,G,13,17
2104,08.12.2016.,07:20:00,21,20,1,1,1,0,0,G,13,17
2105,08.12.2016.,07:25:00,21,20,1,1,1,0,0,G,13,17
2106,08.12.2016.,07:30:00,21,20,1,1,1,0,0,G,13,17
2107,08.12.2016.,07:35:00,21,20,1,1,1,0,0,G,13,17
2108,08.12.2016.,07:40:00,21,20,1,1,1,0,0,G,13,17
2109,08.12.2016.,07:45:00,21,20,1,1,1,0,0,G,13,17
2110,08.12.2016.,07:50:00,21,20,1,1,1,0,0,G,13,17
2111,08.12.2016.,07:55:00,21,20,1,1,1,0,0,G,13,17
2112,08.12.2016.,08:00:00,21,20,1,1,1,0,0,G,13,17
2113,08.12.2016.,08:05:00,21,20,1,1,1,0,0,G,13,17
2114,08.12.2016.,08:10:00,21,20,1,1,1,0,0,G,13,17
2115,08.12.2016.,08:15:00,21,20,1,1,1,0,0,G,13,17
2116,08.12.2016.,08:20:00,21,20,1,1,1,0,0,G,13,17
2117,08.12.2016.,08:25:00,21,20,1,1,1,0,0,G,13,17
2118,08.12.2016.,08:30:00,21,20,1,1,1,0,0,G,13,17
2119,08.12.2016.,08:35:00,21,20,1,1,1,0,0,G,13,17
2120,08.12.2016.,08:40:00,21,20,1,1,1,0,0,G,13,17
2121,08.12.2016.,08:45:00,21,20,1,1,1,0,0,G,13,17
2122,08.12.2016.,08:50:00,21,20,1,1,1,0,0,G,13,17
2123,08.12.2016.,08:55:00,21,20,1,1,1,0,0,G,13,17
2124,08.12.2016.,09:00:00,21,20,1,1,1,0,0,G,13,17
2125,08.12.2016.,09:05:00,21,20,1,1,1,0,0,G,13,17
2126,08.12.2016.,09:10:00,21,20,1,1,1,0,0,G,13,17
2127,08.12.2016.,09:15:00,21,20,1,1,1,0,0,G,13,17
2128,08.12.2016.,09:20:00,21,20,1,1,1,0,0,G,13,17
2129,08.12.2016.,09:25:00,21,20,1,1,1,0,0,G,13,17
2130,08.12.2016.,09:30:00,21,20,1,1,1,0,0,G,13,17
2131,08.12.2016.,09:35:00,21,20,1,1,1,0,0,G,13,17
2132,08.12.2016.,09:40:00,21,20,1,1,1,0,0,G,13,17
2133,08.12.2016.,09:45:00,21,20,1,1,1,0,0,G,13,17
2134,08.12.2016.,09:50:00,21,20,1,1,1,0,0,G,13,17
2135,08.12.2016.,09:55:00,21,20,1,1,1,0,0,G,13,17
2136,08.12.2016.,10:00:00,21,20,1,1,1,0,0,G,13,17
2137,08.12.2016.,10:05:00,21,20,1,1,1,0,0,G,13,17
2138,08.12.2016.,10:10:00,21,20,1,1,1,0,0,G,13,17
2139,08.12.2016.,10:15:00,21,20,1,1,1,0,0,G,13,17
2140,08.12.2016.,10:20:00,21,20,1,1,1,0,0,G,13,17
2141,08.12.2016.,10:25:00,21,20,1,0,1,0,0,G,13,17
2142,08.12.2016.,10:30:00,21,21,1,0,1,0,0,G,13,17
2143,08.12.2016.,10:35:00,21,21,1,0,1,0,0,G,13,17
2144,08.12.2016.,10:40:00,21,21,1,0,1,0,0,G,13,17
2145,08.12.2016.,10:45:00,21,21,1,0,1,0,0,G,13,17
2146,08.12.2016.,10:50:00,21,21,1,0,1,0,0,G,13,17
2147,08.12.2016.,10:55:00,21,20,1,0,1,0,0,G,13,17
2148,08.12.2016.,11:00:00,21,20,1,1,1,0,0,G,13,17
2149,08.12.2016.,11:05:00,21,20,1,1,1,0,0,G,13,17
2150,08.12.2016.,11:10:00,21,20,1,1,1,0,0,G,13,17
2151,08.12.2016.,11:15:00,21,20,1,1,1,0,0,G,13,17
2152,08.12.2016.,11:20:00,21,20,1,1,1,0,0,G,13,17
2153,08.12.2016.,11:25:00,21,20,1,1,1,0,0,G,13,17
2154,08.12.2016.,11:30:00,21,20,1,1,1,0,0,G,13,17
2155,08.12.2016.,11:35:00,21,20,1,1,1,0,0,G,13,17
2156,08.12.2016.,11:40:00,21,20,1,1,1,0,0,G,13,17
2157,08.12.2016.,11:45:00,21,20,1,1,1,0,0,G,13,17
2158,08.12.2016.,11:50:00,21,20,1,1,1,0,0,G,13,17
2159,08.12.2016.,11:55:00,21,20,1,1,1,0,0,G,13,17
2160,08.12.2016.,12:00:00,21,20,1,1,1,0,0,G,13,17
2161,08.12.2016.,12:05:00,21,20,1,1,1,0,0,G,13,17
2162,08.12.2016.,12:10:00,21,20,1,1,1,0,0,G,13,17
2163,08.12.2016.,12:15:00,21,20,1,1,1,0,0,G,13,17
2164,08.12.2016.,12:20:00,21,20,1,1,1,0,0,G,13,17
2165,08.12.2016.,12:25:00,21,20,1,1,1,0,0,G,13,17
2166,08.12.2016.,12:30:00,21,20,1,1,1,0,0,G,13,17
2167,08.12.2016.,12:35:00,21,20,1,1,1,0,0,G,13,17
2168,08.12.2016.,12:40:00,21,20,1,1,1,0,0,G,13,17
2169,08.12.2016.,12:45:00,21,20,1,1,1,0,0,G,13,17
2170,08.12.2016.,12:50:00,21,20,1,1,1,0,0,G,13,17
2171,08.12.2016.,12:55:00,21,20,1,1,1,0,0,G,13,17
2172,08.12.2016.,13:00:00,21,20,1,1,1,0,0,G,13,17
2173,08.12.2016.,13:05:00,21,20,1,1,1,0,0,G,13,17
2174,08.12.2016.,13:10:00,21,20,1,1,1,0,0,G,13,17
2175,08.12.2016.,13:15:00,21,20,1,1,1,0,0,G,13,17
2176,08.12.2016.,13:20:00,21,20,1,1,1,0,0,G,13,17
2177,08.12.2016.,13:25:00,21,20,1,1,1,0,0,G,13,17
2178,08.12.2016.,13:30:00,21,20,1,1,1,0,0,G,13,17
2179,08.12.2016.,13:35:00,21,20,1,1,1,0,0,G,13,17
2180,08.12.2016.,13:40:00,21,20,1,1,1,0,0,G,13,17
2181,08.12.2016.,13:45:00,21,20,1,1,1,0,0,G,13,17
2182,08.12.2016.,13:50:00,21,20,1,1,1,0,0,G,13,17
2183,08.12.2016.,13:55:00,21,20,1,1,1,0,0,G,13,17
2184,08.12.2016.,14:00:00,21,20,1,1,1,0,0,G,13,17
2185,08.12.2016.,14:05:00,21,20,1,1,1,0,0,G,13,17
2186,08.12.2016.,14:10:00,21,20,1,1,1,0,0,G,13,17
2187,08.12.2016.,14:15:00,21,20,1,1,1,0,0,G,13,17
2188,08.12.2016.,14:20:00,21,20,1,1,1,0,0,G,13,17
2189,08.12.2016.,14:25:00,21,20,1,1,1,0,0,G,13,17
2190,08.12.2016.,14:30:00,21,20,1,1,1,0,0,G,13,17
2191,08.12.2016.,14:35:00,21,20,1,1,1,0,0,G,13,18
2192,08.12.2016.,14:40:00,21,20,1,1,1,0,0,G,13,18
2193,08.12.2016.,14:45:00,21,20,1,1,1,0,0,G,13,18
2194,08.12.2016.,14:50:00,21,20,1,1,1,0,0,G,13,18
2195,08.12.2016.,14:55:00,21,20,1,1,1,0,0,G,13,18
2196,08.12.2016.,15:00:00,21,20,1,1,1,0,0,G,13,18
2197,08.12.2016.,15:05:00,21,20,1,1,1,0,0,G,13,18
2198,08.12.2016.,15:10:00,21,20,1,1,1,0,0,G,13,18
2199,08.12.2016.,15:15:00,21,20,1,1,1,0,0,G,13,18
2200,08.12.2016.,15:20:00,21,20,1,1,1,0,0,G,13,18
2201,08.12.2016.,15:25:00,21,20,1,1,1,0,0,G,13,18
2202,08.12.2016.,15:30:00,21,20,1,1,1,0,0,G,13,18
2203,08.12.2016.,15:35:00,21,20,1,1,1,0,0,G,13,18
2204,08.12.2016.,15:40:00,21,20,1,1,1,0,0,G,13,18
2205,08.12.2016.,15:45:00,21,20,1,1,1,0,0,G,13,18
2206,08.12.2016.,15:50:00,21,20,1,1,1,0,0,G,13,18
2207,08.12.2016.,15:55:00,21,20,1,1,1,0,0,G,13,18
2208,08.12.2016.,16:00:00,21,20,1,1,1,0,0,G,13,18
2209,08.12.2016.,16:05:00,21,20,1,0,1,0,0,G,13,18
2210,08.12.2016.,16:10:00,21,20,1,0,1,0,0,G,13,18
2211,08.12.2016.,16:15:00,21,21,1,0,0,0,0,G,13,18
2212,08.12.2016.,16:20:00,21,21,1,0,0,0,0,G,13,18
2213,08.12.2016.,16:25:00,21,21,1,0,0,0,0,G,13,18
2214,08.12.2016.,16:30:00,21,21,1,0,0,0,0,G,13,18
2215,08.12.2016.,16:35:00,21,21,1,0,0,0,0,G,13,18
2216,08.12.2016.,16:40:00,21,21,1,0,0,0,0,G,13,18
2217,08.12.2016.,16:45:00,21,21,1,0,1,0,0,G,13,18
2218,08.12.2016.,16:50:00,21,21,1,0,1,0,0,G,13,18
2219,08.12.2016.,16:55:00,21,21,1,0,1,0,0,G,13,18
2220,08.12.2016.,17:00:00,21,21,1,0,1,0,0,G,13,18
2221,08.12.2016.,17:05:00,21,21,1,0,1,0,0,G,13,18
2222,08.12.2016.,17:10:00,21,21,1,0,1,0,0,G,13,18
2223,08.12.2016.,17:15:00,21,20,1,0,1,0,0,G,13,18
2224,08.12.2016.,17:20:00,21,20,1,1,1,0,0,G,13,18
2225,08.12.2016.,17:25:00,21,20,1,1,1,0,0,G,13,18
2226,08.12.2016.,17:30:00,21,20,1,1,1,0,0,G,13,18
2227,08.12.2016.,17:35:00,21,20,1,1,1,0,0,G,13,18
2228,08.12.2016.,17:40:00,21,20,1,1,1,0,0,G,13,17
2229,08.12.2016.,17:45:00,21,20,1,1,1,0,0,G,13,17
2230,08.12.2016.,17:50:00,21,20,1,1,1,0,0,G,13,18
2231,08.12.2016.,17:55:00,21,20,1,1,1,0,0,G,13,17
2232,08.12.2016.,18:00:00,21,20,1,1,1,0,0,G,13,17
2233,08.12.2016.,18:05:00,21,20,1,1,1,0,0,G,13,17
2234,08.12.2016.,18:10:00,21,20,1,1,1,0,0,G,13,17
2235,08.12.2016.,18:15:00,21,20,1,1,1,0,0,G,13,17
2236,08.12.2016.,18:20:00,21,20,1,1,1,0,0,G,13,17
2237,08.12.2016.,18:25:00,21,20,1,1,1,0,0,G,13,17
2238,08.12.2016.,18:30:00,21,20,1,1,1,0,0,G,13,17
2239,08.12.2016.,18:35:00,21,20,1,1,1,0,0,G,13,17
2240,08.12.2016.,18:40:00,21,20,1,1,1,0,0,G,13,17
2241,08.12.2016.,18:45:00,21,20,1,1,1,0,0,G,13,17
2242,08.12.2016.,18:50:00,21,20,1,1,1,0,0,G,13,17
2243,08.12.2016.,18:55:00,21,20,1,1,1,0,0,G,13,17
2244,08.12.2016.,19:00:00,21,20,1,1,1,0,0,G,13,17
2245,08.12.2016.,19:05:00,21,20,1,1,1,0,0,G,13,17
2246,08.12.2016.,19:10:00,21,20,1,1,1,0,0,G,13,17
2247,08.12.2016.,19:15:00,21,20,1,1,1,0,0,G,13,17
2248,08.12.2016.,19:20:00,21,20,1,1,1,0,0,G,13,17
2249,08.12.2016.,19:25:00,21,20,1,1,1,0,0,G,13,17
2250,08.12.2016.,19:30:00,21,20,1,1,1,0,0,G,13,17
2251,08.12.2016.,19:35:00,21,20,1,1,1,0,0,G,13,17
2252,08.12.2016.,19:40:00,21,20,1,1,1,0,0,G,13,17
2253,08.12.2016.,19:45:00,21,20,1,1,1,0,0,G,13,17
2254,08.12.2016.,19:50:00,21,20,1,1,1,0,0,G,13,17
2255,08.12.2016.,19:55:00,21,20,1,1,1,0,0,G,13,17
2256,08.12.2016.,20:00:00,21,20,1,1,1,0,0,G,13,17
2257,08.12.2016.,20:05:00,21,20,1,1,1,0,0,G,13,17
2258,08.12.2016.,20:10:00,21,20,1,1,1,0,0,G,13,17
2259,08.12.2016.,20:15:00,21,20,1,1,1,0,0,G,13,17
2260,08.12.2016.,20:20:00,21,20,1,1,1,0,0,G,13,17
2261,08.12.2016.,20:25:00,21,20,1,1,1,0,0,G,13,17
2262,08.12.2016.,20:30:00,21,20,1,1,1,0,0,G,13,17
2263,08.12.2016.,20:35:00,21,20,1,1,1,0,0,G,13,17
2264,08.12.2016.,20:40:00,21,20,1,1,1,0,0,G,13,17
2265,08.12.2016.,20:45:00,21,20,1,1,1,0,0,G,13,17
2266,08.12.2016.,20:50:00,21,20,1,1,1,0,0,G,13,17
2267,08.12.2016.,20:55:00,21,20,1,1,1,0,0,G,13,17
2268,08.12.2016.,21:00:00,21,20,1,1,1,0,0,G,13,17
2269,08.12.2016.,21:05:00,21,20,1,1,1,0,0,G,13,17
2270,08.12.2016.,21:10:00,21,20,1,1,1,0,0,G,13,17
2271,08.12.2016.,21:15:00,21,20,1,1,1,0,0,G,13,17
2272,08.12.2016.,21:20:00,21,20,1,1,1,0,0,G,13,17
2273,08.12.2016.,21:25:00,21,20,1,1,1,0,0,G,13,17
2274,08.12.2016.,21:30:00,21,20,1,1,1,0,0,G,13,17
2275,08.12.2016.,21:35:00,21,20,1,1,1,0,0,G,13,17
2276,08.12.2016.,21:40:00,21,20,1,1,1,0,0,G,13,17
2277,08.12.2016.,21:45:00,21,20,1,1,1,0,0,G,13,17
2278,08.12.2016.,21:50:00,21,20,1,1,1,0,0,G,13,17
2279,08.12.2016.,21:55:00,21,20,1,1,1,0,0,G,13,17
2280,08.12.2016.,22:00:00,21,20,1,1,1,0,0,G,13,17
2281,08.12.2016.,22:05:00,21,20,1,1,1,0,0,G,13,17
2282,08.12.2016.,22:10:00,21,20,1,1,1,0,0,G,13,17
2283,08.12.2016.,22:15:00,21,20,1,1,1,0,0,G,13,17
2284,08.12.2016.,22:20:00,21,20,1,1,1,0,0,G,13,17
2285,08.12.2016.,22:25:00,21,20,1,1,1,0,0,G,13,17
2286,08.12.2016.,22:30:00,21,20,1,1,1,0,0,G,13,17
2287,08.12.2016.,22:35:00,21,20,1,1,1,0,0,G,13,17
2288,08.12.2016.,22:40:00,21,20,1,1,1,0,0,G,13,17
2289,08.12.2016.,22:45:00,21,20,1,1,1,0,0,G,13,17
2290,08.12.2016.,22:50:00,21,20,1,1,1,0,0,G,13,17
2291,08.12.2016.,22:55:00,21,20,1,1,1,0,0,G,13,17
2292,08.12.2016.,23:00:00,21,20,1,1,1,0,0,G,13,17
2293,08.12.2016.,23:05:00,21,20,1,1,1,0,0,G,13,17
2294,08.12.2016.,23:10:00,21,20,1,1,1,0,0,G,13,17
2295,08.12.2016.,23:15:00,21,20,1,1,1,0,0,G,13,17
2296,08.12.2016.,23:20:00,21,20,1,1,1,0,0,G,13,17
2297,08.12.2016.,23:25:00,21,20,1,1,1,0,0,G,13,17
2298,08.12.2016.,23:30:00,21,20,1,1,1,0,0,G,13,17
2299,08.12.2016.,23:35:00,21,20,1,1,1,0,0,G,13,17
2300,08.12.2016.,23:40:00,21,20,1,1,1,0,0,G,13,17
2301,08.12.2016.,23:45:00,21,20,1,1,1,0,0,G,13,17
2302,08.12.2016.,23:50:00,21,20,1,1,1,0,0,G,13,17
2303,08.12.2016.,23:55:00,21,20,1,1,1,0,0,G,13,17
2304,09.12.2016.,00:00:00,21,20,1,1,1,0,0,G,13,17
2305,09.12.2016.,00:05:00,21,20,1,0,1,0,0,G,13,17
2306,09.12.2016.,00:10:00,21,20,1,0,1,0,0,G,13,17
2307,09.12.2016.,00:15:00,21,20,1,0,1,0,0,G,13,17
2308,09.12.2016.,00:20:00,21,20,1,0,1,0,0,G,13,17
2309,09.12.2016.,00:25:00,21,20,1,0,1,0,0,G,13,17
2310,09.12.2016.,00:30:00,21,20,1,0,1,0,0,G,13,17
2311,09.12.2016.,00:35:00,21,20,1,0,1,0,0,G,13,17
2312,09.12.2016.,00:40:00,21,20,1,0,1,0,0,G,13,17
2313,09.12.2016.,00:45:00,21,20,1,0,1,0,0,G,13,17
2314,09.12.2016.,00:50:00,21,20,1,0,1,0,0,G,13,17
2315,09.12.2016.,00:55:00,21,20,1,0,1,0,0,G,13,17
2316,09.12.2016.,01:00:00,21,20,1,0,1,0,0,G,13,17
2317,09.12.2016.,01:05:00,21,20,1,0,1,0,0,G,13,17
2318,09.12.2016.,01:10:00,21,20,1,0,1,0,0,G,13,17
2319,09.12.2016.,01:15:00,21,20,1,0,1,0,0,G,13,17
2320,09.12.2016.,01:20:00,21,20,1,0,1,0,0,G,13,17
2321,09.12.2016.,01:25:00,21,20,1,0,1,0,0,G,13,17
2322,09.12.2016.,01:30:00,21,20,1,0,1,0,0,G,13,17
2323,09.12.2016.,01:35:00,21,20,1,0,1,0,0,G,13,17
2324,09.12.2016.,01:40:00,21,20,1,0,1,0,0,G,13,17
2325,09.12.2016.,01:45:00,21,20,1,0,1,0,0,G,13,17
2326,09.12.2016.,01:50:00,21,20,1,1,1,0,0,G,13,17
2327,09.12.2016.,01:55:00,21,20,1,1,1,0,0,G,13,17
2328,09.12.2016.,02:00:00,21,20,1,1,1,0,0,G,13,17
2329,09.12.2016.,02:05:00,21,20,1,1,1,0,0,G,13,17
2330,09.12.2016.,02:10:00,21,20,1,1,1,0,0,G,13,17
2331,09.12.2016.,02:15:00,21,20,1,1,1,0,0,G,13,17
2332,09.12.2016.,02:20:00,21,20,1,1,1,0,0,G,13,17
2333,09.12.2016.,02:25:00,21,20,1,1,1,0,0,G,13,17
2334,09.12.2016.,02:30:00,21,20,1,1,1,0,0,G,13,17
2335,09.12.2016.,02:35:00,21,20,1,1,1,0,0,G,13,17
2336,09.12.2016.,02:40:00,21,20,1,1,1,0,0,G,13,17
2337,09.12.2016.,02:45:00,21,20,1,1,1,0,0,G,13,17
2338,09.12.2016.,02:50:00,21,20,1,1,1,0,0,G,13,17
2339,09.12.2016.,02:55:00,21,20,1,1,1,0,0,G,13,17
2340,09.12.2016.,03:00:00,21,20,1,1,1,0,0,G,13,17
2341,09.12.2016.,03:05:00,21,20,1,1,1,0,0,G,13,17
2342,09.12.2016.,03:10:00,21,20,1,1,1,0,0,G,13,17
2343,09.12.2016.,03:15:00,21,20,1,1,1,0,0,G,13,17
2344,09.12.2016.,03:20:00,21,20,1,1,1,0,0,G,13,17
2345,09.12.2016.,03:25:00,21,20,1,1,1,0,0,G,13,17
2346,09.12.2016.,03:30:00,21,20,1,1,1,0,0,G,13,17
2347,09.12.2016.,03:35:00,21,20,1,1,1,0,0,G,13,17
2348,09.12.2016.,03:40:00,21,20,1,1,1,0,0,G,13,17
2349,09.12.2016.,03:45:00,21,20,1,1,1,0,0,G,13,17
2350,09.12.2016.,03:50:00,21,20,1,1,1,0,0,G,13,17
2351,09.12.2016.,03:55:00,21,20,1,1,1,0,0,G,13,17
2352,09.12.2016.,04:00:00,21,20,1,1,1,0,0,G,13,17
2353,09.12.2016.,04:05:00,21,20,1,1,1,0,0,G,13,17
2354,09.12.2016.,04:10:00,21,20,1,1,1,0,0,G,13,17
2355,09.12.2016.,04:15:00,21,20,1,1,1,0,0,G,13,17
2356,09.12.2016.,04:20:00,21,20,1,1,1,0,0,G,13,17
2357,09.12.2016.,04:25:00,21,20,1,1,1,0,0,G,13,17
2358,09.12.2016.,04:30:00,21,20,1,1,1,0,0,G,13,17
2359,09.12.2016.,04:35:00,21,20,1,1,1,0,0,G,13,17
2360,09.12.2016.,04:40:00,21,20,1,1,1,0,0,G,13,17
2361,09.12.2016.,04:45:00,21,20,1,1,1,0,0,G,13,17
2362,09.12.2016.,04:50:00,21,20,1,1,1,0,0,G,13,17
2363,09.12.2016.,04:55:00,21,20,1,1,1,0,0,G,13,17
2364,09.12.2016.,05:00:00,21,20,1,1,1,0,0,G,13,17
2365,09.12.2016.,05:05:00,21,20,1,1,1,0,0,G,13,17
2366,09.12.2016.,05:10:00,21,20,1,1,1,0,0,G,13,17
2367,09.12.2016.,05:15:00,21,20,1,1,1,0,0,G,13,17
2368,09.12.2016.,05:20:00,21,20,1,1,1,0,0,G,13,17
2369,09.12.2016.,05:25:00,21,20,1,1,1,0,0,G,13,17
2370,09.12.2016.,05:30:00,21,20,1,1,1,0,0,G,13,17
2371,09.12.2016.,05:35:00,21,20,1,1,1,0,0,G,13,17
2372,09.12.2016.,05:40:00,21,20,1,1,1,0,0,G,13,17
2373,09.12.2016.,05:45:00,21,20,1,1,1,0,0,G,13,17
2374,09.12.2016.,05:50:00,21,20,1,1,1,0,0,G,13,17
2375,09.12.2016.,05:55:00,21,20,1,1,1,0,0,G,13,17
2376,09.12.2016.,06:00:00,21,20,1,1,1,0,0,G,13,17
2377,09.12.2016.,06:05:00,21,20,1,1,1,0,0,G,13,17
2378,09.12.2016.,06:10:00,21,20,1,1,1,0,0,G,13,17
2379,09.12.2016.,06:15:00,21,20,1,1,1,0,0,G,13,17
2380,09.12.2016.,06:20:00,21,20,1,1,1,0,0,G,13,17
2381,09.12.2016.,06:25:00,21,20,1,1,1,0,0,G,13,17
2382,09.12.2016.,06:30:00,21,20,1,1,1,0,0,G,13,17
2383,09.12.2016.,06:35:00,21,20,1,1,1,0,0,G,13,17
2384,09.12.2016.,06:40:00,21,20,1,1,1,0,0,G,13,17
2385,09.12.2016.,06:45:00,21,20,1,1,1,0,0,G,13,17
2386,09.12.2016.,06:50:00,21,20,1,1,1,0,0,G,13,17
2387,09.12.2016.,06:55:00,21,20,1,1,1,0,0,G,13,17
2388,09.12.2016.,07:00:00,21,20,1,1,1,0,0,G,13,17
2389,09.12.2016.,07:05:00,21,20,1,1,1,0,0,G,13,17
2390,09.12.2016.,07:10:00,21,20,1,1,1,0,0,G,13,17
2391,09.12.2016.,07:15:00,21,20,1,1,1,0,0,G,13,17
2392,09.12.2016.,07:20:00,21,20,1,1,1,0,0,G,13,17
2393,09.12.2016.,07:25:00,21,20,1,1,1,0,0,G,13,17
2394,09.12.2016.,07:30:00,21,20,1,1,1,0,0,G,13,17
2395,09.12.2016.,07:35:00,21,20,1,1,1,0,0,G,13,17
2396,09.12.2016.,07:40:00,21,20,1,1,1,0,0,G,13,17
2397,09.12.2016.,07:45:00,21,20,1,1,1,0,0,G,13,17
2398,09.12.2016.,07:50:00,21,20,1,1,1,0,0,G,13,17
2399,09.12.2016.,07:55:00,21,20,1,1,1,0,0,G,13,17
2400,09.12.2016.,08:00:00,21,20,1,1,1,0,0,G,13,17
2401,09.12.2016.,08:05:00,21,20,1,1,1,0,0,G,13,17
2402,09.12.2016.,08:10:00,21,20,1,1,1,0,0,G,13,17
2403,09.12.2016.,08:15:00,21,20,1,1,1,0,0,G,13,17
2404,09.12.2016.,08:20:00,21,20,1,1,1,0,0,G,13,17
2405,09.12.2016.,08:25:00,21,20,1,1,1,0,0,G,13,17
2406,09.12.2016.,08:30:00,21,20,1,1,1,0,0,G,13,17
2407,09.12.2016.,08:35:00,21,20,1,1,1,0,0,G,13,17
2408,09.12.2016.,08:40:00,21,20,1,1,1,0,0,G,13,17
2409,09.12.2016.,08:45:00,21,20,1,1,1,0,0,G,13,17
2410,09.12.2016.,08:50:00,21,20,1,1,1,0,0,G,13,17
2411,09.12.2016.,08:55:00,21,20,1,1,1,0,0,G,13,17
2412,09.12.2016.,09:00:00,21,20,1,1,1,0,0,G,13,17
2413,09.12.2016.,09:05:00,21,20,1,1,1,0,0,G,13,17
2414,09.12.2016.,09:10:00,21,20,1,1,1,0,0,G,13,17
2415,09.12.2016.,09:15:00,21,20,1,1,1,0,0,G,13,17
2416,09.12.2016.,09:20:00,21,20,1,1,1,0,0,G,13,17
2417,09.12.2016.,09:25:00,21,20,1,1,1,0,0,G,13,17
2418,09.12.2016.,09:30:00,21,20,1,1,1,0,0,G,13,17
2419,09.12.2016.,09:35:00,21,20,1,1,1,0,0,G,13,17
2420,09.12.2016.,09:40:00,21,20,1,1,1,0,0,G,13,17
2421,09.12.2016.,09:45:00,21,20,1,1,1,0,0,G,13,17
2422,09.12.2016.,09:50:00,21,20,1,0,1,0,0,G,13,17
2423,09.12.2016.,09:55:00,21,20,1,0,1,0,0,G,13,17
2424,09.12.2016.,10:00:00,21,21,1,0,0,0,0,G,13,17
2425,09.12.2016.,10:05:00,21,21,1,0,0,0,0,G,13,17
2426,09.12.2016.,10:10:00,21,21,1,0,0,0,0,G,13,17
2427,09.12.2016.,10:15:00,23,21,1,2,1,0,0,G,16,17
2428,09.12.2016.,10:20:00,21,21,1,0,0,0,0,G,13,17
2429,09.12.2016.,10:25:00,21,21,1,0,0,0,0,G,13,17
2430,09.12.2016.,10:30:00,21,21,1,0,0,0,0,G,13,17
2431,09.12.2016.,10:35:00,21,21,1,0,0,0,0,G,13,17
2432,09.12.2016.,10:40:00,21,21,1,0,0,0,0,G,13,17
2433,09.12.2016.,10:45:00,21,21,1,0,1,0,0,G,13,17
2434,09.12.2016.,10:50:00,21,21,1,0,1,0,0,G,13,17
2435,09.12.2016.,10:55:00,21,21,1,0,1,0,0,G,13,17
2436,09.12.2016.,11:00:00,21,21,1,0,1,0,0,G,13,17
2437,09.12.2016.,11:05:00,21,21,1,0,1,0,0,G,13,17
2438,09.12.2016.,11:10:00,21,21,1,0,1,0,0,G,13,17
2439,09.12.2016.,11:15:00,21,20,1,0,1,0,0,G,13,17
2440,09.12.2016.,11:20:00,21,20,1,0,1,0,0,G,13,17
2441,09.12.2016.,11:25:00,21,20,1,0,1,0,0,G,13,17
2442,09.12.2016.,11:30:00,21,20,1,0,1,0,0,G,13,17
2443,09.12.2016.,11:35:00,21,20,1,1,1,0,0,G,13,17
2444,09.12.2016.,11:40:00,21,20,1,1,1,0,0,G,13,17
2445,09.12.2016.,11:45:00,21,20,1,1,1,0,0,G,13,17
2446,09.12.2016.,11:50:00,21,20,1,1,1,0,0,G,13,17
2447,09.12.2016.,11:55:00,21,20,1,1,1,0,0,G,13,17
2448,09.12.2016.,12:00:00,21,20,1,1,1,0,0,G,13,17
2449,09.12.2016.,12:05:00,21,20,1,1,1,0,0,G,13,17
2450,09.12.2016.,12:10:00,21,20,1,1,1,0,0,G,13,17
2451,09.12.2016.,12:15:00,21,20,1,1,1,0,0,G,13,17
2452,09.12.2016.,12:20:00,21,20,1,1,1,0,0,G,13,17
2453,09.12.2016.,12:25:00,21,20,1,1,1,0,0,G,13,17
2454,09.12.2016.,12:30:00,21,20,1,1,1,0,0,G,13,17
2455,09.12.2016.,12:35:00,21,20,1,1,1,0,0,G,13,17
2456,09.12.2016.,12:40:00,21,20,1,1,1,0,0,G,13,17
2457,09.12.2016.,12:45:00,21,20,1,1,1,0,0,G,13,17
2458,09.12.2016.,12:50:00,21,20,1,1,1,0,0,G,13,17
2459,09.12.2016.,12:55:00,21,20,1,1,1,0,0,G,13,17
2460,09.12.2016.,13:00:00,21,20,1,1,1,0,0,G,13,17
2461,09.12.2016.,13:05:00,21,20,1,1,1,0,0,G,13,17
2462,09.12.2016.,13:10:00,21,20,1,0,1,0,0,G,13,17
2463,09.12.2016.,13:15:00,21,20,1,0,1,0,0,G,13,17
2464,09.12.2016.,13:20:00,21,20,1,0,1,0,0,G,13,17
2465,09.12.2016.,13:25:00,21,20,1,0,1,0,0,G,13,17
2466,09.12.2016.,13:30:00,21,20,1,0,1,0,0,G,13,17
2467,09.12.2016.,13:35:00,21,20,1,0,1,0,0,G,13,17
2468,09.12.2016.,13:40:00,21,20,1,0,1,0,0,G,13,17
2469,09.12.2016.,13:45:00,21,21,1,0,1,0,0,G,13,17
2470,09.12.2016.,13:50:00,21,21,1,0,1,0,0,G,13,17
2471,09.12.2016.,13:55:00,21,21,1,0,1,0,0,G,13,17
2472,09.12.2016.,14:00:00,21,21,1,0,1,0,0,G,13,17
2473,09.12.2016.,14:05:00,21,21,1,0,1,0,0,G,13,18
2474,09.12.2016.,14:10:00,21,21,1,0,1,0,0,G,13,18
2475,09.12.2016.,14:15:00,21,21,1,0,1,0,0,G,13,18
2476,09.12.2016.,14:20:00,21,21,1,0,1,0,0,G,13,18
2477,09.12.2016.,14:25:00,21,21,1,0,1,0,0,G,13,18
2478,09.12.2016.,14:30:00,21,21,1,0,1,0,0,G,13,18
2479,09.12.2016.,14:35:00,21,21,1,0,1,0,0,G,13,18
2480,09.12.2016.,14:40:00,21,21,1,0,1,0,0,G,13,18
2481,09.12.2016.,14:45:00,21,21,1,0,1,0,0,G,13,18
2482,09.12.2016.,14:50:00,21,21,1,0,1,0,0,G,13,18
2483,09.12.2016.,14:55:00,21,21,1,0,1,0,0,G,13,18
2484,09.12.2016.,15:00:00,21,21,1,0,1,0,0,G,13,18
2485,09.12.2016.,15:05:00,21,20,1,0,1,0,0,G,13,18
2486,09.12.2016.,15:10:00,21,20,1,0,1,0,0,G,13,18
2487,09.12.2016.,15:15:00,21,20,1,0,1,0,0,G,13,18
2488,09.12.2016.,15:20:00,21,20,1,0,1,0,0,G,13,18
2489,09.12.2016.,15:25:00,21,20,1,0,1,0,0,G,13,18
2490,09.12.2016.,15:30:00,21,20,1,1,1,0,0,G,13,18
2491,09.12.2016.,15:35:00,21,20,1,1,1,0,0,G,13,18
2492,09.12.2016.,15:40:00,21,20,1,1,1,0,0,G,13,18
2493,09.12.2016.,15:45:00,21,20,1,1,1,0,0,G,13,18
2494,09.12.2016.,15:50:00,21,20,1,1,1,0,0,G,13,18
2495,09.12.2016.,15:55:00,21,20,1,1,1,0,0,G,13,18
2496,09.12.2016.,16:00:00,21,20,1,1,1,0,0,G,13,18
2497,09.12.2016.,16:05:00,21,20,1,1,1,0,0,G,13,18
2498,09.12.2016.,16:10:00,21,20,1,1,1,0,0,G,13,18
2499,09.12.2016.,16:15:00,21,20,1,0,1,0,0,G,13,18
2500,09.12.2016.,16:20:00,21,20,1,0,1,0,0,G,13,18
2501,09.12.2016.,16:25:00,21,20,1,0,1,0,0,G,13,18
2502,09.12.2016.,16:30:00,21,20,1,0,1,0,0,G,13,18
2503,09.12.2016.,16:35:00,21,20,1,0,1,0,0,G,13,18
2504,09.12.2016.,16:40:00,21,20,1,0,1,0,0,G,13,18
2505,09.12.2016.,16:45:00,21,20,1,0,1,0,0,G,13,18
2506,09.12.2016.,16:50:00,21,20,1,0,1,0,0,G,13,18
2507,09.12.2016.,16:55:00,21,20,1,0,1,0,0,G,13,18
2508,09.12.2016.,17:00:00,21,20,1,0,1,0,0,G,13,18
2509,09.12.2016.,17:05:00,21,20,1,0,1,0,0,G,13,18
2510,09.12.2016.,17:10:00,21,20,1,0,1,0,0,G,13,18
2511,09.12.2016.,17:15:00,21,20,1,0,1,0,0,G,13,18
2512,09.12.2016.,17:20:00,21,20,1,0,1,0,0,G,13,18
2513,09.12.2016.,17:25:00,21,20,1,1,1,0,0,G,13,18
2514,09.12.2016.,17:30:00,21,20,1,1,1,0,0,G,13,18
2515,09.12.2016.,17:35:00,21,20,1,1,1,0,0,G,13,18
2516,09.12.2016.,17:40:00,21,20,1,1,1,0,0,G,13,18
2517,09.12.2016.,17:45:00,21,20,1,1,1,0,0,G,13,18
2518,09.12.2016.,17:50:00,21,20,1,1,1,0,0,G,13,18
2519,09.12.2016.,17:55:00,21,20,1,1,1,0,0,G,13,18
2520,09.12.2016.,18:00:00,21,20,1,1,1,0,0,G,13,18
2521,09.12.2016.,18:05:00,21,20,1,1,1,0,0,G,13,18
2522,09.12.2016.,18:10:00,21,20,1,1,1,0,0,G,13,18
2523,09.12.2016.,18:15:00,21,20,1,1,1,0,0,G,13,18
2524,09.12.2016.,18:20:00,21,20,1,1,1,0,0,G,13,18
2525,09.12.2016.,18:25:00,21,20,1,1,1,0,0,G,13,18
2526,09.12.2016.,18:30:00,21,20,1,1,1,0,0,G,13,18
2527,09.12.2016.,18:35:00,21,20,1,1,1,0,0,G,13,18
2528,09.12.2016.,18:40:00,21,20,1,1,1,0,0,G,13,18
2529,09.12.2016.,18:45:00,21,20,1,1,1,0,0,G,13,18
2530,09.12.2016.,18:50:00,21,20,1,1,1,0,0,G,13,18
2531,09.12.2016.,18:55:00,21,20,1,1,1,0,0,G,13,18
2532,09.12.2016.,19:00:00,21,20,1,1,1,0,0,G,13,18
2533,09.12.2016.,19:05:00,21,20,1,1,1,0,0,G,13,18
2534,09.12.2016.,19:10:00,21,20,1,1,1,0,0,G,13,18
2535,09.12.2016.,19:15:00,21,20,1,1,1,0,0,G,13,18
2536,09.12.2016.,19:20:00,21,20,1,1,1,0,0,G,13,18
2537,09.12.2016.,19:25:00,21,20,1,1,1,0,0,G,13,18
2538,09.12.2016.,19:30:00,21,20,1,1,1,0,0,G,13,18
2539,09.12.2016.,19:35:00,21,20,1,1,1,0,0,G,13,18
2540,09.12.2016.,19:40:00,21,20,1,1,1,0,0,G,13,18
2541,09.12.2016.,19:45:00,21,20,1,1,1,0,0,G,13,18
2542,09.12.2016.,19:50:00,21,20,1,1,1,0,0,G,13,18
2543,09.12.2016.,19:55:00,21,20,1,1,1,0,0,G,13,18
2544,09.12.2016.,20:00:00,21,20,1,1,1,0,0,G,13,18
2545,09.12.2016.,20:05:00,21,20,1,1,1,0,0,G,13,18
2546,09.12.2016.,20:10:00,21,20,1,1,1,0,0,G,13,18
2547,09.12.2016.,20:15:00,21,20,1,1,1,0,0,G,13,18
2548,09.12.2016.,20:20:00,21,20,1,1,1,0,0,G,13,18
2549,09.12.2016.,20:25:00,21,20,1,1,1,0,0,G,13,18
2550,09.12.2016.,20:30:00,21,20,1,1,1,0,0,G,13,18
2551,09.12.2016.,20:35:00,21,20,1,1,1,0,0,G,13,18
2552,09.12.2016.,20:40:00,21,20,1,1,1,0,0,G,13,18
2553,09.12.2016.,20:45:00,21,20,1,1,1,0,0,G,13,18
2554,09.12.2016.,20:50:00,21,20,1,1,1,0,0,G,13,18
2555,09.12.2016.,20:55:00,21,20,1,1,1,0,0,G,13,18
2556,09.12.2016.,21:00:00,21,20,1,1,1,0,0,G,13,18
2557,09.12.2016.,21:05:00,21,20,1,1,1,0,0,G,13,18
2558,09.12.2016.,21:10:00,21,20,1,1,1,0,0,G,13,18
2559,09.12.2016.,21:15:00,21,20,1,1,1,0,0,G,13,18
2560,09.12.2016.,21:20:00,21,20,1,1,1,0,0,G,13,18
2561,09.12.2016.,21:25:00,21,20,1,1,1,0,0,G,13,18
2562,09.12.2016.,21:30:00,21,20,1,1,1,0,0,G,13,18
2563,09.12.2016.,21:35:00,21,20,1,1,1,0,0,G,13,18
2564,09.12.2016.,21:40:00,21,20,1,1,1,0,0,G,13,18
2565,09.12.2016.,21:45:00,21,20,1,1,1,0,0,G,13,18
2566,09.12.2016.,21:50:00,21,20,1,1,1,0,0,G,13,18
2567,09.12.2016.,21:55:00,21,20,1,1,1,0,0,G,13,18
2568,09.12.2016.,22:00:00,21,20,1,1,1,0,0,G,13,18
2569,09.12.2016.,22:05:00,21,20,1,1,1,0,0,G,13,18
2570,09.12.2016.,22:10:00,21,20,1,1,1,0,0,G,13,18
2571,09.12.2016.,22:15:00,21,20,1,1,1,0,0,G,13,18
2572,09.12.2016.,22:20:00,21,20,1,1,1,0,0,G,13,18
2573,09.12.2016.,22:25:00,21,20,1,1,1,0,0,G,13,18
2574,09.12.2016.,22:30:00,21,20,1,1,1,0,0,G,13,18
2575,09.12.2016.,22:35:00,21,20,1,1,1,0,0,G,13,18
2576,09.12.2016.,22:40:00,21,20,1,1,1,0,0,G,13,18
2577,09.12.2016.,22:45:00,21,20,1,1,1,0,0,G,13,18
2578,09.12.2016.,22:50:00,21,20,1,0,1,0,0,G,13,18
2579,09.12.2016.,22:55:00,21,21,1,0,1,0,0,G,13,18
2580,09.12.2016.,23:00:00,21,21,1,0,1,0,0,G,13,18
2581,09.12.2016.,23:05:00,21,21,1,0,1,0,0,G,13,18
2582,09.12.2016.,23:10:00,21,21,1,0,1,0,0,G,13,18
2583,09.12.2016.,23:15:00,21,21,1,0,1,0,0,G,13,18
2584,09.12.2016.,23:20:00,21,21,1,0,1,0,0,G,13,18
2585,09.12.2016.,23:25:00,21,20,1,0,1,0,0,G,13,18
2586,09.12.2016.,23:30:00,21,20,1,0,1,0,0,G,13,18
2587,09.12.2016.,23:35:00,21,20,1,0,1,0,0,G,13,18
2588,09.12.2016.,23:40:00,21,20,1,0,1,0,0,G,13,18
2589,09.12.2016.,23:45:00,21,20,1,0,1,0,0,G,13,18
2590,09.12.2016.,23:50:00,21,20,1,0,1,0,0,G,13,18
2591,09.12.2016.,23:55:00,21,20,1,0,1,0,0,G,13,18
2592,10.12.2016.,00:00:00,21,20,1,0,1,0,0,G,13,18
2593,10.12.2016.,00:05:00,21,20,1,0,1,0,0,G,13,18
2594,10.12.2016.,00:10:00,21,20,1,0,1,0,0,G,13,18
2595,10.12.2016.,00:15:00,21,20,1,0,1,0,0,G,13,18
2596,10.12.2016.,00:20:00,21,20,1,0,1,0,0,G,13,18
2597,10.12.2016.,00:25:00,21,20,1,0,1,0,0,G,13,18
2598,10.12.2016.,00:30:00,21,20,1,0,1,0,0,G,13,18
2599,10.12.2016.,00:35:00,21,20,1,0,1,0,0,G,13,18
2600,10.12.2016.,00:40:00,21,20,1,0,1,0,0,G,13,18
2601,10.12.2016.,00:45:00,21,20,1,0,1,0,0,G,13,18
2602,10.12.2016.,00:50:00,21,20,1,0,1,0,0,G,13,18
2603,10.12.2016.,00:55:00,21,20,1,0,1,0,0,G,13,18
2604,10.12.2016.,01:00:00,21,20,1,0,1,0,0,G,13,18
2605,10.12.2016.,01:05:00,21,20,1,0,1,0,0,G,13,18
2606,10.12.2016.,01:10:00,21,20,1,0,1,0,0,G,13,18
2607,10.12.2016.,01:15:00,21,20,1,0,1,0,0,G,13,18
2608,10.12.2016.,01:20:00,21,20,1,0,1,0,0,G,13,18
2609,10.12.2016.,01:25:00,21,20,1,0,1,0,0,G,13,18
2610,10.12.2016.,01:30:00,21,20,1,0,1,0,0,G,13,18
2611,10.12.2016.,01:35:00,21,20,1,0,1,0,0,G,13,18
2612,10.12.2016.,01:40:00,21,20,1,0,1,0,0,G,13,18
2613,10.12.2016.,01:45:00,21,20,1,0,1,0,0,G,13,18
2614,10.12.2016.,01:50:00,21,20,1,0,1,0,0,G,13,18
2615,10.12.2016.,01:55:00,21,20,1,0,1,0,0,G,13,18
2616,10.12.2016.,02:00:00,21,20,1,0,1,0,0,G,13,18
2617,10.12.2016.,02:05:00,21,20,1,0,1,0,0,G,13,18
2618,10.12.2016.,02:10:00,21,20,1,0,1,0,0,G,13,18
2619,10.12.2016.,02:15:00,21,20,1,0,1,0,0,G,13,18
2620,10.12.2016.,02:20:00,21,20,1,0,1,0,0,G,13,18
2621,10.12.2016.,02:25:00,21,20,1,0,1,0,0,G,13,18
2622,10.12.2016.,02:30:00,21,20,1,0,1,0,0,G,13,18
2623,10.12.2016.,02:35:00,21,20,1,0,1,0,0,G,13,18
2624,10.12.2016.,02:40:00,21,20,1,0,1,0,0,G,13,18
2625,10.12.2016.,02:45:00,21,20,1,0,1,0,0,G,13,18
2626,10.12.2016.,02:50:00,21,20,1,0,1,0,0,G,13,18
2627,10.12.2016.,02:55:00,21,20,1,0,1,0,0,G,13,18
2628,10.12.2016.,03:00:00,21,20,1,1,1,0,0,G,13,18
2629,10.12.2016.,03:05:00,21,20,1,1,1,0,0,G,13,18
2630,10.12.2016.,03:10:00,21,20,1,1,1,0,0,G,13,18
2631,10.12.2016.,03:15:00,21,20,1,1,1,0,0,G,13,17
2632,10.12.2016.,03:20:00,21,20,1,1,1,0,0,G,13,17
2633,10.12.2016.,03:25:00,21,20,1,1,1,0,0,G,13,17
2634,10.12.2016.,03:30:00,21,20,1,1,1,0,0,G,13,17
2635,10.12.2016.,03:35:00,21,20,1,1,1,0,0,G,13,17
2636,10.12.2016.,03:40:00,21,20,1,1,1,0,0,G,13,17
2637,10.12.2016.,03:45:00,21,20,1,1,1,0,0,G,13,17
2638,10.12.2016.,03:50:00,21,20,1,1,1,0,0,G,13,17
2639,10.12.2016.,03:55:00,21,20,1,1,1,0,0,G,13,17
2640,10.12.2016.,04:00:00,21,20,1,1,1,0,0,G,13,17
2641,10.12.2016.,04:05:00,21,20,1,1,1,0,0,G,13,17
2642,10.12.2016.,04:10:00,21,20,1,1,1,0,0,G,13,17
2643,10.12.2016.,04:15:00,21,20,1,1,1,0,0,G,13,17
2644,10.12.2016.,04:20:00,21,20,1,1,1,0,0,G,13,17
2645,10.12.2016.,04:25:00,21,20,1,1,1,0,0,G,13,17
2646,10.12.2016.,04:30:00,21,20,1,1,1,0,0,G,13,17
2647,10.12.2016.,04:35:00,21,20,1,1,1,0,0,G,13,17
2648,10.12.2016.,04:40:00,21,20,1,1,1,0,0,G,13,17
2649,10.12.2016.,04:45:00,21,20,1,1,1,0,0,G,13,17
2650,10.12.2016.,04:50:00,21,20,1,1,1,0,0,G,13,17
2651,10.12.2016.,04:55:00,21,20,1,1,1,0,0,G,13,17
2652,10.12.2016.,05:00:00,21,20,1,1,1,0,0,G,13,17
2653,10.12.2016.,05:05:00,21,20,1,1,1,0,0,G,13,17
2654,10.12.2016.,05:10:00,21,20,1,1,1,0,0,G,13,17
2655,10.12.2016.,05:15:00,21,20,1,1,1,0,0,G,13,17
2656,10.12.2016.,05:20:00,21,20,1,1,1,0,0,G,13,17
2657,10.12.2016.,05:25:00,21,20,1,1,1,0,0,G,13,17
2658,10.12.2016.,05:30:00,21,20,1,1,1,0,0,G,13,17
2659,10.12.2016.,05:35:00,21,20,1,1,1,0,0,G,13,17
2660,10.12.2016.,05:40:00,21,20,1,1,1,0,0,G,13,17
2661,10.12.2016.,05:45:00,21,20,1,1,1,0,0,G,13,17
2662,10.12.2016.,05:50:00,21,20,1,1,1,0,0,G,13,17
2663,10.12.2016.,05:55:00,21,20,1,1,1,0,0,G,13,17
2664,10.12.2016.,06:00:00,21,20,1,1,1,0,0,G,13,17
2665,10.12.2016.,06:05:00,21,20,1,1,1,0,0,G,13,17
2666,10.12.2016.,06:10:00,21,20,1,1,1,0,0,G,13,17
2667,10.12.2016.,06:15:00,21,20,1,1,1,0,0,G,13,17
2668,10.12.2016.,06:20:00,21,20,1,1,1,0,0,G,13,17
2669,10.12.2016.,06:25:00,21,20,1,1,1,0,0,G,13,17
2670,10.12.2016.,06:30:00,21,20,1,1,1,0,0,G,13,17
2671,10.12.2016.,06:35:00,21,20,1,1,1,0,0,G,13,17
2672,10.12.2016.,06:40:00,21,20,1,1,1,0,0,G,13,17
2673,10.12.2016.,06:45:00,21,20,1,1,1,0,0,G,13,17
2674,10.12.2016.,06:50:00,21,20,1,1,1,0,0,G,13,17
2675,10.12.2016.,06:55:00,21,20,1,1,1,0,0,G,13,17
2676,10.12.2016.,07:00:00,21,20,1,1,1,0,0,G,13,17
2677,10.12.2016.,07:05:00,21,20,1,1,1,0,0,G,13,17
2678,10.12.2016.,07:10:00,21,20,1,1,1,0,0,G,13,17
2679,10.12.2016.,07:15:00,21,20,1,1,1,0,0,G,13,17
2680,10.12.2016.,07:20:00,21,20,1,1,1,0,0,G,13,17
2681,10.12.2016.,07:25:00,21,20,1,1,1,0,0,G,13,17
2682,10.12.2016.,07:30:00,21,20,1,1,1,0,0,G,13,17
2683,10.12.2016.,07:35:00,21,20,1,1,1,0,0,G,13,17
2684,10.12.2016.,07:40:00,21,20,1,1,1,0,0,G,13,17
2685,10.12.2016.,07:45:00,21,20,1,1,1,0,0,G,13,17
2686,10.12.2016.,07:50:00,21,20,1,1,1,0,0,G,13,17
2687,10.12.2016.,07:55:00,21,20,1,1,1,0,0,G,13,17
2688,10.12.2016.,08:00:00,21,20,1,1,1,0,0,G,13,17
2689,10.12.2016.,08:05:00,21,20,1,1,1,0,0,G,13,17
2690,10.12.2016.,08:10:00,21,20,1,1,1,0,0,G,13,17
2691,10.12.2016.,08:15:00,21,20,1,1,1,0,0,G,13,17
2692,10.12.2016.,08:20:00,21,20,1,1,1,0,0,G,13,17
2693,10.12.2016.,08:25:00,21,20,1,1,1,0,0,G,13,17
2694,10.12.2016.,08:30:00,21,20,1,1,1,0,0,G,13,17
2695,10.12.2016.,08:35:00,21,20,1,1,1,0,0,G,13,17
2696,10.12.2016.,08:40:00,21,20,1,1,1,0,0,G,13,17
2697,10.12.2016.,08:45:00,21,20,1,1,1,0,0,G,13,17
2698,10.12.2016.,08:50:00,21,20,1,1,1,0,0,G,13,17
2699,10.12.2016.,08:55:00,21,20,1,1,1,0,0,G,13,17
2700,10.12.2016.,09:00:00,21,20,1,1,1,0,0,G,13,17
2701,10.12.2016.,09:05:00,21,20,1,1,1,0,0,G,13,17
2702,10.12.2016.,09:10:00,21,20,1,1,1,0,0,G,13,17
2703,10.12.2016.,09:15:00,21,20,1,1,1,0,0,G,13,17
2704,10.12.2016.,09:20:00,21,20,1,1,1,0,0,G,13,17
2705,10.12.2016.,09:25:00,21,20,1,1,1,0,0,G,13,17
2706,10.12.2016.,09:30:00,21,20,1,1,1,0,0,G,13,17
2707,10.12.2016.,09:35:00,21,20,1,1,1,0,0,G,13,17
2708,10.12.2016.,09:40:00,21,20,1,1,1,0,0,G,13,17
2709,10.12.2016.,09:45:00,21,20,1,1,1,0,0,G,13,17
2710,10.12.2016.,09:50:00,21,20,1,1,1,0,0,G,13,17
2711,10.12.2016.,09:55:00,21,20,1,0,1,0,0,G,13,17
2712,10.12.2016.,10:00:00,21,20,1,0,1,0,0,G,13,17
2713,10.12.2016.,10:05:00,21,21,1,0,0,0,0,G,13,17
2714,10.12.2016.,10:10:00,21,21,1,0,0,0,0,G,13,17
2715,10.12.2016.,10:15:00,21,21,1,0,0,0,0,G,13,17
2716,10.12.2016.,10:20:00,21,21,1,0,0,0,0,G,13,17
2717,10.12.2016.,10:25:00,21,21,1,0,0,0,0,G,13,17
2718,10.12.2016.,10:30:00,21,21,1,0,0,0,0,G,13,17
2719,10.12.2016.,10:35:00,21,21,1,0,0,0,0,G,13,17
2720,10.12.2016.,10:40:00,21,21,1,0,1,0,0,G,13,17
2721,10.12.2016.,10:45:00,21,21,1,0,1,0,0,G,13,17
2722,10.12.2016.,10:50:00,21,21,1,0,1,0,0,G,13,17
2723,10.12.2016.,10:55:00,21,21,1,0,1,0,0,G,13,17
2724,10.12.2016.,11:00:00,21,21,1,0,1,0,0,G,13,17
2725,10.12.2016.,11:05:00,21,21,1,0,1,0,0,G,13,17
2726,10.12.2016.,11:10:00,21,21,1,0,1,0,0,G,13,17
2727,10.12.2016.,11:15:00,21,21,1,0,1,0,0,G,13,17
2728,10.12.2016.,11:20:00,21,21,1,0,1,0,0,G,13,17
2729,10.12.2016.,11:25:00,21,21,1,0,1,0,0,G,13,17
2730,10.12.2016.,11:30:00,21,20,1,0,1,0,0,G,13,17
2731,10.12.2016.,11:35:00,21,20,1,0,1,0,0,G,13,17
2732,10.12.2016.,11:40:00,21,20,1,0,1,0,0,G,13,17
2733,10.12.2016.,11:45:00,21,20,1,0,1,0,0,G,13,17
2734,10.12.2016.,11:50:00,21,20,1,0,1,0,0,G,13,17
2735,10.12.2016.,11:55:00,21,20,1,0,1,0,0,G,13,17
2736,10.12.2016.,12:00:00,21,20,1,0,1,0,0,G,13,17
2737,10.12.2016.,12:05:00,21,20,1,0,1,0,0,G,13,17
2738,10.12.2016.,12:10:00,21,20,1,1,1,0,0,G,13,17
2739,10.12.2016.,12:15:00,21,20,1,1,1,0,0,G,13,18
2740,10.12.2016.,12:20:00,21,20,1,1,1,0,0,G,13,17
2741,10.12.2016.,12:25:00,21,20,1,1,1,0,0,G,13,17
2742,10.12.2016.,12:30:00,21,20,1,1,1,0,0,G,13,17
2743,10.12.2016.,12:35:00,21,20,1,1,1,0,0,G,13,17
2744,10.12.2016.,12:40:00,21,20,1,1,1,0,0,G,13,17
2745,10.12.2016.,12:45:00,21,20,1,1,1,0,0,G,13,17
2746,10.12.2016.,12:50:00,21,20,1,1,1,0,0,G,13,17
2747,10.12.2016.,12:55:00,21,20,1,1,1,0,0,G,13,17
2748,10.12.2016.,13:00:00,21,20,1,1,1,0,0,G,13,17
2749,10.12.2016.,13:05:00,21,20,1,1,1,0,0,G,13,18
2750,10.12.2016.,13:10:00,21,20,1,1,1,0,0,G,13,18
2751,10.12.2016.,13:15:00,21,20,1,1,1,0,0,G,13,18
2752,10.12.2016.,13:20:00,21,20,1,1,1,0,0,G,13,18
2753,10.12.2016.,13:25:00,21,20,1,1,1,0,0,G,13,18
2754,10.12.2016.,13:30:00,21,20,1,1,1,0,0,G,13,18
2755,10.12.2016.,13:35:00,21,20,1,0,1,0,0,G,13,18
2756,10.12.2016.,13:40:00,21,20,1,0,1,0,0,G,13,18
2757,10.12.2016.,13:45:00,21,20,1,0,1,0,0,G,13,18
2758,10.12.2016.,13:50:00,21,20,1,0,1,0,0,G,13,18
2759,10.12.2016.,13:55:00,21,20,1,0,1,0,0,G,13,18
2760,10.12.2016.,14:00:00,21,20,1,0,1,0,0,G,13,18
2761,10.12.2016.,14:05:00,21,20,1,0,1,0,0,G,13,18
2762,10.12.2016.,14:10:00,21,20,1,0,1,0,0,G,13,18
2763,10.12.2016.,14:15:00,21,21,1,0,1,0,0,G,13,18
2764,10.12.2016.,14:20:00,21,21,1,0,1,0,0,G,13,18
2765,10.12.2016.,14:25:00,21,21,1,0,1,0,0,G,13,18
2766,10.12.2016.,14:30:00,21,21,1,0,1,0,0,G,13,18
2767,10.12.2016.,14:35:00,21,21,1,0,1,0,0,G,13,18
2768,10.12.2016.,14:40:00,21,21,1,0,1,0,0,G,13,18
2769,10.12.2016.,14:45:00,21,21,1,0,1,0,0,G,13,18
2770,10.12.2016.,14:50:00,21,21,1,0,1,0,0,G,13,18
2771,10.12.2016.,14:55:00,21,21,1,0,1,0,0,G,13,18
2772,10.12.2016.,15:00:00,21,21,1,0,1,0,0,G,13,18
2773,10.12.2016.,15:05:00,21,21,1,0,1,0,0,G,13,18
2774,10.12.2016.,15:10:00,21,21,1,0,1,0,0,G,13,18
2775,10.12.2016.,15:15:00,21,21,1,0,1,0,0,G,13,18
2776,10.12.2016.,15:20:00,21,21,1,0,1,0,0,G,13,18
2777,10.12.2016.,15:25:00,21,21,1,0,1,0,0,G,13,18
2778,10.12.2016.,15:30:00,21,21,1,0,1,0,0,G,13,18
2779,10.12.2016.,15:35:00,21,21,1,0,1,0,0,G,13,18
2780,10.12.2016.,15:40:00,21,21,1,0,1,0,0,G,13,18
2781,10.12.2016.,15:45:00,21,21,1,0,1,0,0,G,13,18
2782,10.12.2016.,15:50:00,21,21,1,0,1,0,0,G,13,18
2783,10.12.2016.,15:55:00,21,21,1,0,0,0,0,G,13,18
2784,10.12.2016.,16:00:00,21,21,1,0,0,0,0,G,13,18
2785,10.12.2016.,16:05:00,21,21,1,0,0,0,0,G,13,18
2786,10.12.2016.,16:10:00,21,21,1,0,0,0,0,G,13,18
2787,10.12.2016.,16:15:00,21,21,1,0,0,0,0,G,13,18
2788,10.12.2016.,16:20:00,21,21,1,0,0,0,0,G,13,18
2789,10.12.2016.,16:25:00,21,21,1,0,0,0,0,G,13,18
2790,10.12.2016.,16:30:00,21,21,1,0,0,0,0,G,13,18
2791,10.12.2016.,16:35:00,21,21,1,0,0,0,0,G,13,18
2792,10.12.2016.,16:40:00,21,21,1,0,0,0,0,G,13,18
2793,10.12.2016.,16:45:00,21,21,1,0,0,0,0,G,13,18
2794,10.12.2016.,16:50:00,21,21,1,0,0,0,0,G,13,18
2795,10.12.2016.,16:55:00,21,21,1,0,0,0,0,G,13,18
2796,10.12.2016.,17:00:00,21,21,1,0,0,0,0,G,13,18
2797,10.12.2016.,17:05:00,21,21,1,0,0,0,0,G,13,18
2798,10.12.2016.,17:10:00,21,21,1,0,1,0,0,G,13,18
2799,10.12.2016.,17:15:00,21,21,1,0,1,0,0,G,13,18
2800,10.12.2016.,17:20:00,21,21,1,0,1,0,0,G,13,18
2801,10.12.2016.,17:25:00,21,21,1,0,1,0,0,G,13,18
2802,10.12.2016.,17:30:00,21,20,1,0,1,0,0,G,13,18
2803,10.12.2016.,17:35:00,21,20,1,0,1,0,0,G,13,18
2804,10.12.2016.,17:40:00,21,20,1,0,1,0,0,G,13,18
2805,10.12.2016.,17:45:00,21,20,1,0,1,0,0,G,13,18
2806,10.12.2016.,17:50:00,21,20,1,1,1,0,0,G,13,18
2807,10.12.2016.,17:55:00,21,20,1,1,1,0,0,G,13,18
2808,10.12.2016.,18:00:00,21,20,1,1,1,0,0,G,13,18
2809,10.12.2016.,18:05:00,21,20,1,1,1,0,0,G,13,18
2810,10.12.2016.,18:10:00,21,20,1,1,1,0,0,G,13,18
2811,10.12.2016.,18:15:00,21,20,1,1,1,0,0,G,13,18
2812,10.12.2016.,18:20:00,21,20,1,1,1,0,0,G,13,18
2813,10.12.2016.,18:25:00,21,20,1,1,1,0,0,G,13,18
2814,10.12.2016.,18:30:00,21,20,1,1,1,0,0,G,13,18
2815,10.12.2016.,18:35:00,21,20,1,1,1,0,0,G,13,18
2816,10.12.2016.,18:40:00,21,20,1,1,1,0,0,G,13,18
2817,10.12.2016.,18:45:00,21,20,1,1,1,0,0,G,13,18
2818,10.12.2016.,18:50:00,21,20,1,1,1,0,0,G,13,18
2819,10.12.2016.,18:55:00,21,20,1,1,1,0,0,G,13,18
2820,10.12.2016.,19:00:00,21,20,1,1,1,0,0,G,13,18
2821,10.12.2016.,19:05:00,21,20,1,1,1,0,0,G,13,18
2822,10.12.2016.,19:10:00,21,20,1,1,1,0,0,G,13,18
2823,10.12.2016.,19:15:00,21,20,1,1,1,0,0,G,13,18
2824,10.12.2016.,19:20:00,21,20,1,1,1,0,0,G,13,18
2825,10.12.2016.,19:25:00,21,20,1,1,1,0,0,G,13,18
2826,10.12.2016.,19:30:00,21,20,1,1,1,0,0,G,13,18
2827,10.12.2016.,19:35:00,21,20,1,1,1,0,0,G,13,18
2828,10.12.2016.,19:40:00,21,20,1,1,1,0,0,G,13,18
2829,10.12.2016.,19:45:00,21,20,1,1,1,0,0,G,13,18
2830,10.12.2016.,19:50:00,21,20,1,1,1,0,0,G,13,18
2831,10.12.2016.,19:55:00,21,20,1,1,1,0,0,G,13,18
2832,10.12.2016.,20:00:00,21,20,1,1,1,0,0,G,13,18
2833,10.12.2016.,20:05:00,21,20,1,1,1,0,0,G,13,18
2834,10.12.2016.,20:10:00,21,20,1,1,1,0,0,G,13,18
2835,10.12.2016.,20:15:00,21,20,1,0,1,0,0,G,13,18
2836,10.12.2016.,20:20:00,21,20,1,0,1,0,0,G,13,18
2837,10.12.2016.,20:25:00,21,20,1,0,1,0,0,G,13,18
2838,10.12.2016.,20:30:00,21,20,1,0,1,0,0,G,13,18
2839,10.12.2016.,20:35:00,21,20,1,0,1,0,0,G,13,18
2840,10.12.2016.,20:40:00,21,20,1,0,1,0,0,G,13,18
2841,10.12.2016.,20:45:00,21,20,1,0,1,0,0,G,13,18
2842,10.12.2016.,20:50:00,21,20,1,0,1,0,0,G,13,18
2843,10.12.2016.,20:55:00,21,20,1,0,1,0,0,G,13,18
2844,10.12.2016.,21:00:00,21,20,1,0,1,0,0,G,13,18
2845,10.12.2016.,21:05:00,21,20,1,0,1,0,0,G,13,18
2846,10.12.2016.,21:10:00,21,20,1,0,1,0,0,G,13,18
2847,10.12.2016.,21:15:00,21,20,1,0,1,0,0,G,13,18
2848,10.12.2016.,21:20:00,21,20,1,1,1,0,0,G,13,18
2849,10.12.2016.,21:25:00,21,20,1,1,1,0,0,G,13,18
2850,10.12.2016.,21:30:00,21,20,1,1,1,0,0,G,13,18
2851,10.12.2016.,21:35:00,21,20,1,1,1,0,0,G,13,18
2852,10.12.2016.,21:40:00,21,20,1,1,1,0,0,G,13,18
2853,10.12.2016.,21:45:00,21,20,1,1,1,0,0,G,13,18
2854,10.12.2016.,21:50:00,21,20,1,1,1,0,0,G,13,18
2855,10.12.2016.,21:55:00,21,20,1,1,1,0,0,G,13,18
2856,10.12.2016.,22:00:00,21,20,1,1,1,0,0,G,13,18
2857,10.12.2016.,22:05:00,21,20,1,1,1,0,0,G,13,18
2858,10.12.2016.,22:10:00,21,20,1,1,1,0,0,G,13,18
2859,10.12.2016.,22:15:00,21,20,1,1,1,0,0,G,13,18
2860,10.12.2016.,22:20:00,21,20,1,1,1,0,0,G,13,18
2861,10.12.2016.,22:25:00,21,20,1,1,1,0,0,G,13,18
2862,10.12.2016.,22:30:00,21,20,1,1,1,0,0,G,13,18
2863,10.12.2016.,22:35:00,21,20,1,1,1,0,0,G,13,18
2864,10.12.2016.,22:40:00,21,20,1,1,1,0,0,G,13,18
2865,10.12.2016.,22:45:00,21,20,1,1,1,0,0,G,13,18
2866,10.12.2016.,22:50:00,21,20,1,1,1,0,0,G,13,18
2867,10.12.2016.,22:55:00,21,20,1,1,1,0,0,G,13,18
2868,10.12.2016.,23:00:00,21,20,1,1,1,0,0,G,13,18
2869,10.12.2016.,23:05:00,21,20,1,1,1,0,0,G,13,18
2870,10.12.2016.,23:10:00,21,20,1,1,1,0,0,G,13,18
2871,10.12.2016.,23:15:00,21,20,1,1,1,0,0,G,13,18
2872,10.12.2016.,23:20:00,21,20,1,1,1,0,0,G,13,18
2873,10.12.2016.,23:25:00,21,20,1,1,1,0,0,G,13,18
2874,10.12.2016.,23:30:00,21,20,1,1,1,0,0,G,13,18
2875,10.12.2016.,23:35:00,21,20,1,1,1,0,0,G,13,18
2876,10.12.2016.,23:40:00,21,20,1,0,1,0,0,G,13,18
2877,10.12.2016.,23:45:00,21,20,1,0,1,0,0,G,13,18
2878,10.12.2016.,23:50:00,21,20,1,0,1,0,0,G,13,18
2879,10.12.2016.,23:55:00,21,20,1,0,1,0,0,G,13,18
2880,11.12.2016.,00:00:00,21,21,1,0,0,0,0,G,13,18
2881,11.12.2016.,00:05:00,21,21,1,0,0,0,0,G,13,18
2882,11.12.2016.,00:10:00,21,21,1,0,0,0,0,G,13,18
2883,11.12.2016.,00:15:00,21,21,1,0,0,0,0,G,13,18
2884,11.12.2016.,00:20:00,21,21,1,0,0,0,0,G,13,18
2885,11.12.2016.,00:25:00,21,21,1,0,0,0,0,G,13,18
2886,11.12.2016.,00:30:00,21,21,1,0,0,0,0,G,13,18
2887,11.12.2016.,00:35:00,21,21,1,0,0,0,0,G,13,18
2888,11.12.2016.,00:40:00,21,21,1,0,0,0,0,G,13,18
2889,11.12.2016.,00:45:00,21,21,1,0,0,0,0,G,13,18
2890,11.12.2016.,00:50:00,21,21,1,0,0,0,0,G,13,18
2891,11.12.2016.,00:55:00,21,21,1,0,0,0,0,G,13,18
2892,11.12.2016.,01:00:00,21,21,1,0,0,0,0,G,13,18
2893,11.12.2016.,01:05:00,21,21,1,0,0,0,0,G,13,18
2894,11.12.2016.,01:10:00,21,21,1,0,0,0,0,G,13,18
2895,11.12.2016.,01:15:00,21,21,1,0,0,0,0,G,13,18
2896,11.12.2016.,01:20:00,21,21,1,0,0,0,0,G,13,18
2897,11.12.2016.,01:25:00,21,21,1,0,0,0,0,G,13,18
2898,11.12.2016.,01:30:00,21,21,1,0,0,0,0,G,13,18
2899,11.12.2016.,01:35:00,21,21,1,0,0,0,0,G,13,18
2900,11.12.2016.,01:40:00,21,21,1,0,0,0,0,G,13,18
2901,11.12.2016.,01:45:00,21,21,1,0,0,0,0,G,13,18
2902,11.12.2016.,01:50:00,21,21,1,0,0,0,0,G,13,18
2903,11.12.2016.,01:55:00,21,21,1,0,0,0,0,G,13,18
2904,11.12.2016.,02:00:00,21,21,1,0,0,0,0,G,13,18
2905,11.12.2016.,02:05:00,21,21,1,0,0,0,0,G,13,18
2906,11.12.2016.,02:10:00,21,21,1,0,0,0,0,G,13,18
2907,11.12.2016.,02:15:00,21,21,1,0,0,0,0,G,13,18
2908,11.12.2016.,02:20:00,21,21,1,0,0,0,0,G,13,18
2909,11.12.2016.,02:25:00,21,21,1,0,0,0,0,G,13,18
2910,11.12.2016.,02:30:00,21,21,1,0,0,0,0,G,13,18
2911,11.12.2016.,02:35:00,21,21,1,0,0,0,0,G,13,18
2912,11.12.2016.,02:40:00,21,21,1,0,1,0,0,G,13,18
2913,11.12.2016.,02:45:00,21,21,1,0,1,0,0,G,13,18
2914,11.12.2016.,02:50:00,21,21,1,0,1,0,0,G,13,18
2915,11.12.2016.,02:55:00,21,21,1,0,1,0,0,G,13,18
2916,11.12.2016.,03:00:00,21,21,1,0,1,0,0,G,13,18
2917,11.12.2016.,03:05:00,21,21,1,0,1,0,0,G,13,18
2918,11.12.2016.,03:10:00,21,21,1,0,1,0,0,G,13,18
2919,11.12.2016.,03:15:00,21,20,1,0,1,0,0,G,13,18
2920,11.12.2016.,03:20:00,21,20,1,1,1,0,0,G,13,18
2921,11.12.2016.,03:25:00,21,20,1,1,1,0,0,G,13,18
2922,11.12.2016.,03:30:00,21,20,1,1,1,0,0,G,13,18
2923,11.12.2016.,03:35:00,21,20,1,1,1,0,0,G,13,18
2924,11.12.2016.,03:40:00,21,20,1,1,1,0,0,G,13,18
2925,11.12.2016.,03:45:00,21,20,1,1,1,0,0,G,13,18
2926,11.12.2016.,03:50:00,21,20,1,1,1,0,0,G,13,18
2927,11.12.2016.,03:55:00,21,20,1,1,1,0,0,G,13,18
2928,11.12.2016.,04:00:00,21,20,1,1,1,0,0,G,13,18
2929,11.12.2016.,04:05:00,21,20,1,1,1,0,0,G,13,18
2930,11.12.2016.,04:10:00,21,20,1,1,1,0,0,G,13,18
2931,11.12.2016.,04:15:00,21,20,1,1,1,0,0,G,13,17
2932,11.12.2016.,04:20:00,21,20,1,1,1,0,0,G,13,17
2933,11.12.2016.,04:25:00,21,20,1,1,1,0,0,G,13,17
2934,11.12.2016.,04:30:00,21,20,1,1,1,0,0,G,13,17
2935,11.12.2016.,04:35:00,21,20,1,1,1,0,0,G,13,17
2936,11.12.2016.,04:40:00,21,20,1,1,1,0,0,G,13,17
2937,11.12.2016.,04:45:00,21,20,1,1,1,0,0,G,13,17
2938,11.12.2016.,04:50:00,21,20,1,1,1,0,0,G,13,17
2939,11.12.2016.,04:55:00,21,20,1,1,1,0,0,G,13,17
2940,11.12.2016.,05:00:00,21,20,1,1,1,0,0,G,13,17
2941,11.12.2016.,05:05:00,21,20,1,1,1,0,0,G,13,17
2942,11.12.2016.,05:10:00,21,20,1,1,1,0,0,G,13,17
2943,11.12.2016.,05:15:00,21,20,1,1,1,0,0,G,13,17
2944,11.12.2016.,05:20:00,21,20,1,1,1,0,0,G,13,17
2945,11.12.2016.,05:25:00,21,20,1,1,1,0,0,G,13,17
2946,11.12.2016.,05:30:00,21,20,1,1,1,0,0,G,13,17
2947,11.12.2016.,05:35:00,21,20,1,1,1,0,0,G,13,17
2948,11.12.2016.,05:40:00,21,20,1,1,1,0,0,G,13,17
2949,11.12.2016.,05:45:00,21,20,1,1,1,0,0,G,13,17
2950,11.12.2016.,05:50:00,21,20,1,1,1,0,0,G,13,17
2951,11.12.2016.,05:55:00,21,20,1,1,1,0,0,G,13,17
2952,11.12.2016.,06:00:00,21,20,1,1,1,0,0,G,13,17
2953,11.12.2016.,06:05:00,21,20,1,1,1,0,0,G,13,17
2954,11.12.2016.,06:10:00,21,20,1,1,1,0,0,G,13,17
2955,11.12.2016.,06:15:00,21,20,1,1,1,0,0,G,13,17
2956,11.12.2016.,06:20:00,21,20,1,1,1,0,0,G,13,17
2957,11.12.2016.,06:25:00,21,20,1,1,1,0,0,G,13,17
2958,11.12.2016.,06:30:00,21,20,1,1,1,0,0,G,13,17
2959,11.12.2016.,06:35:00,21,20,1,1,1,0,0,G,13,17
2960,11.12.2016.,06:40:00,21,20,1,1,1,0,0,G,13,17
2961,11.12.2016.,06:45:00,21,20,1,0,1,0,0,G,13,17
2962,11.12.2016.,06:50:00,21,20,1,1,1,0,0,G,13,17
2963,11.12.2016.,06:55:00,21,20,1,1,1,0,0,G,13,17
2964,11.12.2016.,07:00:00,21,20,1,1,1,0,0,G,13,17
2965,11.12.2016.,07:05:00,21,20,1,1,1,0,0,G,13,17
2966,11.12.2016.,07:10:00,21,20,1,1,1,0,0,G,13,17
2967,11.12.2016.,07:15:00,21,20,1,1,1,0,0,G,13,17
2968,11.12.2016.,07:20:00,21,20,1,1,1,0,0,G,13,17
2969,11.12.2016.,07:25:00,21,20,1,1,1,0,0,G,13,17
2970,11.12.2016.,07:30:00,21,20,1,1,1,0,0,G,13,17
2971,11.12.2016.,07:35:00,21,20,1,1,1,0,0,G,13,17
2972,11.12.2016.,07:40:00,21,20,1,1,1,0,0,G,13,17
2973,11.12.2016.,07:45:00,21,20,1,1,1,0,0,G,13,17
2974,11.12.2016.,07:50:00,21,20,1,1,1,0,0,G,13,17
2975,11.12.2016.,07:55:00,21,20,1,1,1,0,0,G,13,17
2976,11.12.2016.,08:00:00,21,20,1,1,1,0,0,G,13,17
2977,11.12.2016.,08:05:00,21,20,1,1,1,0,0,G,13,17
2978,11.12.2016.,08:10:00,21,20,1,1,1,0,0,G,13,17
2979,11.12.2016.,08:15:00,21,20,1,1,1,0,0,G,13,17
2980,11.12.2016.,08:20:00,21,20,1,1,1,0,0,G,13,17
2981,11.12.2016.,08:25:00,21,20,1,1,1,0,0,G,13,17
2982,11.12.2016.,08:30:00,21,20,1,1,1,0,0,G,13,17
2983,11.12.2016.,08:35:00,21,20,1,1,1,0,0,G,13,17
2984,11.12.2016.,08:40:00,21,20,1,1,1,0,0,G,13,17
2985,11.12.2016.,08:45:00,21,20,1,1,1,0,0,G,13,17
2986,11.12.2016.,08:50:00,21,20,1,1,1,0,0,G,13,17
2987,11.12.2016.,08:55:00,21,20,1,1,1,0,0,G,13,17
2988,11.12.2016.,09:00:00,21,20,1,1,1,0,0,G,13,17
2989,11.12.2016.,09:05:00,21,20,1,1,1,0,0,G,13,17
2990,11.12.2016.,09:10:00,21,20,1,1,1,0,0,G,13,17
2991,11.12.2016.,09:15:00,21,20,1,1,1,0,0,G,13,17
2992,11.12.2016.,09:20:00,21,20,1,1,1,0,0,G,13,17
2993,11.12.2016.,09:25:00,21,20,1,1,1,0,0,G,13,17
2994,11.12.2016.,09:30:00,21,20,1,1,1,0,0,G,13,17
2995,11.12.2016.,09:35:00,21,20,1,1,1,0,0,G,13,17
2996,11.12.2016.,09:40:00,21,20,1,1,1,0,0,G,13,17
2997,11.12.2016.,09:45:00,21,20,1,1,1,0,0,G,13,17
2998,11.12.2016.,09:50:00,21,20,1,1,1,0,0,G,13,17
2999,11.12.2016.,09:55:00,21,20,1,1,1,0,0,G,13,17
3000,11.12.2016.,10:00:00,21,20,1,1,1,0,0,G,13,17
3001,11.12.2016.,10:05:00,21,20,1,1,1,0,0,G,13,17
3002,11.12.2016.,10:10:00,21,20,1,1,1,0,0,G,13,17
3003,11.12.2016.,10:15:00,21,20,1,1,1,0,0,G,13,17
3004,11.12.2016.,10:20:00,21,20,1,0,1,0,0,G,13,17
3005,11.12.2016.,10:25:00,21,20,1,0,1,0,0,G,13,17
3006,11.12.2016.,10:30:00,21,20,1,0,1,0,0,G,13,17
3007,11.12.2016.,10:35:00,21,20,1,0,1,0,0,G,13,17
3008,11.12.2016.,10:40:00,21,20,1,0,1,0,0,G,13,17
3009,11.12.2016.,10:45:00,21,20,1,0,1,0,0,G,13,17
3010,11.12.2016.,10:50:00,21,20,1,0,1,0,0,G,13,17
3011,11.12.2016.,10:55:00,21,20,1,0,1,0,0,G,13,17
3012,11.12.2016.,11:00:00,21,20,1,0,1,0,0,G,13,17
3013,11.12.2016.,11:05:00,21,20,1,0,1,0,0,G,13,17
3014,11.12.2016.,11:10:00,21,20,1,0,1,0,0,G,13,17
3015,11.12.2016.,11:15:00,21,20,1,1,1,0,0,G,13,17
3016,11.12.2016.,11:20:00,21,20,1,1,1,0,0,G,13,17
3017,11.12.2016.,11:25:00,21,20,1,1,1,0,0,G,13,17
3018,11.12.2016.,11:30:00,21,20,1,1,1,0,0,G,13,17
3019,11.12.2016.,11:35:00,21,20,1,1,1,0,0,G,13,18
3020,11.12.2016.,11:40:00,21,20,1,1,1,0,0,G,13,17
3021,11.12.2016.,11:45:00,21,20,1,1,1,0,0,G,13,17
3022,11.12.2016.,11:50:00,21,20,1,1,1,0,0,G,13,17
3023,11.12.2016.,11:55:00,21,20,1,1,1,0,0,G,13,17
3024,11.12.2016.,12:00:00,21,20,1,1,1,0,0,G,13,17
3025,11.12.2016.,12:05:00,21,20,1,1,1,0,0,G,13,17
3026,11.12.2016.,12:10:00,21,20,1,1,1,0,0,G,13,17
3027,11.12.2016.,12:15:00,21,20,1,1,1,0,0,G,13,17
3028,11.12.2016.,12:20:00,21,20,1,1,1,0,0,G,13,17
3029,11.12.2016.,12:25:00,21,20,1,1,1,0,0,G,13,17
3030,11.12.2016.,12:30:00,21,20,1,1,1,0,0,G,13,17
3031,11.12.2016.,12:35:00,21,20,1,1,1,0,0,G,13,17
3032,11.12.2016.,12:40:00,21,20,1,1,1,0,0,G,13,17
3033,11.12.2016.,12:45:00,21,20,1,1,1,0,0,G,13,17
3034,11.12.2016.,12:50:00,21,20,1,1,1,0,0,G,13,17
3035,11.12.2016.,12:55:00,21,20,1,1,1,0,0,G,13,18
3036,11.12.2016.,13:00:00,21,20,1,1,1,0,0,G,13,18
3037,11.12.2016.,13:05:00,21,20,1,1,1,0,0,G,13,18
3038,11.12.2016.,13:10:00,21,20,1,1,1,0,0,G,13,18
3039,11.12.2016.,13:15:00,21,20,1,1,1,0,0,G,13,18
3040,11.12.2016.,13:20:00,21,20,1,1,1,0,0,G,13,18
3041,11.12.2016.,13:25:00,21,20,1,1,1,0,0,G,13,18
3042,11.12.2016.,13:30:00,21,20,1,0,1,0,0,G,13,18
3043,11.12.2016.,13:35:00,21,20,1,0,1,0,0,G,13,18
3044,11.12.2016.,13:40:00,21,20,1,0,1,0,0,G,13,18
3045,11.12.2016.,13:45:00,21,20,1,0,1,0,0,G,13,18
3046,11.12.2016.,13:50:00,21,20,1,0,1,0,0,G,13,18
3047,11.12.2016.,13:55:00,21,20,1,0,1,0,0,G,13,18
3048,11.12.2016.,14:00:00,21,20,1,0,1,0,0,G,13,18
3049,11.12.2016.,14:05:00,21,21,1,0,0,0,0,G,13,18
3050,11.12.2016.,14:10:00,21,21,1,0,0,0,0,G,13,18
3051,11.12.2016.,14:15:00,21,21,1,0,0,0,0,G,13,18
3052,11.12.2016.,14:20:00,21,21,1,0,0,0,0,G,13,18
3053,11.12.2016.,14:25:00,21,21,1,0,0,0,0,G,13,18
3054,11.12.2016.,14:30:00,21,21,1,0,0,0,0,G,13,18
3055,11.12.2016.,14:35:00,21,21,1,0,0,0,0,G,13,18
3056,11.12.2016.,14:40:00,21,21,1,0,0,0,0,G,13,18
3057,11.12.2016.,14:45:00,21,21,1,0,0,0,0,G,13,18
3058,11.12.2016.,14:50:00,21,21,1,0,0,0,0,G,13,18
3059,11.12.2016.,14:55:00,21,21,1,0,0,0,0,G,13,18
3060,11.12.2016.,15:00:00,21,21,1,0,0,0,0,G,13,18
3061,11.12.2016.,15:05:00,21,21,1,0,0,0,0,G,13,18
3062,11.12.2016.,15:10:00,21,21,1,0,0,0,0,G,13,18
3063,11.12.2016.,15:15:00,21,21,1,0,0,0,0,G,13,18
3064,11.12.2016.,15:20:00,21,21,1,0,0,0,0,G,13,18
3065,11.12.2016.,15:25:00,21,21,1,0,0,0,0,G,13,18
3066,11.12.2016.,15:30:00,21,21,1,0,0,0,0,G,13,18
3067,11.12.2016.,15:35:00,21,21,1,0,0,0,0,G,13,18
3068,11.12.2016.,15:40:00,21,21,1,0,0,0,0,G,13,18
3069,11.12.2016.,15:45:00,21,21,1,0,0,0,0,G,13,18
3070,11.12.2016.,15:50:00,21,21,1,0,0,0,0,G,13,18
3071,11.12.2016.,15:55:00,21,21,1,0,0,0,0,G,13,18
3072,11.12.2016.,16:00:00,21,21,1,0,0,0,0,G,13,18
3073,11.12.2016.,16:05:00,21,21,1,0,0,0,0,G,13,18
3074,11.12.2016.,16:10:00,21,21,1,0,0,0,0,G,13,18
3075,11.12.2016.,16:15:00,21,21,1,0,0,0,0,G,13,18
3076,11.12.2016.,16:20:00,21,21,1,0,0,0,0,G,13,18
3077,11.12.2016.,16:25:00,21,21,1,0,0,0,0,G,13,18
3078,11.12.2016.,16:30:00,21,21,1,0,0,0,0,G,13,18
3079,11.12.2016.,16:35:00,21,21,1,0,0,0,0,G,13,18
3080,11.12.2016.,16:40:00,21,21,1,0,0,0,0,G,13,18
3081,11.12.2016.,16:45:00,21,21,1,0,0,0,0,G,13,18
3082,11.12.2016.,16:50:00,21,21,1,0,0,0,0,G,13,18
3083,11.12.2016.,16:55:00,21,21,1,0,0,0,0,G,13,18
3084,11.12.2016.,17:00:00,21,21,1,0,0,0,0,G,13,18
3085,11.12.2016.,17:05:00,21,21,1,0,0,0,0,G,13,18
3086,11.12.2016.,17:10:00,21,21,1,0,0,0,0,G,13,18
3087,11.12.2016.,17:15:00,21,21,1,0,0,0,0,G,13,18
3088,11.12.2016.,17:20:00,21,21,1,0,0,0,0,G,13,18
3089,11.12.2016.,17:25:00,21,21,1,0,0,0,0,G,13,18
3090,11.12.2016.,17:30:00,21,21,1,0,0,0,0,G,13,18
3091,11.12.2016.,17:35:00,21,21,1,0,0,0,0,G,13,18
3092,11.12.2016.,17:40:00,21,21,1,0,1,0,0,G,13,18
3093,11.12.2016.,17:45:00,21,21,1,0,1,0,0,G,13,18
3094,11.12.2016.,17:50:00,21,21,1,0,0,0,0,G,13,18
3095,11.12.2016.,17:55:00,21,21,1,0,0,0,0,G,13,18
3096,11.12.2016.,18:00:00,21,21,1,0,0,0,0,G,13,18
3097,11.12.2016.,18:05:00,21,21,1,0,0,0,0,G,13,18
3098,11.12.2016.,18:10:00,21,21,1,0,0,0,0,G,13,18
3099,11.12.2016.,18:15:00,21,21,1,0,1,0,0,G,13,18
3100,11.12.2016.,18:20:00,21,21,1,0,1,0,0,G,13,18
3101,11.12.2016.,18:25:00,21,21,1,0,1,0,0,G,13,18
3102,11.12.2016.,18:30:00,21,21,1,0,1,0,0,G,13,18
3103,11.12.2016.,18:35:00,21,21,1,0,1,0,0,G,13,18
3104,11.12.2016.,18:40:00,21,21,1,0,1,0,0,G,13,18
3105,11.12.2016.,18:45:00,21,21,1,0,1,0,0,G,13,18
3106,11.12.2016.,18:50:00,21,21,1,0,1,0,0,G,13,18
3107,11.12.2016.,18:55:00,21,21,1,0,0,0,0,G,13,18
3108,11.12.2016.,19:00:00,21,21,1,0,0,0,0,G,13,18
3109,11.12.2016.,19:05:00,21,21,1,0,0,0,0,G,13,18
3110,11.12.2016.,19:10:00,21,21,1,0,0,0,0,G,13,18
3111,11.12.2016.,19:15:00,21,21,1,0,0,0,0,G,13,18
3112,11.12.2016.,19:20:00,21,21,1,0,0,0,0,G,13,18
3113,11.12.2016.,19:25:00,21,21,1,0,0,0,0,G,13,18
3114,11.12.2016.,19:30:00,21,21,1,0,0,0,0,G,13,18
3115,11.12.2016.,19:35:00,21,21,1,0,0,0,0,G,13,18
3116,11.12.2016.,19:40:00,21,21,1,0,0,0,0,G,13,18
3117,11.12.2016.,19:45:00,21,21,1,0,0,0,0,G,13,18
3118,11.12.2016.,19:50:00,21,21,1,0,0,0,0,G,13,18
3119,11.12.2016.,19:55:00,21,21,1,0,0,0,0,G,13,18
3120,11.12.2016.,20:00:00,21,21,1,0,0,0,0,G,13,18
3121,11.12.2016.,20:05:00,21,21,1,0,0,0,0,G,13,18
3122,11.12.2016.,20:10:00,21,21,1,0,0,0,0,G,13,18
3123,11.12.2016.,20:15:00,21,21,1,0,0,0,0,G,13,18
3124,11.12.2016.,20:20:00,21,21,1,0,0,0,0,G,13,18
3125,11.12.2016.,20:25:00,21,21,1,0,0,0,0,G,13,18
3126,11.12.2016.,20:30:00,21,21,1,0,0,0,0,G,13,18
3127,11.12.2016.,20:35:00,21,21,1,0,0,0,0,G,13,18
3128,11.12.2016.,20:40:00,21,21,1,0,0,0,0,G,13,18
3129,11.12.2016.,20:45:00,21,21,1,0,0,0,0,G,13,18
3130,11.12.2016.,20:50:00,21,21,1,0,0,0,0,G,13,18
3131,11.12.2016.,20:55:00,21,21,1,0,0,0,0,G,13,18
3132,11.12.2016.,21:00:00,21,21,1,0,0,0,0,G,13,18
3133,11.12.2016.,21:05:00,21,21,1,0,0,0,0,G,13,18
3134,11.12.2016.,21:10:00,21,21,1,0,0,0,0,G,13,18
3135,11.12.2016.,21:15:00,21,21,1,0,0,0,0,G,13,18
3136,11.12.2016.,21:20:00,21,21,1,0,0,0,0,G,13,18
3137,11.12.2016.,21:25:00,21,21,1,0,0,0,0,G,13,18
3138,11.12.2016.,21:30:00,21,21,1,0,0,0,0,G,13,18
3139,11.12.2016.,21:35:00,21,21,1,0,1,0,0,G,13,18
3140,11.12.2016.,21:40:00,21,21,1,0,1,0,0,G,13,18
3141,11.12.2016.,21:45:00,21,21,1,0,1,0,0,G,13,18
3142,11.12.2016.,21:50:00,21,21,1,0,1,0,0,G,13,18
3143,11.12.2016.,21:55:00,21,21,1,0,1,0,0,G,13,18
3144,11.12.2016.,22:00:00,21,20,1,0,1,0,0,G,13,18
3145,11.12.2016.,22:05:00,21,20,1,0,1,0,0,G,13,18
3146,11.12.2016.,22:10:00,21,20,1,0,1,0,0,G,13,18
3147,11.12.2016.,22:15:00,21,20,1,0,1,0,0,G,13,18
3148,11.12.2016.,22:20:00,21,20,1,1,1,0,0,G,13,18
3149,11.12.2016.,22:25:00,21,20,1,1,1,0,0,G,13,18
3150,11.12.2016.,22:30:00,21,20,1,1,1,0,0,G,13,18
3151,11.12.2016.,22:35:00,21,20,1,1,1,0,0,G,13,18
3152,11.12.2016.,22:40:00,21,20,1,1,1,0,0,G,13,18
3153,11.12.2016.,22:45:00,21,20,1,1,1,0,0,G,13,18
3154,11.12.2016.,22:50:00,21,20,1,1,1,0,0,G,13,18
3155,11.12.2016.,22:55:00,21,20,1,1,1,0,0,G,13,18
3156,11.12.2016.,23:00:00,21,20,1,1,1,0,0,G,13,18
3157,11.12.2016.,23:05:00,21,20,1,1,1,0,0,G,13,18
3158,11.12.2016.,23:10:00,21,20,1,1,1,0,0,G,13,18
3159,11.12.2016.,23:15:00,21,20,1,1,1,0,0,G,13,18
3160,11.12.2016.,23:20:00,21,20,1,1,1,0,0,G,13,18
3161,11.12.2016.,23:25:00,21,20,1,1,1,0,0,G,13,18
3162,11.12.2016.,23:30:00,21,20,1,1,1,0,0,G,13,18
3163,11.12.2016.,23:35:00,21,20,1,1,1,0,0,G,13,18
3164,11.12.2016.,23:40:00,21,20,1,0,1,0,0,G,13,18
3165,11.12.2016.,23:45:00,21,20,1,0,1,0,0,G,13,18
3166,11.12.2016.,23:50:00,21,20,1,0,1,0,0,G,13,18
3167,11.12.2016.,23:55:00,21,21,1,0,0,0,0,G,13,18
3168,12.12.2016.,00:00:00,21,21,1,0,0,0,0,G,13,18
3169,12.12.2016.,00:05:00,21,21,1,0,0,0,0,G,13,18
3170,12.12.2016.,00:10:00,21,21,1,0,0,0,0,G,13,18
3171,12.12.2016.,00:15:00,21,21,1,0,0,0,0,G,13,18
3172,12.12.2016.,00:20:00,21,21,1,0,0,0,0,G,13,18
3173,12.12.2016.,00:25:00,21,21,1,0,0,0,0,G,13,18
3174,12.12.2016.,00:30:00,21,21,1,0,0,0,0,G,13,18
3175,12.12.2016.,00:35:00,21,21,1,0,0,0,0,G,13,18
3176,12.12.2016.,00:40:00,21,21,1,0,0,0,0,G,13,18
3177,12.12.2016.,00:45:00,21,21,1,0,0,0,0,G,13,18
3178,12.12.2016.,00:50:00,21,21,1,0,0,0,0,G,13,18
3179,12.12.2016.,00:55:00,21,21,1,0,0,0,0,G,13,18
3180,12.12.2016.,01:00:00,21,21,1,0,0,0,0,G,13,18
3181,12.12.2016.,01:05:00,21,21,1,0,0,0,0,G,13,18
3182,12.12.2016.,01:10:00,21,21,1,0,0,0,0,G,13,18
3183,12.12.2016.,01:15:00,21,21,1,0,0,0,0,G,13,18
3184,12.12.2016.,01:20:00,21,21,1,0,0,0,0,G,13,18
3185,12.12.2016.,01:25:00,21,21,1,0,0,0,0,G,13,18
3186,12.12.2016.,01:30:00,21,21,1,0,1,0,0,G,13,18
3187,12.12.2016.,01:35:00,21,21,1,0,1,0,0,G,13,18
3188,12.12.2016.,01:40:00,21,21,1,0,1,0,0,G,13,18
3189,12.12.2016.,01:45:00,21,21,1,0,1,0,0,G,13,18
3190,12.12.2016.,01:50:00,21,21,1,0,0,0,0,G,13,18
3191,12.12.2016.,01:55:00,21,21,1,0,1,0,0,G,13,18
3192,12.12.2016.,02:00:00,21,21,1,0,1,0,0,G,13,18
3193,12.12.2016.,02:05:00,21,21,1,0,1,0,0,G,13,18
3194,12.12.2016.,02:10:00,21,21,1,0,1,0,0,G,13,18
3195,12.12.2016.,02:15:00,21,21,1,0,1,0,0,G,13,18
3196,12.12.2016.,02:20:00,21,21,1,0,1,0,0,G,13,18
3197,12.12.2016.,02:25:00,21,21,1,0,1,0,0,G,13,18
3198,12.12.2016.,02:30:00,21,21,1,0,1,0,0,G,13,18
3199,12.12.2016.,02:35:00,21,21,1,0,1,0,0,G,13,18
3200,12.12.2016.,02:40:00,21,21,1,0,1,0,0,G,13,18
3201,12.12.2016.,02:45:00,21,21,1,0,1,0,0,G,13,18
3202,12.12.2016.,02:50:00,21,21,1,0,1,0,0,G,13,18
3203,12.12.2016.,02:55:00,21,21,1,0,1,0,0,G,13,18
3204,12.12.2016.,03:00:00,21,21,1,0,1,0,0,G,13,18
3205,12.12.2016.,03:05:00,21,21,1,0,1,0,0,G,13,18
3206,12.12.2016.,03:10:00,21,21,1,0,1,0,0,G,13,18
3207,12.12.2016.,03:15:00,21,20,1,0,1,0,0,G,13,18
3208,12.12.2016.,03:20:00,21,20,1,1,1,0,0,G,13,18
3209,12.12.2016.,03:25:00,21,20,1,1,1,0,0,G,13,18
3210,12.12.2016.,03:30:00,21,20,1,1,1,0,0,G,13,18
3211,12.12.2016.,03:35:00,21,20,1,1,1,0,0,G,13,18
3212,12.12.2016.,03:40:00,21,20,1,1,1,0,0,G,13,18
3213,12.12.2016.,03:45:00,21,20,1,1,1,0,0,G,13,18
3214,12.12.2016.,03:50:00,21,20,1,1,1,0,0,G,13,18
3215,12.12.2016.,03:55:00,21,20,1,1,1,0,0,G,13,18
3216,12.12.2016.,04:00:00,21,20,1,1,1,0,0,G,13,18
3217,12.12.2016.,04:05:00,21,20,1,1,1,0,0,G,13,18
3218,12.12.2016.,04:10:00,21,20,1,1,1,0,0,G,13,18
3219,12.12.2016.,04:15:00,21,20,1,1,1,0,0,G,13,18
3220,12.12.2016.,04:20:00,21,20,1,1,1,0,0,G,13,18
3221,12.12.2016.,04:25:00,21,20,1,1,1,0,0,G,13,18
3222,12.12.2016.,04:30:00,21,20,1,1,1,0,0,G,13,18
3223,12.12.2016.,04:35:00,21,20,1,1,1,0,0,G,13,18
3224,12.12.2016.,04:40:00,21,20,1,1,1,0,0,G,13,18
3225,12.12.2016.,04:45:00,21,20,1,1,1,0,0,G,13,18
3226,12.12.2016.,04:50:00,21,20,1,1,1,0,0,G,13,18
3227,12.12.2016.,04:55:00,21,20,1,1,1,0,0,G,13,18
3228,12.12.2016.,05:00:00,21,20,1,1,1,0,0,G,13,18
3229,12.12.2016.,05:05:00,21,20,1,1,1,0,0,G,13,18
3230,12.12.2016.,05:10:00,21,20,1,1,1,0,0,G,13,18
3231,12.12.2016.,05:15:00,21,20,1,1,1,0,0,G,13,18
3232,12.12.2016.,05:20:00,21,20,1,1,1,0,0,G,13,18
3233,12.12.2016.,05:25:00,21,20,1,1,1,0,0,G,13,18
3234,12.12.2016.,05:30:00,21,20,1,1,1,0,0,G,13,18
3235,12.12.2016.,05:35:00,21,20,1,1,1,0,0,G,13,18
3236,12.12.2016.,05:40:00,21,20,1,1,1,0,0,G,13,18
3237,12.12.2016.,05:45:00,21,20,1,1,1,0,0,G,13,18
3238,12.12.2016.,05:50:00,21,20,1,1,1,0,0,G,13,18
3239,12.12.2016.,05:55:00,21,20,1,1,1,0,0,G,13,18
3240,12.12.2016.,06:00:00,21,20,1,1,1,0,0,G,13,18
3241,12.12.2016.,06:05:00,21,20,1,0,1,0,0,G,13,18
3242,12.12.2016.,06:10:00,21,20,1,0,1,0,0,G,13,18
3243,12.12.2016.,06:15:00,21,20,1,0,1,0,0,G,13,18
3244,12.12.2016.,06:20:00,21,20,1,0,1,0,0,G,13,18
3245,12.12.2016.,06:25:00,21,20,1,0,1,0,0,G,13,18
3246,12.12.2016.,06:30:00,21,20,1,0,1,0,0,G,13,18
3247,12.12.2016.,06:35:00,21,20,1,0,1,0,0,G,13,18
3248,12.12.2016.,06:40:00,21,20,1,0,1,0,0,G,13,18
3249,12.12.2016.,06:45:00,21,20,1,1,1,0,0,G,13,18
3250,12.12.2016.,06:50:00,21,20,1,1,1,0,0,G,13,18
3251,12.12.2016.,06:55:00,21,20,1,1,1,0,0,G,13,18
3252,12.12.2016.,07:00:00,21,20,1,1,1,0,0,G,13,18
3253,12.12.2016.,07:05:00,21,20,1,1,1,0,0,G,13,18
3254,12.12.2016.,07:10:00,21,20,1,1,1,0,0,G,13,18
3255,12.12.2016.,07:15:00,21,20,1,1,1,0,0,G,13,18
3256,12.12.2016.,07:20:00,21,20,1,1,1,0,0,G,13,18
3257,12.12.2016.,07:25:00,21,20,1,1,1,0,0,G,13,18
3258,12.12.2016.,07:30:00,21,20,1,1,1,0,0,G,13,18
3259,12.12.2016.,07:35:00,21,20,1,1,1,0,0,G,13,18
3260,12.12.2016.,07:40:00,21,20,1,1,1,0,0,G,13,18
3261,12.12.2016.,07:45:00,21,20,1,1,1,0,0,G,13,18
3262,12.12.2016.,07:50:00,21,20,1,1,1,0,0,G,13,18
3263,12.12.2016.,07:55:00,21,20,1,1,1,0,0,G,13,18
3264,12.12.2016.,08:00:00,21,20,1,1,1,0,0,G,13,18
3265,12.12.2016.,08:05:00,21,20,1,1,1,0,0,G,13,18
3266,12.12.2016.,08:10:00,21,20,1,1,1,0,0,G,13,18
3267,12.12.2016.,08:15:00,21,20,1,1,1,0,0,G,13,18
3268,12.12.2016.,08:20:00,21,20,1,1,1,0,0,G,13,18
3269,12.12.2016.,08:25:00,21,20,1,1,1,0,0,G,13,18
3270,12.12.2016.,08:30:00,21,20,1,1,1,0,0,G,13,18
3271,12.12.2016.,08:35:00,21,20,1,1,1,0,0,G,13,18
3272,12.12.2016.,08:40:00,21,20,1,1,1,0,0,G,13,18
3273,12.12.2016.,08:45:00,21,20,1,1,1,0,0,G,13,18
3274,12.12.2016.,08:50:00,21,20,1,1,1,0,0,G,13,18
3275,12.12.2016.,08:55:00,21,20,1,1,1,0,0,G,13,18
3276,12.12.2016.,09:00:00,21,20,1,1,1,0,0,G,13,18
3277,12.12.2016.,09:05:00,21,20,1,1,1,0,0,G,13,18
3278,12.12.2016.,09:10:00,21,20,1,1,1,0,0,G,13,18
3279,12.12.2016.,09:15:00,21,20,1,1,1,0,0,G,13,18
3280,12.12.2016.,09:20:00,21,20,1,1,1,0,0,G,13,18
3281,12.12.2016.,09:25:00,21,20,1,1,1,0,0,G,13,18
3282,12.12.2016.,09:30:00,21,20,1,1,1,0,0,G,13,18
3283,12.12.2016.,09:35:00,21,20,1,1,1,0,0,G,13,18
3284,12.12.2016.,09:40:00,21,20,1,1,1,0,0,G,13,18
3285,12.12.2016.,09:45:00,21,20,1,1,1,0,0,G,13,18
3286,12.12.2016.,09:50:00,21,20,1,1,1,0,0,G,13,18
3287,12.12.2016.,09:55:00,21,20,1,1,1,0,0,G,13,18
3288,12.12.2016.,10:00:00,21,20,1,0,1,0,0,G,13,18
3289,12.12.2016.,10:05:00,21,20,1,0,1,0,0,G,13,18
3290,12.12.2016.,10:10:00,21,21,1,0,0,0,0,G,13,18
3291,12.12.2016.,10:15:00,21,21,1,0,0,0,0,G,13,18
3292,12.12.2016.,10:20:00,21,21,1,0,0,0,0,G,13,18
3293,12.12.2016.,10:25:00,21,21,1,0,0,0,0,G,13,18
3294,12.12.2016.,10:30:00,21,21,1,0,0,0,0,G,13,18
3295,12.12.2016.,10:35:00,21,21,1,0,0,0,0,G,13,18
3296,12.12.2016.,10:40:00,21,21,1,0,1,0,0,G,13,18
3297,12.12.2016.,10:45:00,21,21,1,0,1,0,0,G,13,18
3298,12.12.2016.,10:50:00,21,21,1,0,1,0,0,G,13,18
3299,12.12.2016.,10:55:00,21,21,1,0,1,0,0,G,13,18
3300,12.12.2016.,11:00:00,21,21,1,0,1,0,0,G,13,18
3301,12.12.2016.,11:05:00,21,21,1,0,1,0,0,G,13,18
3302,12.12.2016.,11:10:00,21,21,1,0,1,0,0,G,13,18
3303,12.12.2016.,11:15:00,21,20,1,0,1,0,0,G,13,18
3304,12.12.2016.,11:20:00,21,20,1,0,1,0,0,G,13,18
3305,12.12.2016.,11:25:00,21,20,1,0,1,0,0,G,13,18
3306,12.12.2016.,11:30:00,21,20,1,0,1,0,0,G,13,18
3307,12.12.2016.,11:35:00,21,20,1,0,1,0,0,G,13,18
3308,12.12.2016.,11:40:00,21,20,1,0,1,0,0,G,13,18
3309,12.12.2016.,11:45:00,21,20,1,0,1,0,0,G,13,18
3310,12.12.2016.,11:50:00,21,20,1,0,1,0,0,G,13,18
3311,12.12.2016.,11:55:00,21,20,1,0,1,0,0,G,13,18
3312,12.12.2016.,12:00:00,21,20,1,0,1,0,0,G,13,18
3313,12.12.2016.,12:05:00,21,20,1,0,1,0,0,G,13,18
3314,12.12.2016.,12:10:00,21,20,1,0,1,0,0,G,13,18
3315,12.12.2016.,12:15:00,21,20,1,0,1,0,0,G,13,18
3316,12.12.2016.,12:20:00,21,20,1,1,1,0,0,G,13,18
3317,12.12.2016.,12:25:00,21,20,1,1,1,0,0,G,13,18
3318,12.12.2016.,12:30:00,21,20,1,1,1,0,0,G,13,18
3319,12.12.2016.,12:35:00,21,20,1,1,1,0,0,G,13,18
3320,12.12.2016.,12:40:00,21,20,1,1,1,0,0,G,13,18
3321,12.12.2016.,12:45:00,21,20,1,1,1,0,0,G,13,18
3322,12.12.2016.,12:50:00,21,20,1,1,1,0,0,G,13,18
3323,12.12.2016.,12:55:00,21,20,1,1,1,0,0,G,13,18
3324,12.12.2016.,13:00:00,21,20,1,1,1,0,0,G,13,18
3325,12.12.2016.,13:05:00,21,20,1,1,1,0,0,G,13,18
3326,12.12.2016.,13:10:00,21,20,1,1,1,0,0,G,13,18
3327,12.12.2016.,13:15:00,21,20,1,0,1,0,0,G,13,18
3328,12.12.2016.,13:20:00,21,20,1,0,1,0,0,G,13,18
3329,12.12.2016.,13:25:00,21,20,1,0,1,0,0,G,13,18
3330,12.12.2016.,13:30:00,21,20,1,0,1,0,0,G,13,18
3331,12.12.2016.,13:35:00,21,20,1,0,1,0,0,G,13,18
3332,12.12.2016.,13:40:00,21,20,1,0,1,0,0,G,13,18
3333,12.12.2016.,13:45:00,21,20,1,0,1,0,0,G,13,18
3334,12.12.2016.,13:50:00,21,20,1,0,1,0,0,G,13,18
3335,12.12.2016.,13:55:00,21,20,1,0,1,0,0,G,13,18
3336,12.12.2016.,14:00:00,21,20,1,0,1,0,0,G,13,18
3337,12.12.2016.,14:05:00,21,20,1,0,1,0,0,G,13,18
3338,12.12.2016.,14:10:00,21,20,1,0,1,0,0,G,13,18
3339,12.12.2016.,14:15:00,21,20,1,0,1,0,0,G,13,18
3340,12.12.2016.,14:20:00,21,20,1,0,1,0,0,G,13,18
3341,12.12.2016.,14:25:00,21,20,1,0,1,0,0,G,13,18
3342,12.12.2016.,14:30:00,21,20,1,0,1,0,0,G,13,18
3343,12.12.2016.,14:35:00,21,21,1,0,1,0,0,G,13,18
3344,12.12.2016.,14:40:00,21,21,1,0,1,0,0,G,13,18
3345,12.12.2016.,14:45:00,21,21,1,0,1,0,0,G,13,18
3346,12.12.2016.,14:50:00,21,21,1,0,1,0,0,G,13,18
3347,12.12.2016.,14:55:00,21,21,1,0,1,0,0,G,13,18
3348,12.12.2016.,15:01:00,21,21,1,0,1,0,0,G,13,18
3349,12.12.2016.,15:05:00,21,21,1,0,0,0,0,G,13,18
3350,12.12.2016.,15:10:00,21,21,1,0,0,0,0,G,13,18
3351,12.12.2016.,15:15:00,21,21,1,0,0,0,0,G,13,18
3352,12.12.2016.,15:20:00,21,21,1,0,0,0,0,G,13,18
3353,12.12.2016.,15:25:00,21,21,1,0,0,0,0,G,13,18
3354,12.12.2016.,15:30:00,21,21,1,0,0,0,0,G,13,18
3355,12.12.2016.,15:35:00,21,21,1,0,0,0,0,G,13,18
3356,12.12.2016.,15:40:00,21,21,1,0,0,0,0,G,13,19
3357,12.12.2016.,15:45:00,21,21,1,0,0,0,0,G,13,19
3358,12.12.2016.,15:50:00,21,21,1,0,0,0,0,G,13,19
3359,12.12.2016.,15:55:00,21,21,1,0,0,0,0,G,13,19
3360,12.12.2016.,16:00:00,21,21,1,0,0,0,0,G,13,19
3361,12.12.2016.,16:05:00,21,21,1,0,0,0,0,G,13,19
3362,12.12.2016.,16:10:00,21,21,1,0,0,0,0,G,13,19
3363,12.12.2016.,16:15:00,21,21,1,0,0,0,0,G,13,19
3364,12.12.2016.,16:20:00,21,21,1,0,0,0,0,G,13,19
3365,12.12.2016.,16:25:00,21,21,1,0,0,0,0,G,13,19
3366,12.12.2016.,16:30:00,21,21,1,0,0,0,0,G,13,19
3367,12.12.2016.,16:35:00,21,21,1,0,0,0,0,G,13,19
3368,12.12.2016.,16:40:00,21,21,1,0,0,0,0,G,13,19
3369,12.12.2016.,16:45:00,21,21,1,0,0,0,0,G,13,19
3370,12.12.2016.,16:50:00,21,21,1,0,0,0,0,G,13,19
3371,12.12.2016.,16:55:00,21,21,1,0,0,0,0,G,13,19
3372,12.12.2016.,17:00:00,21,21,1,0,0,0,0,G,13,19
3373,12.12.2016.,17:05:00,21,21,1,0,0,0,0,G,13,19
3374,12.12.2016.,17:10:00,21,21,1,0,0,0,0,G,13,19
3375,12.12.2016.,17:15:00,21,21,1,0,0,0,0,G,13,19
3376,12.12.2016.,17:20:00,21,21,1,0,0,0,0,G,13,19
3377,12.12.2016.,17:25:00,21,21,1,0,0,0,0,G,13,19
3378,12.12.2016.,17:30:00,21,21,1,0,0,0,0,G,13,19
3379,12.12.2016.,17:35:00,21,21,1,0,0,0,0,G,13,19
3380,12.12.2016.,17:40:00,21,21,1,0,0,0,0,G,13,19
3381,12.12.2016.,17:45:00,21,21,1,0,0,0,0,G,13,19
3382,12.12.2016.,17:50:00,21,21,1,0,0,0,0,G,13,19
3383,12.12.2016.,17:55:00,21,21,1,0,0,0,0,G,13,19
3384,12.12.2016.,18:00:00,21,21,1,0,0,0,0,G,13,19
3385,12.12.2016.,18:05:00,21,21,1,0,1,0,0,G,13,19
3386,12.12.2016.,18:10:00,21,21,1,0,1,0,0,G,13,19
3387,12.12.2016.,18:15:00,21,21,1,0,1,0,0,G,13,19
3388,12.12.2016.,18:20:00,21,21,1,0,1,0,0,G,13,19
3389,12.12.2016.,18:25:00,21,21,1,0,1,0,0,G,13,19
3390,12.12.2016.,18:30:00,21,21,1,0,1,0,0,G,13,19
3391,12.12.2016.,18:35:00,21,21,1,0,1,0,0,G,13,19
3392,12.12.2016.,18:40:00,21,21,1,0,1,0,0,G,13,19
3393,12.12.2016.,18:45:00,21,21,1,0,1,0,0,G,13,19
3394,12.12.2016.,18:50:00,21,21,1,0,1,0,0,G,13,19
3395,12.12.2016.,18:55:00,21,21,1,0,1,0,0,G,13,19
3396,12.12.2016.,19:00:00,21,21,1,0,1,0,0,G,13,19
3397,12.12.2016.,19:05:00,21,21,1,0,1,0,0,G,13,19
3398,12.12.2016.,19:10:00,21,21,1,0,1,0,0,G,13,19
3399,12.12.2016.,19:15:00,21,21,1,0,1,0,0,G,13,19
3400,12.12.2016.,19:20:00,21,21,1,0,1,0,0,G,13,19
3401,12.12.2016.,19:25:00,22,21,1,1,1,0,0,G,15,19
3402,12.12.2016.,19:30:00,25,21,1,3,1,1,0,G,16,19
3403,12.12.2016.,19:35:00,25,21,1,3,1,1,0,G,16,19
3404,12.12.2016.,19:40:00,25,21,1,3,1,1,0,G,16,19
3405,12.12.2016.,19:45:00,25,21,1,3,1,1,0,G,16,19
3406,12.12.2016.,19:50:00,25,21,1,3,1,1,0,G,16,19
3407,12.12.2016.,19:55:00,25,21,1,3,1,1,0,G,16,19
3408,12.12.2016.,20:00:00,25,21,1,3,1,1,0,G,16,19
3409,12.12.2016.,20:05:00,25,21,1,3,1,1,0,G,16,19
3410,12.12.2016.,20:10:00,25,21,0,0,0,1,0,G,16,19
3411,12.12.2016.,20:15:00,25,21,0,0,0,1,0,G,16,19
3412,12.12.2016.,20:20:00,25,21,0,0,0,1,0,G,16,19
3413,12.12.2016.,20:25:00,25,21,0,0,0,1,0,G,16,19
3414,12.12.2016.,20:30:00,25,21,0,0,0,1,0,G,16,19
3415,12.12.2016.,20:35:00,25,21,0,0,0,1,0,G,16,19
3416,12.12.2016.,20:40:00,25,21,0,0,0,1,0,G,16,19
3417,12.12.2016.,20:45:00,25,21,0,0,0,1,0,G,16,19
3418,12.12.2016.,20:50:00,25,21,0,0,0,1,0,G,16,19
3419,12.12.2016.,20:55:00,25,21,0,0,0,1,0,G,16,19
3420,12.12.2016.,21:00:00,25,21,0,0,0,1,0,G,16,19
3421,12.12.2016.,21:05:00,25,21,0,0,0,1,0,G,16,19
3422,12.12.2016.,21:10:00,25,21,0,0,0,1,0,G,16,19
3423,12.12.2016.,21:15:00,25,21,0,0,0,1,0,G,16,19
3424,12.12.2016.,21:20:00,25,21,0,0,0,1,0,G,16,19
3425,12.12.2016.,21:25:00,25,21,0,0,0,1,0,G,16,19
3426,12.12.2016.,21:30:00,25,21,0,0,0,1,0,G,16,19
3427,12.12.2016.,21:35:00,25,21,0,0,0,1,0,G,16,19
3428,12.12.2016.,21:40:00,25,21,0,0,0,1,0,G,16,19
3429,12.12.2016.,21:45:00,25,21,0,0,0,1,0,G,16,19
3430,12.12.2016.,21:50:00,25,21,0,0,0,1,0,G,16,19
3431,12.12.2016.,21:55:00,25,21,0,0,0,1,0,G,16,19
3432,12.12.2016.,22:00:00,25,21,0,0,0,1,0,G,16,19
3433,12.12.2016.,22:05:00,25,21,0,0,0,1,0,G,16,19
3434,12.12.2016.,22:10:00,25,21,0,0,0,1,0,G,16,19
3435,12.12.2016.,22:15:00,25,21,0,0,0,1,0,G,16,19
3436,12.12.2016.,22:20:00,25,21,0,0,0,1,0,G,16,19
3437,12.12.2016.,22:25:00,25,21,0,0,0,1,0,G,16,19
3438,12.12.2016.,22:30:00,25,21,0,0,0,1,0,G,16,19
3439,12.12.2016.,22:35:00,25,21,0,0,0,1,0,G,16,19
3440,12.12.2016.,22:40:00,25,21,0,0,0,1,0,G,16,19
3441,12.12.2016.,22:45:00,25,21,0,0,0,1,0,G,16,19
3442,12.12.2016.,22:50:00,25,21,0,0,0,1,0,G,16,19
3443,12.12.2016.,22:55:00,25,21,0,0,0,1,0,G,16,19
3444,12.12.2016.,23:00:00,25,21,0,0,0,1,0,G,16,19
3445,12.12.2016.,23:05:00,25,21,0,0,0,1,0,G,16,19
3446,12.12.2016.,23:10:00,25,21,0,0,0,1,0,G,16,19
3447,12.12.2016.,23:15:00,25,21,0,0,0,1,0,G,16,19
3448,12.12.2016.,23:20:00,25,21,0,0,0,1,0,G,16,19
3449,12.12.2016.,23:25:00,25,21,0,0,0,1,0,G,16,19
3450,12.12.2016.,23:30:00,25,21,0,0,0,1,0,G,16,19
3451,12.12.2016.,23:35:00,25,21,0,0,0,1,0,G,16,19
3452,12.12.2016.,23:40:00,25,21,0,0,0,1,0,G,16,19
3453,12.12.2016.,23:45:00,25,21,0,0,0,1,0,G,16,19
3454,12.12.2016.,23:50:00,25,21,0,0,0,1,0,G,16,19
3455,12.12.2016.,23:55:00,25,21,0,0,0,1,0,G,16,19
3456,13.12.2016.,00:00:00,25,21,0,0,0,1,0,G,16,19
3457,13.12.2016.,00:05:00,25,21,0,0,0,1,0,G,16,19
3458,13.12.2016.,00:10:00,25,21,0,0,0,1,0,G,16,19
3459,13.12.2016.,00:15:00,25,21,0,0,0,1,0,G,16,19
3460,13.12.2016.,00:20:00,25,21,0,0,0,1,0,G,16,19
3461,13.12.2016.,00:25:00,25,21,0,0,0,1,0,G,16,19
3462,13.12.2016.,00:30:00,25,21,0,0,0,1,0,G,16,19
3463,13.12.2016.,00:35:00,25,21,0,0,0,1,0,G,16,19
3464,13.12.2016.,00:40:00,25,21,0,0,0,1,0,G,16,19
3465,13.12.2016.,00:45:00,25,21,0,0,0,1,0,G,16,19
3466,13.12.2016.,00:50:00,25,21,0,0,0,1,0,G,16,19
3467,13.12.2016.,00:55:00,25,21,0,0,0,1,0,G,16,19
3468,13.12.2016.,01:00:00,25,21,0,0,0,1,0,G,16,19
3469,13.12.2016.,01:05:00,25,21,0,0,0,1,0,G,16,19
3470,13.12.2016.,01:10:00,25,21,0,0,0,1,0,G,16,19
3471,13.12.2016.,01:15:00,25,21,0,0,0,1,0,G,16,19
3472,13.12.2016.,01:20:00,25,21,0,0,0,1,0,G,16,19
3473,13.12.2016.,01:25:00,25,21,0,0,0,1,0,G,16,19
3474,13.12.2016.,01:30:00,25,21,0,0,0,1,0,G,16,19
3475,13.12.2016.,01:35:00,25,21,0,0,0,1,0,G,16,19
3476,13.12.2016.,01:40:00,25,21,0,0,0,1,0,G,16,19
3477,13.12.2016.,01:45:00,25,21,0,0,0,1,0,G,16,19
3478,13.12.2016.,01:50:00,25,21,0,0,0,1,0,G,16,19
3479,13.12.2016.,01:55:00,25,21,0,0,0,1,0,G,16,19
3480,13.12.2016.,02:00:00,25,21,0,0,0,1,0,G,16,19
3481,13.12.2016.,02:05:00,25,21,0,0,0,1,0,G,16,19
3482,13.12.2016.,02:10:00,25,21,0,0,0,1,0,G,16,19
3483,13.12.2016.,02:15:00,25,21,0,0,0,1,0,G,16,19
3484,13.12.2016.,02:20:00,25,21,0,0,0,1,0,G,16,19
3485,13.12.2016.,02:25:00,25,21,0,0,0,1,0,G,16,19
3486,13.12.2016.,02:30:00,25,21,0,0,0,1,0,G,16,19
3487,13.12.2016.,02:35:00,25,21,0,0,0,1,0,G,16,19
3488,13.12.2016.,02:40:00,25,21,0,0,0,1,0,G,16,19
3489,13.12.2016.,02:45:00,25,21,0,0,0,1,0,G,16,19
3490,13.12.2016.,02:50:00,25,21,0,0,0,1,0,G,16,19
3491,13.12.2016.,02:55:00,25,21,0,0,0,1,0,G,16,19
3492,13.12.2016.,03:00:00,25,21,0,0,0,1,0,G,16,19
3493,13.12.2016.,03:05:00,25,21,0,0,0,1,0,G,16,19
3494,13.12.2016.,03:10:00,25,21,0,0,0,1,0,G,16,19
3495,13.12.2016.,03:15:00,25,21,0,0,0,1,0,G,16,19
3496,13.12.2016.,03:20:00,25,21,0,0,0,1,0,G,16,19
3497,13.12.2016.,03:25:00,25,21,0,0,0,1,0,G,16,19
3498,13.12.2016.,03:30:00,25,21,0,0,0,1,0,G,16,19
3499,13.12.2016.,03:35:00,25,21,0,0,0,1,0,G,16,19
3500,13.12.2016.,03:40:00,25,21,0,0,0,1,0,G,16,19
3501,13.12.2016.,03:45:00,25,21,0,0,0,1,0,G,16,19
3502,13.12.2016.,03:50:00,25,21,0,0,0,1,0,G,16,19
3503,13.12.2016.,03:55:00,25,21,0,0,0,1,0,G,16,19
3504,13.12.2016.,04:00:00,25,21,0,0,0,1,0,G,16,19
3505,13.12.2016.,04:05:00,25,21,0,0,0,1,0,G,16,19
3506,13.12.2016.,04:10:00,25,21,0,0,0,1,0,G,16,19
3507,13.12.2016.,04:15:00,25,21,0,0,0,1,0,G,16,19
3508,13.12.2016.,04:20:00,25,21,0,0,0,1,0,G,16,19
3509,13.12.2016.,04:25:00,25,21,0,0,0,1,0,G,16,19
3510,13.12.2016.,04:30:00,25,21,0,0,0,1,0,G,16,19
3511,13.12.2016.,04:35:00,25,21,0,0,0,1,0,G,16,19
3512,13.12.2016.,04:40:00,25,21,0,0,0,1,0,G,16,19
3513,13.12.2016.,04:45:00,25,21,0,0,0,1,0,G,16,19
3514,13.12.2016.,04:50:00,25,21,0,0,0,1,0,G,16,19
3515,13.12.2016.,04:55:00,25,21,0,0,0,1,0,G,16,19
3516,13.12.2016.,05:00:00,25,21,0,0,0,1,0,G,16,19
3517,13.12.2016.,05:05:00,25,20,0,0,0,1,0,G,16,19
3518,13.12.2016.,05:10:00,25,20,0,0,0,1,0,G,16,19
3519,13.12.2016.,05:15:00,25,20,0,0,0,1,0,G,16,19
3520,13.12.2016.,05:20:00,25,20,0,0,0,1,0,G,16,19
3521,13.12.2016.,05:25:00,25,20,0,0,0,1,0,G,16,19
3522,13.12.2016.,05:30:00,25,20,0,0,0,1,0,G,16,19
3523,13.12.2016.,05:35:00,25,20,0,0,0,1,0,G,16,19
3524,13.12.2016.,05:40:00,25,20,0,0,0,1,0,G,16,19
3525,13.12.2016.,05:45:00,25,20,0,0,0,1,0,G,16,19
3526,13.12.2016.,05:50:00,25,20,0,0,0,1,0,G,16,19
3527,13.12.2016.,05:55:00,25,20,0,0,0,1,0,G,16,19
3528,13.12.2016.,06:00:00,25,20,0,0,0,1,0,G,16,18
3529,13.12.2016.,06:05:00,25,21,0,0,0,1,0,G,16,18
3530,13.12.2016.,06:10:00,25,21,0,0,0,1,0,G,16,18
3531,13.12.2016.,06:15:00,25,21,0,0,0,1,0,G,16,18
3532,13.12.2016.,06:20:00,25,21,0,0,0,1,0,G,16,18
3533,13.12.2016.,06:25:00,25,21,0,0,0,1,0,G,16,18
3534,13.12.2016.,06:30:00,25,21,0,0,0,1,0,G,16,18
3535,13.12.2016.,06:35:00,25,21,0,0,0,1,0,G,16,18
3536,13.12.2016.,06:40:00,25,21,0,0,0,1,0,G,16,18
3537,13.12.2016.,06:45:00,25,21,0,0,0,1,0,G,16,18
3538,13.12.2016.,06:50:00,26,21,1,2,1,0,0,G,16,18
3539,13.12.2016.,06:55:00,22,21,1,2,1,0,0,G,15,18
3540,13.12.2016.,07:00:00,22,21,1,2,1,0,0,G,15,18
3541,13.12.2016.,07:05:00,22,21,1,2,1,0,0,G,15,18
3542,13.12.2016.,07:10:00,22,21,1,2,1,0,0,G,15,18
3543,13.12.2016.,07:15:00,22,21,1,2,1,0,0,G,15,18
3544,13.12.2016.,07:20:00,22,21,1,1,1,0,0,G,15,18
3545,13.12.2016.,07:25:00,22,21,1,1,1,0,0,G,15,18
3546,13.12.2016.,07:30:00,23,21,1,2,1,1,0,G,16,18
3547,13.12.2016.,07:35:00,25,21,1,2,1,1,0,G,16,18
3548,13.12.2016.,07:40:00,25,21,1,2,1,1,0,G,16,18
3549,13.12.2016.,07:45:00,25,21,1,2,1,1,0,G,16,18
3550,13.12.2016.,07:50:00,25,21,1,2,1,1,0,G,16,18
3551,13.12.2016.,07:55:00,25,21,1,2,1,1,0,G,16,18
3552,13.12.2016.,08:00:00,25,21,1,1,1,1,0,G,16,18
3553,13.12.2016.,08:05:00,25,21,1,1,1,1,0,G,16,18
3554,13.12.2016.,08:10:00,25,21,1,1,1,1,0,G,16,18
3555,13.12.2016.,08:15:00,25,21,1,1,1,1,0,G,16,18
3556,13.12.2016.,08:20:00,25,21,1,1,1,1,0,G,16,18
3557,13.12.2016.,08:25:00,25,21,1,1,1,1,0,G,16,19
3558,13.12.2016.,08:30:00,25,21,1,1,1,1,0,G,16,19
3559,13.12.2016.,08:35:00,25,21,1,1,1,1,0,G,16,19
3560,13.12.2016.,08:40:00,25,21,1,1,1,1,0,G,16,19
3561,13.12.2016.,08:45:00,22,21,1,1,1,0,0,G,15,19
3562,13.12.2016.,08:50:00,22,21,1,1,1,0,0,G,15,19
3563,13.12.2016.,08:55:00,22,21,1,1,1,0,0,G,15,19
3564,13.12.2016.,09:00:00,22,21,1,1,1,0,0,G,15,19
3565,13.12.2016.,09:05:00,22,21,1,1,1,0,0,G,15,19
3566,13.12.2016.,09:10:00,22,21,1,1,1,0,0,G,15,19
3567,13.12.2016.,09:15:00,22,21,1,1,1,0,0,G,15,19
3568,13.12.2016.,09:20:00,22,21,1,1,1,0,0,G,15,19
3569,13.12.2016.,09:25:00,22,21,1,1,1,0,0,G,15,19
3570,13.12.2016.,09:30:00,22,21,1,1,1,0,0,G,15,19
3571,13.12.2016.,09:35:00,22,21,1,1,1,0,0,G,15,19
3572,13.12.2016.,09:40:00,22,21,1,1,1,0,0,G,15,19
3573,13.12.2016.,09:45:00,22,21,1,1,1,0,0,G,15,19
3574,13.12.2016.,09:50:00,22,21,1,1,1,0,0,G,15,19
3575,13.12.2016.,09:55:00,22,21,1,1,1,0,0,G,15,19
3576,13.12.2016.,10:00:00,22,21,1,1,1,0,0,G,15,19
3577,13.12.2016.,10:05:00,22,21,1,1,1,0,0,G,15,19
3578,13.12.2016.,10:10:00,22,21,1,1,1,0,0,G,15,19
3579,13.12.2016.,10:15:00,22,21,1,0,1,0,0,G,15,19
3580,13.12.2016.,10:20:00,22,21,1,0,1,0,0,G,15,19
3581,13.12.2016.,10:25:00,22,21,1,0,1,0,0,G,15,19
3582,13.12.2016.,10:30:00,22,21,1,0,1,0,0,G,15,19
3583,13.12.2016.,10:35:00,22,21,1,0,1,0,0,G,15,19
3584,13.12.2016.,10:40:00,22,21,1,0,1,0,0,G,15,19
3585,13.12.2016.,10:45:00,22,21,1,1,1,0,0,G,15,19
3586,13.12.2016.,10:50:00,22,21,1,1,1,0,0,G,15,19
3587,13.12.2016.,10:55:00,22,21,1,1,1,0,0,G,15,19
3588,13.12.2016.,11:00:00,22,21,1,1,1,0,0,G,15,19
3589,13.12.2016.,11:05:00,22,21,1,1,1,0,0,G,15,19
3590,13.12.2016.,11:10:00,22,21,1,1,1,0,0,G,15,19
3591,13.12.2016.,11:15:00,22,21,1,1,1,0,0,G,15,19
3592,13.12.2016.,11:20:00,22,21,1,1,1,0,0,G,15,19
3593,13.12.2016.,11:25:00,22,21,1,1,1,0,0,G,15,19
3594,13.12.2016.,11:30:00,22,21,1,1,1,0,0,G,15,19
3595,13.12.2016.,11:35:00,22,21,1,1,1,0,0,G,15,19
3596,13.12.2016.,11:40:00,22,21,1,1,1,0,0,G,15,19
3597,13.12.2016.,11:45:00,22,21,1,1,1,0,0,G,15,19
3598,13.12.2016.,11:50:00,22,21,1,1,1,0,0,G,15,19
3599,13.12.2016.,11:55:00,22,21,1,1,1,0,0,G,15,19
3600,13.12.2016.,12:00:00,22,21,1,1,1,0,0,G,15,19
3601,13.12.2016.,12:05:00,22,21,1,1,1,0,0,G,15,19
3602,13.12.2016.,12:10:00,22,21,1,1,1,0,0,G,15,19
3603,13.12.2016.,12:15:00,22,21,1,1,1,0,0,G,15,19
3604,13.12.2016.,12:20:00,22,21,1,1,1,0,0,G,15,19
3605,13.12.2016.,12:25:00,22,21,1,1,1,0,0,G,15,19
3606,13.12.2016.,12:30:00,22,21,1,1,1,0,0,G,15,19
3607,13.12.2016.,12:35:00,22,21,1,1,1,0,0,G,15,19
3608,13.12.2016.,12:40:00,22,21,1,1,1,0,0,G,15,19
3609,13.12.2016.,12:45:00,22,21,1,1,1,0,0,G,15,19
3610,13.12.2016.,12:50:00,22,21,1,1,1,0,0,G,15,19
3611,13.12.2016.,12:55:00,22,21,1,1,1,0,0,G,15,19
3612,13.12.2016.,13:00:00,22,21,1,1,1,0,0,G,15,19
3613,13.12.2016.,13:05:00,22,21,1,1,1,0,0,G,15,19
3614,13.12.2016.,13:10:00,22,21,1,1,1,0,0,G,15,19
3615,13.12.2016.,13:15:00,22,21,1,1,1,0,0,G,15,19
3616,13.12.2016.,13:20:00,22,21,1,1,1,0,0,G,15,19
3617,13.12.2016.,13:25:00,22,21,1,1,1,0,0,G,15,19
3618,13.12.2016.,13:30:00,22,21,1,1,1,0,0,G,15,19
3619,13.12.2016.,13:35:00,22,21,1,1,1,0,0,G,15,19
3620,13.12.2016.,13:40:00,23,21,1,0,0,1,1,G,16,19
3621,13.12.2016.,13:45:00,23,21,1,1,1,0,0,G,16,19
3622,13.12.2016.,13:50:00,22,21,1,1,1,0,0,G,15,19
3623,13.12.2016.,13:55:00,22,21,1,1,1,0,0,G,15,19
3624,13.12.2016.,14:00:00,22,21,1,1,1,0,0,G,15,19
3625,13.12.2016.,14:05:00,22,21,1,1,1,0,0,G,15,19
3626,13.12.2016.,14:10:00,22,21,1,1,1,0,0,G,15,19
3627,13.12.2016.,14:15:00,22,21,1,1,1,0,0,G,15,19
3628,13.12.2016.,14:20:00,22,21,1,1,1,0,0,G,15,19
3629,13.12.2016.,14:25:00,22,21,1,1,1,0,0,G,15,19
3630,13.12.2016.,14:30:00,22,21,1,1,1,0,0,G,15,19
3631,13.12.2016.,14:35:00,22,21,1,1,1,0,0,G,15,19
3632,13.12.2016.,14:40:00,22,21,1,1,1,0,0,G,15,19
3633,13.12.2016.,14:45:00,22,21,1,1,1,0,0,G,15,19
3634,13.12.2016.,14:50:00,22,21,1,1,1,0,0,G,15,19
3635,13.12.2016.,14:55:00,22,21,1,1,1,0,0,G,15,19
3636,13.12.2016.,15:00:00,22,21,1,1,1,0,0,G,15,19
3637,13.12.2016.,15:05:00,22,21,1,1,1,0,0,G,15,19
3638,13.12.2016.,15:10:00,22,21,1,1,1,0,0,G,15,19
3639,13.12.2016.,15:15:00,22,21,1,1,1,0,0,G,15,19
3640,13.12.2016.,15:20:00,22,21,1,0,1,0,0,G,15,19
3641,13.12.2016.,15:25:00,22,21,1,0,1,0,0,G,15,19
3642,13.12.2016.,15:30:00,22,21,1,0,1,0,0,G,15,19
3643,13.12.2016.,15:35:00,22,21,1,0,1,0,0,G,15,19
3644,13.12.2016.,15:40:00,22,22,1,0,0,0,0,G,15,19
3645,13.12.2016.,15:45:00,22,22,1,0,0,0,0,G,15,19
3646,13.12.2016.,15:50:00,22,22,1,0,0,0,0,G,15,19
3647,13.12.2016.,15:55:00,22,22,1,0,0,0,0,G,15,19
3648,13.12.2016.,16:00:00,22,22,1,0,0,0,0,G,15,19
3649,13.12.2016.,16:05:00,22,22,1,0,0,0,0,G,15,19
3650,13.12.2016.,16:10:00,22,22,1,0,0,0,0,G,15,19
3651,13.12.2016.,16:15:00,22,22,1,0,0,0,0,G,15,19
3652,13.12.2016.,16:20:00,22,22,1,0,0,0,0,G,15,19
3653,13.12.2016.,16:25:00,22,22,1,0,0,0,0,G,15,19
3654,13.12.2016.,16:30:00,22,22,1,0,0,0,0,G,15,19
3655,13.12.2016.,16:35:00,22,22,1,0,0,0,0,G,15,19
3656,13.12.2016.,16:40:00,22,22,1,0,0,0,0,G,15,19
3657,13.12.2016.,16:45:00,22,22,1,0,0,0,0,G,15,19
3658,13.12.2016.,16:50:00,22,22,1,0,0,0,0,G,15,19
3659,13.12.2016.,16:55:00,22,22,1,0,0,0,0,G,15,19
3660,13.12.2016.,17:00:00,22,22,1,0,0,0,0,G,15,19
3661,13.12.2016.,17:05:00,22,22,1,0,0,0,0,G,15,19
3662,13.12.2016.,17:10:00,22,22,1,0,1,0,0,G,15,19
3663,13.12.2016.,17:15:00,22,22,1,0,1,0,0,G,15,19
3664,13.12.2016.,17:20:00,22,22,1,0,1,0,0,G,15,19
3665,13.12.2016.,17:25:00,22,22,1,0,1,0,0,G,15,19
3666,13.12.2016.,17:30:00,22,22,1,0,1,0,0,G,15,19
3667,13.12.2016.,17:35:00,22,21,1,0,1,0,0,G,15,19
3668,13.12.2016.,17:40:00,22,21,1,0,1,0,0,G,15,19
3669,13.12.2016.,17:45:00,22,21,1,0,1,0,0,G,15,19
3670,13.12.2016.,17:50:00,22,21,1,0,1,0,0,G,15,19
3671,13.12.2016.,17:55:00,22,21,1,1,1,0,0,G,15,19
3672,13.12.2016.,18:00:00,22,21,1,1,1,0,0,G,15,19
3673,13.12.2016.,18:05:00,22,21,1,1,1,0,0,G,15,19
3674,13.12.2016.,18:10:00,22,21,1,1,1,0,0,G,15,19
3675,13.12.2016.,18:15:00,22,21,1,1,1,0,0,G,15,19
3676,13.12.2016.,18:20:00,22,21,1,1,1,0,0,G,15,19
3677,13.12.2016.,18:25:00,22,21,1,1,1,0,0,G,15,19
3678,13.12.2016.,18:30:00,22,21,1,1,1,0,0,G,15,19
3679,13.12.2016.,18:35:00,22,21,1,1,1,0,0,G,15,19
3680,13.12.2016.,18:40:00,22,21,1,1,1,0,0,G,15,19
3681,13.12.2016.,18:45:00,22,21,1,1,1,0,0,G,15,19
3682,13.12.2016.,18:50:00,22,21,1,1,1,0,0,G,15,19
3683,13.12.2016.,18:55:00,22,21,1,1,1,0,0,G,15,19
3684,13.12.2016.,19:00:00,22,21,1,1,1,0,0,G,15,19
3685,13.12.2016.,19:05:00,22,21,1,1,1,0,0,G,15,19
3686,13.12.2016.,19:10:00,22,21,1,1,1,0,0,G,15,19
3687,13.12.2016.,19:15:00,22,21,1,1,1,0,0,G,15,19
3688,13.12.2016.,19:20:00,22,21,1,1,1,0,0,G,15,19
3689,13.12.2016.,19:25:00,22,21,1,1,1,0,0,G,15,19
3690,13.12.2016.,19:30:00,22,21,1,1,1,0,0,G,15,19
3691,13.12.2016.,19:35:00,22,21,1,1,1,0,0,G,15,19
3692,13.12.2016.,19:40:00,22,21,1,1,1,0,0,G,15,19
3693,13.12.2016.,19:45:00,22,21,1,1,1,0,0,G,15,19
3694,13.12.2016.,19:50:00,22,21,1,1,1,0,0,G,15,19
3695,13.12.2016.,19:55:00,22,21,1,1,1,0,0,G,15,19
3696,13.12.2016.,20:00:00,22,21,1,1,1,0,0,G,15,19
3697,13.12.2016.,20:05:00,23,21,1,1,1,1,0,G,16,19
3698,13.12.2016.,20:10:00,23,21,1,1,1,1,0,G,16,19
3699,13.12.2016.,20:15:00,25,21,1,2,1,1,0,G,16,19
3700,13.12.2016.,20:20:00,25,21,1,2,1,1,0,G,16,19
3701,13.12.2016.,20:25:00,25,21,1,2,1,1,0,G,16,19
3702,13.12.2016.,20:30:00,25,21,1,2,1,1,0,G,16,19
3703,13.12.2016.,20:35:00,25,21,0,0,0,1,0,G,16,19
3704,13.12.2016.,20:40:00,25,21,0,0,0,1,0,G,16,19
3705,13.12.2016.,20:45:00,25,21,0,0,0,1,0,G,16,19
3706,13.12.2016.,20:50:00,25,21,0,0,0,1,0,G,16,19
3707,13.12.2016.,20:55:00,25,21,0,0,0,1,0,G,16,19
3708,13.12.2016.,21:00:00,25,21,0,0,0,1,0,G,16,19
3709,13.12.2016.,21:05:00,25,21,0,0,0,1,0,G,16,19
3710,13.12.2016.,21:10:00,25,21,0,0,0,1,0,G,16,19
3711,13.12.2016.,21:15:00,25,21,0,0,0,1,0,G,16,19
3712,13.12.2016.,21:20:00,25,21,0,0,0,1,0,G,16,19
3713,13.12.2016.,21:25:00,25,21,0,0,0,1,0,G,16,19
3714,13.12.2016.,21:30:00,25,21,0,0,0,1,0,G,16,19
3715,13.12.2016.,21:35:00,25,21,0,0,0,1,0,G,16,19
3716,13.12.2016.,21:40:00,25,21,0,0,0,1,0,G,16,19
3717,13.12.2016.,21:45:00,25,21,0,0,0,1,0,G,16,19
3718,13.12.2016.,21:50:00,25,21,0,0,0,1,0,G,16,19
3719,13.12.2016.,21:55:00,25,21,0,0,0,1,0,G,16,19
3720,13.12.2016.,22:00:00,25,21,0,0,0,1,0,G,16,19
3721,13.12.2016.,22:05:00,25,21,0,0,0,1,0,G,16,19
3722,13.12.2016.,22:10:00,25,21,0,0,0,1,0,G,16,19
3723,13.12.2016.,22:15:00,25,21,0,0,0,1,0,G,16,19
3724,13.12.2016.,22:20:00,25,21,0,0,0,1,0,G,16,19
3725,13.12.2016.,22:25:00,25,21,0,0,0,1,0,G,16,19
3726,13.12.2016.,22:30:00,25,21,0,0,0,1,0,G,16,19
3727,13.12.2016.,22:35:00,25,21,0,0,0,1,0,G,16,19
3728,13.12.2016.,22:40:00,25,21,0,0,0,1,0,G,16,19
3729,13.12.2016.,22:45:00,25,21,0,0,0,1,0,G,16,19
3730,13.12.2016.,22:50:00,25,21,0,0,0,1,0,G,16,19
3731,13.12.2016.,22:55:00,25,21,0,0,0,1,0,G,16,19
3732,13.12.2016.,23:00:00,25,21,0,0,0,1,0,G,16,19
3733,13.12.2016.,23:05:00,25,21,0,0,0,1,0,G,16,19
3734,13.12.2016.,23:10:00,25,21,0,0,0,1,0,G,16,19
3735,13.12.2016.,23:15:00,25,21,0,0,0,1,0,G,16,19
3736,13.12.2016.,23:20:00,25,21,0,0,0,1,0,G,16,19
3737,13.12.2016.,23:25:00,25,21,0,0,0,1,0,G,16,19
3738,13.12.2016.,23:30:00,25,21,0,0,0,1,0,G,16,19
3739,13.12.2016.,23:35:00,25,21,0,0,0,1,0,G,16,19
3740,13.12.2016.,23:40:00,25,21,0,0,0,1,0,G,16,19
3741,13.12.2016.,23:45:00,25,21,0,0,0,1,0,G,16,19
3742,13.12.2016.,23:50:00,25,21,0,0,0,1,0,G,16,19
3743,13.12.2016.,23:55:00,25,21,0,0,0,1,0,G,16,19
3744,14.12.2016.,00:00:00,25,21,0,0,0,1,0,G,16,19
3745,14.12.2016.,00:05:00,25,21,0,0,0,1,0,G,16,19
3746,14.12.2016.,00:10:00,25,21,0,0,0,1,0,G,16,19
3747,14.12.2016.,00:15:00,25,21,0,0,0,1,0,G,16,19
3748,14.12.2016.,00:20:00,25,21,0,0,0,1,0,G,16,19
3749,14.12.2016.,00:25:00,25,21,0,0,0,1,0,G,16,19
3750,14.12.2016.,00:30:00,25,21,0,0,0,1,0,G,16,19
3751,14.12.2016.,00:35:00,25,21,0,0,0,1,0,G,16,19
3752,14.12.2016.,00:40:00,25,21,0,0,0,1,0,G,16,19
3753,14.12.2016.,00:45:00,25,21,0,0,0,1,0,G,16,19
3754,14.12.2016.,00:50:00,25,21,0,0,0,1,0,G,16,19
3755,14.12.2016.,00:55:00,25,21,0,0,0,1,0,G,16,19
3756,14.12.2016.,01:00:00,25,21,0,0,0,1,0,G,16,19
3757,14.12.2016.,01:05:00,25,21,0,0,0,1,0,G,16,19
3758,14.12.2016.,01:10:00,25,21,0,0,0,1,0,G,16,19
3759,14.12.2016.,01:15:00,25,21,0,0,0,1,0,G,16,19
3760,14.12.2016.,01:20:00,25,21,0,0,0,1,0,G,16,19
3761,14.12.2016.,01:25:00,25,21,0,0,0,1,0,G,16,19
3762,14.12.2016.,01:30:00,25,21,0,0,0,1,0,G,16,19
3763,14.12.2016.,01:35:00,25,21,0,0,0,1,0,G,16,19
3764,14.12.2016.,01:40:00,25,21,0,0,0,1,0,G,16,19
3765,14.12.2016.,01:45:00,25,21,0,0,0,1,0,G,16,19
3766,14.12.2016.,01:50:00,25,21,0,0,0,1,0,G,16,19
3767,14.12.2016.,01:55:00,25,21,0,0,0,1,0,G,16,19
3768,14.12.2016.,02:00:00,25,21,0,0,0,1,0,G,16,19
3769,14.12.2016.,02:05:00,25,21,0,0,0,1,0,G,16,19
3770,14.12.2016.,02:10:00,25,21,0,0,0,1,0,G,16,19
3771,14.12.2016.,02:15:00,25,21,0,0,0,1,0,G,16,19
3772,14.12.2016.,02:20:00,25,21,0,0,0,1,0,G,16,19
3773,14.12.2016.,02:25:00,25,21,0,0,0,1,0,G,16,19
3774,14.12.2016.,02:30:00,25,21,0,0,0,1,0,G,16,19
3775,14.12.2016.,02:35:00,25,21,0,0,0,1,0,G,16,19
3776,14.12.2016.,02:40:00,25,21,0,0,0,1,0,G,16,18
3777,14.12.2016.,02:45:00,25,21,0,0,0,1,0,G,16,18
3778,14.12.2016.,02:50:00,25,21,0,0,0,1,0,G,16,18
3779,14.12.2016.,02:55:00,25,21,0,0,0,1,0,G,16,18
3780,14.12.2016.,03:00:00,25,21,0,0,0,1,0,G,16,18
3781,14.12.2016.,03:05:00,25,21,0,0,0,1,0,G,16,18
3782,14.12.2016.,03:10:00,25,21,0,0,0,1,0,G,16,18
3783,14.12.2016.,03:15:00,25,21,0,0,0,1,0,G,16,18
3784,14.12.2016.,03:20:00,25,20,0,0,0,1,0,G,16,18
3785,14.12.2016.,03:25:00,25,20,0,0,0,1,0,G,16,18
3786,14.12.2016.,03:30:00,25,20,0,0,0,1,0,G,16,18
3787,14.12.2016.,03:35:00,25,20,0,0,0,1,0,G,16,18
3788,14.12.2016.,03:40:00,25,20,0,0,0,1,0,G,16,18
3789,14.12.2016.,03:45:00,25,20,0,0,0,1,0,G,16,18
3790,14.12.2016.,03:50:00,25,20,0,0,0,1,0,G,16,18
3791,14.12.2016.,03:55:00,25,20,0,0,0,1,0,G,16,18
3792,14.12.2016.,04:00:00,25,20,0,0,0,1,0,G,16,18
3793,14.12.2016.,04:05:00,25,20,0,0,0,1,0,G,16,18
3794,14.12.2016.,04:10:00,25,20,0,0,0,1,0,G,16,18
3795,14.12.2016.,04:15:00,25,20,0,0,0,1,0,G,16,18
3796,14.12.2016.,04:20:00,25,20,0,0,0,1,0,G,16,18
3797,14.12.2016.,04:25:00,25,20,0,0,0,1,0,G,16,18
3798,14.12.2016.,04:30:00,25,20,0,0,0,1,0,G,16,18
3799,14.12.2016.,04:35:00,25,20,0,0,0,1,0,G,16,18
3800,14.12.2016.,04:40:00,25,20,0,0,0,1,0,G,16,18
3801,14.12.2016.,04:45:00,25,20,0,0,0,1,0,G,16,18
3802,14.12.2016.,04:50:00,25,20,0,0,0,1,0,G,16,18
3803,14.12.2016.,04:55:00,25,20,0,0,0,1,0,G,16,18
3804,14.12.2016.,05:00:00,25,20,0,0,0,1,0,G,16,18
3805,14.12.2016.,05:05:00,25,20,0,0,0,1,0,G,16,18
3806,14.12.2016.,05:10:00,25,20,0,0,0,1,0,G,16,18
3807,14.12.2016.,05:15:00,25,20,0,0,0,1,0,G,16,18
3808,14.12.2016.,05:20:00,25,20,0,0,0,1,0,G,16,18
3809,14.12.2016.,05:25:00,25,20,0,0,0,1,0,G,16,18
3810,14.12.2016.,05:30:00,25,20,0,0,0,1,0,G,16,18
3811,14.12.2016.,05:35:00,25,20,0,0,0,1,0,G,16,18
3812,14.12.2016.,05:40:00,25,20,0,0,0,1,0,G,16,18
3813,14.12.2016.,05:45:00,25,20,0,0,0,1,0,G,16,18
3814,14.12.2016.,05:50:00,25,20,0,0,0,1,0,G,16,18
3815,14.12.2016.,05:55:00,25,20,0,0,0,1,0,G,16,18
3816,14.12.2016.,06:00:00,25,20,0,0,0,1,0,G,16,18
3817,14.12.2016.,06:05:00,25,20,0,0,0,1,0,G,16,18
3818,14.12.2016.,06:10:00,25,20,0,0,0,1,0,G,16,18
3819,14.12.2016.,06:15:00,25,20,0,0,0,1,0,G,16,18
3820,14.12.2016.,06:20:00,25,20,0,0,0,1,0,G,16,18
3821,14.12.2016.,06:25:00,25,20,0,0,0,1,0,G,16,18
3822,14.12.2016.,06:30:00,25,20,0,0,0,1,0,G,16,18
3823,14.12.2016.,06:35:00,25,20,0,0,0,1,0,G,16,18
3824,14.12.2016.,06:40:00,25,20,0,0,0,1,0,G,16,18
3825,14.12.2016.,06:45:00,25,20,0,0,0,1,0,G,16,18
3826,14.12.2016.,06:50:00,25,20,0,0,0,1,0,G,16,18
3827,14.12.2016.,06:55:00,25,20,0,0,0,1,0,G,16,18
3828,14.12.2016.,07:00:00,25,20,0,0,0,1,0,G,16,18
3829,14.12.2016.,07:05:00,25,20,0,0,0,1,0,G,16,18
3830,14.12.2016.,07:10:00,25,20,0,0,0,1,0,G,16,18
3831,14.12.2016.,07:15:00,25,20,0,0,0,1,0,G,16,18
3832,14.12.2016.,07:20:00,25,20,0,0,0,1,0,G,16,18
3833,14.12.2016.,07:25:00,25,20,0,0,0,1,0,G,16,18
3834,14.12.2016.,07:30:00,25,20,0,0,0,1,0,G,16,18
3835,14.12.2016.,07:35:00,25,20,0,0,0,1,0,G,16,18
3836,14.12.2016.,07:40:00,25,20,0,0,0,1,0,G,16,18
3837,14.12.2016.,07:45:00,25,20,0,0,0,1,0,G,16,18
3838,14.12.2016.,07:50:00,25,20,0,0,0,1,0,G,16,18
3839,14.12.2016.,07:55:00,25,20,0,0,0,1,0,G,16,18
3840,14.12.2016.,08:00:00,25,20,0,0,0,1,0,G,16,18
3841,14.12.2016.,08:05:00,25,20,0,0,0,1,0,G,16,18
3842,14.12.2016.,08:10:00,25,19,0,0,0,1,0,G,16,18
3843,14.12.2016.,08:15:00,25,19,0,0,0,1,0,G,16,18
3844,14.12.2016.,08:20:00,25,19,0,0,0,1,0,G,16,18
3845,14.12.2016.,08:25:00,25,19,0,0,0,1,0,G,16,18
3846,14.12.2016.,08:30:00,25,19,0,0,0,1,0,G,16,18
3847,14.12.2016.,08:35:00,25,19,0,0,0,1,0,G,16,18
3848,14.12.2016.,08:40:00,25,19,0,0,0,1,0,G,16,17
3849,14.12.2016.,08:45:00,25,19,1,1,1,1,0,G,16,17
3850,14.12.2016.,08:50:00,26,19,1,1,1,1,0,G,16,17
3851,14.12.2016.,08:55:00,26,19,1,1,1,1,0,G,16,17
3852,14.12.2016.,09:00:00,26,19,1,1,1,1,0,G,16,17
3853,14.12.2016.,09:05:00,26,19,1,1,1,1,0,G,16,17
3854,14.12.2016.,09:10:00,26,19,1,1,1,1,0,G,16,17
3855,14.12.2016.,09:15:00,22,19,1,2,1,0,0,G,15,18
3856,14.12.2016.,09:20:00,22,19,1,2,1,0,0,G,15,18
3857,14.12.2016.,09:25:00,22,20,1,2,1,0,0,G,15,18
3858,14.12.2016.,09:30:00,22,20,1,2,1,0,0,G,15,18
3859,14.12.2016.,09:35:00,22,20,1,2,1,0,0,G,15,18
3860,14.12.2016.,09:40:00,22,20,1,2,1,0,0,G,15,18
3861,14.12.2016.,09:45:00,22,20,1,2,1,0,0,G,15,18
3862,14.12.2016.,09:50:00,22,20,1,2,1,0,0,G,15,18
3863,14.12.2016.,09:55:00,22,20,1,2,1,0,0,G,15,18
3864,14.12.2016.,10:00:00,22,20,1,2,1,0,0,G,15,18
3865,14.12.2016.,10:05:00,22,20,1,2,1,0,0,G,15,18
3866,14.12.2016.,10:10:00,22,20,1,2,1,0,0,G,15,18
3867,14.12.2016.,10:15:00,22,20,1,2,1,0,0,G,15,18
3868,14.12.2016.,10:20:00,22,20,1,2,1,0,0,G,15,18
3869,14.12.2016.,10:25:00,22,20,1,2,1,0,0,G,15,17
3870,14.12.2016.,10:30:00,22,20,1,2,1,0,0,G,15,18
3871,14.12.2016.,10:35:00,22,20,1,2,1,0,0,G,15,18
3872,14.12.2016.,10:40:00,22,20,1,2,1,0,0,G,15,18
3873,14.12.2016.,10:45:00,22,20,1,2,1,0,0,G,15,18
3874,14.12.2016.,10:50:00,22,20,1,2,1,0,0,G,15,18
3875,14.12.2016.,10:55:00,22,20,1,2,1,0,0,G,15,18
3876,14.12.2016.,11:00:00,22,20,1,2,1,0,0,G,15,18
3877,14.12.2016.,11:05:00,22,20,1,2,1,0,0,G,15,18
3878,14.12.2016.,11:10:00,22,20,1,2,1,0,0,G,15,18
3879,14.12.2016.,11:15:00,22,20,1,2,1,0,0,G,15,18
3880,14.12.2016.,11:20:00,22,20,1,2,1,0,0,G,15,18
3881,14.12.2016.,11:25:00,22,20,1,2,1,0,0,G,15,18
3882,14.12.2016.,11:30:00,22,20,1,2,1,0,0,G,15,18
3883,14.12.2016.,11:35:00,22,20,1,2,1,0,0,G,15,18
3884,14.12.2016.,11:40:00,22,20,1,2,1,0,0,G,15,18
3885,14.12.2016.,11:45:00,22,20,1,2,1,0,0,G,15,18
3886,14.12.2016.,11:50:00,22,20,1,2,1,0,0,G,15,18
3887,14.12.2016.,11:55:00,22,20,1,2,1,0,0,G,15,18
3888,14.12.2016.,12:00:00,22,20,1,2,1,0,0,G,15,18
3889,14.12.2016.,12:05:00,22,20,1,2,1,0,0,G,15,18
3890,14.12.2016.,12:10:00,22,20,1,2,1,0,0,G,15,18
3891,14.12.2016.,12:15:00,22,20,1,2,1,0,0,G,15,18
3892,14.12.2016.,12:20:00,22,20,1,2,1,0,0,G,15,18
3893,14.12.2016.,12:25:00,22,20,1,2,1,0,0,G,15,18
3894,14.12.2016.,12:30:00,22,20,1,2,1,0,0,G,15,18
3895,14.12.2016.,12:35:00,22,20,1,2,1,0,0,G,15,18
3896,14.12.2016.,12:40:00,22,20,1,2,1,0,0,G,15,18
3897,14.12.2016.,12:45:00,22,20,1,2,1,0,0,G,15,18
3898,14.12.2016.,12:50:00,22,20,1,2,1,0,0,G,15,18
3899,14.12.2016.,12:55:00,23,20,1,1,1,1,0,G,16,18
3900,14.12.2016.,13:00:00,23,20,1,1,1,1,0,G,16,18
3901,14.12.2016.,13:05:00,22,20,1,1,1,0,0,G,15,18
3902,14.12.2016.,13:10:00,22,20,1,1,1,0,0,G,15,18
3903,14.12.2016.,13:15:00,22,20,1,1,1,0,0,G,15,18
3904,14.12.2016.,13:20:00,22,20,1,1,1,0,0,G,15,18
3905,14.12.2016.,13:25:00,22,20,1,1,1,0,0,G,15,18
3906,14.12.2016.,13:30:00,22,20,1,1,1,0,0,G,15,18
3907,14.12.2016.,13:35:00,22,20,1,1,1,0,0,G,15,18
3908,14.12.2016.,13:40:00,22,20,1,1,1,0,0,G,15,18
3909,14.12.2016.,13:45:00,22,20,1,1,1,0,0,G,15,18
3910,14.12.2016.,13:50:00,22,20,1,1,1,0,0,G,15,18
3911,14.12.2016.,13:55:00,22,20,1,1,1,0,0,G,15,18
3912,14.12.2016.,14:00:00,22,20,1,1,1,0,0,G,15,18
3913,14.12.2016.,14:05:00,22,21,1,1,1,0,0,G,15,18
3914,14.12.2016.,14:10:00,22,21,1,1,1,0,0,G,15,18
3915,14.12.2016.,14:15:00,22,21,1,1,1,0,0,G,15,18
3916,14.12.2016.,14:20:00,22,21,1,1,1,0,0,G,15,18
3917,14.12.2016.,14:25:00,22,21,1,1,1,0,0,G,15,18
3918,14.12.2016.,14:30:00,22,21,1,1,1,0,0,G,15,18
3919,14.12.2016.,14:35:00,22,21,1,1,1,0,0,G,15,18
3920,14.12.2016.,14:40:00,22,21,1,1,1,0,0,G,15,18
3921,14.12.2016.,14:45:00,22,21,1,1,1,0,0,G,15,18
3922,14.12.2016.,14:50:00,22,21,1,1,1,0,0,G,15,18
3923,14.12.2016.,14:55:00,22,21,1,1,1,0,0,G,15,18
3924,14.12.2016.,15:00:00,22,21,1,1,1,0,0,G,15,18
3925,14.12.2016.,15:05:00,22,21,1,1,1,0,0,G,15,18
3926,14.12.2016.,15:10:00,22,21,1,1,1,0,0,G,15,18
3927,14.12.2016.,15:15:00,22,21,1,1,1,0,0,G,15,18
3928,14.12.2016.,15:20:00,22,21,1,1,1,0,0,G,15,18
3929,14.12.2016.,15:25:00,22,21,1,1,1,0,0,G,15,18
3930,14.12.2016.,15:30:00,22,21,1,1,1,0,0,G,15,18
3931,14.12.2016.,15:35:00,22,21,1,1,1,0,0,G,15,18
3932,14.12.2016.,15:40:00,22,21,1,1,1,0,0,G,15,18
3933,14.12.2016.,15:45:00,22,21,1,1,1,0,0,G,15,18
3934,14.12.2016.,15:50:00,22,21,1,1,1,0,0,G,15,18
3935,14.12.2016.,15:55:00,22,21,1,1,1,0,0,G,15,18
3936,14.12.2016.,16:00:00,22,21,1,1,1,0,0,G,15,18
3937,14.12.2016.,16:05:00,22,21,1,1,1,0,0,G,15,18
3938,14.12.2016.,16:10:00,22,21,1,1,1,0,0,G,15,18
3939,14.12.2016.,16:15:00,22,21,1,1,1,0,0,G,15,18
3940,14.12.2016.,16:20:00,22,21,1,1,1,0,0,G,15,18
3941,14.12.2016.,16:25:00,22,21,1,1,1,0,0,G,15,18
3942,14.12.2016.,16:30:00,22,21,1,0,1,0,0,G,15,18
3943,14.12.2016.,16:35:00,22,21,1,0,1,0,0,G,15,18
3944,14.12.2016.,16:40:00,22,21,1,0,1,0,0,G,15,18
3945,14.12.2016.,16:45:00,22,21,1,0,1,0,0,G,15,18
3946,14.12.2016.,16:50:00,22,21,1,0,1,0,0,G,15,18
3947,14.12.2016.,16:55:00,22,22,1,0,1,0,0,G,15,18
3948,14.12.2016.,17:00:00,22,22,1,0,1,0,0,G,15,18
3949,14.12.2016.,17:05:00,22,22,1,0,1,0,0,G,15,18
3950,14.12.2016.,17:10:00,22,21,1,0,1,0,0,G,15,18
3951,14.12.2016.,17:15:00,22,21,1,1,1,0,0,G,15,18
3952,14.12.2016.,17:20:00,22,21,1,1,1,0,0,G,15,18
3953,14.12.2016.,17:25:00,22,21,1,1,1,0,0,G,15,18
3954,14.12.2016.,17:30:00,22,21,1,1,1,0,0,G,15,18
3955,14.12.2016.,17:35:00,22,21,1,1,1,0,0,G,15,18
3956,14.12.2016.,17:40:00,22,21,1,1,1,0,0,G,15,18
3957,14.12.2016.,17:45:00,22,21,1,1,1,0,0,G,15,18
3958,14.12.2016.,17:50:00,22,21,1,1,1,0,0,G,15,19
3959,14.12.2016.,17:55:00,22,21,1,1,1,0,0,G,15,19
3960,14.12.2016.,18:00:00,22,21,1,1,1,0,0,G,15,19
3961,14.12.2016.,18:05:00,22,21,1,1,1,0,0,G,15,19
3962,14.12.2016.,18:10:00,22,21,1,1,1,0,0,G,15,19
3963,14.12.2016.,18:15:00,22,21,1,1,1,0,0,G,15,19
3964,14.12.2016.,18:20:00,22,21,1,1,1,0,0,G,15,19
3965,14.12.2016.,18:25:00,22,21,1,1,1,0,0,G,15,19
3966,14.12.2016.,18:30:00,22,21,1,1,1,0,0,G,15,19
3967,14.12.2016.,18:35:00,22,21,1,1,1,0,0,G,15,19
3968,14.12.2016.,18:40:00,22,21,1,1,1,0,0,G,15,19
3969,14.12.2016.,18:45:00,22,21,1,1,1,0,0,G,15,19
3970,14.12.2016.,18:50:00,22,21,1,1,1,0,0,G,15,19
3971,14.12.2016.,18:55:00,22,21,1,1,1,0,0,G,15,19
3972,14.12.2016.,19:00:00,22,21,1,1,1,0,0,G,15,19
3973,14.12.2016.,19:05:00,22,21,1,1,1,0,0,G,15,19
3974,14.12.2016.,19:10:00,22,21,1,1,1,0,0,G,15,19
3975,14.12.2016.,19:15:00,22,21,1,1,1,0,0,G,15,19
3976,14.12.2016.,19:20:00,23,21,1,1,1,1,0,G,16,19
3977,14.12.2016.,19:25:00,23,21,1,1,1,1,0,G,16,19
3978,14.12.2016.,19:30:00,26,21,1,2,1,1,0,G,16,19
3979,14.12.2016.,19:35:00,26,21,1,2,1,1,0,G,16,19
3980,14.12.2016.,19:40:00,26,21,1,2,1,1,0,G,16,19
3981,14.12.2016.,19:45:00,26,21,1,2,1,1,0,G,16,19
3982,14.12.2016.,19:50:00,26,21,1,2,1,1,0,G,16,19
3983,14.12.2016.,19:55:00,26,21,1,2,1,1,0,G,16,19
3984,14.12.2016.,20:00:00,26,22,1,2,1,1,0,G,16,19
3985,14.12.2016.,20:05:00,26,22,1,2,1,1,0,G,16,19
3986,14.12.2016.,20:10:00,26,22,1,2,1,1,0,G,16,19
3987,14.12.2016.,20:15:00,26,22,1,2,1,1,0,G,16,19
3988,14.12.2016.,20:20:00,26,22,1,2,1,1,0,G,16,19
3989,14.12.2016.,20:25:00,26,22,0,0,0,1,0,G,16,19
3990,14.12.2016.,20:30:00,26,22,0,0,0,1,0,G,16,19
3991,14.12.2016.,20:35:00,26,22,0,0,0,1,0,G,16,19
3992,14.12.2016.,20:40:00,26,22,0,0,0,1,0,G,16,19
3993,14.12.2016.,20:45:00,26,22,0,0,0,1,0,G,16,19
3994,14.12.2016.,20:50:00,26,22,0,0,0,1,0,G,16,19
3995,14.12.2016.,20:55:00,26,22,0,0,0,1,0,G,16,19
3996,14.12.2016.,21:00:00,26,22,0,0,0,1,0,G,16,19
3997,14.12.2016.,21:05:00,26,22,0,0,0,1,0,G,16,19
3998,14.12.2016.,21:10:00,26,22,0,0,0,1,0,G,16,19
3999,14.12.2016.,21:15:00,26,22,0,0,0,1,0,G,16,19
4000,14.12.2016.,21:20:00,26,22,0,0,0,1,0,G,16,19
4001,14.12.2016.,21:25:00,26,22,0,0,0,1,0,G,16,19
4002,14.12.2016.,21:30:00,26,22,0,0,0,1,0,G,16,19
4003,14.12.2016.,21:35:00,26,22,0,0,0,1,0,G,16,19
4004,14.12.2016.,21:40:00,26,22,0,0,0,1,0,G,16,19
4005,14.12.2016.,21:45:00,26,22,0,0,0,1,0,G,16,19
4006,14.12.2016.,21:50:00,26,22,0,0,0,1,0,G,16,19
4007,14.12.2016.,21:55:00,26,22,0,0,0,1,0,G,16,19
4008,14.12.2016.,22:00:00,26,22,0,0,0,1,0,G,16,19
4009,14.12.2016.,22:05:00,26,22,0,0,0,1,0,G,16,19
4010,14.12.2016.,22:10:00,26,22,0,0,0,1,0,G,16,19
4011,14.12.2016.,22:15:00,26,22,0,0,0,1,0,G,16,19
4012,14.12.2016.,22:20:00,26,22,0,0,0,1,0,G,16,19
4013,14.12.2016.,22:25:00,26,22,0,0,0,1,0,G,16,19
4014,14.12.2016.,22:30:00,26,22,0,0,0,1,0,G,16,19
4015,14.12.2016.,22:35:00,26,22,0,0,0,1,0,G,16,19
4016,14.12.2016.,22:40:00,26,22,0,0,0,1,0,G,16,19
4017,14.12.2016.,22:45:00,26,22,0,0,0,1,0,G,16,19
4018,14.12.2016.,22:50:00,26,22,0,0,0,1,0,G,16,19
4019,14.12.2016.,22:55:00,26,22,0,0,0,1,0,G,16,19
4020,14.12.2016.,23:00:00,26,22,0,0,0,1,0,G,16,19
4021,14.12.2016.,23:05:00,26,22,0,0,0,1,0,G,16,19
4022,14.12.2016.,23:10:00,26,22,0,0,0,1,0,G,16,19
4023,14.12.2016.,23:15:00,26,22,0,0,0,1,0,G,16,19
4024,14.12.2016.,23:20:00,26,22,0,0,0,1,0,G,16,19
4025,14.12.2016.,23:25:00,26,22,0,0,0,1,0,G,16,19
4026,14.12.2016.,23:30:00,26,22,0,0,0,1,0,G,16,19
4027,14.12.2016.,23:35:00,26,22,0,0,0,1,0,G,16,19
4028,14.12.2016.,23:40:00,26,22,0,0,0,1,0,G,16,19
4029,14.12.2016.,23:45:00,26,22,0,0,0,1,0,G,16,19
4030,14.12.2016.,23:50:00,26,22,0,0,0,1,0,G,16,19
4031,14.12.2016.,23:55:00,26,22,0,0,0,1,0,G,16,19
4032,15.12.2016.,00:00:00,26,22,0,0,0,1,0,G,16,19
4033,15.12.2016.,00:05:00,26,22,0,0,0,1,0,G,16,19
4034,15.12.2016.,00:10:00,26,22,0,0,0,1,0,G,16,19
4035,15.12.2016.,00:15:00,26,22,0,0,0,1,0,G,16,19
4036,15.12.2016.,00:20:00,26,22,0,0,0,1,0,G,16,19
4037,15.12.2016.,00:25:00,26,22,0,0,0,1,0,G,16,19
4038,15.12.2016.,00:30:00,26,22,0,0,0,1,0,G,16,19
4039,15.12.2016.,00:35:00,26,22,0,0,0,1,0,G,16,19
4040,15.12.2016.,00:40:00,26,22,0,0,0,1,0,G,16,19
4041,15.12.2016.,00:45:00,26,22,0,0,0,1,0,G,16,19
4042,15.12.2016.,00:50:00,26,22,0,0,0,1,0,G,16,19
4043,15.12.2016.,00:55:00,26,22,0,0,0,1,0,G,16,19
4044,15.12.2016.,01:00:00,26,22,0,0,0,1,0,G,16,19
4045,15.12.2016.,01:05:00,26,22,0,0,0,1,0,G,16,19
4046,15.12.2016.,01:10:00,26,22,0,0,0,1,0,G,16,19
4047,15.12.2016.,01:15:00,26,22,0,0,0,1,0,G,16,19
4048,15.12.2016.,01:20:00,26,22,0,0,0,1,0,G,16,19
4049,15.12.2016.,01:25:00,26,22,0,0,0,1,0,G,16,19
4050,15.12.2016.,01:30:00,26,22,0,0,0,1,0,G,16,19
4051,15.12.2016.,01:35:00,26,22,0,0,0,1,0,G,16,19
4052,15.12.2016.,01:40:00,26,22,0,0,0,1,0,G,16,19
4053,15.12.2016.,01:45:00,26,22,0,0,0,1,0,G,16,19
4054,15.12.2016.,01:50:00,26,22,0,0,0,1,0,G,16,19
4055,15.12.2016.,01:55:00,26,22,0,0,0,1,0,G,16,19
4056,15.12.2016.,02:00:00,26,22,0,0,0,1,0,G,16,19
4057,15.12.2016.,02:05:00,26,22,0,0,0,1,0,G,16,19
4058,15.12.2016.,02:10:00,26,22,0,0,0,1,0,G,16,19
4059,15.12.2016.,02:15:00,26,22,0,0,0,1,0,G,16,19
4060,15.12.2016.,02:20:00,26,22,0,0,0,1,0,G,16,19
4061,15.12.2016.,02:25:00,26,22,0,0,0,1,0,G,16,19
4062,15.12.2016.,02:30:00,26,22,0,0,0,1,0,G,16,19
4063,15.12.2016.,02:35:00,26,22,0,0,0,1,0,G,16,19
4064,15.12.2016.,02:40:00,26,22,0,0,0,1,0,G,16,19
4065,15.12.2016.,02:45:00,26,22,0,0,0,1,0,G,16,19
4066,15.12.2016.,02:50:00,26,22,0,0,0,1,0,G,16,19
4067,15.12.2016.,02:55:00,26,22,0,0,0,1,0,G,16,19
4068,15.12.2016.,03:00:00,26,22,0,0,0,1,0,G,16,19
4069,15.12.2016.,03:05:00,26,22,0,0,0,1,0,G,16,19
4070,15.12.2016.,03:10:00,26,21,0,0,0,1,0,G,16,19
4071,15.12.2016.,03:15:00,26,21,0,0,0,1,0,G,16,19
4072,15.12.2016.,03:20:00,26,21,0,0,0,1,0,G,16,19
4073,15.12.2016.,03:25:00,26,21,0,0,0,1,0,G,16,19
4074,15.12.2016.,03:30:00,26,21,0,0,0,1,0,G,16,19
4075,15.12.2016.,03:35:00,26,21,0,0,0,1,0,G,16,19
4076,15.12.2016.,03:40:00,26,21,0,0,0,1,0,G,16,19
4077,15.12.2016.,03:45:00,26,21,0,0,0,1,0,G,16,19
4078,15.12.2016.,03:50:00,26,21,0,0,0,1,0,G,16,19
4079,15.12.2016.,03:55:00,26,21,0,0,0,1,0,G,16,19
4080,15.12.2016.,04:00:00,26,21,0,0,0,1,0,G,16,19
4081,15.12.2016.,04:05:00,26,21,0,0,0,1,0,G,16,19
4082,15.12.2016.,04:10:00,26,21,0,0,0,1,0,G,16,19
4083,15.12.2016.,04:15:00,26,21,0,0,0,1,0,G,16,19
4084,15.12.2016.,04:20:00,26,21,0,0,0,1,0,G,16,19
4085,15.12.2016.,04:25:00,26,21,0,0,0,1,0,G,16,19
4086,15.12.2016.,04:30:00,26,21,0,0,0,1,0,G,16,19
4087,15.12.2016.,04:35:00,26,21,0,0,0,1,0,G,16,18
4088,15.12.2016.,04:40:00,26,21,0,0,0,1,0,G,16,18
4089,15.12.2016.,04:45:00,26,21,0,0,0,1,0,G,16,18
4090,15.12.2016.,04:50:00,26,21,0,0,0,1,0,G,16,18
4091,15.12.2016.,04:55:00,26,20,0,0,0,1,0,G,16,18
4092,15.12.2016.,05:00:00,26,20,0,0,0,1,0,G,16,18
4093,15.12.2016.,05:05:00,26,20,0,0,0,1,0,G,16,18
4094,15.12.2016.,05:10:00,26,20,0,0,0,1,0,G,16,18
4095,15.12.2016.,05:15:00,26,20,0,0,0,1,0,G,16,18
4096,15.12.2016.,05:20:00,26,20,0,0,0,1,0,G,16,18
4097,15.12.2016.,05:25:00,26,20,0,0,0,1,0,G,16,18
4098,15.12.2016.,05:30:00,26,20,0,0,0,1,0,G,16,18
4099,15.12.2016.,05:35:00,26,20,0,0,0,1,0,G,16,18
4100,15.12.2016.,05:40:00,26,20,0,0,0,1,0,G,16,18
4101,15.12.2016.,05:45:00,26,21,0,0,0,1,0,G,16,18
4102,15.12.2016.,05:50:00,26,21,0,0,0,1,0,G,16,18
4103,15.12.2016.,05:55:00,26,21,0,0,0,1,0,G,16,18
4104,15.12.2016.,06:00:00,26,21,0,0,0,1,0,G,16,18
4105,15.12.2016.,06:05:00,26,21,0,0,0,1,0,G,16,18
4106,15.12.2016.,06:10:00,26,21,0,0,0,1,0,G,16,18
4107,15.12.2016.,06:15:00,26,21,0,0,0,1,0,G,16,18
4108,15.12.2016.,06:20:00,26,21,0,0,0,1,0,G,16,18
4109,15.12.2016.,06:25:00,26,21,0,0,0,1,0,G,16,18
4110,15.12.2016.,06:30:00,26,21,0,0,0,1,0,G,16,18
4111,15.12.2016.,06:35:00,26,21,0,0,0,1,0,G,16,18
4112,15.12.2016.,06:40:00,26,21,0,0,0,1,0,G,16,18
4113,15.12.2016.,06:45:00,26,21,0,0,0,1,0,G,16,18
4114,15.12.2016.,06:50:00,26,21,0,0,0,1,0,G,16,18
4115,15.12.2016.,06:55:00,26,20,0,0,0,1,0,G,16,18
4116,15.12.2016.,07:00:00,26,20,0,0,0,1,0,G,16,18
4117,15.12.2016.,07:05:00,26,20,0,0,0,1,0,G,16,18
4118,15.12.2016.,07:10:00,26,20,0,0,0,1,0,G,16,18
4119,15.12.2016.,07:15:00,26,20,0,0,0,1,0,G,16,18
4120,15.12.2016.,07:20:00,22,20,0,1,1,0,0,G,15,18
4121,15.12.2016.,07:25:00,22,20,0,1,1,0,0,G,15,18
4122,15.12.2016.,07:30:00,22,20,0,1,1,0,0,G,15,18
4123,15.12.2016.,07:35:00,22,20,0,1,1,0,0,G,15,18
4124,15.12.2016.,07:40:00,22,20,0,1,1,0,0,G,15,18
4125,15.12.2016.,07:45:00,22,20,0,1,1,0,0,G,15,18
4126,15.12.2016.,07:50:00,22,20,0,1,1,0,0,G,15,18
4127,15.12.2016.,07:55:00,26,20,1,2,1,1,0,G,16,18
4128,15.12.2016.,08:00:00,26,20,1,2,1,1,0,G,16,18
4129,15.12.2016.,08:05:00,26,20,1,2,1,1,0,G,16,18
4130,15.12.2016.,08:10:00,26,21,1,2,1,1,0,G,16,18
4131,15.12.2016.,08:15:00,26,21,1,2,1,1,0,G,16,18
4132,15.12.2016.,08:20:00,26,21,1,2,1,1,0,G,16,18
4133,15.12.2016.,08:25:00,26,21,1,2,1,1,0,G,16,18
4134,15.12.2016.,08:30:00,26,21,1,2,1,1,0,G,16,18
4135,15.12.2016.,08:35:00,26,21,1,2,1,1,0,G,16,18
4136,15.12.2016.,08:40:00,26,21,1,2,1,1,0,G,16,18
4137,15.12.2016.,08:45:00,26,21,1,2,1,1,0,G,16,18
4138,15.12.2016.,08:50:00,26,21,1,2,1,1,0,G,16,18
4139,15.12.2016.,08:55:00,26,21,1,2,1,1,0,G,16,18
4140,15.12.2016.,09:00:00,26,22,0,0,0,1,0,G,16,19
4141,15.12.2016.,09:05:00,26,22,0,0,0,1,0,G,16,19
4142,15.12.2016.,09:10:00,22,22,0,0,1,0,0,G,15,19
4143,15.12.2016.,09:15:00,22,22,0,0,1,0,0,G,15,19
4144,15.12.2016.,09:20:00,22,22,0,0,1,0,0,G,15,19
4145,15.12.2016.,09:25:00,22,22,0,0,1,0,0,G,15,19
4146,15.12.2016.,09:30:00,22,22,0,0,1,0,0,G,15,19
4147,15.12.2016.,09:35:00,22,21,0,0,1,0,0,G,15,19
4148,15.12.2016.,09:40:00,22,21,0,0,1,0,0,G,15,19
4149,15.12.2016.,09:45:00,22,21,0,0,1,0,0,G,15,19
4150,15.12.2016.,09:50:00,22,21,0,0,1,0,0,G,15,19
4151,15.12.2016.,09:55:00,22,21,0,0,1,0,0,G,15,19
4152,15.12.2016.,10:00:00,22,22,0,0,1,0,0,G,15,19
4153,15.12.2016.,10:05:00,22,22,0,0,1,0,0,G,15,19
4154,15.12.2016.,10:10:00,22,22,0,0,1,0,0,G,15,19
4155,15.12.2016.,10:15:00,22,22,0,0,1,0,0,G,15,19
4156,15.12.2016.,10:20:00,22,22,0,0,1,0,0,G,15,19
4157,15.12.2016.,10:25:00,22,22,0,0,1,0,0,G,15,19
4158,15.12.2016.,10:30:00,22,22,0,0,1,0,0,G,15,19
4159,15.12.2016.,10:35:00,22,22,0,0,1,0,0,G,15,19
4160,15.12.2016.,10:40:00,22,22,0,0,1,0,0,G,15,19
4161,15.12.2016.,10:45:00,22,22,0,0,1,0,0,G,15,19
4162,15.12.2016.,10:50:00,23,21,0,0,0,1,1,G,16,19
4163,15.12.2016.,10:55:00,23,21,0,0,0,1,1,G,16,19
4164,15.12.2016.,11:00:00,23,21,0,0,0,1,1,G,16,19
4165,15.12.2016.,11:05:00,22,21,0,1,1,0,0,G,15,19
4166,15.12.2016.,11:10:00,22,21,0,1,1,0,0,G,15,19
4167,15.12.2016.,11:15:00,22,21,0,1,1,0,0,G,15,19
4168,15.12.2016.,11:20:00,22,21,0,1,1,0,0,G,15,19
4169,15.12.2016.,11:25:00,22,21,0,1,1,0,0,G,15,19
4170,15.12.2016.,11:30:00,22,21,0,1,1,0,0,G,15,19
4171,15.12.2016.,11:35:00,22,21,0,1,1,0,0,G,15,19
4172,15.12.2016.,11:40:00,22,21,0,1,1,0,0,G,15,19
4173,15.12.2016.,11:45:00,22,21,0,1,1,0,0,G,15,19
4174,15.12.2016.,11:50:00,22,21,0,1,1,0,0,G,15,19
4175,15.12.2016.,11:55:00,22,21,0,1,1,0,0,G,15,19
4176,15.12.2016.,12:00:00,22,21,0,1,1,0,0,G,15,19
4177,15.12.2016.,12:05:00,22,21,0,1,1,0,0,G,15,19
4178,15.12.2016.,12:10:00,22,21,0,1,1,0,0,G,15,19
4179,15.12.2016.,12:15:00,22,21,0,1,1,0,0,G,15,19
4180,15.12.2016.,12:20:00,22,21,0,1,1,0,0,G,15,19
4181,15.12.2016.,12:25:00,22,21,0,1,1,0,0,G,15,19
4182,15.12.2016.,12:30:00,22,21,0,1,1,0,0,G,15,19
4183,15.12.2016.,12:35:00,22,21,0,1,1,0,0,G,15,19
4184,15.12.2016.,12:40:00,22,21,0,1,1,0,0,G,15,19
4185,15.12.2016.,12:45:00,22,21,0,1,1,0,0,G,15,19
4186,15.12.2016.,12:50:00,22,21,0,1,1,0,0,G,15,19
4187,15.12.2016.,12:55:00,22,21,0,1,1,0,0,G,15,19
4188,15.12.2016.,13:00:00,22,21,0,1,1,0,0,G,15,19
4189,15.12.2016.,13:05:00,22,21,0,1,1,0,0,G,15,19
4190,15.12.2016.,13:10:00,22,21,0,1,1,0,0,G,15,19
4191,15.12.2016.,13:15:00,22,21,0,1,1,0,0,G,15,19
4192,15.12.2016.,13:20:00,22,21,0,1,1,0,0,G,15,19
4193,15.12.2016.,13:25:00,22,21,0,1,1,0,0,G,15,19
4194,15.12.2016.,13:30:00,22,21,0,1,1,0,0,G,15,19
4195,15.12.2016.,13:35:00,22,21,0,1,1,0,0,G,15,19
4196,15.12.2016.,13:40:00,22,21,0,1,1,0,0,G,15,19
4197,15.12.2016.,13:45:00,22,21,0,1,1,0,0,G,15,19
4198,15.12.2016.,13:50:00,22,21,0,1,1,0,0,G,15,19
4199,15.12.2016.,13:55:00,22,21,0,1,1,0,0,G,15,19
4200,15.12.2016.,14:00:00,22,21,0,1,1,0,0,G,15,19
4201,15.12.2016.,14:05:00,22,21,0,1,1,0,0,G,15,19
4202,15.12.2016.,14:10:00,22,21,0,1,1,0,0,G,15,19
4203,15.12.2016.,14:15:00,22,21,0,1,1,0,0,G,15,19
4204,15.12.2016.,14:20:00,22,21,0,1,1,0,0,G,15,19
4205,15.12.2016.,14:25:00,22,21,0,1,1,0,0,G,15,19
4206,15.12.2016.,14:30:00,22,21,0,1,1,0,0,G,15,19
4207,15.12.2016.,14:35:00,22,21,0,1,1,0,0,G,15,19
4208,15.12.2016.,14:40:00,22,21,0,1,1,0,0,G,15,19
4209,15.12.2016.,14:45:00,22,21,0,1,1,0,0,G,15,19
4210,15.12.2016.,14:50:00,22,21,0,1,1,0,0,G,15,19
4211,15.12.2016.,14:55:00,22,21,0,1,1,0,0,G,15,19
4212,15.12.2016.,15:00:00,22,21,0,1,1,0,0,G,15,19
4213,15.12.2016.,15:05:00,22,21,0,1,1,0,0,G,15,19
4214,15.12.2016.,15:10:00,22,21,0,1,1,0,0,G,15,19
4215,15.12.2016.,15:15:00,22,21,0,1,1,0,0,G,15,19
4216,15.12.2016.,15:20:00,22,21,0,1,1,0,0,G,15,19
4217,15.12.2016.,15:25:00,22,21,0,1,1,0,0,G,15,19
4218,15.12.2016.,15:30:00,22,21,0,1,1,0,0,G,15,19
4219,15.12.2016.,15:35:00,22,21,0,1,1,0,0,G,15,19
4220,15.12.2016.,15:40:00,22,21,0,1,1,0,0,G,15,19
4221,15.12.2016.,15:45:00,22,21,0,1,1,0,0,G,15,19
4222,15.12.2016.,15:50:00,22,21,0,1,1,0,0,G,15,19
4223,15.12.2016.,15:55:00,22,21,0,1,1,0,0,G,15,19
4224,15.12.2016.,16:00:00,22,21,0,1,1,0,0,G,15,19
4225,15.12.2016.,16:05:00,22,21,0,1,1,0,0,G,15,19
4226,15.12.2016.,16:10:00,22,21,0,1,1,0,0,G,15,19
4227,15.12.2016.,16:15:00,22,21,0,1,1,0,0,G,15,19
4228,15.12.2016.,16:20:00,22,21,0,1,1,0,0,G,15,19
4229,15.12.2016.,16:25:00,22,21,0,1,1,0,0,G,15,19
4230,15.12.2016.,16:30:00,22,21,0,1,1,0,0,G,15,19
4231,15.12.2016.,16:35:00,22,21,0,1,1,0,0,G,15,19
4232,15.12.2016.,16:40:00,22,21,0,1,1,0,0,G,15,19
4233,15.12.2016.,16:45:00,22,21,0,1,1,0,0,G,15,19
4234,15.12.2016.,16:50:00,22,21,0,1,1,0,0,G,15,19
4235,15.12.2016.,16:55:00,22,21,0,1,1,0,0,G,15,19
4236,15.12.2016.,17:00:00,22,21,0,1,1,0,0,G,15,19
4237,15.12.2016.,17:05:00,22,21,0,1,1,0,0,G,15,19
4238,15.12.2016.,17:10:00,22,21,0,1,1,0,0,G,15,19
4239,15.12.2016.,17:15:00,22,21,0,1,1,0,0,G,15,19
4240,15.12.2016.,17:20:00,22,21,0,1,1,0,0,G,15,19
4241,15.12.2016.,17:25:00,22,21,0,1,1,0,0,G,15,19
4242,15.12.2016.,17:30:00,22,21,0,1,1,0,0,G,15,19
4243,15.12.2016.,17:35:00,22,21,0,1,1,0,0,G,15,19
4244,15.12.2016.,17:40:00,22,21,0,1,1,0,0,G,15,19
4245,15.12.2016.,17:45:00,22,21,0,1,1,0,0,G,15,19
4246,15.12.2016.,17:50:00,22,21,0,1,1,0,0,G,15,19
4247,15.12.2016.,17:55:00,22,21,0,1,1,0,0,G,15,19
4248,15.12.2016.,18:00:00,22,21,0,1,1,0,0,G,15,19
4249,15.12.2016.,18:05:00,22,21,0,1,1,0,0,G,15,19
4250,15.12.2016.,18:10:00,22,21,0,1,1,0,0,G,15,19
4251,15.12.2016.,18:15:00,22,21,0,1,1,0,0,G,15,19
4252,15.12.2016.,18:20:00,22,21,0,1,1,0,0,G,15,19
4253,15.12.2016.,18:25:00,22,21,0,1,1,0,0,G,15,19
4254,15.12.2016.,18:30:00,22,21,0,1,1,0,0,G,15,19
4255,15.12.2016.,18:35:00,22,21,0,1,1,0,0,G,15,19
4256,15.12.2016.,18:40:00,22,21,0,1,1,0,0,G,15,19
4257,15.12.2016.,18:45:00,22,21,0,1,1,0,0,G,15,19
4258,15.12.2016.,18:50:00,22,21,0,1,1,0,0,G,15,19
4259,15.12.2016.,18:55:00,22,21,0,1,1,0,0,G,15,19
4260,15.12.2016.,19:00:00,22,21,0,1,1,0,0,G,15,19
4261,15.12.2016.,19:05:00,22,21,0,1,1,0,0,G,15,19
4262,15.12.2016.,19:10:00,22,21,0,1,1,0,0,G,15,19
4263,15.12.2016.,19:15:00,22,21,0,1,1,0,0,G,15,19
4264,15.12.2016.,19:20:00,22,21,0,1,1,0,0,G,15,19
4265,15.12.2016.,19:25:00,22,21,0,1,1,0,0,G,15,19
4266,15.12.2016.,19:30:00,22,21,0,1,1,0,0,G,15,19
4267,15.12.2016.,19:35:00,22,21,0,1,1,0,0,G,15,19
4268,15.12.2016.,19:40:00,22,21,0,1,1,0,0,G,15,19
4269,15.12.2016.,19:45:00,22,21,0,1,1,0,0,G,15,19
4270,15.12.2016.,19:50:00,22,21,0,1,1,0,0,G,15,19
4271,15.12.2016.,19:55:00,22,21,0,1,1,0,0,G,15,19
4272,15.12.2016.,20:00:00,22,21,0,1,1,0,0,G,15,19
4273,15.12.2016.,20:05:00,22,21,0,1,1,0,0,G,15,19
4274,15.12.2016.,20:10:00,22,21,0,1,1,0,0,G,15,19
4275,15.12.2016.,20:15:00,22,21,0,1,1,0,0,G,15,19
4276,15.12.2016.,20:20:00,22,21,0,1,1,0,0,G,15,19
4277,15.12.2016.,20:25:00,22,21,0,1,1,0,0,G,15,19
4278,15.12.2016.,20:30:00,22,21,0,1,1,0,0,G,15,19
4279,15.12.2016.,20:35:00,22,21,0,1,1,0,0,G,15,19
4280,15.12.2016.,20:40:00,22,21,0,1,1,0,0,G,15,19
4281,15.12.2016.,20:45:00,22,21,0,1,1,0,0,G,15,19
4282,15.12.2016.,20:50:00,22,21,0,1,1,0,0,G,15,19
4283,15.12.2016.,20:55:00,22,21,0,1,1,0,0,G,15,19
4284,15.12.2016.,21:00:00,22,21,0,1,1,0,0,G,15,19
4285,15.12.2016.,21:05:00,23,21,0,0,0,1,0,G,16,19
4286,15.12.2016.,21:10:00,23,21,0,0,0,1,0,G,16,19
4287,15.12.2016.,21:15:00,23,21,0,0,0,1,0,G,16,19
4288,15.12.2016.,21:20:00,23,21,0,0,0,1,0,G,16,19
4289,15.12.2016.,21:25:00,23,21,0,0,0,1,0,G,16,19
4290,15.12.2016.,21:30:00,23,21,0,0,0,1,0,G,16,19
4291,15.12.2016.,21:35:00,23,21,0,0,0,1,0,G,16,19
4292,15.12.2016.,21:40:00,23,21,0,0,0,1,0,G,16,19
4293,15.12.2016.,21:45:00,23,21,0,0,0,1,0,G,16,19
4294,15.12.2016.,21:50:00,23,21,0,0,0,1,0,G,16,19
4295,15.12.2016.,21:55:00,23,21,0,0,0,1,0,G,16,19
4296,15.12.2016.,22:00:00,23,21,0,0,0,1,0,G,16,19
4297,15.12.2016.,22:05:00,23,21,0,0,0,1,0,G,16,19
4298,15.12.2016.,22:10:00,23,21,0,0,0,1,0,G,16,19
4299,15.12.2016.,22:15:00,23,21,0,0,0,1,0,G,16,19
4300,15.12.2016.,22:20:00,23,21,0,0,0,1,0,G,16,19
4301,15.12.2016.,22:25:00,23,21,0,0,0,1,0,G,16,19
4302,15.12.2016.,22:30:00,23,21,0,0,0,1,0,G,16,19
4303,15.12.2016.,22:35:00,23,21,0,0,0,1,0,G,16,19
4304,15.12.2016.,22:40:00,23,21,0,0,0,1,0,G,16,19
4305,15.12.2016.,22:45:00,23,21,0,0,0,1,0,G,16,19
4306,15.12.2016.,22:50:00,23,21,0,0,0,1,0,G,16,19
4307,15.12.2016.,22:55:00,23,21,0,0,0,1,0,G,16,19
4308,15.12.2016.,23:00:00,23,21,0,0,0,1,0,G,16,19
4309,15.12.2016.,23:05:00,23,21,0,0,0,1,0,G,16,19
4310,15.12.2016.,23:10:00,23,21,1,1,1,1,0,G,16,19
4311,15.12.2016.,23:15:00,23,21,1,1,1,1,0,G,16,19
4312,15.12.2016.,23:20:00,23,21,1,1,1,1,0,G,16,19
4313,15.12.2016.,23:25:00,23,21,1,1,1,1,0,G,16,19
4314,15.12.2016.,23:30:00,23,21,1,1,1,1,0,G,16,19
4315,15.12.2016.,23:35:00,23,21,1,1,1,1,0,G,16,19
4316,15.12.2016.,23:40:00,23,21,1,1,1,1,0,G,16,19
4317,15.12.2016.,23:45:00,23,21,1,1,1,1,0,G,16,19
4318,15.12.2016.,23:50:00,23,21,1,1,1,1,0,G,16,19
4319,15.12.2016.,23:55:00,23,21,1,1,1,1,0,G,16,19
4320,16.12.2016.,00:00:00,23,21,1,1,1,1,0,G,16,19
4321,16.12.2016.,00:05:00,23,21,1,1,1,1,0,G,16,19
4322,16.12.2016.,00:10:00,23,21,1,1,1,1,0,G,16,19
4323,16.12.2016.,00:15:00,23,21,1,1,1,1,0,G,16,19
4324,16.12.2016.,00:20:00,23,21,1,1,1,1,0,G,16,19
4325,16.12.2016.,00:25:00,23,21,1,1,1,1,0,G,16,19
4326,16.12.2016.,00:30:00,23,21,1,1,1,1,0,G,16,19
4327,16.12.2016.,00:35:00,23,21,1,1,1,1,0,G,16,19
4328,16.12.2016.,00:40:00,23,21,1,1,1,1,0,G,16,19
4329,16.12.2016.,00:45:00,23,21,1,1,1,1,0,G,16,19
4330,16.12.2016.,00:50:00,23,21,1,1,1,1,0,G,16,19
4331,16.12.2016.,00:55:00,23,21,1,1,1,1,0,G,16,19
4332,16.12.2016.,01:00:00,23,21,1,1,1,1,0,G,16,19
4333,16.12.2016.,01:05:00,23,21,1,1,1,1,0,G,16,19
4334,16.12.2016.,01:10:00,23,21,1,1,1,1,0,G,16,19
4335,16.12.2016.,01:15:00,23,21,1,1,1,1,0,G,16,19
4336,16.12.2016.,01:20:00,23,21,1,1,1,1,0,G,16,19
4337,16.12.2016.,01:25:00,23,21,1,1,1,1,0,G,16,19
4338,16.12.2016.,01:30:00,23,21,1,1,1,1,0,G,16,19
4339,16.12.2016.,01:35:00,23,21,1,1,1,1,0,G,16,19
4340,16.12.2016.,01:40:00,23,21,1,1,1,1,0,G,16,19
4341,16.12.2016.,01:45:00,23,21,1,1,1,1,0,G,16,19
4342,16.12.2016.,01:50:00,23,21,1,1,1,1,0,G,16,19
4343,16.12.2016.,01:55:00,23,21,1,1,1,1,0,G,16,19
4344,16.12.2016.,02:00:00,23,21,1,1,1,1,0,G,16,19
4345,16.12.2016.,02:05:00,23,21,1,1,1,1,0,G,16,19
4346,16.12.2016.,02:10:00,23,21,1,1,1,1,0,G,16,19
4347,16.12.2016.,02:15:00,23,21,1,1,1,1,0,G,16,19
4348,16.12.2016.,02:20:00,23,21,1,1,1,1,0,G,16,19
4349,16.12.2016.,02:25:00,23,21,1,1,1,1,0,G,16,19
4350,16.12.2016.,02:30:00,23,21,1,1,1,1,0,G,16,19
4351,16.12.2016.,02:35:00,23,21,1,1,1,1,0,G,16,19
4352,16.12.2016.,02:40:00,23,21,1,1,1,1,0,G,16,19
4353,16.12.2016.,02:45:00,23,21,1,1,1,1,0,G,16,19
4354,16.12.2016.,02:50:00,23,21,1,1,1,1,0,G,16,19
4355,16.12.2016.,02:55:00,23,21,1,1,1,1,0,G,16,19
4356,16.12.2016.,03:00:00,23,22,1,1,1,1,0,G,16,19
4357,16.12.2016.,03:05:00,23,22,1,1,1,1,0,G,16,19
4358,16.12.2016.,03:10:00,23,22,1,1,1,1,0,G,16,19
4359,16.12.2016.,03:15:00,23,22,1,1,1,1,0,G,16,19
4360,16.12.2016.,03:20:00,23,22,1,1,1,1,0,G,16,19
4361,16.12.2016.,03:25:00,23,22,1,1,1,1,0,G,16,19
4362,16.12.2016.,03:30:00,23,22,1,1,1,1,0,G,16,19
4363,16.12.2016.,03:35:00,23,22,1,1,1,1,0,G,16,19
4364,16.12.2016.,03:40:00,21,22,0,0,0,1,0,G,16,19
4365,16.12.2016.,03:45:00,21,22,0,0,0,1,0,G,16,19
4366,16.12.2016.,03:50:00,21,22,0,0,0,1,0,G,16,19
4367,16.12.2016.,03:55:00,21,22,0,0,0,1,0,G,16,19
4368,16.12.2016.,04:00:00,21,22,0,0,0,1,0,G,16,19
4369,16.12.2016.,04:05:00,21,22,0,0,0,1,0,G,16,19
4370,16.12.2016.,04:10:00,21,21,0,0,0,1,0,G,16,19
4371,16.12.2016.,04:15:00,21,21,0,0,0,1,0,G,16,19
4372,16.12.2016.,04:20:00,21,21,0,0,0,1,0,G,16,19
4373,16.12.2016.,04:25:00,21,21,0,0,0,1,0,G,16,19
4374,16.12.2016.,04:30:00,21,21,0,0,0,1,0,G,16,19
4375,16.12.2016.,04:35:00,21,21,0,0,0,1,0,G,16,19
4376,16.12.2016.,04:40:00,21,21,0,0,0,1,0,G,16,19
4377,16.12.2016.,04:45:00,21,21,0,0,0,1,0,G,16,19
4378,16.12.2016.,04:50:00,21,21,0,0,0,1,0,G,16,19
4379,16.12.2016.,04:55:00,21,21,0,0,0,1,0,G,16,19
4380,16.12.2016.,05:00:00,21,21,0,0,0,1,0,G,16,19
4381,16.12.2016.,05:05:00,21,21,0,0,0,1,0,G,16,19
4382,16.12.2016.,05:10:00,21,21,0,0,0,1,0,G,16,19
4383,16.12.2016.,05:15:00,21,21,0,0,0,1,0,G,16,19
4384,16.12.2016.,05:20:00,21,21,0,0,0,1,0,G,16,19
4385,16.12.2016.,05:25:00,21,21,0,0,0,1,0,G,16,19
4386,16.12.2016.,05:30:00,21,21,0,0,0,1,0,G,16,19
4387,16.12.2016.,05:35:00,21,21,0,0,0,1,0,G,16,19
4388,16.12.2016.,05:40:00,21,21,0,0,0,1,0,G,16,19
4389,16.12.2016.,05:45:00,21,21,0,0,0,1,0,G,16,19
4390,16.12.2016.,05:50:00,21,21,0,0,0,1,0,G,16,19
4391,16.12.2016.,05:55:00,21,21,0,0,0,1,0,G,16,19
4392,16.12.2016.,06:00:00,21,21,0,0,0,1,0,G,16,19
4393,16.12.2016.,06:05:00,21,21,0,0,0,1,0,G,16,19
4394,16.12.2016.,06:10:00,21,21,0,0,0,1,0,G,16,19
4395,16.12.2016.,06:15:00,21,21,0,0,0,1,0,G,16,19
4396,16.12.2016.,06:20:00,21,21,0,0,0,1,0,G,16,19
4397,16.12.2016.,06:25:00,21,21,0,0,0,1,0,G,16,19
4398,16.12.2016.,06:30:00,21,21,0,0,0,1,0,G,16,19
4399,16.12.2016.,06:35:00,21,21,0,0,0,1,0,G,16,19
4400,16.12.2016.,06:40:00,21,21,0,0,0,1,0,G,16,19
4401,16.12.2016.,06:45:00,21,21,0,0,0,1,0,G,16,19
4402,16.12.2016.,06:50:00,21,21,0,0,0,1,0,G,16,19
4403,16.12.2016.,06:55:00,21,21,0,0,0,1,0,G,16,18
4404,16.12.2016.,07:00:00,21,21,0,0,0,1,0,G,16,18
4405,16.12.2016.,07:05:00,21,21,0,0,0,1,0,G,16,18
4406,16.12.2016.,07:10:00,21,21,0,0,0,1,0,G,16,18
4407,16.12.2016.,07:15:00,21,21,0,0,0,1,0,G,16,18
4408,16.12.2016.,07:20:00,21,21,0,0,0,1,0,G,16,18
4409,16.12.2016.,07:25:00,22,21,0,1,1,0,0,G,15,18
4410,16.12.2016.,07:30:00,22,21,0,1,1,0,0,G,15,18
4411,16.12.2016.,07:35:00,22,21,0,1,1,0,0,G,15,18
4412,16.12.2016.,07:40:00,22,21,0,1,1,0,0,G,15,18
4413,16.12.2016.,07:45:00,22,21,0,1,1,0,0,G,15,18
4414,16.12.2016.,07:50:00,22,21,0,1,1,0,0,G,15,18
4415,16.12.2016.,07:55:00,26,21,1,3,1,1,0,G,16,18
4416,16.12.2016.,08:00:00,26,21,1,3,1,1,0,G,16,18
4417,16.12.2016.,08:05:00,26,21,1,3,1,1,0,G,16,18
4418,16.12.2016.,08:10:00,26,21,1,3,1,1,0,G,16,18
4419,16.12.2016.,08:15:00,26,21,1,3,1,1,0,G,16,18
4420,16.12.2016.,08:20:00,26,21,1,3,1,1,0,G,16,18
4421,16.12.2016.,08:25:00,26,21,1,3,1,1,0,G,16,18
4422,16.12.2016.,08:30:00,26,21,1,3,1,1,0,G,16,18
4423,16.12.2016.,08:35:00,26,21,1,3,1,1,0,G,16,18
4424,16.12.2016.,08:40:00,26,21,1,1,1,1,0,G,16,18
4425,16.12.2016.,08:45:00,26,21,1,1,1,1,0,G,16,19
4426,16.12.2016.,08:50:00,26,21,1,1,1,1,0,G,16,19
4427,16.12.2016.,08:55:00,26,21,1,1,1,1,0,G,16,19
4428,16.12.2016.,09:00:00,26,21,1,1,1,1,0,G,16,19
4429,16.12.2016.,09:05:00,26,21,1,1,1,1,0,G,16,19
4430,16.12.2016.,09:10:00,22,21,1,0,1,0,0,G,15,19
4431,16.12.2016.,09:15:00,22,21,1,0,1,0,0,G,15,19
4432,16.12.2016.,09:20:00,22,21,1,0,1,0,0,G,15,19
4433,16.12.2016.,09:25:00,22,21,1,0,1,0,0,G,15,19
4434,16.12.2016.,09:30:00,22,21,1,0,1,0,0,G,15,19
4435,16.12.2016.,09:35:00,22,21,1,0,1,0,0,G,15,19
4436,16.12.2016.,09:40:00,22,21,1,0,1,0,0,G,15,19
4437,16.12.2016.,09:45:00,22,22,1,0,0,0,0,G,15,19
4438,16.12.2016.,09:50:00,22,22,1,0,0,0,0,G,15,19
4439,16.12.2016.,09:55:00,22,22,1,0,0,0,0,G,15,19
4440,16.12.2016.,10:00:00,22,22,1,0,0,0,0,G,15,19
4441,16.12.2016.,10:05:00,22,22,1,0,0,0,0,G,15,19
4442,16.12.2016.,10:10:00,22,22,1,0,0,0,0,G,15,19
4443,16.12.2016.,10:15:00,22,22,1,0,0,0,0,G,15,19
4444,16.12.2016.,10:20:00,22,22,1,0,0,0,0,G,15,19
4445,16.12.2016.,10:25:00,22,22,1,0,0,0,0,G,15,19
4446,16.12.2016.,10:30:00,22,22,1,0,0,0,0,G,15,19
4447,16.12.2016.,10:35:00,22,22,1,0,0,0,0,G,15,19
4448,16.12.2016.,10:40:00,22,22,1,0,0,0,0,G,15,19
4449,16.12.2016.,10:45:00,22,22,1,0,0,0,0,G,15,19
4450,16.12.2016.,10:50:00,22,22,1,0,1,0,0,G,15,19
4451,16.12.2016.,10:55:00,22,22,1,0,1,0,0,G,15,19
4452,16.12.2016.,11:00:00,22,22,1,0,1,0,0,G,15,19
4453,16.12.2016.,11:05:00,22,22,1,0,1,0,0,G,15,19
4454,16.12.2016.,11:10:00,22,21,1,0,1,0,0,G,15,19
4455,16.12.2016.,11:15:00,22,21,1,0,1,0,0,G,15,19
4456,16.12.2016.,11:20:00,22,21,1,0,1,0,0,G,15,19
4457,16.12.2016.,11:25:00,22,21,1,0,1,0,0,G,15,19
4458,16.12.2016.,11:30:00,22,21,1,0,1,0,0,G,15,19
4459,16.12.2016.,11:35:00,22,21,1,0,1,0,0,G,15,19
4460,16.12.2016.,11:40:00,22,21,1,0,1,0,0,G,15,19
4461,16.12.2016.,11:45:00,22,21,1,0,1,0,0,G,15,19
4462,16.12.2016.,11:50:00,22,21,1,0,1,0,0,G,15,19
4463,16.12.2016.,11:55:00,22,21,1,1,1,0,0,G,15,19
4464,16.12.2016.,12:00:00,22,21,1,1,1,0,0,G,15,19
4465,16.12.2016.,12:05:00,21,21,1,0,0,0,0,G,13,19
4466,16.12.2016.,12:10:00,21,21,1,0,0,0,0,G,13,19
4467,16.12.2016.,12:15:00,21,21,1,0,0,0,0,G,13,19
4468,16.12.2016.,12:20:00,21,21,1,0,0,0,0,G,13,19
4469,16.12.2016.,12:25:00,21,21,1,0,0,0,0,G,13,19
4470,16.12.2016.,12:30:00,21,21,1,0,0,0,0,G,13,19
4471,16.12.2016.,12:35:00,21,21,1,0,0,0,0,G,13,19
4472,16.12.2016.,12:40:00,21,21,1,0,0,0,0,G,13,19
4473,16.12.2016.,12:45:00,21,21,1,0,0,0,0,G,13,19
4474,16.12.2016.,12:50:00,21,21,1,0,0,0,0,G,13,19
4475,16.12.2016.,12:55:00,21,21,1,0,0,0,0,G,13,19
4476,16.12.2016.,13:00:00,21,21,1,0,0,0,0,G,13,19
4477,16.12.2016.,13:05:00,21,21,1,0,0,0,0,G,13,19
4478,16.12.2016.,13:10:00,21,21,1,0,0,0,0,G,13,19
4479,16.12.2016.,13:15:00,21,21,1,0,0,0,0,G,13,19
4480,16.12.2016.,13:20:00,21,21,1,0,0,0,0,G,13,19
4481,16.12.2016.,13:25:00,21,21,1,0,0,0,0,G,13,19
4482,16.12.2016.,13:30:00,21,21,1,0,0,0,0,G,13,19
4483,16.12.2016.,13:35:00,21,21,1,0,0,0,0,G,13,19
4484,16.12.2016.,13:40:00,23,21,1,1,1,0,0,G,13,19
4485,16.12.2016.,13:45:00,21,21,1,0,0,0,0,G,13,19
4486,16.12.2016.,13:50:00,21,21,1,0,0,0,0,G,13,19
4487,16.12.2016.,13:55:00,21,21,1,0,0,0,0,G,13,19
4488,16.12.2016.,14:00:00,21,21,1,0,0,0,0,G,13,19
4489,16.12.2016.,14:05:00,21,21,1,0,0,0,0,G,13,19
4490,16.12.2016.,14:10:00,21,21,1,0,0,0,0,G,13,19
4491,16.12.2016.,14:15:00,21,21,1,0,0,0,0,G,13,19
4492,16.12.2016.,14:20:00,21,21,1,0,0,0,0,G,13,19
4493,16.12.2016.,14:25:00,21,21,1,0,0,0,0,G,13,19
4494,16.12.2016.,14:30:00,21,21,1,0,0,0,0,G,13,19
4495,16.12.2016.,14:35:00,21,21,1,0,0,0,0,G,13,19
4496,16.12.2016.,14:40:00,21,21,1,0,0,0,0,G,13,19
4497,16.12.2016.,14:45:00,21,21,1,0,0,0,0,G,13,19
4498,16.12.2016.,14:50:00,21,21,1,0,0,0,0,G,13,19
4499,16.12.2016.,14:55:00,23,21,1,2,1,1,0,G,16,19
4500,16.12.2016.,15:00:00,23,21,1,2,1,1,0,G,16,19
4501,16.12.2016.,15:05:00,21,21,1,0,0,0,0,G,13,19
4502,16.12.2016.,15:10:00,21,21,1,0,0,0,0,G,13,19
4503,16.12.2016.,15:15:00,21,21,1,0,0,0,0,G,13,19
4504,16.12.2016.,15:20:00,21,21,1,0,0,0,0,G,13,19
4505,16.12.2016.,15:25:00,21,21,1,0,0,0,0,G,13,19
4506,16.12.2016.,15:30:00,21,21,1,0,0,0,0,G,13,19
4507,16.12.2016.,15:35:00,21,21,1,0,0,0,0,G,13,19
4508,16.12.2016.,15:40:00,21,21,1,0,0,0,0,G,13,19
4509,16.12.2016.,15:45:00,21,21,1,0,0,0,0,G,13,19
4510,16.12.2016.,15:50:00,21,21,1,0,0,0,0,G,13,19
4511,16.12.2016.,15:55:00,21,21,1,0,0,0,0,G,13,19
4512,16.12.2016.,16:00:00,21,21,1,0,0,0,0,G,13,19
4513,16.12.2016.,16:05:00,21,21,1,0,0,0,0,G,13,19
4514,16.12.2016.,16:10:00,21,21,1,0,0,0,0,G,13,19
4515,16.12.2016.,16:15:00,21,21,1,0,0,0,0,G,13,19
4516,16.12.2016.,16:20:00,21,21,1,0,0,0,0,G,13,19
4517,16.12.2016.,16:25:00,21,21,1,0,0,0,0,G,13,19
4518,16.12.2016.,16:30:00,21,21,1,0,0,0,0,G,13,19
4519,16.12.2016.,16:35:00,21,21,1,0,0,0,0,G,13,19
4520,16.12.2016.,16:40:00,21,21,1,0,0,0,0,G,13,19
4521,16.12.2016.,16:45:00,21,21,1,0,0,0,0,G,13,19
4522,16.12.2016.,16:50:00,21,21,1,0,0,0,0,G,13,19
4523,16.12.2016.,16:55:00,21,21,1,0,0,0,0,G,13,18
4524,16.12.2016.,17:00:00,21,21,1,0,0,0,0,G,13,18
4525,16.12.2016.,17:05:00,21,21,1,0,0,0,0,G,13,18
4526,16.12.2016.,17:10:00,21,21,1,0,0,0,0,G,13,18
4527,16.12.2016.,17:15:00,21,21,1,0,0,0,0,G,13,18
4528,16.12.2016.,17:20:00,21,21,1,0,1,0,0,G,13,18
4529,16.12.2016.,17:25:00,21,21,1,0,1,0,0,G,13,19
4530,16.12.2016.,17:30:00,21,21,1,0,1,0,0,G,13,18
4531,16.12.2016.,17:35:00,21,21,1,0,1,0,0,G,13,18
4532,16.12.2016.,17:40:00,21,21,1,0,1,0,0,G,13,18
4533,16.12.2016.,17:45:00,21,21,1,0,1,0,0,G,13,18
4534,16.12.2016.,17:50:00,21,21,1,0,1,0,0,G,13,18
4535,16.12.2016.,17:55:00,21,21,1,0,1,0,0,G,13,18
4536,16.12.2016.,18:00:00,21,21,1,0,1,0,0,G,13,18
4537,16.12.2016.,18:05:00,21,20,1,0,1,0,0,G,13,18
4538,16.12.2016.,18:10:00,21,20,1,0,1,0,0,G,13,18
4539,16.12.2016.,18:15:00,21,20,1,0,1,0,0,G,13,18
4540,16.12.2016.,18:20:00,21,20,1,0,1,0,0,G,13,18
4541,16.12.2016.,18:25:00,21,20,1,0,1,0,0,G,13,18
4542,16.12.2016.,18:30:00,21,20,1,0,1,0,0,G,13,18
4543,16.12.2016.,18:35:00,21,20,1,1,1,0,0,G,13,18
4544,16.12.2016.,18:40:00,21,20,1,1,1,0,0,G,13,18
4545,16.12.2016.,18:45:00,21,20,1,1,1,0,0,G,13,18
4546,16.12.2016.,18:50:00,21,20,1,1,1,0,0,G,13,18
4547,16.12.2016.,18:55:00,21,20,1,1,1,0,0,G,13,18
4548,16.12.2016.,19:00:00,21,20,1,1,1,0,0,G,13,18
4549,16.12.2016.,19:05:00,21,20,1,1,1,0,0,G,13,18
4550,16.12.2016.,19:10:00,21,20,1,1,1,0,0,G,13,18
4551,16.12.2016.,19:15:00,21,20,1,1,1,0,0,G,13,18
4552,16.12.2016.,19:20:00,21,20,1,1,1,0,0,G,13,18
4553,16.12.2016.,19:25:00,21,20,1,1,1,0,0,G,13,18
4554,16.12.2016.,19:30:00,21,20,1,1,1,0,0,G,13,18
4555,16.12.2016.,19:35:00,21,20,1,1,1,0,0,G,13,18
4556,16.12.2016.,19:40:00,21,20,1,1,1,0,0,G,13,18
4557,16.12.2016.,19:45:00,21,20,1,1,1,0,0,G,13,18
4558,16.12.2016.,19:50:00,21,20,1,1,1,0,0,G,13,18
4559,16.12.2016.,19:55:00,21,20,1,1,1,0,0,G,13,18
4560,16.12.2016.,20:00:00,21,20,1,1,1,0,0,G,13,18
4561,16.12.2016.,20:05:00,21,20,1,1,1,0,0,G,13,18
4562,16.12.2016.,20:10:00,21,20,1,1,1,0,0,G,13,18
4563,16.12.2016.,20:15:00,21,20,1,1,1,0,0,G,13,18
4564,16.12.2016.,20:20:00,21,20,1,1,1,0,0,G,13,18
4565,16.12.2016.,20:25:00,21,20,1,1,1,0,0,G,13,18
4566,16.12.2016.,20:30:00,21,20,1,1,1,0,0,G,13,18
4567,16.12.2016.,20:35:00,21,20,1,1,1,0,0,G,13,18
4568,16.12.2016.,20:40:00,21,20,1,1,1,0,0,G,13,18
4569,16.12.2016.,20:45:00,21,20,1,1,1,0,0,G,13,18
4570,16.12.2016.,20:50:00,21,20,1,1,1,0,0,G,13,18
4571,16.12.2016.,20:55:00,21,20,1,1,1,0,0,G,13,18
4572,16.12.2016.,21:00:00,21,20,1,1,1,0,0,G,13,18
4573,16.12.2016.,21:05:00,21,20,1,1,1,0,0,G,13,18
4574,16.12.2016.,21:10:00,21,20,1,1,1,0,0,G,13,18
4575,16.12.2016.,21:15:00,21,20,1,1,1,0,0,G,13,18
4576,16.12.2016.,21:20:00,21,20,1,1,1,0,0,G,13,18
4577,16.12.2016.,21:25:00,21,20,1,1,1,0,0,G,13,18
4578,16.12.2016.,21:30:00,21,20,1,1,1,0,0,G,13,18
4579,16.12.2016.,21:35:00,21,20,1,1,1,0,0,G,13,18
4580,16.12.2016.,21:40:00,21,20,1,1,1,0,0,G,13,18
4581,16.12.2016.,21:45:00,21,20,1,1,1,0,0,G,13,18
4582,16.12.2016.,21:50:00,21,20,1,1,1,0,0,G,13,18
4583,16.12.2016.,21:55:00,21,20,1,1,1,0,0,G,13,18
4584,16.12.2016.,22:00:00,21,20,1,0,1,0,0,G,13,18
4585,16.12.2016.,22:05:00,21,20,1,0,1,0,0,G,13,18
4586,16.12.2016.,22:10:00,21,20,1,0,1,0,0,G,13,18
4587,16.12.2016.,22:15:00,21,20,1,0,1,0,0,G,13,18
4588,16.12.2016.,22:20:00,21,20,1,0,1,0,0,G,13,18
4589,16.12.2016.,22:25:00,21,20,1,0,1,0,0,G,13,18
4590,16.12.2016.,22:30:00,21,20,1,0,1,0,0,G,13,18
4591,16.12.2016.,22:35:00,21,20,1,0,1,0,0,G,13,18
4592,16.12.2016.,22:40:00,21,20,1,0,1,0,0,G,13,18
4593,16.12.2016.,22:45:00,21,20,1,0,1,0,0,G,13,18
4594,16.12.2016.,22:50:00,21,20,1,0,1,0,0,G,13,18
4595,16.12.2016.,22:55:00,21,20,1,0,1,0,0,G,13,18
4596,16.12.2016.,23:00:00,21,20,1,0,1,0,0,G,13,18
4597,16.12.2016.,23:05:00,21,20,1,1,1,0,0,G,13,18
4598,16.12.2016.,23:10:00,21,20,1,1,1,0,0,G,13,18
4599,16.12.2016.,23:15:00,21,20,1,1,1,0,0,G,13,18
4600,16.12.2016.,23:20:00,21,20,1,1,1,0,0,G,13,18
4601,16.12.2016.,23:25:00,21,20,1,1,1,0,0,G,13,18
4602,16.12.2016.,23:30:00,21,20,1,1,1,0,0,G,13,18
4603,16.12.2016.,23:35:00,21,20,1,1,1,0,0,G,13,18
4604,16.12.2016.,23:40:00,21,20,1,1,1,0,0,G,13,18
4605,16.12.2016.,23:45:00,21,20,1,1,1,0,0,G,13,18
4606,16.12.2016.,23:50:00,21,20,1,0,1,0,0,G,13,18
4607,16.12.2016.,23:55:00,21,21,1,0,0,0,0,G,13,18
4608,17.12.2016.,00:00:00,21,21,1,0,0,0,0,G,13,18
4609,17.12.2016.,00:05:00,21,21,1,0,0,0,0,G,13,18
4610,17.12.2016.,00:10:00,21,21,1,0,0,0,0,G,13,18
4611,17.12.2016.,00:15:00,21,21,1,0,0,0,0,G,13,18
4612,17.12.2016.,00:20:00,21,21,1,0,0,0,0,G,13,18
4613,17.12.2016.,00:25:00,21,21,1,0,0,0,0,G,13,18
4614,17.12.2016.,00:30:00,21,21,1,0,0,0,0,G,13,18
4615,17.12.2016.,00:35:00,21,21,1,0,0,0,0,G,13,18
4616,17.12.2016.,00:40:00,21,21,1,0,0,0,0,G,13,18
4617,17.12.2016.,00:45:00,21,21,1,0,0,0,0,G,13,18
4618,17.12.2016.,00:50:00,21,21,1,0,0,0,0,G,13,18
4619,17.12.2016.,00:55:00,21,21,1,0,0,0,0,G,13,18
4620,17.12.2016.,01:00:00,21,21,1,0,0,0,0,G,13,18
4621,17.12.2016.,01:05:00,21,21,1,0,0,0,0,G,13,18
4622,17.12.2016.,01:10:00,21,21,1,0,0,0,0,G,13,18
4623,17.12.2016.,01:15:00,21,21,1,0,0,0,0,G,13,18
4624,17.12.2016.,01:20:00,21,21,1,0,0,0,0,G,13,18
4625,17.12.2016.,01:25:00,21,21,1,0,0,0,0,G,13,18
4626,17.12.2016.,01:30:00,21,21,1,0,0,0,0,G,13,18
4627,17.12.2016.,01:35:00,21,21,1,0,0,0,0,G,13,18
4628,17.12.2016.,01:40:00,21,21,1,0,0,0,0,G,13,18
4629,17.12.2016.,01:45:00,21,21,1,0,0,0,0,G,13,18
4630,17.12.2016.,01:50:00,21,21,1,0,0,0,0,G,13,18
4631,17.12.2016.,01:55:00,21,21,1,0,0,0,0,G,13,18
4632,17.12.2016.,02:00:00,21,21,1,0,0,0,0,G,13,18
4633,17.12.2016.,02:05:00,21,21,1,0,0,0,0,G,13,18
4634,17.12.2016.,02:10:00,21,21,1,0,0,0,0,G,13,18
4635,17.12.2016.,02:15:00,21,21,1,0,0,0,0,G,13,18
4636,17.12.2016.,02:20:00,21,21,1,0,1,0,0,G,13,18
4637,17.12.2016.,02:25:00,21,21,1,0,1,0,0,G,13,18
4638,17.12.2016.,02:30:00,21,21,1,0,1,0,0,G,13,18
4639,17.12.2016.,02:35:00,21,21,1,0,1,0,0,G,13,18
4640,17.12.2016.,02:40:00,21,21,1,0,1,0,0,G,13,18
4641,17.12.2016.,02:45:00,21,21,1,0,1,0,0,G,13,18
4642,17.12.2016.,02:50:00,21,21,1,0,1,0,0,G,13,18
4643,17.12.2016.,02:55:00,21,21,1,0,1,0,0,G,13,18
4644,17.12.2016.,03:00:00,21,21,1,0,0,0,0,G,13,18
4645,17.12.2016.,03:05:00,21,21,1,0,1,0,0,G,13,18
4646,17.12.2016.,03:10:00,21,21,1,0,1,0,0,G,13,18
4647,17.12.2016.,03:15:00,21,21,1,0,1,0,0,G,13,18
4648,17.12.2016.,03:20:00,21,20,1,0,1,0,0,G,13,18
4649,17.12.2016.,03:25:00,21,20,1,1,1,0,0,G,13,18
4650,17.12.2016.,03:30:00,21,20,1,1,1,0,0,G,13,18
4651,17.12.2016.,03:35:00,21,20,1,1,1,0,0,G,13,18
4652,17.12.2016.,03:40:00,21,20,1,1,1,0,0,G,13,18
4653,17.12.2016.,03:45:00,21,20,1,1,1,0,0,G,13,18
4654,17.12.2016.,03:50:00,21,20,1,1,1,0,0,G,13,18
4655,17.12.2016.,03:55:00,21,20,1,1,1,0,0,G,13,18
4656,17.12.2016.,04:00:00,21,20,1,1,1,0,0,G,13,18
4657,17.12.2016.,04:05:00,21,20,1,1,1,0,0,G,13,18
4658,17.12.2016.,04:10:00,21,20,1,1,1,0,0,G,13,18
4659,17.12.2016.,04:15:00,21,20,1,1,1,0,0,G,13,18
4660,17.12.2016.,04:20:00,21,20,1,1,1,0,0,G,13,18
4661,17.12.2016.,04:25:00,21,20,1,1,1,0,0,G,13,18
4662,17.12.2016.,04:30:00,21,20,1,1,1,0,0,G,13,18
4663,17.12.2016.,04:35:00,21,20,1,1,1,0,0,G,13,18
4664,17.12.2016.,04:40:00,21,20,1,1,1,0,0,G,13,18
4665,17.12.2016.,04:45:00,21,20,1,1,1,0,0,G,13,18
4666,17.12.2016.,04:50:00,21,20,1,1,1,0,0,G,13,18
4667,17.12.2016.,04:55:00,21,20,1,1,1,0,0,G,13,18
4668,17.12.2016.,05:00:00,21,20,1,1,1,0,0,G,13,18
4669,17.12.2016.,05:05:00,21,20,1,1,1,0,0,G,13,18
4670,17.12.2016.,05:10:00,21,20,1,1,1,0,0,G,13,18
4671,17.12.2016.,05:15:00,21,20,1,1,1,0,0,G,13,18
4672,17.12.2016.,05:20:00,21,20,1,1,1,0,0,G,13,18
4673,17.12.2016.,05:25:00,21,20,1,1,1,0,0,G,13,18
4674,17.12.2016.,05:30:00,21,20,1,1,1,0,0,G,13,18
4675,17.12.2016.,05:35:00,21,20,1,1,1,0,0,G,13,18
4676,17.12.2016.,05:40:00,21,20,1,1,1,0,0,G,13,18
4677,17.12.2016.,05:45:00,21,20,1,1,1,0,0,G,13,18
4678,17.12.2016.,05:50:00,21,20,1,1,1,0,0,G,13,18
4679,17.12.2016.,05:55:00,21,20,1,1,1,0,0,G,13,18
4680,17.12.2016.,06:00:00,21,20,1,1,1,0,0,G,13,18
4681,17.12.2016.,06:05:00,21,20,1,1,1,0,0,G,13,18
4682,17.12.2016.,06:10:00,21,20,1,1,1,0,0,G,13,18
4683,17.12.2016.,06:15:00,21,20,1,1,1,0,0,G,13,18
4684,17.12.2016.,06:20:00,21,20,1,1,1,0,0,G,13,18
4685,17.12.2016.,06:25:00,21,20,1,1,1,0,0,G,13,18
4686,17.12.2016.,06:30:00,21,20,1,1,1,0,0,G,13,18
4687,17.12.2016.,06:35:00,21,20,1,1,1,0,0,G,13,18
4688,17.12.2016.,06:40:00,21,20,1,1,1,0,0,G,13,18
4689,17.12.2016.,06:45:00,21,20,1,1,1,0,0,G,13,18
4690,17.12.2016.,06:50:00,21,20,1,1,1,0,0,G,13,18
4691,17.12.2016.,06:55:00,21,20,1,1,1,0,0,G,13,18
4692,17.12.2016.,07:00:00,21,20,1,1,1,0,0,G,13,18
4693,17.12.2016.,07:05:00,21,20,1,1,1,0,0,G,13,18
4694,17.12.2016.,07:10:00,21,20,1,1,1,0,0,G,13,18
4695,17.12.2016.,07:15:00,21,20,1,1,1,0,0,G,13,18
4696,17.12.2016.,07:20:00,21,20,1,1,1,0,0,G,13,18
4697,17.12.2016.,07:25:00,21,20,1,1,1,0,0,G,13,18
4698,17.12.2016.,07:30:00,21,20,1,1,1,0,0,G,13,18
4699,17.12.2016.,07:35:00,21,20,1,1,1,0,0,G,13,18
4700,17.12.2016.,07:40:00,21,20,1,1,1,0,0,G,13,18
4701,17.12.2016.,07:45:00,21,20,1,1,1,0,0,G,13,18
4702,17.12.2016.,07:50:00,21,20,1,1,1,0,0,G,13,18
4703,17.12.2016.,07:55:00,21,20,1,1,1,0,0,G,13,18
4704,17.12.2016.,08:00:00,21,20,1,1,1,0,0,G,13,18
4705,17.12.2016.,08:05:00,21,20,1,1,1,0,0,G,13,18
4706,17.12.2016.,08:10:00,21,20,1,1,1,0,0,G,13,18
4707,17.12.2016.,08:15:00,21,20,1,1,1,0,0,G,13,18
4708,17.12.2016.,08:20:00,21,20,1,1,1,0,0,G,13,18
4709,17.12.2016.,08:25:00,21,20,1,1,1,0,0,G,13,18
4710,17.12.2016.,08:30:00,21,20,1,1,1,0,0,G,13,18
4711,17.12.2016.,08:35:00,21,20,1,1,1,0,0,G,13,18
4712,17.12.2016.,08:40:00,21,20,1,1,1,0,0,G,13,18
4713,17.12.2016.,08:45:00,21,20,1,1,1,0,0,G,13,18
4714,17.12.2016.,08:50:00,21,20,1,1,1,0,0,G,13,18
4715,17.12.2016.,08:55:00,21,20,1,1,1,0,0,G,13,18
4716,17.12.2016.,09:00:00,21,20,1,1,1,0,0,G,13,18
4717,17.12.2016.,09:05:00,21,20,1,1,1,0,0,G,13,18
4718,17.12.2016.,09:10:00,21,20,1,1,1,0,0,G,13,18
4719,17.12.2016.,09:15:00,21,20,1,1,1,0,0,G,13,18
4720,17.12.2016.,09:20:00,21,20,1,1,1,0,0,G,13,18
4721,17.12.2016.,09:25:00,21,20,1,1,1,0,0,G,13,18
4722,17.12.2016.,09:30:00,21,20,1,1,1,0,0,G,13,18
4723,17.12.2016.,09:35:00,21,20,1,1,1,0,0,G,13,18
4724,17.12.2016.,09:40:00,21,20,1,1,1,0,0,G,13,18
4725,17.12.2016.,09:45:00,21,20,1,1,1,0,0,G,13,18
4726,17.12.2016.,09:50:00,21,20,1,1,1,0,0,G,13,18
4727,17.12.2016.,09:55:00,21,20,1,1,1,0,0,G,13,18
4728,17.12.2016.,10:00:00,21,20,1,1,1,0,0,G,13,18
4729,17.12.2016.,10:05:00,21,20,1,1,1,0,0,G,13,18
4730,17.12.2016.,10:10:00,21,20,1,1,1,0,0,G,13,18
4731,17.12.2016.,10:15:00,21,20,1,1,1,0,0,G,13,18
4732,17.12.2016.,10:20:00,21,20,1,1,1,0,0,G,13,18
4733,17.12.2016.,10:25:00,21,20,1,1,1,0,0,G,13,18
4734,17.12.2016.,10:30:00,21,20,1,1,1,0,0,G,13,18
4735,17.12.2016.,10:35:00,21,20,1,1,1,0,0,G,13,18
4736,17.12.2016.,10:40:00,21,20,1,1,1,0,0,G,13,18
4737,17.12.2016.,10:45:00,21,20,1,1,1,0,0,G,13,18
4738,17.12.2016.,10:50:00,21,20,1,1,1,0,0,G,13,18
4739,17.12.2016.,10:55:00,21,20,1,1,1,0,0,G,13,18
4740,17.12.2016.,11:00:00,21,20,1,1,1,0,0,G,13,18
4741,17.12.2016.,11:05:00,21,20,1,1,1,0,0,G,13,18
4742,17.12.2016.,11:10:00,21,20,1,1,1,0,0,G,13,18
4743,17.12.2016.,11:15:00,21,20,1,1,1,0,0,G,13,18
4744,17.12.2016.,11:20:00,21,20,1,1,1,0,0,G,13,18
4745,17.12.2016.,11:25:00,21,20,1,1,1,0,0,G,13,18
4746,17.12.2016.,11:30:00,21,20,1,1,1,0,0,G,13,18
4747,17.12.2016.,11:35:00,21,20,1,1,1,0,0,G,13,18
4748,17.12.2016.,11:40:00,21,20,1,1,1,0,0,G,13,18
4749,17.12.2016.,11:45:00,21,20,1,1,1,0,0,G,13,18
4750,17.12.2016.,11:50:00,21,20,1,1,1,0,0,G,13,18
4751,17.12.2016.,11:55:00,21,20,1,1,1,0,0,G,13,18
4752,17.12.2016.,12:00:00,21,20,1,1,1,0,0,G,13,18
4753,17.12.2016.,12:05:00,21,20,1,1,1,0,0,G,13,18
4754,17.12.2016.,12:10:00,21,20,1,1,1,0,0,G,13,18
4755,17.12.2016.,12:15:00,21,20,1,1,1,0,0,G,13,18
4756,17.12.2016.,12:20:00,21,20,1,1,1,0,0,G,13,18
4757,17.12.2016.,12:25:00,21,20,1,1,1,0,0,G,13,18
4758,17.12.2016.,12:30:00,21,20,1,1,1,0,0,G,13,18
4759,17.12.2016.,12:35:00,21,20,1,1,1,0,0,G,13,18
4760,17.12.2016.,12:40:00,21,20,1,1,1,0,0,G,13,18
4761,17.12.2016.,12:45:00,21,20,1,1,1,0,0,G,13,18
4762,17.12.2016.,12:50:00,21,20,1,1,1,0,0,G,13,18
4763,17.12.2016.,12:55:00,21,20,1,1,1,0,0,G,13,18
4764,17.12.2016.,13:00:00,21,20,1,1,1,0,0,G,13,18
4765,17.12.2016.,13:05:00,21,20,1,1,1,0,0,G,13,18
4766,17.12.2016.,13:10:00,21,20,1,1,1,0,0,G,13,18
4767,17.12.2016.,13:15:00,21,20,1,1,1,0,0,G,13,18
4768,17.12.2016.,13:20:00,21,20,1,1,1,0,0,G,13,18
4769,17.12.2016.,13:25:00,21,20,1,1,1,0,0,G,13,18
4770,17.12.2016.,13:30:00,21,20,1,1,1,0,0,G,13,18
4771,17.12.2016.,13:35:00,21,20,1,1,1,0,0,G,13,18
4772,17.12.2016.,13:40:00,21,20,1,1,1,0,0,G,13,18
4773,17.12.2016.,13:45:00,21,20,1,1,1,0,0,G,13,18
4774,17.12.2016.,13:50:00,21,20,1,1,1,0,0,G,13,18
4775,17.12.2016.,13:55:00,21,20,1,1,1,0,0,G,13,18
4776,17.12.2016.,14:00:00,21,20,1,1,1,0,0,G,13,18
4777,17.12.2016.,14:05:00,21,20,1,0,1,0,0,G,13,18
4778,17.12.2016.,14:10:00,21,20,1,0,1,0,0,G,13,18
4779,17.12.2016.,14:15:00,21,20,1,0,1,0,0,G,13,18
4780,17.12.2016.,14:20:00,21,20,1,0,1,0,0,G,13,18
4781,17.12.2016.,14:25:00,21,20,1,0,1,0,0,G,13,18
4782,17.12.2016.,14:30:00,21,20,1,0,1,0,0,G,13,18
4783,17.12.2016.,14:35:00,21,20,1,0,1,0,0,G,13,18
4784,17.12.2016.,14:40:00,21,20,1,0,1,0,0,G,13,18
4785,17.12.2016.,14:45:00,21,20,1,0,1,0,0,G,13,18
4786,17.12.2016.,14:50:00,21,20,1,0,1,0,0,G,13,18
4787,17.12.2016.,14:55:00,21,20,1,0,1,0,0,G,13,18
4788,17.12.2016.,15:00:00,21,20,1,0,1,0,0,G,13,18
4789,17.12.2016.,15:05:00,21,20,1,0,1,0,0,G,13,18
4790,17.12.2016.,15:10:00,21,20,1,0,1,0,0,G,13,18
4791,17.12.2016.,15:15:00,21,20,1,0,1,0,0,G,13,18
4792,17.12.2016.,15:20:00,21,20,1,0,1,0,0,G,13,18
4793,17.12.2016.,15:25:00,21,20,1,0,1,0,0,G,13,18
4794,17.12.2016.,15:30:00,21,20,1,0,1,0,0,G,13,18
4795,17.12.2016.,15:35:00,21,20,1,0,1,0,0,G,13,18
4796,17.12.2016.,15:40:00,21,20,1,0,1,0,0,G,13,18
4797,17.12.2016.,15:45:00,21,20,1,0,1,0,0,G,13,18
4798,17.12.2016.,15:50:00,21,21,1,0,1,0,0,G,13,18
4799,17.12.2016.,15:55:00,21,21,1,0,1,0,0,G,13,18
4800,17.12.2016.,16:00:00,21,21,1,0,1,0,0,G,13,18
4801,17.12.2016.,16:05:00,21,21,1,0,1,0,0,G,13,18
4802,17.12.2016.,16:10:00,21,21,1,0,1,0,0,G,13,18
4803,17.12.2016.,16:15:00,21,21,1,0,1,0,0,G,13,18
4804,17.12.2016.,16:20:00,21,21,1,0,0,0,0,G,13,18
4805,17.12.2016.,16:25:00,21,21,1,0,0,0,0,G,13,18
4806,17.12.2016.,16:30:00,21,21,1,0,0,0,0,G,13,18
4807,17.12.2016.,16:35:00,21,21,1,0,0,0,0,G,13,18
4808,17.12.2016.,16:40:00,21,21,1,0,0,0,0,G,13,18
4809,17.12.2016.,16:45:00,21,21,1,0,0,0,0,G,13,18
4810,17.12.2016.,16:50:00,21,21,1,0,0,0,0,G,13,18
4811,17.12.2016.,16:55:00,21,21,1,0,1,0,0,G,13,18
4812,17.12.2016.,17:00:00,21,21,1,0,1,0,0,G,13,18
4813,17.12.2016.,17:05:00,21,21,1,0,1,0,0,G,13,18
4814,17.12.2016.,17:10:00,21,21,1,0,1,0,0,G,13,18
4815,17.12.2016.,17:15:00,21,21,1,0,1,0,0,G,13,18
4816,17.12.2016.,17:20:00,21,20,1,0,1,0,0,G,13,18
4817,17.12.2016.,17:25:00,21,20,1,1,1,0,0,G,13,18
4818,17.12.2016.,17:30:00,21,20,1,1,1,0,0,G,13,18
4819,17.12.2016.,17:35:00,21,20,1,1,1,0,0,G,13,18
4820,17.12.2016.,17:40:00,21,20,1,1,1,0,0,G,13,18
4821,17.12.2016.,17:45:00,21,20,1,1,1,0,0,G,13,18
4822,17.12.2016.,17:50:00,21,20,1,1,1,0,0,G,13,18
4823,17.12.2016.,17:55:00,21,20,1,1,1,0,0,G,13,18
4824,17.12.2016.,18:00:00,21,20,1,1,1,0,0,G,13,18
4825,17.12.2016.,18:05:00,21,20,1,1,1,0,0,G,13,18
4826,17.12.2016.,18:10:00,21,20,1,1,1,0,0,G,13,18
4827,17.12.2016.,18:15:00,21,20,1,1,1,0,0,G,13,18
4828,17.12.2016.,18:20:00,21,20,1,1,1,0,0,G,13,18
4829,17.12.2016.,18:25:00,21,20,1,1,1,0,0,G,13,18
4830,17.12.2016.,18:30:00,21,20,1,1,1,0,0,G,13,18
4831,17.12.2016.,18:35:00,21,20,1,1,1,0,0,G,13,18
4832,17.12.2016.,18:40:00,21,20,1,1,1,0,0,G,13,18
4833,17.12.2016.,18:45:00,21,20,1,1,1,0,0,G,13,18
4834,17.12.2016.,18:50:00,21,20,1,1,1,0,0,G,13,18
4835,17.12.2016.,18:55:00,21,20,1,1,1,0,0,G,13,18
4836,17.12.2016.,19:00:00,21,20,1,1,1,0,0,G,13,18
4837,17.12.2016.,19:05:00,21,20,1,1,1,0,0,G,13,18
4838,17.12.2016.,19:10:00,21,20,1,1,1,0,0,G,13,18
4839,17.12.2016.,19:15:00,21,20,1,1,1,0,0,G,13,18
4840,17.12.2016.,19:20:00,21,20,1,1,1,0,0,G,13,18
4841,17.12.2016.,19:25:00,21,20,1,1,1,0,0,G,13,18
4842,17.12.2016.,19:30:00,21,20,1,1,1,0,0,G,13,18
4843,17.12.2016.,19:35:00,21,20,1,1,1,0,0,G,13,18
4844,17.12.2016.,19:40:00,21,20,1,1,1,0,0,G,13,18
4845,17.12.2016.,19:45:00,21,20,1,1,1,0,0,G,13,18
4846,17.12.2016.,19:50:00,21,20,1,1,1,0,0,G,13,18
4847,17.12.2016.,19:55:00,21,20,1,1,1,0,0,G,13,18
4848,17.12.2016.,20:00:00,21,20,1,1,1,0,0,G,13,18
4849,17.12.2016.,20:05:00,21,20,1,1,1,0,0,G,13,18
4850,17.12.2016.,20:10:00,21,20,1,1,1,0,0,G,13,18
4851,17.12.2016.,20:15:00,21,20,1,1,1,0,0,G,13,18
4852,17.12.2016.,20:20:00,21,20,1,1,1,0,0,G,13,18
4853,17.12.2016.,20:25:00,21,20,1,1,1,0,0,G,13,18
4854,17.12.2016.,20:30:00,21,20,1,1,1,0,0,G,13,18
4855,17.12.2016.,20:35:00,21,20,1,1,1,0,0,G,13,18
4856,17.12.2016.,20:40:00,21,20,1,1,1,0,0,G,13,18
4857,17.12.2016.,20:45:00,21,20,1,1,1,0,0,G,13,18
4858,17.12.2016.,20:50:00,21,20,1,1,1,0,0,G,13,18
4859,17.12.2016.,20:55:00,21,20,1,1,1,0,0,G,13,18
4860,17.12.2016.,21:00:00,21,20,1,1,1,0,0,G,13,18
4861,17.12.2016.,21:05:00,21,20,1,1,1,0,0,G,13,18
4862,17.12.2016.,21:10:00,21,20,1,1,1,0,0,G,13,18
4863,17.12.2016.,21:15:00,21,20,1,1,1,0,0,G,13,18
4864,17.12.2016.,21:20:00,21,20,1,1,1,0,0,G,13,18
4865,17.12.2016.,21:25:00,21,20,1,1,1,0,0,G,13,18
4866,17.12.2016.,21:30:00,21,20,1,1,1,0,0,G,13,18
4867,17.12.2016.,21:35:00,21,20,1,1,1,0,0,G,13,18
4868,17.12.2016.,21:40:00,21,20,1,1,1,0,0,G,13,18
4869,17.12.2016.,21:45:00,21,20,1,1,1,0,0,G,13,18
4870,17.12.2016.,21:50:00,21,20,1,1,1,0,0,G,13,18
4871,17.12.2016.,21:55:00,21,20,1,1,1,0,0,G,13,18
4872,17.12.2016.,22:00:00,21,20,1,1,1,0,0,G,13,18
4873,17.12.2016.,22:05:00,21,20,1,1,1,0,0,G,13,18
4874,17.12.2016.,22:10:00,21,20,1,1,1,0,0,G,13,18
4875,17.12.2016.,22:15:00,21,20,1,1,1,0,0,G,13,18
4876,17.12.2016.,22:20:00,21,20,1,1,1,0,0,G,13,18
4877,17.12.2016.,22:25:00,21,20,1,1,1,0,0,G,13,18
4878,17.12.2016.,22:30:00,21,20,1,1,1,0,0,G,13,18
4879,17.12.2016.,22:35:00,21,20,1,1,1,0,0,G,13,18
4880,17.12.2016.,22:40:00,21,20,1,1,1,0,0,G,13,18
4881,17.12.2016.,22:45:00,21,20,1,1,1,0,0,G,13,18
4882,17.12.2016.,22:50:00,21,20,1,1,1,0,0,G,13,18
4883,17.12.2016.,22:55:00,21,20,1,1,1,0,0,G,13,18
4884,17.12.2016.,23:00:00,21,20,1,1,1,0,0,G,13,18
4885,17.12.2016.,23:05:00,21,20,1,1,1,0,0,G,13,18
4886,17.12.2016.,23:10:00,21,20,1,1,1,0,0,G,13,18
4887,17.12.2016.,23:15:00,21,20,1,1,1,0,0,G,13,18
4888,17.12.2016.,23:20:00,21,20,1,1,1,0,0,G,13,18
4889,17.12.2016.,23:25:00,21,20,1,1,1,0,0,G,13,18
4890,17.12.2016.,23:30:00,21,20,1,1,1,0,0,G,13,18
4891,17.12.2016.,23:35:00,21,20,1,1,1,0,0,G,13,18
4892,17.12.2016.,23:40:00,21,20,1,1,1,0,0,G,13,18
4893,17.12.2016.,23:45:00,21,20,1,1,1,0,0,G,13,18
4894,17.12.2016.,23:50:00,21,20,1,1,1,0,0,G,13,18
4895,17.12.2016.,23:55:00,21,20,1,1,1,0,0,G,13,18
4896,18.12.2016.,00:00:00,21,20,1,0,1,0,0,G,13,18
4897,18.12.2016.,00:05:00,21,20,1,0,1,0,0,G,13,18
4898,18.12.2016.,00:10:00,21,20,1,0,1,0,0,G,13,18
4899,18.12.2016.,00:15:00,21,20,1,0,1,0,0,G,13,18
4900,18.12.2016.,00:20:00,21,20,1,0,1,0,0,G,13,18
4901,18.12.2016.,00:25:00,21,20,1,0,1,0,0,G,13,18
4902,18.12.2016.,00:30:00,21,20,1,0,1,0,0,G,13,18
4903,18.12.2016.,00:35:00,21,20,1,0,1,0,0,G,13,18
4904,18.12.2016.,00:40:00,21,20,1,0,1,0,0,G,13,18
4905,18.12.2016.,00:45:00,21,20,1,0,1,0,0,G,13,18
4906,18.12.2016.,00:50:00,21,20,1,0,1,0,0,G,13,18
4907,18.12.2016.,00:55:00,21,20,1,0,1,0,0,G,13,18
4908,18.12.2016.,01:00:00,21,20,1,0,1,0,0,G,13,18
4909,18.12.2016.,01:05:00,21,20,1,0,1,0,0,G,13,18
4910,18.12.2016.,01:10:00,21,20,1,0,1,0,0,G,13,18
4911,18.12.2016.,01:15:00,21,20,1,0,1,0,0,G,13,18
4912,18.12.2016.,01:20:00,21,20,1,0,1,0,0,G,13,18
4913,18.12.2016.,01:25:00,21,20,1,0,1,0,0,G,13,18
4914,18.12.2016.,01:30:00,21,20,1,0,1,0,0,G,13,18
4915,18.12.2016.,01:35:00,21,20,1,0,1,0,0,G,13,18
4916,18.12.2016.,01:40:00,21,20,1,0,1,0,0,G,13,18
4917,18.12.2016.,01:45:00,21,20,1,0,1,0,0,G,13,18
4918,18.12.2016.,01:50:00,21,20,1,0,1,0,0,G,13,18
4919,18.12.2016.,01:55:00,21,20,1,0,1,0,0,G,13,18
4920,18.12.2016.,02:00:00,21,20,1,0,1,0,0,G,13,18
4921,18.12.2016.,02:05:00,21,20,1,0,1,0,0,G,13,18
4922,18.12.2016.,02:10:00,21,20,1,0,1,0,0,G,13,18
4923,18.12.2016.,02:15:00,21,20,1,0,1,0,0,G,13,18
4924,18.12.2016.,02:20:00,21,20,1,0,1,0,0,G,13,18
4925,18.12.2016.,02:25:00,21,20,1,0,1,0,0,G,13,18
4926,18.12.2016.,02:30:00,21,20,1,0,1,0,0,G,13,18
4927,18.12.2016.,02:35:00,21,20,1,0,1,0,0,G,13,18
4928,18.12.2016.,02:40:00,21,20,1,0,1,0,0,G,13,18
4929,18.12.2016.,02:45:00,21,20,1,0,1,0,0,G,13,18
4930,18.12.2016.,02:50:00,21,20,1,0,1,0,0,G,13,18
4931,18.12.2016.,02:55:00,21,20,1,0,1,0,0,G,13,18
4932,18.12.2016.,03:00:00,21,20,1,0,1,0,0,G,13,17
4933,18.12.2016.,03:05:00,21,20,1,0,1,0,0,G,13,17
4934,18.12.2016.,03:10:00,21,20,1,0,1,0,0,G,13,17
4935,18.12.2016.,03:15:00,21,20,1,1,1,0,0,G,13,17
4936,18.12.2016.,03:20:00,21,20,1,1,1,0,0,G,13,17
4937,18.12.2016.,03:25:00,21,20,1,1,1,0,0,G,13,17
4938,18.12.2016.,03:30:00,21,20,1,1,1,0,0,G,13,17
4939,18.12.2016.,03:35:00,21,20,1,1,1,0,0,G,13,17
4940,18.12.2016.,03:40:00,21,20,1,1,1,0,0,G,13,17
4941,18.12.2016.,03:45:00,21,20,1,1,1,0,0,G,13,17
4942,18.12.2016.,03:50:00,21,20,1,1,1,0,0,G,13,17
4943,18.12.2016.,03:55:00,21,20,1,1,1,0,0,G,13,17
4944,18.12.2016.,04:00:00,21,20,1,1,1,0,0,G,13,17
4945,18.12.2016.,04:05:00,21,20,1,1,1,0,0,G,13,17
4946,18.12.2016.,04:10:00,21,20,1,1,1,0,0,G,13,17
4947,18.12.2016.,04:15:00,21,20,1,1,1,0,0,G,13,17
4948,18.12.2016.,04:20:00,21,20,1,1,1,0,0,G,13,17
4949,18.12.2016.,04:25:00,21,20,1,1,1,0,0,G,13,17
4950,18.12.2016.,04:30:00,21,20,1,1,1,0,0,G,13,17
4951,18.12.2016.,04:35:00,21,20,1,1,1,0,0,G,13,17
4952,18.12.2016.,04:40:00,21,20,1,1,1,0,0,G,13,17
4953,18.12.2016.,04:45:00,21,20,1,1,1,0,0,G,13,17
4954,18.12.2016.,04:50:00,21,20,1,1,1,0,0,G,13,17
4955,18.12.2016.,04:55:00,21,20,1,1,1,0,0,G,13,17
4956,18.12.2016.,05:00:00,21,20,1,1,1,0,0,G,13,17
4957,18.12.2016.,05:05:00,21,20,1,1,1,0,0,G,13,17
4958,18.12.2016.,05:10:00,21,20,1,1,1,0,0,G,13,17
4959,18.12.2016.,05:15:00,21,20,1,1,1,0,0,G,13,17
4960,18.12.2016.,05:20:00,21,20,1,1,1,0,0,G,13,17
4961,18.12.2016.,05:25:00,21,20,1,1,1,0,0,G,13,17
4962,18.12.2016.,05:30:00,21,20,1,1,1,0,0,G,13,17
4963,18.12.2016.,05:35:00,21,20,1,1,1,0,0,G,13,17
4964,18.12.2016.,05:40:00,21,20,1,1,1,0,0,G,13,17
4965,18.12.2016.,05:45:00,21,20,1,1,1,0,0,G,13,17
4966,18.12.2016.,05:50:00,21,20,1,1,1,0,0,G,13,17
4967,18.12.2016.,05:55:00,21,20,1,1,1,0,0,G,13,17
4968,18.12.2016.,06:00:00,21,20,1,1,1,0,0,G,13,17
4969,18.12.2016.,06:05:00,21,20,1,1,1,0,0,G,13,17
4970,18.12.2016.,06:10:00,21,20,1,1,1,0,0,G,13,17
4971,18.12.2016.,06:15:00,21,20,1,1,1,0,0,G,13,17
4972,18.12.2016.,06:20:00,21,20,1,1,1,0,0,G,13,17
4973,18.12.2016.,06:25:00,21,20,1,1,1,0,0,G,13,17
4974,18.12.2016.,06:30:00,21,20,1,1,1,0,0,G,13,17
4975,18.12.2016.,06:35:00,21,20,1,1,1,0,0,G,13,17
4976,18.12.2016.,06:40:00,21,20,1,1,1,0,0,G,13,17
4977,18.12.2016.,06:45:00,21,20,1,1,1,0,0,G,13,17
4978,18.12.2016.,06:50:00,21,20,1,1,1,0,0,G,13,17
4979,18.12.2016.,06:55:00,21,20,1,1,1,0,0,G,13,17
4980,18.12.2016.,07:00:00,21,20,1,1,1,0,0,G,13,17
4981,18.12.2016.,07:05:00,21,20,1,1,1,0,0,G,13,17
4982,18.12.2016.,07:10:00,21,20,1,1,1,0,0,G,13,17
4983,18.12.2016.,07:15:00,21,20,1,1,1,0,0,G,13,17
4984,18.12.2016.,07:20:00,21,20,1,1,1,0,0,G,13,17
4985,18.12.2016.,07:25:00,21,20,1,1,1,0,0,G,13,17
4986,18.12.2016.,07:30:00,21,20,1,1,1,0,0,G,13,17
4987,18.12.2016.,07:35:00,21,20,1,1,1,0,0,G,13,17
4988,18.12.2016.,07:40:00,21,20,1,1,1,0,0,G,13,17
4989,18.12.2016.,07:45:00,21,20,1,1,1,0,0,G,13,17
4990,18.12.2016.,07:50:00,21,20,1,1,1,0,0,G,13,17
4991,18.12.2016.,07:55:00,21,20,1,1,1,0,0,G,13,17
4992,18.12.2016.,08:00:00,21,20,1,1,1,0,0,G,13,17
4993,18.12.2016.,08:05:00,21,20,1,1,1,0,0,G,13,17
4994,18.12.2016.,08:10:00,21,20,1,1,1,0,0,G,13,17
4995,18.12.2016.,08:15:00,21,20,1,1,1,0,0,G,13,17
4996,18.12.2016.,08:20:00,21,20,1,1,1,0,0,G,13,17
4997,18.12.2016.,08:25:00,21,20,1,1,1,0,0,G,13,17
4998,18.12.2016.,08:30:00,21,20,1,1,1,0,0,G,13,17
4999,18.12.2016.,08:35:00,21,20,1,1,1,0,0,G,13,17
5000,18.12.2016.,08:40:00,21,20,1,1,1,0,0,G,13,17
5001,18.12.2016.,08:45:00,21,20,1,1,1,0,0,G,13,17
5002,18.12.2016.,08:50:00,21,20,1,1,1,0,0,G,13,17
5003,18.12.2016.,08:55:00,21,20,1,1,1,0,0,G,13,17
5004,18.12.2016.,09:00:00,21,20,1,1,1,0,0,G,13,17
5005,18.12.2016.,09:05:00,21,20,1,1,1,0,0,G,13,17
5006,18.12.2016.,09:10:00,21,20,1,1,1,0,0,G,13,17
5007,18.12.2016.,09:15:00,21,20,1,1,1,0,0,G,13,17
5008,18.12.2016.,09:20:00,21,20,1,1,1,0,0,G,13,17
5009,18.12.2016.,09:25:00,21,20,1,1,1,0,0,G,13,17
5010,18.12.2016.,09:30:00,21,20,1,1,1,0,0,G,13,17
5011,18.12.2016.,09:35:00,21,20,1,1,1,0,0,G,13,17
5012,18.12.2016.,09:40:00,21,20,1,1,1,0,0,G,13,17
5013,18.12.2016.,09:45:00,21,20,1,1,1,0,0,G,13,17
5014,18.12.2016.,09:50:00,21,20,1,1,1,0,0,G,13,17
5015,18.12.2016.,09:55:00,21,20,1,1,1,0,0,G,13,17
5016,18.12.2016.,10:00:00,21,20,1,1,1,0,0,G,13,17
5017,18.12.2016.,10:05:00,21,20,1,1,1,0,0,G,13,18
5018,18.12.2016.,10:10:00,21,20,1,1,1,0,0,G,13,17
5019,18.12.2016.,10:15:00,21,20,1,1,1,0,0,G,13,17
5020,18.12.2016.,10:20:00,21,20,1,1,1,0,0,G,13,17
5021,18.12.2016.,10:25:00,21,20,1,1,1,0,0,G,13,17
5022,18.12.2016.,10:30:00,21,20,1,1,1,0,0,G,13,17
5023,18.12.2016.,10:35:00,21,20,1,1,1,0,0,G,13,17
5024,18.12.2016.,10:40:00,21,20,1,1,1,0,0,G,13,17
5025,18.12.2016.,10:45:00,21,20,1,1,1,0,0,G,13,17
5026,18.12.2016.,10:50:00,21,20,1,1,1,0,0,G,13,17
5027,18.12.2016.,10:55:00,21,20,1,1,1,0,0,G,13,17
5028,18.12.2016.,11:00:00,21,20,1,1,1,0,0,G,13,17
5029,18.12.2016.,11:05:00,21,20,1,1,1,0,0,G,13,17
5030,18.12.2016.,11:10:00,21,20,1,1,1,0,0,G,13,17
5031,18.12.2016.,11:15:00,21,20,1,1,1,0,0,G,13,17
5032,18.12.2016.,11:20:00,21,20,1,1,1,0,0,G,13,17
5033,18.12.2016.,11:25:00,21,20,1,1,1,0,0,G,13,17
5034,18.12.2016.,11:30:00,21,20,1,1,1,0,0,G,13,17
5035,18.12.2016.,11:35:00,21,20,1,1,1,0,0,G,13,17
5036,18.12.2016.,11:40:00,21,20,1,1,1,0,0,G,13,17
5037,18.12.2016.,11:45:00,21,20,1,1,1,0,0,G,13,17
5038,18.12.2016.,11:50:00,21,20,1,1,1,0,0,G,13,17
5039,18.12.2016.,11:55:00,21,20,1,1,1,0,0,G,13,17
5040,18.12.2016.,12:00:00,21,20,1,1,1,0,0,G,13,17
5041,18.12.2016.,12:05:00,21,20,1,1,1,0,0,G,13,17
5042,18.12.2016.,12:10:00,21,20,1,1,1,0,0,G,13,17
5043,18.12.2016.,12:15:00,21,20,1,1,1,0,0,G,13,17
5044,18.12.2016.,12:20:00,21,20,1,1,1,0,0,G,13,17
5045,18.12.2016.,12:25:00,21,20,1,1,1,0,0,G,13,17
5046,18.12.2016.,12:30:00,21,20,1,1,1,0,0,G,13,17
5047,18.12.2016.,12:35:00,21,20,1,1,1,0,0,G,13,17
5048,18.12.2016.,12:40:00,21,20,1,1,1,0,0,G,13,17
5049,18.12.2016.,12:45:00,21,20,1,1,1,0,0,G,13,17
5050,18.12.2016.,12:50:00,21,20,1,1,1,0,0,G,13,17
5051,18.12.2016.,12:55:00,21,20,1,1,1,0,0,G,13,17
5052,18.12.2016.,13:00:00,21,20,1,1,1,0,0,G,13,17
5053,18.12.2016.,13:05:00,21,20,1,1,1,0,0,G,13,17
5054,18.12.2016.,13:10:00,21,20,1,1,1,0,0,G,13,17
5055,18.12.2016.,13:15:00,21,20,1,1,1,0,0,G,13,17
5056,18.12.2016.,13:20:00,21,20,1,1,1,0,0,G,13,17
5057,18.12.2016.,13:25:00,21,20,1,1,1,0,0,G,13,17
5058,18.12.2016.,13:30:00,21,20,1,1,1,0,0,G,13,17
5059,18.12.2016.,13:35:00,21,20,1,1,1,0,0,G,13,17
5060,18.12.2016.,13:40:00,21,20,1,1,1,0,0,G,13,17
5061,18.12.2016.,13:45:00,21,20,1,1,1,0,0,G,13,17
5062,18.12.2016.,13:50:00,21,20,1,1,1,0,0,G,13,17
5063,18.12.2016.,13:55:00,21,20,1,1,1,0,0,G,13,17
5064,18.12.2016.,14:00:00,21,20,1,1,1,0,0,G,13,17
5065,18.12.2016.,14:05:00,21,20,1,1,1,0,0,G,13,17
5066,18.12.2016.,14:10:00,21,20,1,1,1,0,0,G,13,17
5067,18.12.2016.,14:15:00,21,20,1,1,1,0,0,G,13,18
5068,18.12.2016.,14:20:00,21,20,1,1,1,0,0,G,13,18
5069,18.12.2016.,14:25:00,21,20,1,1,1,0,0,G,13,18
5070,18.12.2016.,14:30:00,21,20,1,1,1,0,0,G,13,18
5071,18.12.2016.,14:35:00,21,20,1,1,1,0,0,G,13,18
5072,18.12.2016.,14:40:00,21,20,1,0,1,0,0,G,13,18
5073,18.12.2016.,14:45:00,21,20,1,0,1,0,0,G,13,18
5074,18.12.2016.,14:50:00,21,20,1,0,1,0,0,G,13,18
5075,18.12.2016.,14:55:00,21,20,1,0,1,0,0,G,13,18
5076,18.12.2016.,15:00:00,21,20,1,0,1,0,0,G,13,18
5077,18.12.2016.,15:05:00,21,20,1,0,1,0,0,G,13,18
5078,18.12.2016.,15:10:00,21,20,1,0,1,0,0,G,13,18
5079,18.12.2016.,15:15:00,21,20,1,0,1,0,0,G,13,18
5080,18.12.2016.,15:20:00,21,20,1,0,1,0,0,G,13,18
5081,18.12.2016.,15:25:00,21,20,1,0,1,0,0,G,13,18
5082,18.12.2016.,15:30:00,21,20,1,1,1,0,0,G,13,18
5083,18.12.2016.,15:35:00,21,20,1,1,1,0,0,G,13,18
5084,18.12.2016.,15:40:00,21,20,1,1,1,0,0,G,13,18
5085,18.12.2016.,15:45:00,21,20,1,1,1,0,0,G,13,18
5086,18.12.2016.,15:50:00,21,20,1,1,1,0,0,G,13,18
5087,18.12.2016.,15:55:00,21,20,1,1,1,0,0,G,13,18
5088,18.12.2016.,16:00:00,21,20,1,1,1,0,0,G,13,18
5089,18.12.2016.,16:05:00,21,20,1,1,1,0,0,G,13,18
5090,18.12.2016.,16:10:00,21,20,1,1,1,0,0,G,13,18
5091,18.12.2016.,16:15:00,21,20,1,1,1,0,0,G,13,18
5092,18.12.2016.,16:20:00,21,20,1,1,1,0,0,G,13,18
5093,18.12.2016.,16:25:00,21,20,1,1,1,0,0,G,13,18
5094,18.12.2016.,16:30:00,21,20,1,0,1,0,0,G,13,18
5095,18.12.2016.,16:35:00,21,20,1,0,1,0,0,G,13,18
5096,18.12.2016.,16:40:00,21,20,1,0,1,0,0,G,13,18
5097,18.12.2016.,16:45:00,21,20,1,0,1,0,0,G,13,18
5098,18.12.2016.,16:50:00,21,20,1,0,1,0,0,G,13,18
5099,18.12.2016.,16:55:00,21,20,1,0,1,0,0,G,13,18
5100,18.12.2016.,17:00:00,21,20,1,0,1,0,0,G,13,18
5101,18.12.2016.,17:05:00,21,20,1,0,1,0,0,G,13,18
5102,18.12.2016.,17:10:00,21,20,1,0,1,0,0,G,13,18
5103,18.12.2016.,17:15:00,21,20,1,0,1,0,0,G,13,18
5104,18.12.2016.,17:20:00,21,20,1,0,1,0,0,G,13,18
5105,18.12.2016.,17:25:00,21,20,1,1,1,0,0,G,13,18
5106,18.12.2016.,17:30:00,21,20,1,1,1,0,0,G,13,18
5107,18.12.2016.,17:35:00,21,20,1,1,1,0,0,G,13,18
5108,18.12.2016.,17:40:00,21,20,1,1,1,0,0,G,13,18
5109,18.12.2016.,17:45:00,21,20,1,1,1,0,0,G,13,18
5110,18.12.2016.,17:50:00,21,20,1,1,1,0,0,G,13,18
5111,18.12.2016.,17:55:00,21,20,1,1,1,0,0,G,13,18
5112,18.12.2016.,18:00:00,21,20,1,1,1,0,0,G,13,18
5113,18.12.2016.,18:05:00,21,20,1,1,1,0,0,G,13,18
5114,18.12.2016.,18:10:00,21,20,1,1,1,0,0,G,13,18
5115,18.12.2016.,18:15:00,21,20,1,1,1,0,0,G,13,18
5116,18.12.2016.,18:20:00,21,20,1,1,1,0,0,G,13,18
5117,18.12.2016.,18:25:00,21,20,1,1,1,0,0,G,13,18
5118,18.12.2016.,18:30:00,21,20,1,1,1,0,0,G,13,18
5119,18.12.2016.,18:35:00,21,20,1,1,1,0,0,G,13,18
5120,18.12.2016.,18:40:00,21,20,1,1,1,0,0,G,13,18
5121,18.12.2016.,18:45:00,21,20,1,1,1,0,0,G,13,18
5122,18.12.2016.,18:50:00,21,20,1,1,1,0,0,G,13,18
5123,18.12.2016.,18:55:00,21,20,1,1,1,0,0,G,13,18
5124,18.12.2016.,19:00:00,21,20,1,1,1,0,0,G,13,18
5125,18.12.2016.,19:05:00,21,20,1,1,1,0,0,G,13,18
5126,18.12.2016.,19:10:00,21,20,1,1,1,0,0,G,13,18
5127,18.12.2016.,19:15:00,21,20,1,1,1,0,0,G,13,18
5128,18.12.2016.,19:20:00,21,20,1,1,1,0,0,G,13,18
5129,18.12.2016.,19:25:00,21,20,1,1,1,0,0,G,13,18
5130,18.12.2016.,19:30:00,21,20,1,1,1,0,0,G,13,18
5131,18.12.2016.,19:35:00,21,20,1,1,1,0,0,G,13,18
5132,18.12.2016.,19:40:00,21,20,1,1,1,0,0,G,13,18
5133,18.12.2016.,19:45:00,21,20,1,1,1,0,0,G,13,18
5134,18.12.2016.,19:50:00,21,20,1,1,1,0,0,G,13,18
5135,18.12.2016.,19:55:00,21,20,1,1,1,0,0,G,13,18
5136,18.12.2016.,20:00:00,21,20,1,1,1,0,0,G,13,18
5137,18.12.2016.,20:05:00,21,20,1,1,1,0,0,G,13,18
5138,18.12.2016.,20:10:00,21,20,1,1,1,0,0,G,13,18
5139,18.12.2016.,20:15:00,21,20,1,1,1,0,0,G,13,18
5140,18.12.2016.,20:20:00,21,20,1,1,1,0,0,G,13,18
5141,18.12.2016.,20:25:00,21,20,1,1,1,0,0,G,13,18
5142,18.12.2016.,20:30:00,21,20,1,1,1,0,0,G,13,18
5143,18.12.2016.,20:35:00,21,20,1,1,1,0,0,G,13,18
5144,18.12.2016.,20:40:00,21,20,1,1,1,0,0,G,13,18
5145,18.12.2016.,20:45:00,21,20,1,1,1,0,0,G,13,18
5146,18.12.2016.,20:50:00,21,20,1,1,1,0,0,G,13,18
5147,18.12.2016.,20:55:00,21,20,1,1,1,0,0,G,13,18
5148,18.12.2016.,21:00:00,21,20,1,1,1,0,0,G,13,18
5149,18.12.2016.,21:05:00,21,20,1,1,1,0,0,G,13,18
5150,18.12.2016.,21:10:00,21,20,1,1,1,0,0,G,13,18
5151,18.12.2016.,21:15:00,21,20,1,1,1,0,0,G,13,18
5152,18.12.2016.,21:20:00,21,20,1,1,1,0,0,G,13,18
5153,18.12.2016.,21:25:00,21,20,1,1,1,0,0,G,13,18
5154,18.12.2016.,21:30:00,21,20,1,1,1,0,0,G,13,18
5155,18.12.2016.,21:35:00,21,20,1,1,1,0,0,G,13,18
5156,18.12.2016.,21:40:00,21,20,1,1,1,0,0,G,13,18
5157,18.12.2016.,21:45:00,21,20,1,1,1,0,0,G,13,18
5158,18.12.2016.,21:50:00,21,20,1,1,1,0,0,G,13,18
5159,18.12.2016.,21:55:00,21,20,1,1,1,0,0,G,13,18
5160,18.12.2016.,22:00:00,21,20,1,1,1,0,0,G,13,18
5161,18.12.2016.,22:05:00,21,20,1,1,1,0,0,G,13,18
5162,18.12.2016.,22:10:00,21,20,1,1,1,0,0,G,13,18
5163,18.12.2016.,22:15:00,21,20,1,1,1,0,0,G,13,18
5164,18.12.2016.,22:20:00,21,20,1,1,1,0,0,G,13,18
5165,18.12.2016.,22:25:00,21,20,1,1,1,0,0,G,13,18
5166,18.12.2016.,22:30:00,21,20,1,1,1,0,0,G,13,18
5167,18.12.2016.,22:35:00,21,20,1,1,1,0,0,G,13,18
5168,18.12.2016.,22:40:00,21,20,1,1,1,0,0,G,13,18
5169,18.12.2016.,22:45:00,21,20,1,1,1,0,0,G,13,18
5170,18.12.2016.,22:50:00,21,20,1,1,1,0,0,G,13,18
5171,18.12.2016.,22:55:00,21,20,1,1,1,0,0,G,13,18
5172,18.12.2016.,23:00:00,21,20,1,1,1,0,0,G,13,18
5173,18.12.2016.,23:05:00,21,20,1,1,1,0,0,G,13,18
5174,18.12.2016.,23:10:00,21,20,1,1,1,0,0,G,13,18
5175,18.12.2016.,23:15:00,21,20,1,1,1,0,0,G,13,18
5176,18.12.2016.,23:20:00,21,20,1,1,1,0,0,G,13,18
5177,18.12.2016.,23:25:00,21,20,1,1,1,0,0,G,13,18
5178,18.12.2016.,23:30:00,21,20,1,1,1,0,0,G,13,18
5179,18.12.2016.,23:35:00,21,20,1,1,1,0,0,G,13,18
5180,18.12.2016.,23:40:00,21,20,1,1,1,0,0,G,13,18
5181,18.12.2016.,23:45:00,21,20,1,1,1,0,0,G,13,18
5182,18.12.2016.,23:50:00,21,20,1,1,1,0,0,G,13,18
5183,18.12.2016.,23:55:00,21,20,1,1,1,0,0,G,13,18
5184,19.12.2016.,00:00:00,21,20,1,1,1,0,0,G,13,18
5185,19.12.2016.,00:05:00,21,20,1,1,1,0,0,G,13,18
5186,19.12.2016.,00:10:00,21,20,1,0,1,0,0,G,13,18
5187,19.12.2016.,00:15:00,21,20,1,0,1,0,0,G,13,18
5188,19.12.2016.,00:20:00,21,20,1,0,1,0,0,G,13,18
5189,19.12.2016.,00:25:00,21,20,1,0,1,0,0,G,13,18
5190,19.12.2016.,00:30:00,21,20,1,0,1,0,0,G,13,18
5191,19.12.2016.,00:35:00,21,20,1,0,1,0,0,G,13,18
5192,19.12.2016.,00:40:00,21,20,1,0,1,0,0,G,13,18
5193,19.12.2016.,00:45:00,21,20,1,0,1,0,0,G,13,18
5194,19.12.2016.,00:50:00,21,20,1,0,1,0,0,G,13,18
5195,19.12.2016.,00:55:00,21,20,1,0,1,0,0,G,13,18
5196,19.12.2016.,01:00:00,21,20,1,0,1,0,0,G,13,18
5197,19.12.2016.,01:05:00,21,20,1,0,1,0,0,G,13,18
5198,19.12.2016.,01:10:00,21,20,1,0,1,0,0,G,13,18
5199,19.12.2016.,01:15:00,21,20,1,0,1,0,0,G,13,17
5200,19.12.2016.,01:20:00,21,20,1,0,1,0,0,G,13,18
5201,19.12.2016.,01:25:00,21,20,1,0,1,0,0,G,13,17
5202,19.12.2016.,01:30:00,21,20,1,0,1,0,0,G,13,17
5203,19.12.2016.,01:35:00,21,20,1,0,1,0,0,G,13,17
5204,19.12.2016.,01:40:00,21,20,1,0,1,0,0,G,13,17
5205,19.12.2016.,01:45:00,21,20,1,0,1,0,0,G,13,17
5206,19.12.2016.,01:50:00,21,20,1,0,1,0,0,G,13,17
5207,19.12.2016.,01:55:00,21,20,1,0,1,0,0,G,13,17
5208,19.12.2016.,02:00:00,21,20,1,0,1,0,0,G,13,17
5209,19.12.2016.,02:05:00,21,20,1,0,1,0,0,G,13,17
5210,19.12.2016.,02:10:00,21,20,1,0,1,0,0,G,13,17
5211,19.12.2016.,02:15:00,21,20,1,0,1,0,0,G,13,17
5212,19.12.2016.,02:20:00,21,20,1,0,1,0,0,G,13,17
5213,19.12.2016.,02:25:00,21,20,1,0,1,0,0,G,13,17
5214,19.12.2016.,02:30:00,21,20,1,0,1,0,0,G,13,17
5215,19.12.2016.,02:35:00,21,20,1,1,1,0,0,G,13,17
5216,19.12.2016.,02:40:00,21,20,1,1,1,0,0,G,13,17
5217,19.12.2016.,02:45:00,21,20,1,1,1,0,0,G,13,17
5218,19.12.2016.,02:50:00,21,20,1,1,1,0,0,G,13,17
5219,19.12.2016.,02:55:00,21,20,1,1,1,0,0,G,13,17
5220,19.12.2016.,03:00:00,21,20,1,1,1,0,0,G,13,17
5221,19.12.2016.,03:05:00,21,20,1,1,1,0,0,G,13,17
5222,19.12.2016.,03:10:00,21,20,1,1,1,0,0,G,13,17
5223,19.12.2016.,03:15:00,21,20,1,1,1,0,0,G,13,17
5224,19.12.2016.,03:20:00,21,20,1,1,1,0,0,G,13,17
5225,19.12.2016.,03:25:00,21,20,1,1,1,0,0,G,13,17
5226,19.12.2016.,03:30:00,21,20,1,1,1,0,0,G,13,17
5227,19.12.2016.,03:35:00,21,20,1,1,1,0,0,G,13,17
5228,19.12.2016.,03:40:00,21,20,1,1,1,0,0,G,13,17
5229,19.12.2016.,03:45:00,21,20,1,1,1,0,0,G,13,17
5230,19.12.2016.,03:50:00,21,20,1,1,1,0,0,G,13,17
5231,19.12.2016.,03:55:00,21,20,1,1,1,0,0,G,13,17
5232,19.12.2016.,04:00:00,21,20,1,1,1,0,0,G,13,17
5233,19.12.2016.,04:05:00,21,20,1,1,1,0,0,G,13,17
5234,19.12.2016.,04:10:00,21,20,1,1,1,0,0,G,13,17
5235,19.12.2016.,04:15:00,21,20,1,1,1,0,0,G,13,17
5236,19.12.2016.,04:20:00,21,20,1,1,1,0,0,G,13,17
5237,19.12.2016.,04:25:00,21,20,1,1,1,0,0,G,13,17
5238,19.12.2016.,04:30:00,21,20,1,1,1,0,0,G,13,17
5239,19.12.2016.,04:35:00,21,20,1,1,1,0,0,G,13,17
5240,19.12.2016.,04:40:00,21,20,1,1,1,0,0,G,13,17
5241,19.12.2016.,04:45:00,21,20,1,1,1,0,0,G,13,17
5242,19.12.2016.,04:50:00,21,20,1,1,1,0,0,G,13,17
5243,19.12.2016.,04:55:00,21,20,1,1,1,0,0,G,13,17
5244,19.12.2016.,05:00:00,21,20,1,1,1,0,0,G,13,17
5245,19.12.2016.,05:05:00,21,20,1,1,1,0,0,G,13,17
5246,19.12.2016.,05:10:00,21,20,1,1,1,0,0,G,13,17
5247,19.12.2016.,05:15:00,21,20,1,1,1,0,0,G,13,17
5248,19.12.2016.,05:20:00,21,20,1,1,1,0,0,G,13,17
5249,19.12.2016.,05:25:00,21,20,1,1,1,0,0,G,13,17
5250,19.12.2016.,05:30:00,21,20,1,1,1,0,0,G,13,17
5251,19.12.2016.,05:35:00,21,20,1,1,1,0,0,G,13,17
5252,19.12.2016.,05:40:00,21,20,1,1,1,0,0,G,13,17
5253,19.12.2016.,05:45:00,21,20,1,1,1,0,0,G,13,17
5254,19.12.2016.,05:50:00,21,20,1,1,1,0,0,G,13,17
5255,19.12.2016.,05:55:00,21,20,1,1,1,0,0,G,13,18
5256,19.12.2016.,06:00:00,21,20,1,1,1,0,0,G,13,17
5257,19.12.2016.,06:05:00,21,20,1,1,1,0,0,G,13,17
5258,19.12.2016.,06:10:00,21,20,1,1,1,0,0,G,13,17
5259,19.12.2016.,06:15:00,21,20,1,1,1,0,0,G,13,17
5260,19.12.2016.,06:20:00,21,20,1,1,1,0,0,G,13,17
5261,19.12.2016.,06:25:00,21,20,1,1,1,0,0,G,13,17
5262,19.12.2016.,06:30:00,21,20,1,1,1,0,0,G,13,17
5263,19.12.2016.,06:35:00,21,20,1,1,1,0,0,G,13,17
5264,19.12.2016.,06:40:00,21,20,1,1,1,0,0,G,13,17
5265,19.12.2016.,06:45:00,21,20,1,1,1,0,0,G,13,17
5266,19.12.2016.,06:50:00,21,20,1,1,1,0,0,G,13,17
5267,19.12.2016.,06:55:00,21,20,1,1,1,0,0,G,13,17
5268,19.12.2016.,07:00:00,21,20,1,1,1,0,0,G,13,17
5269,19.12.2016.,07:05:00,21,20,1,1,1,0,0,G,13,17
5270,19.12.2016.,07:10:00,21,20,1,1,1,0,0,G,13,17
5271,19.12.2016.,07:15:00,21,20,1,1,1,0,0,G,13,17
5272,19.12.2016.,07:20:00,21,20,1,1,1,0,0,G,13,17
5273,19.12.2016.,07:25:00,21,20,1,1,1,0,0,G,13,17
5274,19.12.2016.,07:30:00,21,20,1,1,1,0,0,G,13,17
5275,19.12.2016.,07:35:00,21,20,1,1,1,0,0,G,13,17
5276,19.12.2016.,07:40:00,21,20,1,1,1,0,0,G,13,17
5277,19.12.2016.,07:45:00,21,20,1,1,1,0,0,G,13,17
5278,19.12.2016.,07:50:00,21,20,1,1,1,0,0,G,13,17
5279,19.12.2016.,07:55:00,21,20,1,1,1,0,0,G,13,17
5280,19.12.2016.,08:00:00,21,20,1,1,1,0,0,G,13,17
5281,19.12.2016.,08:05:00,21,20,1,1,1,0,0,G,13,17
5282,19.12.2016.,08:10:00,21,20,1,1,1,0,0,G,13,17
5283,19.12.2016.,08:15:00,21,20,1,1,1,0,0,G,13,17
5284,19.12.2016.,08:20:00,21,20,1,1,1,0,0,G,13,17
5285,19.12.2016.,08:25:00,21,20,1,1,1,0,0,G,13,17
5286,19.12.2016.,08:30:00,21,20,1,1,1,0,0,G,13,17
5287,19.12.2016.,08:35:00,21,20,1,1,1,0,0,G,13,17
5288,19.12.2016.,08:40:00,21,20,1,1,1,0,0,G,13,17
5289,19.12.2016.,08:45:00,21,20,1,1,1,0,0,G,13,17
5290,19.12.2016.,08:50:00,21,20,1,1,1,0,0,G,13,17
5291,19.12.2016.,08:55:00,21,20,1,1,1,0,0,G,13,17
5292,19.12.2016.,09:00:00,21,20,1,1,1,0,0,G,13,17
5293,19.12.2016.,09:05:00,21,20,1,1,1,0,0,G,13,17
5294,19.12.2016.,09:10:00,21,20,1,1,1,0,0,G,13,17
5295,19.12.2016.,09:15:00,21,20,1,1,1,0,0,G,13,17
5296,19.12.2016.,09:20:00,21,20,1,1,1,0,0,G,13,17
5297,19.12.2016.,09:25:00,21,20,1,1,1,0,0,G,13,17
5298,19.12.2016.,09:30:00,21,20,1,1,1,0,0,G,13,17
5299,19.12.2016.,09:35:00,21,20,1,1,1,0,0,G,13,17
5300,19.12.2016.,09:40:00,21,20,1,1,1,0,0,G,13,17
5301,19.12.2016.,09:45:00,21,20,1,1,1,0,0,G,13,17
5302,19.12.2016.,09:50:00,21,20,1,1,1,0,0,G,13,17
5303,19.12.2016.,09:55:00,21,20,1,1,1,0,0,G,13,17
5304,19.12.2016.,10:00:00,21,20,1,1,1,0,0,G,13,17
5305,19.12.2016.,10:05:00,21,20,1,1,1,0,0,G,13,17
5306,19.12.2016.,10:10:00,21,20,1,1,1,0,0,G,13,17
5307,19.12.2016.,10:15:00,21,20,1,1,1,0,0,G,13,17
5308,19.12.2016.,10:20:00,21,20,1,1,1,0,0,G,13,17
5309,19.12.2016.,10:25:00,21,20,1,1,1,0,0,G,13,17
5310,19.12.2016.,10:30:00,21,20,1,1,1,0,0,G,13,17
5311,19.12.2016.,10:35:00,21,20,1,1,1,0,0,G,13,17
5312,19.12.2016.,10:40:00,21,20,1,0,1,0,0,G,13,17
5313,19.12.2016.,10:45:00,21,20,1,0,1,0,0,G,13,17
5314,19.12.2016.,10:50:00,21,20,1,0,1,0,0,G,13,17
5315,19.12.2016.,10:55:00,21,20,1,1,1,0,0,G,13,17
5316,19.12.2016.,11:00:00,21,20,1,1,1,0,0,G,13,17
5317,19.12.2016.,11:05:00,21,20,1,1,1,0,0,G,13,17
5318,19.12.2016.,11:10:00,21,20,1,1,1,0,0,G,13,17
5319,19.12.2016.,11:15:00,21,20,1,1,1,0,0,G,13,17
5320,19.12.2016.,11:20:00,21,20,1,1,1,0,0,G,13,17
5321,19.12.2016.,11:25:00,21,20,1,1,1,0,0,G,13,17
5322,19.12.2016.,11:30:00,21,20,1,1,1,0,0,G,13,17
5323,19.12.2016.,11:35:00,21,20,1,1,1,0,0,G,13,17
5324,19.12.2016.,11:40:00,21,20,1,1,1,0,0,G,13,17
5325,19.12.2016.,11:45:00,21,20,1,1,1,0,0,G,13,17
5326,19.12.2016.,11:50:00,21,20,1,1,1,0,0,G,13,17
5327,19.12.2016.,11:55:00,21,20,1,1,1,0,0,G,13,17
5328,19.12.2016.,12:00:00,21,20,1,1,1,0,0,G,13,17
5329,19.12.2016.,12:05:00,21,20,1,1,1,0,0,G,13,17
5330,19.12.2016.,12:10:00,21,20,1,1,1,0,0,G,13,17
5331,19.12.2016.,12:15:00,21,20,1,1,1,0,0,G,13,17
5332,19.12.2016.,12:20:00,21,20,1,1,1,0,0,G,13,17
5333,19.12.2016.,12:25:00,21,20,1,1,1,0,0,G,13,17
5334,19.12.2016.,12:30:00,21,20,1,1,1,0,0,G,13,17
5335,19.12.2016.,12:35:00,21,20,1,1,1,0,0,G,13,17
5336,19.12.2016.,12:40:00,21,20,1,1,1,0,0,G,13,17
5337,19.12.2016.,12:45:00,21,20,1,1,1,0,0,G,13,17
5338,19.12.2016.,12:50:00,21,20,1,1,1,0,0,G,13,17
5339,19.12.2016.,12:55:00,21,20,1,1,1,0,0,G,13,17
5340,19.12.2016.,13:00:00,21,20,1,1,1,0,0,G,13,17
5341,19.12.2016.,13:05:00,21,20,1,1,1,0,0,G,13,17
5342,19.12.2016.,13:10:00,21,20,1,1,1,0,0,G,13,17
5343,19.12.2016.,13:15:00,21,20,1,1,1,0,0,G,13,17
5344,19.12.2016.,13:20:00,21,20,1,1,1,0,0,G,13,17
5345,19.12.2016.,13:25:00,21,20,1,1,1,0,0,G,13,18
5346,19.12.2016.,13:30:00,21,20,1,1,1,0,0,G,13,18
5347,19.12.2016.,13:35:00,21,20,1,1,1,0,0,G,13,18
5348,19.12.2016.,13:40:00,21,20,1,1,1,0,0,G,13,18
5349,19.12.2016.,13:45:00,21,20,1,1,1,0,0,G,13,18
5350,19.12.2016.,13:50:00,21,20,1,1,1,0,0,G,13,18
5351,19.12.2016.,13:55:00,21,20,1,1,1,0,0,G,13,18
5352,19.12.2016.,14:00:00,21,20,1,1,1,0,0,G,13,18
5353,19.12.2016.,14:05:00,21,20,1,1,1,0,0,G,13,18
5354,19.12.2016.,14:10:00,21,20,1,1,1,0,0,G,13,18
5355,19.12.2016.,14:15:00,21,20,1,1,1,0,0,G,13,18
5356,19.12.2016.,14:20:00,21,20,1,1,1,0,0,G,13,18
5357,19.12.2016.,14:25:00,21,20,1,1,1,0,0,G,13,18
5358,19.12.2016.,14:30:00,21,20,1,1,1,0,0,G,13,18
5359,19.12.2016.,14:35:00,21,20,1,1,1,0,0,G,13,18
5360,19.12.2016.,14:40:00,21,20,1,1,1,0,0,G,13,18
5361,19.12.2016.,14:45:00,21,20,1,1,1,0,0,G,13,18
5362,19.12.2016.,14:50:00,21,20,1,1,1,0,0,G,13,18
5363,19.12.2016.,14:55:00,21,20,1,1,1,0,0,G,13,18
5364,19.12.2016.,15:00:00,21,20,1,1,1,0,0,G,13,18
5365,19.12.2016.,15:05:00,21,20,1,1,1,0,0,G,13,18
5366,19.12.2016.,15:10:00,21,20,1,1,1,0,0,G,13,18
5367,19.12.2016.,15:15:00,21,20,1,1,1,0,0,G,13,18
5368,19.12.2016.,15:20:00,21,20,1,1,1,0,0,G,13,18
5369,19.12.2016.,15:25:00,21,20,1,1,1,0,0,G,13,18
5370,19.12.2016.,15:30:00,21,20,1,1,1,0,0,G,13,18
5371,19.12.2016.,15:35:00,21,20,1,1,1,0,0,G,13,18
5372,19.12.2016.,15:40:00,21,20,1,1,1,0,0,G,13,18
5373,19.12.2016.,15:45:00,21,20,1,1,1,0,0,G,13,18
5374,19.12.2016.,15:50:00,21,20,1,1,1,0,0,G,13,18
5375,19.12.2016.,15:55:00,21,20,1,1,1,0,0,G,13,18
5376,19.12.2016.,16:00:00,21,20,1,1,1,0,0,G,13,18
5377,19.12.2016.,16:05:00,21,20,1,1,1,0,0,G,13,18
5378,19.12.2016.,16:10:00,21,20,1,0,1,0,0,G,13,18
5379,19.12.2016.,16:15:00,21,20,1,0,1,0,0,G,13,18
5380,19.12.2016.,16:20:00,21,20,1,0,1,0,0,G,13,18
5381,19.12.2016.,16:25:00,21,20,1,0,1,0,0,G,13,18
5382,19.12.2016.,16:30:00,21,20,1,0,1,0,0,G,13,18
5383,19.12.2016.,16:35:00,21,20,1,0,1,0,0,G,13,18
5384,19.12.2016.,16:40:00,21,20,1,0,1,0,0,G,13,18
5385,19.12.2016.,16:45:00,21,20,1,0,1,0,0,G,13,18
5386,19.12.2016.,16:50:00,21,20,1,0,1,0,0,G,13,18
5387,19.12.2016.,16:55:00,21,20,1,0,1,0,0,G,13,18
5388,19.12.2016.,17:00:00,21,20,1,0,1,0,0,G,13,18
5389,19.12.2016.,17:05:00,21,20,1,0,1,0,0,G,13,18
5390,19.12.2016.,17:10:00,21,20,1,0,1,0,0,G,13,18
5391,19.12.2016.,17:15:00,21,20,1,0,1,0,0,G,13,18
5392,19.12.2016.,17:20:00,21,20,1,1,1,0,0,G,13,18
5393,19.12.2016.,17:25:00,21,20,1,1,1,0,0,G,13,18
5394,19.12.2016.,17:30:00,21,20,1,1,1,0,0,G,13,18
5395,19.12.2016.,17:35:00,21,20,1,1,1,0,0,G,13,18
5396,19.12.2016.,17:40:00,21,20,1,1,1,0,0,G,13,18
5397,19.12.2016.,17:45:00,21,20,1,1,1,0,0,G,13,18
5398,19.12.2016.,17:50:00,21,20,1,1,1,0,0,G,13,18
5399,19.12.2016.,17:55:00,21,20,1,1,1,0,0,G,13,18
5400,19.12.2016.,18:00:00,21,20,1,1,1,0,0,G,13,18
5401,19.12.2016.,18:05:00,21,20,1,1,1,0,0,G,13,18
5402,19.12.2016.,18:10:00,21,20,1,1,1,0,0,G,13,18
5403,19.12.2016.,18:15:00,21,20,1,1,1,0,0,G,13,18
5404,19.12.2016.,18:20:00,21,20,1,1,1,0,0,G,13,18
5405,19.12.2016.,18:25:00,21,20,1,1,1,0,0,G,13,18
5406,19.12.2016.,18:30:00,21,20,1,1,1,0,0,G,13,18
5407,19.12.2016.,18:35:00,21,20,1,1,1,0,0,G,13,18
5408,19.12.2016.,18:40:00,21,20,1,1,1,0,0,G,13,18
5409,19.12.2016.,18:45:00,21,20,1,1,1,0,0,G,13,18
5410,19.12.2016.,18:50:00,21,20,1,1,1,0,0,G,13,18
5411,19.12.2016.,18:55:00,21,20,1,1,1,0,0,G,13,18
5412,19.12.2016.,19:00:00,21,20,1,1,1,0,0,G,13,18
5413,19.12.2016.,19:05:00,21,20,1,1,1,0,0,G,13,18
5414,19.12.2016.,19:10:00,21,20,1,1,1,0,0,G,13,18
5415,19.12.2016.,19:15:00,21,20,1,1,1,0,0,G,13,18
5416,19.12.2016.,19:20:00,21,20,1,1,1,0,0,G,13,18
5417,19.12.2016.,19:25:00,21,20,1,1,1,0,0,G,13,18
5418,19.12.2016.,19:30:00,21,20,1,1,1,0,0,G,13,18
5419,19.12.2016.,19:35:00,21,20,1,1,1,0,0,G,13,18
5420,19.12.2016.,19:40:00,21,20,1,1,1,0,0,G,13,18
5421,19.12.2016.,19:45:00,21,20,1,1,1,0,0,G,13,18
5422,19.12.2016.,19:50:00,21,20,1,1,1,0,0,G,13,18
5423,19.12.2016.,19:55:00,21,20,1,1,1,0,0,G,13,18
5424,19.12.2016.,20:00:00,21,20,1,1,1,0,0,G,13,18
5425,19.12.2016.,20:05:00,21,20,1,1,1,0,0,G,13,18
5426,19.12.2016.,20:10:00,21,20,1,1,1,0,0,G,13,18
5427,19.12.2016.,20:15:00,21,20,1,1,1,0,0,G,13,18
5428,19.12.2016.,20:20:00,21,20,1,1,1,0,0,G,13,18
5429,19.12.2016.,20:25:00,21,20,1,1,1,0,0,G,13,18
5430,19.12.2016.,20:30:00,21,20,1,1,1,0,0,G,13,18
5431,19.12.2016.,20:35:00,21,20,1,1,1,0,0,G,13,18
5432,19.12.2016.,20:40:00,21,20,1,1,1,0,0,G,13,18
5433,19.12.2016.,20:45:00,21,20,1,1,1,0,0,G,13,18
5434,19.12.2016.,20:50:00,21,20,1,1,1,0,0,G,13,18
5435,19.12.2016.,20:55:00,22,20,1,1,1,0,0,G,15,18
5436,19.12.2016.,21:00:00,25,20,1,3,1,1,0,G,16,18
5437,19.12.2016.,21:05:00,25,20,1,3,1,1,0,G,16,18
5438,19.12.2016.,21:10:00,25,20,1,3,1,1,0,G,16,18
5439,19.12.2016.,21:15:00,25,21,1,3,1,1,0,G,16,18
5440,19.12.2016.,21:20:00,25,21,1,3,1,1,0,G,16,18
5441,19.12.2016.,21:25:00,25,21,1,3,1,1,0,G,16,18
5442,19.12.2016.,21:30:00,23,21,1,2,1,1,0,G,16,18
5443,19.12.2016.,21:35:00,23,21,1,2,1,1,0,G,16,18
5444,19.12.2016.,21:40:00,23,21,1,2,1,1,0,G,16,18
5445,19.12.2016.,21:45:00,23,21,1,2,1,1,0,G,16,18
5446,19.12.2016.,21:50:00,23,21,1,2,1,1,0,G,16,18
5447,19.12.2016.,21:55:00,23,21,1,2,1,1,0,G,16,18
5448,19.12.2016.,22:00:00,23,21,1,2,1,1,0,G,16,18
5449,19.12.2016.,22:05:00,23,21,1,2,1,1,0,G,16,18
5450,19.12.2016.,22:10:00,23,21,1,2,1,1,0,G,16,18
5451,19.12.2016.,22:15:00,23,21,1,2,1,1,0,G,16,18
5452,19.12.2016.,22:20:00,23,21,1,2,1,1,0,G,16,18
5453,19.12.2016.,22:25:00,23,21,1,2,1,1,0,G,16,18
5454,19.12.2016.,22:30:00,23,21,1,2,1,1,0,G,16,18
5455,19.12.2016.,22:35:00,23,21,1,2,1,1,0,G,16,18
5456,19.12.2016.,22:40:00,23,21,1,2,1,1,0,G,16,18
5457,19.12.2016.,22:45:00,23,21,1,2,1,1,0,G,16,18
5458,19.12.2016.,22:50:00,23,21,1,2,1,1,0,G,16,18
5459,19.12.2016.,22:55:00,23,21,1,2,1,1,0,G,16,18
5460,19.12.2016.,23:00:00,23,21,1,2,1,1,0,G,16,18
5461,19.12.2016.,23:05:00,23,21,1,2,1,1,0,G,16,18
5462,19.12.2016.,23:10:00,23,21,1,2,1,1,0,G,16,18
5463,19.12.2016.,23:15:00,23,21,0,0,0,1,0,G,16,18
5464,19.12.2016.,23:20:00,23,21,0,0,0,1,0,G,16,18
5465,19.12.2016.,23:25:00,23,21,0,0,0,1,0,G,16,18
5466,19.12.2016.,23:30:00,23,21,0,0,0,1,0,G,16,18
5467,19.12.2016.,23:35:00,23,21,0,0,0,1,0,G,16,18
5468,19.12.2016.,23:40:00,23,21,0,0,0,1,0,G,16,18
5469,19.12.2016.,23:45:00,23,21,0,0,0,1,0,G,16,18
5470,19.12.2016.,23:50:00,23,21,0,0,0,1,0,G,16,18
5471,19.12.2016.,23:55:00,23,21,0,0,0,1,0,G,16,18
5472,20.12.2016.,00:00:00,23,21,0,0,0,1,0,G,16,18
5473,20.12.2016.,00:05:00,23,21,0,0,0,1,0,G,16,18
5474,20.12.2016.,00:10:00,23,21,0,0,0,1,0,G,16,18
5475,20.12.2016.,00:15:00,23,21,0,0,0,1,0,G,16,18
5476,20.12.2016.,00:20:00,23,21,0,0,0,1,0,G,16,18
5477,20.12.2016.,00:25:00,23,21,0,0,0,1,0,G,16,18
5478,20.12.2016.,00:30:00,23,21,0,0,0,1,0,G,16,18
5479,20.12.2016.,00:35:00,23,21,0,0,0,1,0,G,16,18
5480,20.12.2016.,00:40:00,23,21,0,0,0,1,0,G,16,18
5481,20.12.2016.,00:45:00,23,21,0,0,0,1,0,G,16,18
5482,20.12.2016.,00:50:00,23,21,0,0,0,1,0,G,16,18
5483,20.12.2016.,00:55:00,23,21,0,0,0,1,0,G,16,18
5484,20.12.2016.,01:00:00,23,21,0,0,0,1,0,G,16,18
5485,20.12.2016.,01:05:00,23,21,0,0,0,1,0,G,16,18
5486,20.12.2016.,01:10:00,23,21,0,0,0,1,0,G,16,18
5487,20.12.2016.,01:15:00,23,21,0,0,0,1,0,G,16,18
5488,20.12.2016.,01:20:00,23,21,0,0,0,1,0,G,16,18
5489,20.12.2016.,01:25:00,23,21,0,0,0,1,0,G,16,18
5490,20.12.2016.,01:30:00,23,21,0,0,0,1,0,G,16,18
5491,20.12.2016.,01:35:00,23,21,0,0,0,1,0,G,16,18
5492,20.12.2016.,01:40:00,23,21,0,0,0,1,0,G,16,18
5493,20.12.2016.,01:45:00,23,21,0,0,0,1,0,G,16,18
5494,20.12.2016.,01:50:00,23,21,0,0,0,1,0,G,16,18
5495,20.12.2016.,01:55:00,23,21,0,0,0,1,0,G,16,18
5496,20.12.2016.,02:00:00,23,21,0,0,0,1,0,G,16,18
5497,20.12.2016.,02:05:00,23,21,0,0,0,1,0,G,16,18
5498,20.12.2016.,02:10:00,23,21,0,0,0,1,0,G,16,18
5499,20.12.2016.,02:15:00,23,21,0,0,0,1,0,G,16,18
5500,20.12.2016.,02:20:00,23,21,0,0,0,1,0,G,16,18
5501,20.12.2016.,02:25:00,23,21,0,0,0,1,0,G,16,18
5502,20.12.2016.,02:30:00,23,21,0,0,0,1,0,G,16,18
5503,20.12.2016.,02:35:00,23,21,0,0,0,1,0,G,16,18
5504,20.12.2016.,02:40:00,23,21,0,0,0,1,0,G,16,18
5505,20.12.2016.,02:45:00,23,21,0,0,0,1,0,G,16,18
5506,20.12.2016.,02:50:00,23,21,0,0,0,1,0,G,16,18
5507,20.12.2016.,02:55:00,23,21,0,0,0,1,0,G,16,18
5508,20.12.2016.,03:00:00,23,21,0,0,0,1,0,G,16,18
5509,20.12.2016.,03:05:00,23,21,0,0,0,1,0,G,16,18
5510,20.12.2016.,03:10:00,23,21,0,0,0,1,0,G,16,18
5511,20.12.2016.,03:15:00,23,21,0,0,0,1,0,G,16,18
5512,20.12.2016.,03:20:00,23,21,0,0,0,1,0,G,16,18
5513,20.12.2016.,03:25:00,23,21,0,0,0,1,0,G,16,18
5514,20.12.2016.,03:30:00,23,21,0,0,0,1,0,G,16,18
5515,20.12.2016.,03:35:00,23,21,0,0,0,1,0,G,16,18
5516,20.12.2016.,03:40:00,23,21,0,0,0,1,0,G,16,18
5517,20.12.2016.,03:45:00,23,21,0,0,0,1,0,G,16,18
5518,20.12.2016.,03:50:00,23,21,0,0,0,1,0,G,16,18
5519,20.12.2016.,03:55:00,23,21,0,0,0,1,0,G,16,18
5520,20.12.2016.,04:00:00,23,20,0,0,0,1,0,G,16,18
5521,20.12.2016.,04:05:00,23,20,0,0,0,1,0,G,16,18
5522,20.12.2016.,04:10:00,23,20,0,0,0,1,0,G,16,18
5523,20.12.2016.,04:15:00,23,20,0,0,0,1,0,G,16,18
5524,20.12.2016.,04:20:00,23,20,0,0,0,1,0,G,16,18
5525,20.12.2016.,04:25:00,23,20,0,0,0,1,0,G,16,18
5526,20.12.2016.,04:30:00,23,20,0,0,0,1,0,G,16,18
5527,20.12.2016.,04:35:00,23,20,0,0,0,1,0,G,16,18
5528,20.12.2016.,04:40:00,23,20,0,0,0,1,0,G,16,18
5529,20.12.2016.,04:45:00,23,20,0,0,0,1,0,G,16,18
5530,20.12.2016.,04:50:00,23,20,0,0,0,1,0,G,16,17
5531,20.12.2016.,04:55:00,23,20,0,0,0,1,0,G,16,17
5532,20.12.2016.,05:00:00,23,20,0,0,0,1,0,G,16,17
5533,20.12.2016.,05:05:00,23,20,0,0,0,1,0,G,16,17
5534,20.12.2016.,05:10:00,23,20,0,0,0,1,0,G,16,17
5535,20.12.2016.,05:15:00,23,20,0,0,0,1,0,G,16,17
5536,20.12.2016.,05:20:00,23,20,0,0,0,1,0,G,16,17
5537,20.12.2016.,05:25:00,23,20,0,0,0,1,0,G,16,17
5538,20.12.2016.,05:30:00,23,20,0,0,0,1,0,G,16,18
5539,20.12.2016.,05:35:00,23,20,0,0,0,1,0,G,16,17
5540,20.12.2016.,05:40:00,23,20,0,0,0,1,0,G,16,17
5541,20.12.2016.,05:45:00,23,20,0,0,0,1,0,G,16,17
5542,20.12.2016.,05:50:00,23,20,0,0,0,1,0,G,16,17
5543,20.12.2016.,05:55:00,23,20,0,0,0,1,0,G,16,17
5544,20.12.2016.,06:00:00,23,20,0,0,0,1,0,G,16,17
5545,20.12.2016.,06:05:00,23,20,0,0,0,1,0,G,16,17
5546,20.12.2016.,06:10:00,23,20,0,0,0,1,0,G,16,17
5547,20.12.2016.,06:15:00,23,20,0,0,0,1,0,G,16,17
5548,20.12.2016.,06:20:00,23,20,0,0,0,1,0,G,16,17
5549,20.12.2016.,06:25:00,23,20,0,0,0,1,0,G,16,17
5550,20.12.2016.,06:30:00,23,20,0,0,0,1,0,G,16,17
5551,20.12.2016.,06:35:00,23,20,0,0,0,1,0,G,16,17
5552,20.12.2016.,06:40:00,23,20,0,0,0,1,0,G,16,17
5553,20.12.2016.,06:45:00,23,20,0,0,0,1,0,G,16,17
5554,20.12.2016.,06:50:00,23,20,0,0,0,1,0,G,16,17
5555,20.12.2016.,06:55:00,23,20,0,0,0,1,0,G,16,17
5556,20.12.2016.,07:00:00,23,20,0,0,0,1,0,G,16,17
5557,20.12.2016.,07:05:00,23,20,0,0,0,1,0,G,16,17
5558,20.12.2016.,07:10:00,23,20,0,0,0,1,0,G,16,17
5559,20.12.2016.,07:15:00,24,20,1,3,1,1,0,G,16,17
5560,20.12.2016.,07:20:00,22,20,1,2,1,0,0,G,15,17
5561,20.12.2016.,07:25:00,22,20,1,2,1,0,0,G,15,17
5562,20.12.2016.,07:30:00,22,20,1,2,1,0,0,G,15,17
5563,20.12.2016.,07:35:00,22,20,1,2,1,0,0,G,15,17
5564,20.12.2016.,07:40:00,22,20,1,2,1,0,0,G,15,17
5565,20.12.2016.,07:45:00,22,20,1,2,1,0,0,G,15,17
5566,20.12.2016.,07:50:00,23,20,1,3,1,1,0,G,16,17
5567,20.12.2016.,07:55:00,23,20,1,3,1,1,0,G,16,17
5568,20.12.2016.,08:00:00,23,20,1,3,1,1,0,G,16,17
5569,20.12.2016.,08:05:00,23,20,1,3,1,1,0,G,16,17
5570,20.12.2016.,08:10:00,23,20,1,3,1,1,0,G,16,17
5571,20.12.2016.,08:15:00,23,20,1,3,1,1,0,G,16,17
5572,20.12.2016.,08:20:00,23,20,1,3,1,1,0,G,16,17
5573,20.12.2016.,08:25:00,23,20,1,3,1,1,0,G,16,17
5574,20.12.2016.,08:30:00,23,20,1,3,1,1,0,G,16,17
5575,20.12.2016.,08:35:00,23,20,1,3,1,1,0,G,16,17
5576,20.12.2016.,08:40:00,23,20,1,3,1,1,0,G,16,17
5577,20.12.2016.,08:45:00,23,20,1,3,1,1,0,G,16,17
5578,20.12.2016.,08:50:00,23,20,0,0,0,1,0,G,16,17
5579,20.12.2016.,08:55:00,23,21,0,0,0,1,0,G,16,17
5580,20.12.2016.,09:00:00,22,21,0,1,1,0,0,G,16,17
5581,20.12.2016.,09:05:00,22,21,0,1,1,0,0,G,15,17
5582,20.12.2016.,09:10:00,22,21,0,1,1,0,0,G,15,18
5583,20.12.2016.,09:15:00,22,21,0,1,1,0,0,G,15,18
5584,20.12.2016.,09:20:00,22,21,0,1,1,0,0,G,15,18
5585,20.12.2016.,09:25:00,22,21,0,1,1,0,0,G,15,18
5586,20.12.2016.,09:30:00,22,21,0,1,1,0,0,G,15,18
5587,20.12.2016.,09:35:00,22,21,0,1,1,0,0,G,15,18
5588,20.12.2016.,09:40:00,22,21,0,1,1,0,0,G,15,18
5589,20.12.2016.,09:45:00,22,21,0,1,1,0,0,G,15,18
5590,20.12.2016.,09:50:00,22,21,0,1,1,0,0,G,15,18
5591,20.12.2016.,09:55:00,22,21,0,1,1,0,0,G,15,18
5592,20.12.2016.,10:00:00,22,21,0,1,1,0,0,G,15,18
5593,20.12.2016.,10:05:00,22,21,0,1,1,0,0,G,15,18
5594,20.12.2016.,10:10:00,22,21,0,1,1,0,0,G,15,18
5595,20.12.2016.,10:15:00,22,21,0,1,1,0,0,G,15,18
5596,20.12.2016.,10:20:00,22,21,0,1,1,0,0,G,15,18
5597,20.12.2016.,10:25:00,22,21,0,1,1,0,0,G,15,18
5598,20.12.2016.,10:30:00,22,21,0,1,1,0,0,G,15,18
5599,20.12.2016.,10:35:00,22,21,0,1,1,0,0,G,15,18
5600,20.12.2016.,10:40:00,22,21,0,1,1,0,0,G,15,18
5601,20.12.2016.,10:45:00,22,21,0,1,1,0,0,G,15,18
5602,20.12.2016.,10:50:00,22,21,0,1,1,0,0,G,15,18
5603,20.12.2016.,10:55:00,22,21,0,1,1,0,0,G,15,18
5604,20.12.2016.,11:00:00,22,21,0,1,1,0,0,G,15,18
5605,20.12.2016.,11:05:00,22,21,0,1,1,0,0,G,15,18
5606,20.12.2016.,11:10:00,22,21,0,1,1,0,0,G,15,18
5607,20.12.2016.,11:15:00,22,21,0,1,1,0,0,G,15,18
5608,20.12.2016.,11:20:00,22,21,0,1,1,0,0,G,15,18
5609,20.12.2016.,11:25:00,22,21,0,1,1,0,0,G,15,18
5610,20.12.2016.,11:30:00,22,21,0,1,1,0,0,G,15,18
5611,20.12.2016.,11:35:00,22,21,0,1,1,0,0,G,15,18
5612,20.12.2016.,11:40:00,22,21,0,1,1,0,0,G,15,18
5613,20.12.2016.,11:45:00,22,21,0,1,1,0,0,G,15,18
5614,20.12.2016.,11:50:00,22,21,0,1,1,0,0,G,15,18
5615,20.12.2016.,11:55:00,22,21,0,1,1,0,0,G,15,18
5616,20.12.2016.,12:00:00,22,21,0,1,1,0,0,G,15,18
5617,20.12.2016.,12:05:00,22,21,0,1,1,0,0,G,15,18
5618,20.12.2016.,12:10:00,22,21,0,1,1,0,0,G,15,18
5619,20.12.2016.,12:15:00,22,21,0,1,1,0,0,G,15,18
5620,20.12.2016.,12:20:00,22,21,0,1,1,0,0,G,15,18
5621,20.12.2016.,12:25:00,22,21,0,1,1,0,0,G,15,18
5622,20.12.2016.,12:30:00,22,21,0,1,1,0,0,G,15,18
5623,20.12.2016.,12:35:00,22,21,0,1,1,0,0,G,15,18
5624,20.12.2016.,12:40:00,22,21,0,1,1,0,0,G,15,18
5625,20.12.2016.,12:45:00,22,21,0,1,1,0,0,G,15,18
5626,20.12.2016.,12:50:00,22,21,0,1,1,0,0,G,15,18
5627,20.12.2016.,12:55:00,22,21,0,1,1,0,0,G,15,18
5628,20.12.2016.,13:00:00,22,21,0,1,1,0,0,G,15,18
5629,20.12.2016.,13:05:00,22,21,0,1,1,0,0,G,15,18
5630,20.12.2016.,13:10:00,22,21,0,1,1,0,0,G,15,18
5631,20.12.2016.,13:15:00,22,21,0,1,1,0,0,G,15,18
5632,20.12.2016.,13:20:00,22,21,0,1,1,0,0,G,15,18
5633,20.12.2016.,13:25:00,22,21,0,1,1,0,0,G,15,18
5634,20.12.2016.,13:30:00,22,21,0,1,1,0,0,G,15,18
5635,20.12.2016.,13:35:00,22,21,0,1,1,0,0,G,15,18
5636,20.12.2016.,13:40:00,22,21,0,1,1,0,0,G,15,18
5637,20.12.2016.,13:45:00,22,21,0,1,1,0,0,G,15,18
5638,20.12.2016.,13:50:00,22,21,0,1,1,0,0,G,15,18
5639,20.12.2016.,13:55:00,22,21,0,1,1,0,0,G,15,18
5640,20.12.2016.,14:00:00,22,21,0,1,1,0,0,G,15,18
5641,20.12.2016.,14:05:00,22,21,0,1,1,0,0,G,15,18
5642,20.12.2016.,14:10:00,22,21,0,1,1,0,0,G,15,18
5643,20.12.2016.,14:15:00,22,21,0,1,1,0,0,G,15,18
5644,20.12.2016.,14:20:00,22,21,0,1,1,0,0,G,15,18
5645,20.12.2016.,14:25:00,22,21,0,1,1,0,0,G,15,18
5646,20.12.2016.,14:30:00,22,21,0,1,1,0,0,G,15,18
5647,20.12.2016.,14:35:00,22,21,0,1,1,0,0,G,15,18
5648,20.12.2016.,14:40:00,22,21,0,1,1,0,0,G,15,18
5649,20.12.2016.,14:45:00,22,21,0,1,1,0,0,G,15,18
5650,20.12.2016.,14:50:00,22,21,0,1,1,0,0,G,15,18
5651,20.12.2016.,14:55:00,22,21,0,1,1,0,0,G,15,18
5652,20.12.2016.,15:00:00,22,21,0,1,1,0,0,G,15,18
5653,20.12.2016.,15:05:00,22,21,0,1,1,0,0,G,15,18
5654,20.12.2016.,15:10:00,22,21,0,1,1,0,0,G,15,18
5655,20.12.2016.,15:15:00,22,21,0,1,1,0,0,G,15,18
5656,20.12.2016.,15:20:00,22,21,0,1,1,0,0,G,15,18
5657,20.12.2016.,15:25:00,22,21,0,1,1,0,0,G,15,18
5658,20.12.2016.,15:30:00,22,21,0,1,1,0,0,G,15,18
5659,20.12.2016.,15:35:00,23,21,0,0,0,1,0,G,16,18
5660,20.12.2016.,15:40:00,22,21,0,1,1,0,0,G,15,18
5661,20.12.2016.,15:45:00,22,21,0,1,1,0,0,G,15,18
5662,20.12.2016.,15:50:00,22,21,0,1,1,0,0,G,15,18
5663,20.12.2016.,15:55:00,22,21,0,1,1,0,0,G,15,18
5664,20.12.2016.,16:00:00,22,21,0,1,1,0,0,G,15,18
5665,20.12.2016.,16:05:00,22,21,0,1,1,0,0,G,15,18
5666,20.12.2016.,16:10:00,22,21,0,1,1,0,0,G,15,18
5667,20.12.2016.,16:15:00,22,21,0,1,1,0,0,G,15,18
5668,20.12.2016.,16:20:00,22,21,0,1,1,0,0,G,15,18
5669,20.12.2016.,16:25:00,22,21,0,1,1,0,0,G,15,18
5670,20.12.2016.,16:30:00,22,21,0,1,1,0,0,G,15,18
5671,20.12.2016.,16:35:00,22,21,0,1,1,0,0,G,15,18
5672,20.12.2016.,16:40:00,22,21,0,1,1,0,0,G,15,18
5673,20.12.2016.,16:45:00,22,21,0,1,1,0,0,G,15,18
5674,20.12.2016.,16:50:00,22,21,0,1,1,0,0,G,15,18
5675,20.12.2016.,16:55:00,22,21,0,1,1,0,0,G,15,18
5676,20.12.2016.,17:00:00,22,21,0,1,1,0,0,G,15,18
5677,20.12.2016.,17:05:00,22,21,0,1,1,0,0,G,15,18
5678,20.12.2016.,17:10:00,22,21,0,1,1,0,0,G,15,18
5679,20.12.2016.,17:15:00,22,21,0,1,1,0,0,G,15,18
5680,20.12.2016.,17:20:00,22,21,0,1,1,0,0,G,15,18
5681,20.12.2016.,17:25:00,22,21,0,1,1,0,0,G,15,18
5682,20.12.2016.,17:30:00,22,21,0,1,1,0,0,G,15,18
5683,20.12.2016.,17:35:00,22,21,0,1,1,0,0,G,15,18
5684,20.12.2016.,17:40:00,22,21,0,1,1,0,0,G,15,18
5685,20.12.2016.,17:45:00,22,21,0,1,1,0,0,G,15,18
5686,20.12.2016.,17:50:00,22,21,0,1,1,0,0,G,15,18
5687,20.12.2016.,17:55:00,22,21,0,1,1,0,0,G,15,18
5688,20.12.2016.,18:00:00,22,21,0,1,1,0,0,G,15,18
5689,20.12.2016.,18:05:00,22,21,0,1,1,0,0,G,15,18
5690,20.12.2016.,18:10:00,22,21,0,1,1,0,0,G,15,18
5691,20.12.2016.,18:15:00,22,21,0,1,1,0,0,G,15,18
5692,20.12.2016.,18:20:00,22,21,0,1,1,0,0,G,15,18
5693,20.12.2016.,18:25:00,22,21,0,1,1,0,0,G,15,18
5694,20.12.2016.,18:30:00,22,21,0,1,1,0,0,G,15,18
5695,20.12.2016.,18:35:00,22,21,0,1,1,0,0,G,15,18
5696,20.12.2016.,18:40:00,22,21,0,1,1,0,0,G,15,18
5697,20.12.2016.,18:45:00,22,21,0,1,1,0,0,G,15,18
5698,20.12.2016.,18:50:00,22,21,0,1,1,0,0,G,15,18
5699,20.12.2016.,18:55:00,22,21,0,1,1,0,0,G,15,18
5700,20.12.2016.,19:00:00,22,21,0,1,1,0,0,G,15,18
5701,20.12.2016.,19:05:00,22,21,0,1,1,0,0,G,15,18
5702,20.12.2016.,19:10:00,22,21,0,1,1,0,0,G,15,18
5703,20.12.2016.,19:15:00,22,21,0,1,1,0,0,G,15,18
5704,20.12.2016.,19:20:00,25,21,1,3,1,1,0,G,16,18
5705,20.12.2016.,19:25:00,25,21,1,3,1,1,0,G,16,18
5706,20.12.2016.,19:30:00,25,21,1,3,1,1,0,G,16,18
5707,20.12.2016.,19:35:00,25,21,1,3,1,1,0,G,16,18
5708,20.12.2016.,19:40:00,25,21,1,3,1,0,0,G,16,18
5709,20.12.2016.,19:45:00,22,21,1,1,1,0,0,G,15,18
5710,20.12.2016.,19:50:00,22,21,1,1,1,0,0,G,15,18
5711,20.12.2016.,19:55:00,22,21,1,1,1,0,0,G,15,18
5712,20.12.2016.,20:00:00,22,21,1,1,1,0,0,G,15,18
5713,20.12.2016.,20:05:00,22,21,1,1,1,0,0,G,15,18
5714,20.12.2016.,20:10:00,22,21,1,1,1,0,0,G,15,18
5715,20.12.2016.,20:15:00,22,21,1,1,1,0,0,G,15,18
5716,20.12.2016.,20:20:00,22,21,1,1,1,0,0,G,15,18
5717,20.12.2016.,20:25:00,22,21,1,1,1,0,0,G,15,18
5718,20.12.2016.,20:30:00,22,21,1,1,1,0,0,G,15,18
5719,20.12.2016.,20:35:00,22,21,1,1,1,0,0,G,15,18
5720,20.12.2016.,20:40:00,22,21,1,1,1,0,0,G,15,18
5721,20.12.2016.,20:45:00,22,21,1,1,1,0,0,G,15,18
5722,20.12.2016.,20:50:00,22,21,1,1,1,0,0,G,15,18
5723,20.12.2016.,20:55:00,22,21,1,1,1,0,0,G,15,18
5724,20.12.2016.,21:00:00,22,21,1,1,1,0,0,G,15,18
5725,20.12.2016.,21:05:00,22,21,1,1,1,0,0,G,15,18
5726,20.12.2016.,21:10:00,22,21,1,1,1,0,0,G,15,18
5727,20.12.2016.,21:15:00,22,21,1,1,1,0,0,G,15,18
5728,20.12.2016.,21:20:00,22,21,1,1,1,0,0,G,15,18
5729,20.12.2016.,21:25:00,22,21,1,1,1,0,0,G,15,18
5730,20.12.2016.,21:30:00,22,21,1,1,1,0,0,G,15,18
5731,20.12.2016.,21:35:00,22,21,1,1,1,0,0,G,15,18
5732,20.12.2016.,21:40:00,22,21,1,1,1,0,0,G,15,18
5733,20.12.2016.,21:45:00,22,21,1,1,1,0,0,G,15,18
5734,20.12.2016.,21:50:00,22,21,1,1,1,0,0,G,15,18
5735,20.12.2016.,21:55:00,22,21,1,1,1,0,0,G,15,18
5736,20.12.2016.,22:00:00,22,21,1,1,1,0,0,G,15,18
5737,20.12.2016.,22:05:00,22,21,1,1,1,0,0,G,15,18
5738,20.12.2016.,22:10:00,22,21,1,1,1,0,0,G,15,18
5739,20.12.2016.,22:15:00,22,21,1,1,1,0,0,G,15,18
5740,20.12.2016.,22:20:00,22,21,1,1,1,0,0,G,15,18
5741,20.12.2016.,22:25:00,22,21,1,1,1,0,0,G,15,18
5742,20.12.2016.,22:30:00,22,21,1,1,1,0,0,G,15,18
5743,20.12.2016.,22:35:00,22,21,1,1,1,0,0,G,15,18
5744,20.12.2016.,22:40:00,22,21,1,1,1,0,0,G,15,18
5745,20.12.2016.,22:45:00,22,21,1,1,1,0,0,G,15,18
5746,20.12.2016.,22:50:00,22,21,1,1,1,0,0,G,15,18
5747,20.12.2016.,22:55:00,22,21,1,1,1,0,0,G,15,18
5748,20.12.2016.,23:00:00,22,21,1,1,1,0,0,G,15,18
5749,20.12.2016.,23:05:00,22,21,1,1,1,0,0,G,15,18
5750,20.12.2016.,23:10:00,22,21,1,1,1,0,0,G,15,18
5751,20.12.2016.,23:15:00,25,21,1,3,1,1,0,G,16,18
5752,20.12.2016.,23:20:00,25,21,1,3,1,1,0,G,16,18
5753,20.12.2016.,23:25:00,22,21,1,1,1,1,0,G,16,18
5754,20.12.2016.,23:30:00,22,21,1,1,1,1,0,G,16,18
5755,20.12.2016.,23:35:00,22,21,1,1,1,1,0,G,16,18
5756,20.12.2016.,23:40:00,22,21,1,1,1,1,0,G,16,18
5757,20.12.2016.,23:45:00,22,21,1,1,1,1,0,G,16,18
5758,20.12.2016.,23:50:00,22,21,1,1,1,1,0,G,16,18
5759,20.12.2016.,23:55:00,22,21,1,1,1,1,0,G,16,18
5760,21.12.2016.,00:00:00,22,21,1,1,1,1,0,G,16,18
5761,21.12.2016.,00:05:00,22,21,1,1,1,1,0,G,16,18
5762,21.12.2016.,00:10:00,22,21,1,1,1,1,0,G,16,18
5763,21.12.2016.,00:15:00,22,21,1,1,1,1,0,G,16,18
5764,21.12.2016.,00:20:00,22,21,1,1,1,1,0,G,16,18
5765,21.12.2016.,00:25:00,22,21,1,1,1,1,0,G,16,18
5766,21.12.2016.,00:30:00,22,21,1,1,1,1,0,G,16,18
5767,21.12.2016.,00:35:00,22,21,1,1,1,1,0,G,16,18
5768,21.12.2016.,00:40:00,22,21,1,1,1,1,0,G,16,18
5769,21.12.2016.,00:45:00,22,21,1,1,1,1,0,G,16,18
5770,21.12.2016.,00:50:00,22,21,1,1,1,1,0,G,16,18
5771,21.12.2016.,00:55:00,22,21,1,1,1,1,0,G,16,18
5772,21.12.2016.,01:00:00,22,21,1,1,1,1,0,G,16,18
5773,21.12.2016.,01:05:00,22,21,1,1,1,1,0,G,16,18
5774,21.12.2016.,01:10:00,22,21,1,1,1,1,0,G,16,18
5775,21.12.2016.,01:15:00,22,21,1,1,1,1,0,G,16,18
5776,21.12.2016.,01:20:00,22,21,1,1,1,1,0,G,16,18
5777,21.12.2016.,01:25:00,22,21,1,1,1,1,0,G,16,18
5778,21.12.2016.,01:30:00,22,21,1,1,1,1,0,G,16,18
5779,21.12.2016.,01:35:00,22,21,1,1,1,1,0,G,16,18
5780,21.12.2016.,01:40:00,22,21,1,1,1,1,0,G,16,18
5781,21.12.2016.,01:45:00,22,21,1,1,1,1,0,G,16,18
5782,21.12.2016.,01:50:00,22,21,1,1,1,1,0,G,16,18
5783,21.12.2016.,01:55:00,22,21,1,1,1,1,0,G,16,18
5784,21.12.2016.,02:00:00,22,21,1,1,1,1,0,G,16,18
5785,21.12.2016.,02:05:00,22,21,1,1,1,1,0,G,16,18
5786,21.12.2016.,02:10:00,22,21,1,1,1,1,0,G,16,18
5787,21.12.2016.,02:15:00,22,21,1,0,1,1,0,G,16,18
5788,21.12.2016.,02:20:00,22,21,1,0,1,1,0,G,16,18
5789,21.12.2016.,02:25:00,22,21,1,0,1,1,0,G,16,18
5790,21.12.2016.,02:30:00,22,21,1,0,1,1,0,G,16,18
5791,21.12.2016.,02:35:00,22,21,1,0,1,1,0,G,16,18
5792,21.12.2016.,02:40:00,22,21,1,0,1,1,0,G,16,18
5793,21.12.2016.,02:45:00,22,21,1,0,1,1,0,G,16,18
5794,21.12.2016.,02:50:00,22,21,1,0,1,1,0,G,16,18
5795,21.12.2016.,02:55:00,22,21,1,0,1,1,0,G,16,18
5796,21.12.2016.,03:00:00,22,21,1,0,1,1,0,G,16,18
5797,21.12.2016.,03:05:00,22,21,1,1,1,1,0,G,16,18
5798,21.12.2016.,03:10:00,22,21,1,1,1,1,0,G,16,18
5799,21.12.2016.,03:15:00,22,21,1,1,1,1,0,G,16,18
5800,21.12.2016.,03:20:00,22,21,1,1,1,1,0,G,16,18
5801,21.12.2016.,03:25:00,22,21,1,1,1,1,0,G,16,18
5802,21.12.2016.,03:30:00,22,21,1,1,1,1,0,G,16,18
5803,21.12.2016.,03:35:00,22,21,1,1,1,1,0,G,16,18
5804,21.12.2016.,03:40:00,22,21,1,1,1,1,0,G,16,18
5805,21.12.2016.,03:45:00,22,21,1,1,1,1,0,G,16,18
5806,21.12.2016.,03:50:00,22,21,1,1,1,1,0,G,16,18
5807,21.12.2016.,03:55:00,22,21,1,1,1,1,0,G,16,18
5808,21.12.2016.,04:00:00,22,21,1,1,1,1,0,G,16,18
5809,21.12.2016.,04:05:00,22,21,1,1,1,1,0,G,16,18
5810,21.12.2016.,04:10:00,22,21,1,1,1,1,0,G,16,18
5811,21.12.2016.,04:15:00,22,21,1,1,1,1,0,G,16,18
5812,21.12.2016.,04:20:00,22,21,1,1,1,1,0,G,16,18
5813,21.12.2016.,04:25:00,22,21,1,1,1,1,0,G,16,18
5814,21.12.2016.,04:30:00,22,21,1,1,1,1,0,G,16,18
5815,21.12.2016.,04:35:00,22,21,1,1,1,1,0,G,16,18
5816,21.12.2016.,04:40:00,22,21,1,1,1,1,0,G,16,18
5817,21.12.2016.,04:45:00,22,21,1,1,1,1,0,G,16,18
5818,21.12.2016.,04:50:00,22,21,1,1,1,1,0,G,16,18
5819,21.12.2016.,04:55:00,22,21,1,1,1,1,0,G,16,18
5820,21.12.2016.,05:00:00,22,21,1,1,1,1,0,G,16,18
5821,21.12.2016.,05:05:00,22,21,1,1,1,1,0,G,16,18
5822,21.12.2016.,05:10:00,22,21,1,1,1,1,0,G,16,18
5823,21.12.2016.,05:15:00,22,21,1,1,1,1,0,G,16,18
5824,21.12.2016.,05:20:00,22,21,1,1,1,1,0,G,16,18
5825,21.12.2016.,05:25:00,22,21,1,1,1,1,0,G,16,18
5826,21.12.2016.,05:30:00,22,21,1,1,1,1,0,G,16,18
5827,21.12.2016.,05:35:00,22,21,1,1,1,1,0,G,16,18
5828,21.12.2016.,05:40:00,22,21,1,1,1,1,0,G,16,18
5829,21.12.2016.,05:45:00,22,21,1,1,1,1,0,G,16,18
5830,21.12.2016.,05:50:00,22,21,1,1,1,1,0,G,16,18
5831,21.12.2016.,05:55:00,22,21,1,1,1,1,0,G,16,18
5832,21.12.2016.,06:00:00,22,21,1,1,1,1,0,G,16,18
5833,21.12.2016.,06:05:00,22,21,1,1,1,1,0,G,16,18
5834,21.12.2016.,06:10:00,22,21,1,1,1,1,0,G,16,18
5835,21.12.2016.,06:15:00,22,21,1,1,1,1,0,G,16,18
5836,21.12.2016.,06:20:00,22,21,1,1,1,1,0,G,16,18
5837,21.12.2016.,06:25:00,22,21,1,1,1,1,0,G,16,18
5838,21.12.2016.,06:30:00,22,21,1,1,1,1,0,G,16,18
5839,21.12.2016.,06:35:00,22,21,1,1,1,1,0,G,16,18
5840,21.12.2016.,06:40:00,22,21,1,1,1,1,0,G,16,18
5841,21.12.2016.,06:45:00,22,21,1,1,1,1,0,G,16,18
5842,21.12.2016.,06:50:00,22,21,1,1,1,1,0,G,16,18
5843,21.12.2016.,06:55:00,22,21,1,1,1,1,0,G,16,18
5844,21.12.2016.,07:00:00,22,21,1,1,1,1,0,G,16,18
5845,21.12.2016.,07:05:00,22,21,1,1,1,1,0,G,16,18
5846,21.12.2016.,07:10:00,22,21,1,1,1,1,0,G,16,18
5847,21.12.2016.,07:15:00,22,21,1,1,1,1,0,G,16,18
5848,21.12.2016.,07:20:00,22,21,1,1,1,1,0,G,16,18
5849,21.12.2016.,07:25:00,22,21,1,1,1,1,0,G,16,18
5850,21.12.2016.,07:30:00,22,21,1,1,1,1,0,G,16,18
5851,21.12.2016.,07:35:00,22,21,1,1,1,1,0,G,16,18
5852,21.12.2016.,07:40:00,22,21,1,1,1,1,0,G,16,18
5853,21.12.2016.,07:45:00,22,21,1,1,1,1,0,G,16,18
5854,21.12.2016.,07:50:00,22,21,1,1,1,1,0,G,16,18
5855,21.12.2016.,07:55:00,22,21,1,1,1,1,0,G,16,18
5856,21.12.2016.,08:00:00,22,21,1,1,1,1,0,G,16,18
5857,21.12.2016.,08:05:00,22,21,1,1,1,1,0,G,16,18
5858,21.12.2016.,08:10:00,22,21,1,1,1,1,0,G,16,18
5859,21.12.2016.,08:15:00,22,21,1,1,1,1,0,G,16,18
5860,21.12.2016.,08:20:00,22,21,1,1,1,1,0,G,16,18
5861,21.12.2016.,08:25:00,22,21,1,1,1,1,0,G,16,18
5862,21.12.2016.,08:30:00,22,21,1,1,1,1,0,G,16,18
5863,21.12.2016.,08:35:00,22,21,1,1,1,1,0,G,16,18
5864,21.12.2016.,08:40:00,22,21,1,1,1,1,0,G,16,18
5865,21.12.2016.,08:45:00,22,21,1,1,1,1,0,G,16,18
5866,21.12.2016.,08:50:00,22,21,1,0,1,0,0,G,16,18
5867,21.12.2016.,08:55:00,22,21,1,0,1,0,0,G,15,18
5868,21.12.2016.,09:00:00,22,21,1,0,1,0,0,G,15,18
5869,21.12.2016.,09:05:00,22,21,1,0,1,0,0,G,15,18
5870,21.12.2016.,09:10:00,22,21,1,0,1,0,0,G,15,18
5871,21.12.2016.,09:15:00,22,21,1,0,1,0,0,G,15,18
5872,21.12.2016.,09:20:00,22,21,1,0,1,0,0,G,15,18
5873,21.12.2016.,09:25:00,22,21,1,0,1,0,0,G,15,18
5874,21.12.2016.,09:30:00,22,21,1,0,1,0,0,G,15,18
5875,21.12.2016.,09:35:00,22,21,1,0,1,0,0,G,15,18
5876,21.12.2016.,09:40:00,23,21,1,0,0,1,1,G,16,18
5877,21.12.2016.,09:45:00,22,21,1,1,1,0,0,G,15,18
5878,21.12.2016.,09:50:00,22,21,1,1,1,0,0,G,15,18
5879,21.12.2016.,09:55:00,22,21,1,1,1,0,0,G,15,18
5880,21.12.2016.,10:00:00,22,21,1,1,1,0,0,G,15,18
5881,21.12.2016.,10:05:00,22,21,1,1,1,0,0,G,15,18
5882,21.12.2016.,10:10:00,22,21,1,1,1,0,0,G,15,18
5883,21.12.2016.,10:15:00,22,21,1,1,1,0,0,G,15,18
5884,21.12.2016.,10:20:00,22,21,1,1,1,0,0,G,15,18
5885,21.12.2016.,10:25:00,22,21,1,1,1,0,0,G,15,18
5886,21.12.2016.,10:30:00,22,21,1,1,1,0,0,G,15,18
5887,21.12.2016.,10:35:00,22,21,1,1,1,0,0,G,15,18
5888,21.12.2016.,10:40:00,22,21,1,1,1,0,0,G,15,18
5889,21.12.2016.,10:45:00,22,21,1,1,1,0,0,G,15,18
5890,21.12.2016.,10:50:00,22,21,1,1,1,0,0,G,15,18
5891,21.12.2016.,10:55:00,22,21,1,1,1,0,0,G,15,18
5892,21.12.2016.,11:00:00,22,21,1,1,1,0,0,G,15,18
5893,21.12.2016.,11:05:00,22,21,1,1,1,0,0,G,15,18
5894,21.12.2016.,11:10:00,22,21,1,1,1,0,0,G,15,18
5895,21.12.2016.,11:15:00,22,21,1,1,1,0,0,G,15,18
5896,21.12.2016.,11:20:00,22,21,1,1,1,0,0,G,15,18
5897,21.12.2016.,11:25:00,22,21,1,1,1,0,0,G,15,18
5898,21.12.2016.,11:30:00,22,21,1,1,1,0,0,G,15,18
5899,21.12.2016.,11:35:00,22,21,1,1,1,0,0,G,15,18
5900,21.12.2016.,11:40:00,22,21,1,1,1,0,0,G,15,18
5901,21.12.2016.,11:45:00,22,21,1,1,1,0,0,G,15,18
5902,21.12.2016.,11:50:00,22,21,1,1,1,0,0,G,15,18
5903,21.12.2016.,11:55:00,22,21,1,1,1,0,0,G,15,18
5904,21.12.2016.,12:00:00,22,21,1,1,1,0,0,G,15,18
5905,21.12.2016.,12:05:00,22,21,1,1,1,0,0,G,15,18
5906,21.12.2016.,12:10:00,22,21,1,1,1,0,0,G,15,18
5907,21.12.2016.,12:15:00,22,21,1,1,1,0,0,G,15,18
5908,21.12.2016.,12:20:00,22,21,1,1,1,0,0,G,15,18
5909,21.12.2016.,12:25:00,22,21,1,1,1,0,0,G,15,18
5910,21.12.2016.,12:30:00,22,21,1,1,1,0,0,G,15,18
5911,21.12.2016.,12:35:00,22,21,1,1,1,0,0,G,15,18
5912,21.12.2016.,12:40:00,22,21,1,1,1,0,0,G,15,18
5913,21.12.2016.,12:45:00,22,21,1,1,1,0,0,G,15,18
5914,21.12.2016.,12:50:00,22,21,1,1,1,0,0,G,15,18
5915,21.12.2016.,12:55:00,22,21,1,1,1,0,0,G,15,18
5916,21.12.2016.,13:00:00,22,21,1,1,1,0,0,G,15,18
5917,21.12.2016.,13:05:00,22,21,1,1,1,0,0,G,15,18
5918,21.12.2016.,13:10:00,22,21,1,1,1,0,0,G,15,18
5919,21.12.2016.,13:15:00,22,21,1,1,1,0,0,G,15,18
5920,21.12.2016.,13:20:00,22,21,1,1,1,0,0,G,15,18
5921,21.12.2016.,13:25:00,22,21,1,1,1,0,0,G,15,18
5922,21.12.2016.,13:30:00,22,21,1,1,1,0,0,G,15,18
5923,21.12.2016.,13:35:00,22,21,1,1,1,0,0,G,15,18
5924,21.12.2016.,13:40:00,22,21,1,1,1,0,0,G,15,18
5925,21.12.2016.,13:45:00,22,21,1,1,1,0,0,G,15,18
5926,21.12.2016.,13:50:00,22,21,1,1,1,0,0,G,15,18
5927,21.12.2016.,13:55:00,22,21,1,1,1,0,0,G,15,18
5928,21.12.2016.,14:00:00,22,21,1,1,1,0,0,G,15,18
5929,21.12.2016.,14:05:00,22,21,1,1,1,0,0,G,15,18
5930,21.12.2016.,14:10:00,22,21,1,1,1,0,0,G,15,18
5931,21.12.2016.,14:15:00,22,21,1,1,1,0,0,G,15,18
5932,21.12.2016.,14:20:00,22,21,1,1,1,0,0,G,15,18
5933,21.12.2016.,14:25:00,22,21,1,1,1,0,0,G,15,18
5934,21.12.2016.,14:30:00,22,21,1,1,1,0,0,G,15,18
5935,21.12.2016.,14:35:00,22,21,1,1,1,0,0,G,15,18
5936,21.12.2016.,14:40:00,22,21,1,1,1,0,0,G,15,18
5937,21.12.2016.,14:45:00,22,21,1,1,1,0,0,G,15,18
5938,21.12.2016.,14:50:00,22,21,1,1,1,0,0,G,15,18
5939,21.12.2016.,14:55:00,22,21,1,1,1,0,0,G,15,18
5940,21.12.2016.,15:00:00,22,21,1,1,1,0,0,G,15,18
5941,21.12.2016.,15:05:00,22,21,1,1,1,0,0,G,15,18
5942,21.12.2016.,15:10:00,22,21,1,1,1,0,0,G,15,18
5943,21.12.2016.,15:15:00,22,21,1,1,1,0,0,G,15,18
5944,21.12.2016.,15:20:00,22,21,1,1,1,0,0,G,15,18
5945,21.12.2016.,15:25:00,22,21,1,1,1,0,0,G,15,18
5946,21.12.2016.,15:30:00,22,21,1,1,1,0,0,G,15,18
5947,21.12.2016.,15:35:00,22,21,1,1,1,0,0,G,15,18
5948,21.12.2016.,15:40:00,22,21,1,1,1,0,0,G,15,18
5949,21.12.2016.,15:45:00,22,21,1,1,1,0,0,G,15,18
5950,21.12.2016.,15:50:00,22,21,1,1,1,0,0,G,15,18
5951,21.12.2016.,15:55:00,22,21,1,1,1,0,0,G,15,18
5952,21.12.2016.,16:00:00,22,21,1,1,1,0,0,G,15,18
5953,21.12.2016.,16:05:00,22,21,1,1,1,0,0,G,15,18
5954,21.12.2016.,16:10:00,22,21,1,1,1,0,0,G,15,18
5955,21.12.2016.,16:15:00,22,21,1,1,1,0,0,G,15,18
5956,21.12.2016.,16:20:00,22,21,1,1,1,0,0,G,15,18
5957,21.12.2016.,16:25:00,22,21,1,1,1,0,0,G,15,18
5958,21.12.2016.,16:30:00,22,21,1,1,1,0,0,G,15,18
5959,21.12.2016.,16:35:00,22,21,1,1,1,0,0,G,15,18
5960,21.12.2016.,16:40:00,22,21,1,1,1,0,0,G,15,18
5961,21.12.2016.,16:45:00,22,21,1,1,1,0,0,G,15,18
5962,21.12.2016.,16:50:00,22,21,1,1,1,0,0,G,15,18
5963,21.12.2016.,16:55:00,22,21,1,1,1,0,0,G,15,18
5964,21.12.2016.,17:00:00,22,21,1,1,1,0,0,G,15,18
5965,21.12.2016.,17:05:00,22,21,1,1,1,0,0,G,15,18
5966,21.12.2016.,17:10:00,22,21,1,1,1,0,0,G,15,18
5967,21.12.2016.,17:15:00,22,21,1,1,1,0,0,G,15,18
5968,21.12.2016.,17:20:00,22,21,1,1,1,0,0,G,15,18
5969,21.12.2016.,17:25:00,22,21,1,1,1,0,0,G,15,18
5970,21.12.2016.,17:30:00,22,21,1,1,1,0,0,G,15,18
5971,21.12.2016.,17:35:00,22,21,1,1,1,0,0,G,15,18
5972,21.12.2016.,17:40:00,22,21,1,1,1,0,0,G,15,18
5973,21.12.2016.,17:45:00,22,21,1,1,1,0,0,G,15,18
5974,21.12.2016.,17:50:00,22,21,1,1,1,0,0,G,15,18
5975,21.12.2016.,17:55:00,22,21,1,1,1,0,0,G,15,18
5976,21.12.2016.,18:00:00,22,21,1,1,1,0,0,G,15,18
5977,21.12.2016.,18:05:00,22,21,1,1,1,0,0,G,15,18
5978,21.12.2016.,18:10:00,22,21,1,1,1,0,0,G,15,18
5979,21.12.2016.,18:15:00,22,21,1,1,1,0,0,G,15,18
5980,21.12.2016.,18:20:00,22,21,1,1,1,0,0,G,15,18
5981,21.12.2016.,18:25:00,22,21,1,1,1,0,0,G,15,18
5982,21.12.2016.,18:30:00,22,21,1,1,1,0,0,G,15,18
5983,21.12.2016.,18:35:00,22,21,1,1,1,0,0,G,15,18
5984,21.12.2016.,18:40:00,22,21,1,1,1,0,0,G,15,18
5985,21.12.2016.,18:45:00,22,21,1,1,1,0,0,G,15,18
5986,21.12.2016.,18:50:00,22,21,1,1,1,0,0,G,15,18
5987,21.12.2016.,18:55:00,22,21,1,1,1,0,0,G,15,18
5988,21.12.2016.,19:00:00,22,21,1,1,1,0,0,G,15,18
5989,21.12.2016.,19:05:00,22,21,1,1,1,0,0,G,15,18
5990,21.12.2016.,19:10:00,22,21,1,1,1,0,0,G,15,18
5991,21.12.2016.,19:15:00,22,21,1,1,1,0,0,G,15,18
5992,21.12.2016.,19:20:00,22,21,1,1,1,0,0,G,15,18
5993,21.12.2016.,19:25:00,25,21,1,3,1,1,0,G,16,18
5994,21.12.2016.,19:30:00,25,21,1,3,1,1,0,G,16,18
5995,21.12.2016.,19:35:00,25,21,1,3,1,1,0,G,16,18
5996,21.12.2016.,19:40:00,25,21,1,3,1,1,0,G,16,18
5997,21.12.2016.,19:45:00,25,21,1,3,1,1,0,G,16,18
5998,21.12.2016.,19:50:00,25,21,1,3,1,1,0,G,16,18
5999,21.12.2016.,19:55:00,25,21,1,3,1,1,0,G,16,18
6000,21.12.2016.,20:00:00,25,21,1,3,1,1,0,G,16,18
6001,21.12.2016.,20:05:00,25,21,1,3,1,1,0,G,16,18
6002,21.12.2016.,20:10:00,25,21,1,3,1,1,0,G,16,18
6003,21.12.2016.,20:15:00,25,21,1,3,1,1,0,G,16,18
6004,21.12.2016.,20:20:00,25,21,1,3,1,1,0,G,16,18
6005,21.12.2016.,20:25:00,25,21,1,3,1,1,0,G,16,18
6006,21.12.2016.,20:30:00,25,21,1,3,1,1,0,G,16,18
6007,21.12.2016.,20:35:00,25,21,1,3,1,1,0,G,16,18
6008,21.12.2016.,20:40:00,25,21,1,3,1,1,0,G,16,18
6009,21.12.2016.,20:45:00,25,22,1,3,1,1,0,G,16,18
6010,21.12.2016.,20:50:00,22,22,1,0,0,1,0,G,16,18
6011,21.12.2016.,20:55:00,22,22,1,0,0,1,0,G,16,18
6012,21.12.2016.,21:00:00,22,22,1,0,0,1,0,G,16,18
6013,21.12.2016.,21:05:00,22,22,1,0,0,1,0,G,16,18
6014,21.12.2016.,21:10:00,22,22,1,0,0,1,0,G,16,18
6015,21.12.2016.,21:15:00,22,22,1,0,0,1,0,G,16,18
6016,21.12.2016.,21:20:00,22,22,1,0,0,1,0,G,16,18
6017,21.12.2016.,21:25:00,22,22,1,0,0,1,0,G,16,18
6018,21.12.2016.,21:30:00,23,22,1,1,1,1,0,G,16,18
6019,21.12.2016.,21:35:00,23,22,1,1,1,1,0,G,16,18
6020,21.12.2016.,21:40:00,23,22,1,1,1,1,0,G,16,18
6021,21.12.2016.,21:45:00,23,22,1,1,1,1,0,G,16,18
6022,21.12.2016.,21:50:00,23,22,1,1,1,1,0,G,16,18
6023,21.12.2016.,21:55:00,23,22,1,1,1,1,0,G,16,18
6024,21.12.2016.,22:00:00,23,22,1,1,1,1,0,G,16,18
6025,21.12.2016.,22:05:00,23,22,1,1,1,1,0,G,16,19
6026,21.12.2016.,22:10:00,23,22,1,1,1,1,0,G,16,19
6027,21.12.2016.,22:15:00,23,22,1,1,1,1,0,G,16,19
6028,21.12.2016.,22:20:00,23,22,1,1,1,1,0,G,16,19
6029,21.12.2016.,22:25:00,23,22,1,1,1,1,0,G,16,19
6030,21.12.2016.,22:30:00,23,22,1,1,1,1,0,G,16,19
6031,21.12.2016.,22:35:00,23,22,1,1,1,1,0,G,16,19
6032,21.12.2016.,22:40:00,23,22,1,1,1,1,0,G,16,19
6033,21.12.2016.,22:45:00,23,22,1,1,1,1,0,G,16,19
6034,21.12.2016.,22:50:00,23,22,1,1,1,1,0,G,16,19
6035,21.12.2016.,22:55:00,23,22,1,1,1,1,0,G,16,19
6036,21.12.2016.,23:00:00,23,22,1,1,1,1,0,G,16,19
6037,21.12.2016.,23:05:00,23,22,1,1,1,1,0,G,16,19
6038,21.12.2016.,23:10:00,23,22,1,1,1,1,0,G,16,19
6039,21.12.2016.,23:15:00,23,22,1,1,1,1,0,G,16,19
6040,21.12.2016.,23:20:00,23,22,1,1,1,1,0,G,16,19
6041,21.12.2016.,23:25:00,23,22,1,1,1,1,0,G,16,19
6042,21.12.2016.,23:30:00,23,22,1,1,1,1,0,G,16,19
6043,21.12.2016.,23:35:00,23,22,1,1,1,1,0,G,16,19
6044,21.12.2016.,23:40:00,23,22,1,1,1,1,0,G,16,19
6045,21.12.2016.,23:45:00,23,22,1,1,1,1,0,G,16,19
6046,21.12.2016.,23:50:00,23,22,1,1,1,1,0,G,16,19
6047,21.12.2016.,23:55:00,23,22,1,1,1,1,0,G,16,19
6048,22.12.2016.,00:00:00,23,22,1,1,1,1,0,G,16,19
6049,22.12.2016.,00:05:00,23,22,1,1,1,1,0,G,16,19
6050,22.12.2016.,00:10:00,23,22,1,1,1,1,0,G,16,19
6051,22.12.2016.,00:15:00,23,22,1,1,1,1,0,G,16,19
6052,22.12.2016.,00:20:00,23,22,1,1,1,1,0,G,16,19
6053,22.12.2016.,00:25:00,23,22,1,1,1,1,0,G,16,19
6054,22.12.2016.,00:30:00,23,22,1,1,1,1,0,G,16,19
6055,22.12.2016.,00:35:00,23,22,1,1,1,1,0,G,16,19
6056,22.12.2016.,00:40:00,23,22,1,1,1,1,0,G,16,19
6057,22.12.2016.,00:45:00,23,22,1,1,1,1,0,G,16,19
6058,22.12.2016.,00:50:00,23,22,1,1,1,1,0,G,16,19
6059,22.12.2016.,00:55:00,23,22,1,1,1,1,0,G,16,19
6060,22.12.2016.,01:00:00,23,22,1,1,1,1,0,G,16,19
6061,22.12.2016.,01:05:00,23,22,1,1,1,1,0,G,16,19
6062,22.12.2016.,01:10:00,23,22,1,1,1,1,0,G,16,19
6063,22.12.2016.,01:15:00,23,22,1,1,1,1,0,G,16,19
6064,22.12.2016.,01:20:00,23,22,1,1,1,1,0,G,16,19
6065,22.12.2016.,01:25:00,23,22,1,1,1,1,0,G,16,19
6066,22.12.2016.,01:30:00,23,22,1,1,1,1,0,G,16,19
6067,22.12.2016.,01:35:00,23,22,1,1,1,1,0,G,16,19
6068,22.12.2016.,01:40:00,23,22,1,1,1,1,0,G,16,19
6069,22.12.2016.,01:45:00,23,22,1,1,1,1,0,G,16,19
6070,22.12.2016.,01:50:00,23,22,1,1,1,1,0,G,16,19
6071,22.12.2016.,01:55:00,23,22,1,1,1,1,0,G,16,19
6072,22.12.2016.,02:00:00,23,22,1,1,1,1,0,G,16,19
6073,22.12.2016.,02:05:00,23,22,1,1,1,1,0,G,16,19
6074,22.12.2016.,02:10:00,23,22,1,1,1,1,0,G,16,19
6075,22.12.2016.,02:15:00,23,22,1,1,1,1,0,G,16,19
6076,22.12.2016.,02:20:00,23,22,1,1,1,1,0,G,16,19
6077,22.12.2016.,02:25:00,23,22,1,1,1,1,0,G,16,19
6078,22.12.2016.,02:30:00,23,22,1,1,1,1,0,G,16,19
6079,22.12.2016.,02:35:00,23,22,1,1,1,1,0,G,16,19
6080,22.12.2016.,02:40:00,23,22,1,1,1,1,0,G,16,19
6081,22.12.2016.,02:45:00,23,22,1,1,1,1,0,G,16,19
6082,22.12.2016.,02:50:00,23,22,1,1,1,1,0,G,16,19
6083,22.12.2016.,02:55:00,23,22,1,1,1,1,0,G,16,19
6084,22.12.2016.,03:00:00,23,22,1,1,1,1,0,G,16,19
6085,22.12.2016.,03:05:00,23,22,1,1,1,1,0,G,16,19
6086,22.12.2016.,03:10:00,23,22,1,1,1,1,0,G,16,19
6087,22.12.2016.,03:15:00,23,22,1,1,1,1,0,G,16,19
6088,22.12.2016.,03:20:00,23,22,1,1,1,1,0,G,16,19
6089,22.12.2016.,03:25:00,23,22,1,1,1,1,0,G,16,19
6090,22.12.2016.,03:30:00,23,22,1,1,1,1,0,G,16,19
6091,22.12.2016.,03:35:00,23,22,1,1,1,1,0,G,16,19
6092,22.12.2016.,03:40:00,23,22,1,1,1,1,0,G,16,19
6093,22.12.2016.,03:45:00,23,22,1,1,1,1,0,G,16,19
6094,22.12.2016.,03:50:00,23,22,1,1,1,1,0,G,16,19
6095,22.12.2016.,03:55:00,23,22,1,1,1,1,0,G,16,19
6096,22.12.2016.,04:00:00,23,22,1,1,1,1,0,G,16,19
6097,22.12.2016.,04:05:00,23,22,1,1,1,1,0,G,16,19
6098,22.12.2016.,04:10:00,23,22,1,1,1,1,0,G,16,19
6099,22.12.2016.,04:15:00,23,22,1,1,1,1,0,G,16,19
6100,22.12.2016.,04:20:00,23,22,1,1,1,1,0,G,16,19
6101,22.12.2016.,04:25:00,23,22,1,1,1,1,0,G,16,19
6102,22.12.2016.,04:30:00,23,22,1,1,1,1,0,G,16,19
6103,22.12.2016.,04:35:00,23,22,1,1,1,1,0,G,16,18
6104,22.12.2016.,04:40:00,23,22,1,1,1,1,0,G,16,19
6105,22.12.2016.,04:45:00,23,21,1,1,1,1,0,G,16,19
6106,22.12.2016.,04:50:00,23,21,1,1,1,1,0,G,16,19
6107,22.12.2016.,04:55:00,23,21,1,1,1,1,0,G,16,19
6108,22.12.2016.,05:00:00,23,21,1,1,1,1,0,G,16,19
6109,22.12.2016.,05:05:00,23,21,1,1,1,1,0,G,16,18
6110,22.12.2016.,05:10:00,23,21,1,1,1,1,0,G,16,18
6111,22.12.2016.,05:15:00,23,21,1,1,1,1,0,G,16,18
6112,22.12.2016.,05:20:00,23,21,1,1,1,1,0,G,16,18
6113,22.12.2016.,05:25:00,23,21,1,1,1,1,0,G,16,18
6114,22.12.2016.,05:30:00,23,21,1,1,1,1,0,G,16,18
6115,22.12.2016.,05:35:00,23,21,1,1,1,1,0,G,16,18
6116,22.12.2016.,05:40:00,23,21,1,1,1,1,0,G,16,18
6117,22.12.2016.,05:45:00,23,21,1,1,1,1,0,G,16,18
6118,22.12.2016.,05:50:00,23,21,1,1,1,1,0,G,16,18
6119,22.12.2016.,05:55:00,23,21,1,1,1,1,0,G,16,18
6120,22.12.2016.,06:00:00,23,21,1,1,1,1,0,G,16,18
6121,22.12.2016.,06:05:00,23,21,1,1,1,1,0,G,16,18
6122,22.12.2016.,06:10:00,23,21,1,1,1,1,0,G,16,18
6123,22.12.2016.,06:15:00,23,21,1,1,1,1,0,G,16,18
6124,22.12.2016.,06:20:00,23,21,1,1,1,1,0,G,16,18
6125,22.12.2016.,06:25:00,23,21,1,1,1,1,0,G,16,18
6126,22.12.2016.,06:30:00,23,21,1,1,1,1,0,G,16,18
6127,22.12.2016.,06:35:00,23,21,1,1,1,1,0,G,16,18
6128,22.12.2016.,06:40:00,23,21,1,1,1,1,0,G,16,18
6129,22.12.2016.,06:45:00,23,21,1,1,1,1,0,G,16,18
6130,22.12.2016.,06:50:00,23,21,1,1,1,1,0,G,16,18
6131,22.12.2016.,06:55:00,23,21,1,1,1,1,0,G,16,18
6132,22.12.2016.,07:00:00,23,21,1,1,1,1,0,G,16,18
6133,22.12.2016.,07:05:00,23,21,1,1,1,1,0,G,16,18
6134,22.12.2016.,07:10:00,23,21,1,1,1,1,0,G,16,18
6135,22.12.2016.,07:15:00,23,21,1,1,1,1,0,G,16,18
6136,22.12.2016.,07:20:00,23,21,1,1,1,1,0,G,16,18
6137,22.12.2016.,07:25:00,23,21,1,1,1,1,0,G,16,18
6138,22.12.2016.,07:30:00,23,21,1,1,1,1,0,G,16,18
6139,22.12.2016.,07:35:00,23,21,1,1,1,1,0,G,16,18
6140,22.12.2016.,07:40:00,23,21,1,1,1,1,0,G,16,18
6141,22.12.2016.,07:45:00,23,21,1,1,1,1,0,G,16,18
6142,22.12.2016.,07:50:00,23,21,1,1,1,1,0,G,16,18
6143,22.12.2016.,07:55:00,23,21,1,1,1,1,0,G,16,18
6144,22.12.2016.,08:00:00,23,21,1,1,1,1,0,G,16,18
6145,22.12.2016.,08:05:00,23,21,1,1,1,1,0,G,16,18
6146,22.12.2016.,08:10:00,23,21,1,1,1,1,0,G,16,18
6147,22.12.2016.,08:15:00,23,21,1,1,1,1,0,G,16,18
6148,22.12.2016.,08:20:00,23,21,1,1,1,1,0,G,16,18
6149,22.12.2016.,08:25:00,23,21,1,1,1,1,0,G,16,18
6150,22.12.2016.,08:30:00,23,21,1,1,1,1,0,G,16,18
6151,22.12.2016.,08:35:00,23,21,1,1,1,1,0,G,16,18
6152,22.12.2016.,08:40:00,23,21,1,1,1,1,0,G,16,18
6153,22.12.2016.,08:45:00,23,21,1,1,1,1,0,G,16,18
6154,22.12.2016.,08:50:00,23,21,1,1,1,1,0,G,16,19
6155,22.12.2016.,08:55:00,23,21,1,1,1,1,0,G,16,18
6156,22.12.2016.,09:00:00,23,22,1,1,1,1,0,G,16,19
6157,22.12.2016.,09:05:00,23,22,1,1,1,1,0,G,16,19
6158,22.12.2016.,09:10:00,22,22,1,0,1,0,0,G,15,19
6159,22.12.2016.,09:15:00,22,22,1,0,1,0,0,G,15,19
6160,22.12.2016.,09:20:00,22,22,1,0,1,0,0,G,15,19
6161,22.12.2016.,09:25:00,22,22,1,0,1,0,0,G,15,19
6162,22.12.2016.,09:30:00,22,22,1,0,1,0,0,G,15,19
6163,22.12.2016.,09:35:00,22,22,1,0,1,0,0,G,15,19
6164,22.12.2016.,09:40:00,22,22,1,0,1,0,0,G,15,19
6165,22.12.2016.,09:45:00,22,22,1,0,1,0,0,G,15,19
6166,22.12.2016.,09:50:00,22,22,1,0,0,0,0,G,15,19
6167,22.12.2016.,09:55:00,22,22,1,0,0,0,0,G,15,19
6168,22.12.2016.,10:00:00,22,22,1,0,0,0,0,G,15,19
6169,22.12.2016.,10:05:00,22,22,1,0,0,0,0,G,15,19
6170,22.12.2016.,10:10:00,22,22,1,0,0,0,0,G,15,19
6171,22.12.2016.,10:15:00,22,22,1,0,0,0,0,G,15,19
6172,22.12.2016.,10:20:00,22,22,1,0,0,0,0,G,15,19
6173,22.12.2016.,10:25:00,22,22,1,0,0,0,0,G,15,19
6174,22.12.2016.,10:30:00,22,22,1,0,1,0,0,G,15,19
6175,22.12.2016.,10:35:00,22,22,1,0,1,0,0,G,15,19
6176,22.12.2016.,10:40:00,22,22,1,0,1,0,0,G,15,19
6177,22.12.2016.,10:45:00,22,22,1,0,1,0,0,G,15,19
6178,22.12.2016.,10:50:00,22,22,1,0,1,0,0,G,15,19
6179,22.12.2016.,10:55:00,22,22,1,0,1,0,0,G,15,19
6180,22.12.2016.,11:00:00,22,21,1,0,1,0,0,G,15,19
6181,22.12.2016.,11:05:00,22,21,1,1,1,0,0,G,15,19
6182,22.12.2016.,11:10:00,22,21,1,1,1,0,0,G,15,19
6183,22.12.2016.,11:15:00,22,21,1,1,1,0,0,G,15,19
6184,22.12.2016.,11:20:00,22,21,1,1,1,0,0,G,15,19
6185,22.12.2016.,11:25:00,22,21,1,1,1,0,0,G,15,19
6186,22.12.2016.,11:30:00,22,21,1,1,1,0,0,G,15,19
6187,22.12.2016.,11:35:00,22,21,1,1,1,0,0,G,15,19
6188,22.12.2016.,11:40:00,22,21,1,1,1,0,0,G,15,19
6189,22.12.2016.,11:45:00,22,21,1,1,1,0,0,G,15,18
6190,22.12.2016.,11:50:00,22,21,1,1,1,0,0,G,15,18
6191,22.12.2016.,11:55:00,22,21,1,1,1,0,0,G,15,18
6192,22.12.2016.,12:00:00,23,21,1,1,1,1,0,G,16,18
6193,22.12.2016.,12:05:00,23,21,1,1,1,1,0,G,16,18
6194,22.12.2016.,12:10:00,22,21,1,1,1,0,0,G,15,18
6195,22.12.2016.,12:15:00,22,21,1,1,1,0,0,G,15,18
6196,22.12.2016.,12:20:00,22,21,1,1,1,0,0,G,15,18
6197,22.12.2016.,12:25:00,22,21,1,1,1,0,0,G,15,18
6198,22.12.2016.,12:30:00,22,21,1,1,1,0,0,G,15,18
6199,22.12.2016.,12:35:00,22,21,1,1,1,0,0,G,15,18
6200,22.12.2016.,12:40:00,22,21,1,1,1,0,0,G,15,18
6201,22.12.2016.,12:45:00,22,21,1,1,1,0,0,G,15,18
6202,22.12.2016.,12:50:00,22,21,1,1,1,0,0,G,15,18
6203,22.12.2016.,12:55:00,22,21,1,1,1,0,0,G,15,18
6204,22.12.2016.,13:00:00,22,21,1,1,1,0,0,G,15,18
6205,22.12.2016.,13:05:00,22,21,1,1,1,0,0,G,15,18
6206,22.12.2016.,13:10:00,22,21,1,1,1,0,0,G,15,18
6207,22.12.2016.,13:15:00,22,21,1,1,1,0,0,G,15,18
6208,22.12.2016.,13:20:00,22,21,1,1,1,0,0,G,15,18
6209,22.12.2016.,13:25:00,22,21,1,1,1,0,0,G,15,18
6210,22.12.2016.,13:30:00,22,21,1,1,1,0,0,G,15,18
6211,22.12.2016.,13:35:00,22,21,1,1,1,0,0,G,15,18
6212,22.12.2016.,13:40:00,22,21,1,1,1,0,0,G,15,18
6213,22.12.2016.,13:45:00,22,21,1,1,1,0,0,G,15,18
6214,22.12.2016.,13:50:00,22,21,1,1,1,0,0,G,15,18
6215,22.12.2016.,13:55:00,22,21,1,1,1,0,0,G,15,18
6216,22.12.2016.,14:00:00,22,21,1,1,1,0,0,G,15,18
6217,22.12.2016.,14:05:00,22,21,1,1,1,0,0,G,15,18
6218,22.12.2016.,14:10:00,22,21,1,1,1,0,0,G,15,18
6219,22.12.2016.,14:15:00,22,21,1,1,1,0,0,G,15,18
6220,22.12.2016.,14:20:00,22,21,1,1,1,0,0,G,15,18
6221,22.12.2016.,14:25:00,22,21,1,1,1,0,0,G,15,18
6222,22.12.2016.,14:30:00,22,21,1,1,1,0,0,G,15,18
6223,22.12.2016.,14:35:00,22,21,1,1,1,0,0,G,15,18
6224,22.12.2016.,14:40:00,22,21,1,1,1,0,0,G,15,18
6225,22.12.2016.,14:45:00,22,21,1,1,1,0,0,G,15,18
6226,22.12.2016.,14:50:00,22,21,1,1,1,0,0,G,15,18
6227,22.12.2016.,14:55:00,22,21,1,1,1,0,0,G,15,18
6228,22.12.2016.,15:00:00,22,21,1,1,1,0,0,G,15,18
6229,22.12.2016.,15:05:00,22,21,1,1,1,0,0,G,15,18
6230,22.12.2016.,15:10:00,22,21,1,1,1,0,0,G,15,18
6231,22.12.2016.,15:15:00,22,21,1,1,1,0,0,G,15,18
6232,22.12.2016.,15:20:00,22,21,1,1,1,0,0,G,15,18
6233,22.12.2016.,15:25:00,22,21,1,1,1,0,0,G,15,18
6234,22.12.2016.,15:30:00,22,21,1,1,1,0,0,G,15,18
6235,22.12.2016.,15:35:00,22,21,1,1,1,0,0,G,15,18
6236,22.12.2016.,15:40:00,22,21,1,1,1,0,0,G,15,18
6237,22.12.2016.,15:45:00,22,21,1,1,1,0,0,G,15,18
6238,22.12.2016.,15:50:00,22,21,1,1,1,0,0,G,15,18
6239,22.12.2016.,15:55:00,22,21,1,1,1,0,0,G,15,18
6240,22.12.2016.,16:00:00,22,21,1,0,1,0,0,G,15,18
6241,22.12.2016.,16:05:00,22,21,1,0,1,0,0,G,15,18
6242,22.12.2016.,16:10:00,22,21,1,0,1,0,0,G,15,18
6243,22.12.2016.,16:15:00,22,21,1,0,1,0,0,G,15,18
6244,22.12.2016.,16:20:00,22,21,1,0,1,0,0,G,15,18
6245,22.12.2016.,16:25:00,22,21,1,1,1,0,0,G,15,18
6246,22.12.2016.,16:30:00,22,21,1,1,1,0,0,G,15,18
6247,22.12.2016.,16:35:00,22,21,1,1,1,0,0,G,15,18
6248,22.12.2016.,16:40:00,22,21,1,1,1,0,0,G,15,18
6249,22.12.2016.,16:45:00,22,21,1,1,1,0,0,G,15,18
6250,22.12.2016.,16:50:00,22,21,1,1,1,0,0,G,15,18
6251,22.12.2016.,16:55:00,22,21,1,1,1,0,0,G,15,18
6252,22.12.2016.,17:00:00,22,21,1,1,1,0,0,G,15,18
6253,22.12.2016.,17:05:00,22,21,1,1,1,0,0,G,15,18
6254,22.12.2016.,17:10:00,22,21,1,1,1,0,0,G,15,18
6255,22.12.2016.,17:15:00,22,21,1,1,1,0,0,G,15,18
6256,22.12.2016.,17:20:00,22,21,1,1,1,0,0,G,15,18
6257,22.12.2016.,17:25:00,22,21,1,1,1,0,0,G,15,18
6258,22.12.2016.,17:30:00,22,21,1,1,1,0,0,G,15,18
6259,22.12.2016.,17:35:00,22,21,1,1,1,0,0,G,15,18
6260,22.12.2016.,17:40:00,22,21,1,1,1,0,0,G,15,18
6261,22.12.2016.,17:45:00,22,21,1,1,1,0,0,G,15,18
6262,22.12.2016.,17:50:00,22,21,1,1,1,0,0,G,15,18
6263,22.12.2016.,17:55:00,22,21,1,1,1,0,0,G,15,18
6264,22.12.2016.,18:00:00,22,21,1,1,1,0,0,G,15,18
6265,22.12.2016.,18:05:00,22,21,1,1,1,0,0,G,15,18
6266,22.12.2016.,18:10:00,22,21,1,1,1,0,0,G,15,18
6267,22.12.2016.,18:15:00,22,21,1,1,1,0,0,G,15,18
6268,22.12.2016.,18:20:00,22,21,1,1,1,0,0,G,15,18
6269,22.12.2016.,18:25:00,22,21,1,1,1,0,0,G,15,18
6270,22.12.2016.,18:30:00,22,21,1,1,1,0,0,G,15,18
6271,22.12.2016.,18:35:00,22,21,1,1,1,0,0,G,15,18
6272,22.12.2016.,18:40:00,22,21,1,1,1,0,0,G,15,18
6273,22.12.2016.,18:45:00,22,21,1,1,1,0,0,G,15,18
6274,22.12.2016.,18:50:00,22,21,1,1,1,0,0,G,15,18
6275,22.12.2016.,18:55:00,22,21,1,1,1,0,0,G,15,18
6276,22.12.2016.,19:00:00,22,21,1,1,1,0,0,G,15,18
6277,22.12.2016.,19:05:00,22,21,1,1,1,0,0,G,15,18
6278,22.12.2016.,19:10:00,22,21,1,1,1,0,0,G,15,18
6279,22.12.2016.,19:15:00,22,21,1,1,1,0,0,G,15,18
6280,22.12.2016.,19:20:00,22,21,1,1,1,0,0,G,15,18
6281,22.12.2016.,19:25:00,22,21,1,1,1,0,0,G,15,18
6282,22.12.2016.,19:30:00,22,21,1,1,1,0,0,G,15,18
6283,22.12.2016.,19:35:00,22,21,1,1,1,0,0,G,15,18
6284,22.12.2016.,19:40:00,22,21,1,1,1,0,0,G,15,18
6285,22.12.2016.,19:45:00,22,21,1,1,1,0,0,G,15,18
6286,22.12.2016.,19:50:00,22,21,1,1,1,0,0,G,15,18
6287,22.12.2016.,19:55:00,22,21,1,1,1,0,0,G,15,18
6288,22.12.2016.,20:00:00,22,21,1,1,1,0,0,G,15,18
6289,22.12.2016.,20:05:00,22,21,1,1,1,0,0,G,15,18
6290,22.12.2016.,20:10:00,22,21,1,1,1,0,0,G,15,18
6291,22.12.2016.,20:15:00,22,21,1,1,1,0,0,G,15,18
6292,22.12.2016.,20:20:00,22,21,1,1,1,0,0,G,15,18
6293,22.12.2016.,20:25:00,22,21,1,1,1,0,0,G,15,18
6294,22.12.2016.,20:30:00,22,21,1,1,1,0,0,G,15,18
6295,22.12.2016.,20:35:00,22,21,1,1,1,0,0,G,15,18
6296,22.12.2016.,20:40:00,22,21,1,1,1,0,0,G,15,18
6297,22.12.2016.,20:45:00,22,21,1,1,1,0,0,G,15,18
6298,22.12.2016.,20:50:00,22,21,1,1,1,0,0,G,15,18
6299,22.12.2016.,20:55:00,22,21,1,1,1,0,0,G,15,18
6300,22.12.2016.,21:00:00,22,21,1,1,1,0,0,G,15,18
6301,22.12.2016.,21:05:00,22,21,1,1,1,0,0,G,15,18
6302,22.12.2016.,21:10:00,22,21,1,1,1,0,0,G,15,18
6303,22.12.2016.,21:15:00,25,21,1,3,1,1,0,G,16,18
6304,22.12.2016.,21:20:00,25,21,1,3,1,1,0,G,16,18
6305,22.12.2016.,21:25:00,25,21,1,3,1,1,0,G,16,18
6306,22.12.2016.,21:30:00,25,21,1,3,1,1,0,G,16,18
6307,22.12.2016.,21:35:00,25,21,1,3,1,1,0,G,16,18
6308,22.12.2016.,21:40:00,25,21,1,3,1,1,0,G,16,18
6309,22.12.2016.,21:45:00,23,21,1,3,1,1,0,G,16,18
6310,22.12.2016.,21:50:00,23,21,1,3,1,1,0,G,16,18
6311,22.12.2016.,21:55:00,23,21,1,3,1,1,0,G,16,18
6312,22.12.2016.,22:00:00,23,21,1,3,1,1,0,G,16,18
6313,22.12.2016.,22:05:00,23,21,1,3,1,1,0,G,16,18
6314,22.12.2016.,22:10:00,22,21,1,1,1,1,0,G,16,18
6315,22.12.2016.,22:15:00,22,21,1,1,1,1,0,G,16,18
6316,22.12.2016.,22:20:00,22,21,1,1,1,1,0,G,16,18
6317,22.12.2016.,22:25:00,22,21,1,1,1,1,0,G,16,18
6318,22.12.2016.,22:30:00,22,21,1,1,1,1,0,G,16,18
6319,22.12.2016.,22:35:00,22,21,1,1,1,1,0,G,16,18
6320,22.12.2016.,22:40:00,22,21,1,1,1,1,0,G,16,18
6321,22.12.2016.,22:45:00,22,21,1,1,1,1,0,G,16,18
6322,22.12.2016.,22:50:00,23,21,1,1,1,1,0,G,16,18
6323,22.12.2016.,22:55:00,23,21,1,1,1,1,0,G,16,18
6324,22.12.2016.,23:00:00,23,21,1,1,1,1,0,G,16,18
6325,22.12.2016.,23:05:00,23,21,1,1,1,1,0,G,16,18
6326,22.12.2016.,23:10:00,23,21,1,1,1,1,0,G,16,18
6327,22.12.2016.,23:15:00,23,21,1,1,1,1,0,G,16,18
6328,22.12.2016.,23:20:00,23,21,1,1,1,1,0,G,16,18
6329,22.12.2016.,23:25:00,23,21,1,1,1,1,0,G,16,18
6330,22.12.2016.,23:30:00,23,21,1,1,1,1,0,G,16,18
6331,22.12.2016.,23:35:00,23,21,1,1,1,1,0,G,16,18
6332,22.12.2016.,23:40:00,23,21,1,1,1,1,0,G,16,18
6333,22.12.2016.,23:45:00,23,21,1,1,1,1,0,G,16,18
6334,22.12.2016.,23:50:00,23,21,1,1,1,1,0,G,16,18
6335,22.12.2016.,23:55:00,23,21,1,1,1,1,0,G,16,18
6336,23.12.2016.,00:00:00,23,21,1,1,1,1,0,G,16,18
6337,23.12.2016.,00:05:00,23,21,1,1,1,1,0,G,16,18
6338,23.12.2016.,00:10:00,23,21,1,1,1,1,0,G,16,18
6339,23.12.2016.,00:15:00,23,21,1,1,1,1,0,G,16,18
6340,23.12.2016.,00:20:00,23,21,1,1,1,1,0,G,16,18
6341,23.12.2016.,00:25:00,23,21,1,1,1,1,0,G,16,18
6342,23.12.2016.,00:30:00,23,21,1,1,1,1,0,G,16,18
6343,23.12.2016.,00:35:00,23,21,1,1,1,1,0,G,16,18
6344,23.12.2016.,00:40:00,23,21,1,1,1,1,0,G,16,18
6345,23.12.2016.,00:45:00,23,21,1,1,1,1,0,G,16,18
6346,23.12.2016.,00:50:00,23,21,1,1,1,1,0,G,16,18
6347,23.12.2016.,00:55:00,23,21,1,1,1,1,0,G,16,18
6348,23.12.2016.,01:00:00,23,21,1,1,1,1,0,G,16,18
6349,23.12.2016.,01:05:00,23,21,1,1,1,1,0,G,16,18
6350,23.12.2016.,01:10:00,23,21,1,1,1,1,0,G,16,18
6351,23.12.2016.,01:15:00,23,22,1,1,1,1,0,G,16,18
6352,23.12.2016.,01:20:00,23,22,1,1,1,1,0,G,16,18
6353,23.12.2016.,01:25:00,23,22,1,1,1,1,0,G,16,18
6354,23.12.2016.,01:30:00,23,22,1,1,1,1,0,G,16,18
6355,23.12.2016.,01:35:00,23,22,1,1,1,1,0,G,16,18
6356,23.12.2016.,01:40:00,23,22,1,1,1,1,0,G,16,18
6357,23.12.2016.,01:45:00,23,22,1,1,1,1,0,G,16,18
6358,23.12.2016.,01:50:00,23,22,1,1,1,1,0,G,16,18
6359,23.12.2016.,01:55:00,23,22,1,1,1,1,0,G,16,18
6360,23.12.2016.,02:00:00,23,22,1,1,1,1,0,G,16,18
6361,23.12.2016.,02:05:00,23,22,1,1,1,1,0,G,16,18
6362,23.12.2016.,02:10:00,23,22,1,1,1,1,0,G,16,18
6363,23.12.2016.,02:15:00,23,22,1,1,1,1,0,G,16,18
6364,23.12.2016.,02:20:00,23,22,1,1,1,1,0,G,16,18
6365,23.12.2016.,02:25:00,23,22,1,1,1,1,0,G,16,18
6366,23.12.2016.,02:30:00,23,22,1,1,1,1,0,G,16,18
6367,23.12.2016.,02:35:00,23,22,1,1,1,1,0,G,16,18
6368,23.12.2016.,02:40:00,23,22,1,1,1,1,0,G,16,18
6369,23.12.2016.,02:45:00,23,22,1,1,1,1,0,G,16,18
6370,23.12.2016.,02:50:00,23,22,1,1,1,1,0,G,16,18
6371,23.12.2016.,02:55:00,23,22,1,1,1,1,0,G,16,18
6372,23.12.2016.,03:00:00,23,22,1,1,1,1,0,G,16,18
6373,23.12.2016.,03:05:00,23,22,1,1,1,1,0,G,16,18
6374,23.12.2016.,03:10:00,23,22,1,1,1,1,0,G,16,18
6375,23.12.2016.,03:15:00,23,22,1,1,1,1,0,G,16,18
6376,23.12.2016.,03:20:00,23,22,1,1,1,1,0,G,16,18
6377,23.12.2016.,03:25:00,23,22,1,1,1,1,0,G,16,18
6378,23.12.2016.,03:30:00,23,22,1,1,1,1,0,G,16,18
6379,23.12.2016.,03:35:00,23,22,1,1,1,1,0,G,16,18
6380,23.12.2016.,03:40:00,23,22,1,1,1,1,0,G,16,18
6381,23.12.2016.,03:45:00,23,22,1,1,1,1,0,G,16,18
6382,23.12.2016.,03:50:00,23,22,1,1,1,1,0,G,16,18
6383,23.12.2016.,03:55:00,23,22,1,1,1,1,0,G,16,18
6384,23.12.2016.,04:00:00,23,22,1,1,1,1,0,G,16,18
6385,23.12.2016.,04:05:00,23,22,1,1,1,1,0,G,16,18
6386,23.12.2016.,04:10:00,23,22,1,1,1,1,0,G,16,18
6387,23.12.2016.,04:15:00,23,22,1,1,1,1,0,G,16,18
6388,23.12.2016.,04:20:00,23,22,1,1,1,1,0,G,16,18
6389,23.12.2016.,04:25:00,23,22,1,1,1,1,0,G,16,18
6390,23.12.2016.,04:30:00,23,22,1,1,1,1,0,G,16,18
6391,23.12.2016.,04:35:00,23,22,1,1,1,1,0,G,16,18
6392,23.12.2016.,04:40:00,23,22,1,1,1,1,0,G,16,18
6393,23.12.2016.,04:45:00,23,22,1,1,1,1,0,G,16,18
6394,23.12.2016.,04:50:00,23,22,1,1,1,1,0,G,16,18
6395,23.12.2016.,04:55:00,23,22,1,1,1,1,0,G,16,18
6396,23.12.2016.,05:00:00,23,22,1,1,1,1,0,G,16,18
6397,23.12.2016.,05:05:00,23,22,1,1,1,1,0,G,16,18
6398,23.12.2016.,05:10:00,23,21,1,1,1,1,0,G,16,18
6399,23.12.2016.,05:15:00,23,21,1,1,1,1,0,G,16,18
6400,23.12.2016.,05:20:00,23,21,1,1,1,1,0,G,16,18
6401,23.12.2016.,05:25:00,23,21,1,1,1,1,0,G,16,18
6402,23.12.2016.,05:30:00,23,21,1,1,1,1,0,G,16,18
6403,23.12.2016.,05:35:00,23,21,1,1,1,1,0,G,16,18
6404,23.12.2016.,05:40:00,23,21,1,1,1,1,0,G,16,18
6405,23.12.2016.,05:45:00,23,21,1,1,1,1,0,G,16,18
6406,23.12.2016.,05:50:00,23,21,1,1,1,1,0,G,16,18
6407,23.12.2016.,05:55:00,23,21,1,1,1,1,0,G,16,18
6408,23.12.2016.,06:00:00,23,21,1,1,1,1,0,G,16,18
6409,23.12.2016.,06:05:00,23,21,1,1,1,1,0,G,16,18
6410,23.12.2016.,06:10:00,23,21,1,1,1,1,0,G,16,18
6411,23.12.2016.,06:15:00,23,21,1,1,1,1,0,G,16,18
6412,23.12.2016.,06:20:00,23,21,1,1,1,1,0,G,16,18
6413,23.12.2016.,06:25:00,24,21,1,2,1,1,0,G,16,18
6414,23.12.2016.,06:30:00,24,21,1,2,1,1,0,G,16,18
6415,23.12.2016.,06:35:00,24,22,1,2,1,1,0,G,16,18
6416,23.12.2016.,06:40:00,24,22,1,2,1,1,0,G,16,18
6417,23.12.2016.,06:45:00,24,22,1,2,1,1,0,G,16,18
6418,23.12.2016.,06:50:00,24,22,1,2,1,1,0,G,16,18
6419,23.12.2016.,06:55:00,21,22,1,0,0,0,0,G,13,18
6420,23.12.2016.,07:00:00,21,22,1,0,0,0,0,G,13,18
6421,23.12.2016.,07:05:00,21,22,1,0,0,0,0,G,13,18
6422,23.12.2016.,07:10:00,21,22,1,0,0,0,0,G,13,18
6423,23.12.2016.,07:15:00,21,22,1,0,0,0,0,G,13,18
6424,23.12.2016.,07:20:00,21,22,1,0,0,0,0,G,13,18
6425,23.12.2016.,07:25:00,21,22,1,0,0,0,0,G,13,18
6426,23.12.2016.,07:30:00,21,22,1,0,0,0,0,G,13,18
6427,23.12.2016.,07:35:00,21,22,1,0,0,0,0,G,13,18
6428,23.12.2016.,07:40:00,21,22,1,0,0,0,0,G,13,18
6429,23.12.2016.,07:45:00,21,22,1,0,0,0,0,G,13,18
6430,23.12.2016.,07:50:00,21,21,1,0,0,0,0,G,13,18
6431,23.12.2016.,07:55:00,21,21,1,0,0,0,0,G,13,19
6432,23.12.2016.,08:00:00,21,21,1,0,0,0,0,G,13,19
6433,23.12.2016.,08:05:00,21,21,1,0,0,0,0,G,13,19
6434,23.12.2016.,08:10:00,21,21,1,0,0,0,0,G,13,19
6435,23.12.2016.,08:15:00,21,21,1,0,0,0,0,G,13,18
6436,23.12.2016.,08:20:00,21,21,1,0,0,0,0,G,13,18
6437,23.12.2016.,08:25:00,21,21,1,0,0,0,0,G,13,18
6438,23.12.2016.,08:30:00,21,21,1,0,0,0,0,G,13,18
6439,23.12.2016.,08:35:00,21,21,1,0,0,0,0,G,13,18
6440,23.12.2016.,08:40:00,21,21,1,0,0,0,0,G,13,18
6441,23.12.2016.,08:45:00,21,21,1,0,0,0,0,G,13,18
6442,23.12.2016.,08:50:00,21,21,1,0,0,0,0,G,13,18
6443,23.12.2016.,08:55:00,21,21,1,0,0,0,0,G,13,18
6444,23.12.2016.,09:00:00,21,21,1,0,0,0,0,G,13,18
6445,23.12.2016.,09:05:00,21,21,1,0,0,0,0,G,13,18
6446,23.12.2016.,09:10:00,21,21,1,0,0,0,0,G,13,18
6447,23.12.2016.,09:15:00,21,21,1,0,0,0,0,G,13,18
6448,23.12.2016.,09:20:00,21,21,1,0,0,0,0,G,13,18
6449,23.12.2016.,09:25:00,21,21,1,0,0,0,0,G,13,18
6450,23.12.2016.,09:30:00,21,21,1,0,0,0,0,G,13,18
6451,23.12.2016.,09:35:00,21,21,1,0,0,0,0,G,13,18
6452,23.12.2016.,09:40:00,21,21,1,0,0,0,0,G,13,18
6453,23.12.2016.,09:45:00,21,21,1,0,0,0,0,G,13,18
6454,23.12.2016.,09:50:00,21,21,1,0,0,0,0,G,13,18
6455,23.12.2016.,09:55:00,21,21,1,0,0,0,0,G,13,18
6456,23.12.2016.,10:00:00,21,21,1,0,0,0,0,G,13,18
6457,23.12.2016.,10:05:00,21,21,1,0,0,0,0,G,13,18
6458,23.12.2016.,10:10:00,21,21,1,0,0,0,0,G,13,18
6459,23.12.2016.,10:15:00,21,21,1,0,0,0,0,G,13,18
6460,23.12.2016.,10:20:00,21,21,1,0,0,0,0,G,13,18
6461,23.12.2016.,10:25:00,21,21,1,0,0,0,0,G,13,18
6462,23.12.2016.,10:30:00,21,21,1,0,0,0,0,G,13,18
6463,23.12.2016.,10:35:00,21,21,1,0,0,0,0,G,13,18
6464,23.12.2016.,10:40:00,21,21,1,0,0,0,0,G,13,18
6465,23.12.2016.,10:45:00,21,21,1,0,0,0,0,G,13,18
6466,23.12.2016.,10:50:00,21,21,1,0,0,0,0,G,13,18
6467,23.12.2016.,10:55:00,21,21,1,0,0,0,0,G,13,18
6468,23.12.2016.,11:00:00,21,21,1,0,0,0,0,G,13,18
6469,23.12.2016.,11:05:00,21,21,1,0,0,0,0,G,13,18
6470,23.12.2016.,11:10:00,21,21,1,0,0,0,0,G,13,18
6471,23.12.2016.,11:15:00,21,21,1,0,0,0,0,G,13,18
6472,23.12.2016.,11:20:00,21,21,1,0,1,0,0,G,13,18
6473,23.12.2016.,11:25:00,21,21,1,0,1,0,0,G,13,18
6474,23.12.2016.,11:30:00,21,21,1,0,1,0,0,G,13,18
6475,23.12.2016.,11:35:00,21,21,1,0,1,0,0,G,13,18
6476,23.12.2016.,11:40:00,21,21,1,0,1,0,0,G,13,18
6477,23.12.2016.,11:45:00,21,21,1,0,1,0,0,G,13,18
6478,23.12.2016.,11:50:00,21,21,1,0,1,0,0,G,13,18
6479,23.12.2016.,11:55:00,21,21,1,0,1,0,0,G,13,18
6480,23.12.2016.,12:00:00,21,21,1,0,1,0,0,G,13,18
6481,23.12.2016.,12:05:00,21,21,1,0,1,0,0,G,13,18
6482,23.12.2016.,12:10:00,21,21,1,0,1,0,0,G,13,18
6483,23.12.2016.,12:15:00,21,21,1,0,1,0,0,G,13,18
6484,23.12.2016.,12:20:00,21,21,1,0,1,0,0,G,13,18
6485,23.12.2016.,12:25:00,21,21,1,0,1,0,0,G,13,18
6486,23.12.2016.,12:30:00,21,21,1,0,1,0,0,G,13,18
6487,23.12.2016.,12:35:00,21,21,1,0,1,0,0,G,13,18
6488,23.12.2016.,12:40:00,21,21,1,1,1,0,0,G,13,18
6489,23.12.2016.,12:45:00,21,21,1,1,1,0,0,G,13,18
6490,23.12.2016.,12:50:00,21,21,1,1,1,0,0,G,13,18
6491,23.12.2016.,12:55:00,21,21,1,1,1,0,0,G,13,18
6492,23.12.2016.,13:00:00,21,21,1,1,1,0,0,G,13,18
6493,23.12.2016.,13:05:00,21,21,1,1,1,0,0,G,13,18
6494,23.12.2016.,13:10:00,21,21,1,1,1,0,0,G,13,18
6495,23.12.2016.,13:15:00,21,21,1,1,1,0,0,G,13,18
6496,23.12.2016.,13:20:00,21,21,1,1,1,0,0,G,13,18
6497,23.12.2016.,13:25:00,21,21,1,1,1,0,0,G,13,18
6498,23.12.2016.,13:30:00,21,21,1,0,1,0,0,G,13,18
6499,23.12.2016.,13:35:00,21,21,1,0,1,0,0,G,13,18
6500,23.12.2016.,13:40:00,21,21,1,0,1,0,0,G,13,18
6501,23.12.2016.,13:45:00,21,21,1,0,1,0,0,G,13,18
6502,23.12.2016.,13:50:00,21,21,1,0,1,0,0,G,13,18
6503,23.12.2016.,13:55:00,21,21,1,0,1,0,0,G,13,18
6504,23.12.2016.,14:00:00,21,21,1,0,1,0,0,G,13,18
6505,23.12.2016.,14:05:00,21,21,1,0,1,0,0,G,13,18
6506,23.12.2016.,14:10:00,21,20,1,0,1,0,0,G,13,18
6507,23.12.2016.,14:15:00,21,20,1,0,1,0,0,G,13,18
6508,23.12.2016.,14:20:00,21,20,1,0,1,0,0,G,13,18
6509,23.12.2016.,14:25:00,21,20,1,1,1,0,0,G,13,18
6510,23.12.2016.,14:30:00,21,20,1,1,1,0,0,G,13,18
6511,23.12.2016.,14:35:00,21,20,1,1,1,0,0,G,13,18
6512,23.12.2016.,14:40:00,21,20,1,1,1,0,0,G,13,18
6513,23.12.2016.,14:45:00,21,20,1,1,1,0,0,G,13,18
6514,23.12.2016.,14:50:00,21,20,1,1,1,0,0,G,13,18
6515,23.12.2016.,14:55:00,21,20,1,1,1,0,0,G,13,18
6516,23.12.2016.,15:00:00,21,20,1,1,1,0,0,G,13,18
6517,23.12.2016.,15:05:00,21,20,1,1,1,0,0,G,13,18
6518,23.12.2016.,15:10:00,21,20,1,1,1,0,0,G,13,18
6519,23.12.2016.,15:15:00,21,20,1,1,1,0,0,G,13,18
6520,23.12.2016.,15:20:00,21,20,1,1,1,0,0,G,13,18
6521,23.12.2016.,15:25:00,21,20,1,1,1,0,0,G,13,18
6522,23.12.2016.,15:30:00,21,20,1,1,1,0,0,G,13,18
6523,23.12.2016.,15:35:00,21,20,1,1,1,0,0,G,13,18
6524,23.12.2016.,15:40:00,23,20,1,2,1,1,0,G,16,18
6525,23.12.2016.,15:45:00,23,21,1,2,1,1,0,G,16,18
6526,23.12.2016.,15:50:00,23,21,1,2,1,0,0,G,16,18
6527,23.12.2016.,15:55:00,21,21,1,0,0,0,0,G,13,18
6528,23.12.2016.,16:00:00,21,21,1,0,0,0,0,G,13,18
6529,23.12.2016.,16:05:00,21,21,1,0,0,0,0,G,13,18
6530,23.12.2016.,16:10:00,21,21,1,0,0,0,0,G,13,18
6531,23.12.2016.,16:15:00,21,21,1,0,0,0,0,G,13,18
6532,23.12.2016.,16:20:00,21,21,1,0,0,0,0,G,13,18
6533,23.12.2016.,16:25:00,21,21,1,0,0,0,0,G,13,18
6534,23.12.2016.,16:30:00,21,21,1,0,0,0,0,G,13,18
6535,23.12.2016.,16:35:00,21,21,1,0,0,0,0,G,13,18
6536,23.12.2016.,16:40:00,21,21,1,0,0,0,0,G,13,18
6537,23.12.2016.,16:45:00,21,21,1,0,0,0,0,G,13,18
6538,23.12.2016.,16:50:00,21,21,1,0,0,0,0,G,13,18
6539,23.12.2016.,16:55:00,21,21,1,0,0,0,0,G,13,18
6540,23.12.2016.,17:00:00,21,21,1,0,0,0,0,G,13,18
6541,23.12.2016.,17:05:00,21,21,1,0,0,0,0,G,13,18
6542,23.12.2016.,17:10:00,21,21,1,0,1,0,0,G,13,18
6543,23.12.2016.,17:15:00,21,21,1,0,1,0,0,G,13,18
6544,23.12.2016.,17:20:00,21,21,1,0,1,0,0,G,13,18
6545,23.12.2016.,17:25:00,21,20,1,0,1,0,0,G,13,18
6546,23.12.2016.,17:30:00,21,20,1,0,1,0,0,G,13,18
6547,23.12.2016.,17:35:00,21,20,1,0,1,0,0,G,13,18
6548,23.12.2016.,17:40:00,21,20,1,1,1,0,0,G,13,18
6549,23.12.2016.,17:45:00,21,20,1,1,1,0,0,G,13,18
6550,23.12.2016.,17:50:00,21,20,1,1,1,0,0,G,13,18
6551,23.12.2016.,17:55:00,21,20,1,1,1,0,0,G,13,18
6552,23.12.2016.,18:00:00,21,20,1,1,1,0,0,G,13,18
6553,23.12.2016.,18:05:00,21,20,1,1,1,0,0,G,13,18
6554,23.12.2016.,18:10:00,21,20,1,1,1,0,0,G,13,18
6555,23.12.2016.,18:15:00,21,20,1,1,1,0,0,G,13,18
6556,23.12.2016.,18:20:00,21,20,1,1,1,0,0,G,13,18
6557,23.12.2016.,18:25:00,21,20,1,1,1,0,0,G,13,18
6558,23.12.2016.,18:30:00,21,20,1,1,1,0,0,G,13,18
6559,23.12.2016.,18:35:00,21,20,1,1,1,0,0,G,13,18
6560,23.12.2016.,18:40:00,21,20,1,1,1,0,0,G,13,18
6561,23.12.2016.,18:45:00,21,20,1,1,1,0,0,G,13,18
6562,23.12.2016.,18:50:00,21,20,1,1,1,0,0,G,13,18
6563,23.12.2016.,18:55:00,21,20,1,1,1,0,0,G,13,18
6564,23.12.2016.,19:00:00,21,20,1,1,1,0,0,G,13,18
6565,23.12.2016.,19:05:00,21,20,1,1,1,0,0,G,13,18
6566,23.12.2016.,19:10:00,21,20,1,1,1,0,0,G,13,18
6567,23.12.2016.,19:15:00,21,20,1,1,1,0,0,G,13,18
6568,23.12.2016.,19:20:00,21,20,1,1,1,0,0,G,13,18
6569,23.12.2016.,19:25:00,21,20,1,1,1,0,0,G,13,18
6570,23.12.2016.,19:30:00,21,20,1,1,1,0,0,G,13,18
6571,23.12.2016.,19:35:00,21,20,1,1,1,0,0,G,13,18
6572,23.12.2016.,19:40:00,21,20,1,1,1,0,0,G,13,18
6573,23.12.2016.,19:45:00,21,20,1,1,1,0,0,G,13,18
6574,23.12.2016.,19:50:00,21,20,1,1,1,0,0,G,13,18
6575,23.12.2016.,19:55:00,21,20,1,1,1,0,0,G,13,18
6576,23.12.2016.,20:00:00,21,20,1,1,1,0,0,G,13,18
6577,23.12.2016.,20:05:00,21,20,1,1,1,0,0,G,13,18
6578,23.12.2016.,20:10:00,21,20,1,1,1,0,0,G,13,18
6579,23.12.2016.,20:15:00,21,20,1,1,1,0,0,G,13,18
6580,23.12.2016.,20:20:00,21,20,1,1,1,0,0,G,13,18
6581,23.12.2016.,20:25:00,21,20,1,1,1,0,0,G,13,18
6582,23.12.2016.,20:30:00,21,20,1,1,1,0,0,G,13,18
6583,23.12.2016.,20:35:00,21,20,1,1,1,0,0,G,13,18
6584,23.12.2016.,20:40:00,21,20,1,1,1,0,0,G,13,18
6585,23.12.2016.,20:45:00,21,20,1,1,1,0,0,G,13,18
6586,23.12.2016.,20:50:00,21,20,1,1,1,0,0,G,13,18
6587,23.12.2016.,20:55:00,21,20,1,1,1,0,0,G,13,18
6588,23.12.2016.,21:00:00,21,20,1,1,1,0,0,G,13,18
6589,23.12.2016.,21:05:00,21,20,1,1,1,0,0,G,13,18
6590,23.12.2016.,21:10:00,21,20,1,1,1,0,0,G,13,18
6591,23.12.2016.,21:15:00,21,20,1,1,1,0,0,G,13,18
6592,23.12.2016.,21:20:00,21,20,1,1,1,0,0,G,13,18
6593,23.12.2016.,21:25:00,21,20,1,1,1,0,0,G,13,18
6594,23.12.2016.,21:30:00,21,20,1,1,1,0,0,G,13,18
6595,23.12.2016.,21:35:00,21,20,1,1,1,0,0,G,13,18
6596,23.12.2016.,21:40:00,21,20,1,1,1,0,0,G,13,18
6597,23.12.2016.,21:45:00,21,20,1,1,1,0,0,G,13,18
6598,23.12.2016.,21:50:00,21,20,1,1,1,0,0,G,13,18
6599,23.12.2016.,21:55:00,21,20,1,1,1,0,0,G,13,18
6600,23.12.2016.,22:00:00,21,20,1,1,1,0,0,G,13,18
6601,23.12.2016.,22:05:00,21,20,1,1,1,0,0,G,13,18
6602,23.12.2016.,22:10:00,21,20,1,1,1,0,0,G,13,18
6603,23.12.2016.,22:15:00,21,20,1,1,1,0,0,G,13,18
6604,23.12.2016.,22:20:00,21,20,1,1,1,0,0,G,13,18
6605,23.12.2016.,22:25:00,21,20,1,1,1,0,0,G,13,18
6606,23.12.2016.,22:30:00,21,20,1,1,1,0,0,G,13,18
6607,23.12.2016.,22:35:00,21,20,1,1,1,0,0,G,13,18
6608,23.12.2016.,22:40:00,21,20,1,1,1,0,0,G,13,18
6609,23.12.2016.,22:45:00,21,20,1,1,1,0,0,G,13,18
6610,23.12.2016.,22:50:00,21,20,1,1,1,0,0,G,13,18
6611,23.12.2016.,22:55:00,21,20,1,1,1,0,0,G,13,18
6612,23.12.2016.,23:00:00,21,20,1,1,1,0,0,G,13,18
6613,23.12.2016.,23:05:00,21,20,1,1,1,0,0,G,13,18
6614,23.12.2016.,23:10:00,21,20,1,1,1,0,0,G,13,18
6615,23.12.2016.,23:15:00,21,20,1,1,1,0,0,G,13,18
6616,23.12.2016.,23:20:00,21,20,1,1,1,0,0,G,13,18
6617,23.12.2016.,23:25:00,21,20,1,1,1,0,0,G,13,18
6618,23.12.2016.,23:30:00,21,20,1,1,1,0,0,G,13,18
6619,23.12.2016.,23:35:00,21,20,1,1,1,0,0,G,13,18
6620,23.12.2016.,23:40:00,21,20,1,1,1,0,0,G,13,18
6621,23.12.2016.,23:45:00,21,20,1,1,1,0,0,G,13,18
6622,23.12.2016.,23:50:00,21,20,1,0,1,0,0,G,13,18
6623,23.12.2016.,23:55:00,21,20,1,0,1,0,0,G,13,18
6624,24.12.2016.,00:00:00,21,21,1,0,0,0,0,G,13,18
6625,24.12.2016.,00:05:00,21,21,1,0,0,0,0,G,13,18
6626,24.12.2016.,00:10:00,21,21,1,0,0,0,0,G,13,18
6627,24.12.2016.,00:15:00,21,21,1,0,0,0,0,G,13,18
6628,24.12.2016.,00:20:00,21,21,1,0,0,0,0,G,13,18
6629,24.12.2016.,00:25:00,21,21,1,0,0,0,0,G,13,18
6630,24.12.2016.,00:30:00,21,21,1,0,0,0,0,G,13,18
6631,24.12.2016.,00:35:00,21,21,1,0,0,0,0,G,13,18
6632,24.12.2016.,00:40:00,21,21,1,0,0,0,0,G,13,18
6633,24.12.2016.,00:45:00,21,21,1,0,0,0,0,G,13,18
6634,24.12.2016.,00:50:00,21,21,1,0,1,0,0,G,13,18
6635,24.12.2016.,00:55:00,21,21,1,0,1,0,0,G,13,18
6636,24.12.2016.,01:00:00,21,21,1,0,1,0,0,G,13,18
6637,24.12.2016.,01:05:00,21,21,1,0,1,0,0,G,13,18
6638,24.12.2016.,01:10:00,21,21,1,0,1,0,0,G,13,18
6639,24.12.2016.,01:15:00,21,21,1,0,1,0,0,G,13,18
6640,24.12.2016.,01:20:00,21,21,1,0,1,0,0,G,13,18
6641,24.12.2016.,01:25:00,21,21,1,0,1,0,0,G,13,18
6642,24.12.2016.,01:30:00,21,21,1,0,1,0,0,G,13,18
6643,24.12.2016.,01:35:00,21,21,1,0,1,0,0,G,13,18
6644,24.12.2016.,01:40:00,21,21,1,0,1,0,0,G,13,18
6645,24.12.2016.,01:45:00,21,21,1,0,1,0,0,G,13,18
6646,24.12.2016.,01:50:00,21,21,1,0,1,0,0,G,13,18
6647,24.12.2016.,01:55:00,21,21,1,0,1,0,0,G,13,18
6648,24.12.2016.,02:00:00,21,21,1,0,1,0,0,G,13,18
6649,24.12.2016.,02:05:00,21,21,1,0,1,0,0,G,13,18
6650,24.12.2016.,02:10:00,21,21,1,0,1,0,0,G,13,18
6651,24.12.2016.,02:15:00,21,21,1,0,1,0,0,G,13,18
6652,24.12.2016.,02:20:00,21,21,1,0,1,0,0,G,13,18
6653,24.12.2016.,02:25:00,21,21,1,0,1,0,0,G,13,18
6654,24.12.2016.,02:30:00,21,21,1,0,1,0,0,G,13,18
6655,24.12.2016.,02:35:00,21,21,1,0,1,0,0,G,13,18
6656,24.12.2016.,02:40:00,21,21,1,0,1,0,0,G,13,18
6657,24.12.2016.,02:45:00,21,21,1,0,1,0,0,G,13,17
6658,24.12.2016.,02:50:00,21,21,1,0,1,0,0,G,13,17
6659,24.12.2016.,02:55:00,21,21,1,0,1,0,0,G,13,17
6660,24.12.2016.,03:00:00,21,21,1,0,1,0,0,G,13,17
6661,24.12.2016.,03:05:00,21,21,1,0,1,0,0,G,13,17
6662,24.12.2016.,03:10:00,21,20,1,0,1,0,0,G,13,17
6663,24.12.2016.,03:15:00,21,20,1,1,1,0,0,G,13,17
6664,24.12.2016.,03:20:00,21,20,1,1,1,0,0,G,13,17
6665,24.12.2016.,03:25:00,21,20,1,1,1,0,0,G,13,17
6666,24.12.2016.,03:30:00,21,20,1,1,1,0,0,G,13,17
6667,24.12.2016.,03:35:00,21,20,1,1,1,0,0,G,13,17
6668,24.12.2016.,03:40:00,21,20,1,1,1,0,0,G,13,17
6669,24.12.2016.,03:45:00,21,20,1,1,1,0,0,G,13,17
6670,24.12.2016.,03:50:00,21,20,1,1,1,0,0,G,13,17
6671,24.12.2016.,03:55:00,21,20,1,1,1,0,0,G,13,17
6672,24.12.2016.,04:00:00,21,20,1,1,1,0,0,G,13,17
6673,24.12.2016.,04:05:00,21,20,1,1,1,0,0,G,13,17
6674,24.12.2016.,04:10:00,21,20,1,1,1,0,0,G,13,17
6675,24.12.2016.,04:15:00,21,20,1,1,1,0,0,G,13,17
6676,24.12.2016.,04:20:00,21,20,1,1,1,0,0,G,13,17
6677,24.12.2016.,04:25:00,21,20,1,1,1,0,0,G,13,17
6678,24.12.2016.,04:30:00,21,20,1,1,1,0,0,G,13,17
6679,24.12.2016.,04:35:00,21,20,1,1,1,0,0,G,13,17
6680,24.12.2016.,04:40:00,21,20,1,1,1,0,0,G,13,17
6681,24.12.2016.,04:45:00,21,20,1,1,1,0,0,G,13,17
6682,24.12.2016.,04:50:00,21,20,1,1,1,0,0,G,13,17
6683,24.12.2016.,04:55:00,21,20,1,1,1,0,0,G,13,17
6684,24.12.2016.,05:00:00,21,20,1,1,1,0,0,G,13,17
6685,24.12.2016.,05:05:00,21,20,1,1,1,0,0,G,13,17
6686,24.12.2016.,05:10:00,21,20,1,1,1,0,0,G,13,17
6687,24.12.2016.,05:15:00,21,20,1,1,1,0,0,G,13,17
6688,24.12.2016.,05:20:00,21,20,1,1,1,0,0,G,13,17
6689,24.12.2016.,05:25:00,21,20,1,1,1,0,0,G,13,17
6690,24.12.2016.,05:30:00,21,20,1,1,1,0,0,G,13,18
6691,24.12.2016.,05:35:00,21,20,1,1,1,0,0,G,13,17
6692,24.12.2016.,05:40:00,21,20,1,1,1,0,0,G,13,17
6693,24.12.2016.,05:45:00,21,20,1,1,1,0,0,G,13,17
6694,24.12.2016.,05:50:00,21,20,1,1,1,0,0,G,13,17
6695,24.12.2016.,05:55:00,21,20,1,1,1,0,0,G,13,17
6696,24.12.2016.,06:00:00,21,20,1,1,1,0,0,G,13,17
6697,24.12.2016.,06:05:00,21,20,1,1,1,0,0,G,13,17
6698,24.12.2016.,06:10:00,21,20,1,1,1,0,0,G,13,17
6699,24.12.2016.,06:15:00,21,20,1,1,1,0,0,G,13,17
6700,24.12.2016.,06:20:00,21,20,1,1,1,0,0,G,13,17
6701,24.12.2016.,06:25:00,21,20,1,1,1,0,0,G,13,17
6702,24.12.2016.,06:30:00,21,20,1,1,1,0,0,G,13,17
6703,24.12.2016.,06:35:00,21,20,1,1,1,0,0,G,13,17
6704,24.12.2016.,06:40:00,21,20,1,1,1,0,0,G,13,17
6705,24.12.2016.,06:45:00,21,20,1,1,1,0,0,G,13,17
6706,24.12.2016.,06:50:00,21,20,1,1,1,0,0,G,13,17
6707,24.12.2016.,06:55:00,21,20,1,1,1,0,0,G,13,17
6708,24.12.2016.,07:00:00,21,20,1,1,1,0,0,G,13,17
6709,24.12.2016.,07:05:00,21,20,1,1,1,0,0,G,13,17
6710,24.12.2016.,07:10:00,21,20,1,1,1,0,0,G,13,17
6711,24.12.2016.,07:15:00,21,20,1,1,1,0,0,G,13,17
6712,24.12.2016.,07:20:00,21,20,1,1,1,0,0,G,13,17
6713,24.12.2016.,07:25:00,21,20,1,1,1,0,0,G,13,17
6714,24.12.2016.,07:30:00,21,20,1,1,1,0,0,G,13,17
6715,24.12.2016.,07:35:00,21,20,1,1,1,0,0,G,13,17
6716,24.12.2016.,07:40:00,21,20,1,1,1,0,0,G,13,17
6717,24.12.2016.,07:45:00,21,20,1,1,1,0,0,G,13,17
6718,24.12.2016.,07:50:00,21,20,1,1,1,0,0,G,13,17
6719,24.12.2016.,07:55:00,21,20,1,1,1,0,0,G,13,17
6720,24.12.2016.,08:00:00,21,20,1,1,1,0,0,G,13,17
6721,24.12.2016.,08:05:00,21,20,1,1,1,0,0,G,13,17
6722,24.12.2016.,08:10:00,21,20,1,1,1,0,0,G,13,17
6723,24.12.2016.,08:15:00,21,20,1,1,1,0,0,G,13,17
6724,24.12.2016.,08:20:00,21,20,1,1,1,0,0,G,13,17
6725,24.12.2016.,08:25:00,21,20,1,1,1,0,0,G,13,17
6726,24.12.2016.,08:30:00,21,20,1,1,1,0,0,G,13,17
6727,24.12.2016.,08:35:00,21,20,1,1,1,0,0,G,13,17
6728,24.12.2016.,08:40:00,21,20,1,1,1,0,0,G,13,17
6729,24.12.2016.,08:45:00,21,20,1,1,1,0,0,G,13,17
6730,24.12.2016.,08:50:00,21,20,1,1,1,0,0,G,13,17
6731,24.12.2016.,08:55:00,21,20,1,1,1,0,0,G,13,17
6732,24.12.2016.,09:00:00,21,20,1,0,1,0,0,G,13,17
6733,24.12.2016.,09:05:00,21,20,1,0,1,0,0,G,13,17
6734,24.12.2016.,09:10:00,21,20,1,0,1,0,0,G,13,17
6735,24.12.2016.,09:15:00,21,20,1,0,1,0,0,G,13,17
6736,24.12.2016.,09:20:00,21,20,1,0,1,0,0,G,13,17
6737,24.12.2016.,09:25:00,21,20,1,0,1,0,0,G,13,17
6738,24.12.2016.,09:30:00,21,20,1,0,1,0,0,G,13,17
6739,24.12.2016.,09:35:00,21,20,1,0,1,0,0,G,13,17
6740,24.12.2016.,09:40:00,21,20,1,0,1,0,0,G,13,17
6741,24.12.2016.,09:45:00,21,20,1,0,1,0,0,G,13,17
6742,24.12.2016.,09:50:00,21,20,1,0,1,0,0,G,13,17
6743,24.12.2016.,09:55:00,21,20,1,0,1,0,0,G,13,17
6744,24.12.2016.,10:00:00,21,20,1,0,1,0,0,G,13,17
6745,24.12.2016.,10:05:00,21,20,1,0,1,0,0,G,13,17
6746,24.12.2016.,10:10:00,21,20,1,0,1,0,0,G,13,17
6747,24.12.2016.,10:15:00,21,20,1,0,1,0,0,G,13,17
6748,24.12.2016.,10:20:00,21,20,1,0,1,0,0,G,13,17
6749,24.12.2016.,10:25:00,21,20,1,0,1,0,0,G,13,17
6750,24.12.2016.,10:30:00,21,20,1,0,1,0,0,G,13,17
6751,24.12.2016.,10:35:00,21,20,1,0,1,0,0,G,13,17
6752,24.12.2016.,10:40:00,21,20,1,0,1,0,0,G,13,17
6753,24.12.2016.,10:45:00,21,20,1,0,1,0,0,G,13,17
6754,24.12.2016.,10:50:00,21,20,1,0,1,0,0,G,13,17
6755,24.12.2016.,10:55:00,21,20,1,1,1,0,0,G,13,17
6756,24.12.2016.,11:00:00,21,20,1,1,1,0,0,G,13,17
6757,24.12.2016.,11:05:00,21,20,1,1,1,0,0,G,13,17
6758,24.12.2016.,11:10:00,21,20,1,1,1,0,0,G,13,17
6759,24.12.2016.,11:15:00,21,20,1,1,1,0,0,G,13,17
6760,24.12.2016.,11:20:00,21,20,1,1,1,0,0,G,13,17
6761,24.12.2016.,11:25:00,21,20,1,1,1,0,0,G,13,17
6762,24.12.2016.,11:30:00,21,20,1,1,1,0,0,G,13,17
6763,24.12.2016.,11:35:00,21,20,1,1,1,0,0,G,13,17
6764,24.12.2016.,11:40:00,21,20,1,1,1,0,0,G,13,17
6765,24.12.2016.,11:45:00,21,20,1,1,1,0,0,G,13,17
6766,24.12.2016.,11:50:00,21,20,1,1,1,0,0,G,13,17
6767,24.12.2016.,11:55:00,21,20,1,1,1,0,0,G,13,17
6768,24.12.2016.,12:00:00,21,20,1,1,1,0,0,G,13,17
6769,24.12.2016.,12:05:00,21,20,1,1,1,0,0,G,13,17
6770,24.12.2016.,12:10:00,21,20,1,1,1,0,0,G,13,17
6771,24.12.2016.,12:15:00,21,20,1,1,1,0,0,G,13,17
6772,24.12.2016.,12:20:00,21,20,1,1,1,0,0,G,13,17
6773,24.12.2016.,12:25:00,21,20,1,1,1,0,0,G,13,17
6774,24.12.2016.,12:30:00,21,20,1,1,1,0,0,G,13,17
6775,24.12.2016.,12:35:00,21,20,1,1,1,0,0,G,13,17
6776,24.12.2016.,12:40:00,21,20,1,1,1,0,0,G,13,17
6777,24.12.2016.,12:45:00,21,20,1,1,1,0,0,G,13,17
6778,24.12.2016.,12:50:00,21,20,1,1,1,0,0,G,13,17
6779,24.12.2016.,12:55:00,21,20,1,1,1,0,0,G,13,17
6780,24.12.2016.,13:00:00,21,20,1,1,1,0,0,G,13,17
6781,24.12.2016.,13:05:00,21,20,1,1,1,0,0,G,13,17
6782,24.12.2016.,13:10:00,21,20,1,1,1,0,0,G,13,18
6783,24.12.2016.,13:15:00,21,20,1,1,1,0,0,G,13,17
6784,24.12.2016.,13:20:00,21,20,1,1,1,0,0,G,13,17
6785,24.12.2016.,13:25:00,21,20,1,1,1,0,0,G,13,17
6786,24.12.2016.,13:30:00,21,20,1,1,1,0,0,G,13,17
6787,24.12.2016.,13:35:00,21,20,1,1,1,0,0,G,13,17
6788,24.12.2016.,13:40:00,21,20,1,1,1,0,0,G,13,17
6789,24.12.2016.,13:45:00,21,20,1,1,1,0,0,G,13,17
6790,24.12.2016.,13:50:00,21,20,1,1,1,0,0,G,13,18
6791,24.12.2016.,13:55:00,21,20,1,1,1,0,0,G,13,18
6792,24.12.2016.,14:00:00,21,20,1,1,1,0,0,G,13,18
6793,24.12.2016.,14:05:00,21,20,1,1,1,0,0,G,13,18
6794,24.12.2016.,14:10:00,21,20,1,0,1,0,0,G,13,18
6795,24.12.2016.,14:15:00,21,20,1,0,1,0,0,G,13,18
6796,24.12.2016.,14:20:00,21,20,1,0,1,0,0,G,13,18
6797,24.12.2016.,14:25:00,21,20,1,0,1,0,0,G,13,18
6798,24.12.2016.,14:30:00,21,20,1,0,1,0,0,G,13,18
6799,24.12.2016.,14:35:00,21,20,1,0,1,0,0,G,13,18
6800,24.12.2016.,14:40:00,21,20,1,0,1,0,0,G,13,18
6801,24.12.2016.,14:45:00,21,20,1,0,1,0,0,G,13,18
6802,24.12.2016.,14:50:00,21,20,1,0,1,0,0,G,13,18
6803,24.12.2016.,14:55:00,21,20,1,0,1,0,0,G,13,18
6804,24.12.2016.,15:00:00,21,20,1,0,1,0,0,G,13,18
6805,24.12.2016.,15:05:00,21,20,1,0,1,0,0,G,13,18
6806,24.12.2016.,15:10:00,21,20,1,0,1,0,0,G,13,18
6807,24.12.2016.,15:15:00,21,21,1,0,1,0,0,G,13,18
6808,24.12.2016.,15:20:00,21,21,1,0,1,0,0,G,13,18
6809,24.12.2016.,15:25:00,21,21,1,0,1,0,0,G,13,18
6810,24.12.2016.,15:30:00,21,21,1,0,1,0,0,G,13,18
6811,24.12.2016.,15:35:00,21,21,1,0,1,0,0,G,13,18
6812,24.12.2016.,15:40:00,21,21,1,0,1,0,0,G,13,18
6813,24.12.2016.,15:45:00,21,21,1,0,1,0,0,G,13,18
6814,24.12.2016.,15:50:00,21,21,1,0,0,0,0,G,13,18
6815,24.12.2016.,15:55:00,21,21,1,0,0,0,0,G,13,18
6816,24.12.2016.,16:00:00,21,21,1,0,0,0,0,G,13,18
6817,24.12.2016.,16:05:00,21,21,1,0,0,0,0,G,13,18
6818,24.12.2016.,16:10:00,21,21,1,0,0,0,0,G,13,18
6819,24.12.2016.,16:15:00,21,21,1,0,0,0,0,G,13,18
6820,24.12.2016.,16:20:00,21,21,1,0,0,0,0,G,13,18
6821,24.12.2016.,16:25:00,21,21,1,0,0,0,0,G,13,18
6822,24.12.2016.,16:30:00,21,21,1,0,0,0,0,G,13,18
6823,24.12.2016.,16:35:00,21,21,1,0,0,0,0,G,13,18
6824,24.12.2016.,16:40:00,21,21,1,0,0,0,0,G,13,18
6825,24.12.2016.,16:45:00,21,21,1,0,0,0,0,G,13,18
6826,24.12.2016.,16:50:00,21,21,1,0,0,0,0,G,13,18
6827,24.12.2016.,16:55:00,21,21,1,0,0,0,0,G,13,18
6828,24.12.2016.,17:00:00,21,21,1,0,0,0,0,G,13,18
6829,24.12.2016.,17:05:00,21,21,1,0,0,0,0,G,13,18
6830,24.12.2016.,17:10:00,21,21,1,0,0,0,0,G,13,18
6831,24.12.2016.,17:15:00,21,21,1,0,1,0,0,G,13,18
6832,24.12.2016.,17:20:00,21,21,1,0,1,0,0,G,13,18
6833,24.12.2016.,17:25:00,21,21,1,0,1,0,0,G,13,18
6834,24.12.2016.,17:30:00,21,20,1,0,1,0,0,G,13,18
6835,24.12.2016.,17:35:00,21,20,1,0,1,0,0,G,13,18
6836,24.12.2016.,17:40:00,21,20,1,0,1,0,0,G,13,18
6837,24.12.2016.,17:45:00,21,20,1,0,1,0,0,G,13,18
6838,24.12.2016.,17:50:00,21,20,1,1,1,0,0,G,13,18
6839,24.12.2016.,17:55:00,21,20,1,1,1,0,0,G,13,18
6840,24.12.2016.,18:00:00,21,20,1,1,1,0,0,G,13,18
6841,24.12.2016.,18:05:00,21,20,1,1,1,0,0,G,13,17
6842,24.12.2016.,18:10:00,21,20,1,1,1,0,0,G,13,18
6843,24.12.2016.,18:15:00,21,20,1,1,1,0,0,G,13,17
6844,24.12.2016.,18:20:00,21,20,1,1,1,0,0,G,13,18
6845,24.12.2016.,18:25:00,21,20,1,1,1,0,0,G,13,17
6846,24.12.2016.,18:30:00,21,20,1,1,1,0,0,G,13,17
6847,24.12.2016.,18:35:00,21,20,1,1,1,0,0,G,13,17
6848,24.12.2016.,18:40:00,21,20,1,1,1,0,0,G,13,17
6849,24.12.2016.,18:45:00,21,20,1,1,1,0,0,G,13,17
6850,24.12.2016.,18:50:00,21,20,1,1,1,0,0,G,13,17
6851,24.12.2016.,18:55:00,21,20,1,1,1,0,0,G,13,17
6852,24.12.2016.,19:00:00,21,20,1,1,1,0,0,G,13,17
6853,24.12.2016.,19:05:00,21,20,1,1,1,0,0,G,13,17
6854,24.12.2016.,19:10:00,21,20,1,1,1,0,0,G,13,17
6855,24.12.2016.,19:15:00,21,20,1,1,1,0,0,G,13,17
6856,24.12.2016.,19:20:00,21,20,1,1,1,0,0,G,13,17
6857,24.12.2016.,19:25:00,21,20,1,1,1,0,0,G,13,17
6858,24.12.2016.,19:30:00,21,20,1,1,1,0,0,G,13,17
6859,24.12.2016.,19:35:00,21,20,1,1,1,0,0,G,13,17
6860,24.12.2016.,19:40:00,21,20,1,1,1,0,0,G,13,17
6861,24.12.2016.,19:45:00,21,20,1,1,1,0,0,G,13,17
6862,24.12.2016.,19:50:00,21,20,1,1,1,0,0,G,13,17
6863,24.12.2016.,19:55:00,21,20,1,1,1,0,0,G,13,17
6864,24.12.2016.,20:00:00,21,20,1,1,1,0,0,G,13,18
6865,24.12.2016.,20:05:00,21,20,1,1,1,0,0,G,13,17
6866,24.12.2016.,20:10:00,21,20,1,1,1,0,0,G,13,17
6867,24.12.2016.,20:15:00,21,20,1,1,1,0,0,G,13,17
6868,24.12.2016.,20:20:00,21,20,1,1,1,0,0,G,13,17
6869,24.12.2016.,20:25:00,21,20,1,1,1,0,0,G,13,18
6870,24.12.2016.,20:30:00,21,20,1,1,1,0,0,G,13,18
6871,24.12.2016.,20:35:00,21,20,1,1,1,0,0,G,13,18
6872,24.12.2016.,20:40:00,21,20,1,1,1,0,0,G,13,18
6873,24.12.2016.,20:45:00,21,20,1,1,1,0,0,G,13,18
6874,24.12.2016.,20:50:00,21,20,1,1,1,0,0,G,13,18
6875,24.12.2016.,20:55:00,21,20,1,0,1,0,0,G,13,18
6876,24.12.2016.,21:00:00,21,20,1,1,1,0,0,G,13,18
6877,24.12.2016.,21:05:00,21,20,1,1,1,0,0,G,13,18
6878,24.12.2016.,21:10:00,21,20,1,1,1,0,0,G,13,18
6879,24.12.2016.,21:15:00,21,20,1,1,1,0,0,G,13,18
6880,24.12.2016.,21:20:00,21,20,1,1,1,0,0,G,13,18
6881,24.12.2016.,21:25:00,21,20,1,1,1,0,0,G,13,18
6882,24.12.2016.,21:30:00,21,20,1,1,1,0,0,G,13,18
6883,24.12.2016.,21:35:00,21,20,1,1,1,0,0,G,13,18
6884,24.12.2016.,21:40:00,21,20,1,1,1,0,0,G,13,18
6885,24.12.2016.,21:45:00,21,20,1,1,1,0,0,G,13,18
6886,24.12.2016.,21:50:00,21,20,1,1,1,0,0,G,13,18
6887,24.12.2016.,21:55:00,21,20,1,1,1,0,0,G,13,18
6888,24.12.2016.,22:00:00,21,20,1,1,1,0,0,G,13,18
6889,24.12.2016.,22:05:00,21,20,1,1,1,0,0,G,13,18
6890,24.12.2016.,22:10:00,21,20,1,1,1,0,0,G,13,18
6891,24.12.2016.,22:15:00,21,20,1,1,1,0,0,G,13,18
6892,24.12.2016.,22:20:00,21,20,1,1,1,0,0,G,13,18
6893,24.12.2016.,22:25:00,21,20,1,1,1,0,0,G,13,18
6894,24.12.2016.,22:30:00,21,20,1,1,1,0,0,G,13,18
6895,24.12.2016.,22:35:00,21,20,1,1,1,0,0,G,13,18
6896,24.12.2016.,22:40:00,21,20,1,1,1,0,0,G,13,18
6897,24.12.2016.,22:45:00,21,20,1,1,1,0,0,G,13,18
6898,24.12.2016.,22:50:00,21,20,1,1,1,0,0,G,13,18
6899,24.12.2016.,22:55:00,21,20,1,1,1,0,0,G,13,18
6900,24.12.2016.,23:00:00,21,20,1,1,1,0,0,G,13,18
6901,24.12.2016.,23:05:00,21,20,1,1,1,0,0,G,13,18
6902,24.12.2016.,23:10:00,21,20,1,1,1,0,0,G,13,18
6903,24.12.2016.,23:15:00,21,20,1,1,1,0,0,G,13,18
6904,24.12.2016.,23:20:00,21,20,1,1,1,0,0,G,13,18
6905,24.12.2016.,23:25:00,21,20,1,1,1,0,0,G,13,18
6906,24.12.2016.,23:30:00,21,20,1,0,1,0,0,G,13,18
6907,24.12.2016.,23:35:00,21,20,1,0,1,0,0,G,13,18
6908,24.12.2016.,23:40:00,21,20,1,0,1,0,0,G,13,18
6909,24.12.2016.,23:45:00,21,20,1,0,1,0,0,G,13,18
6910,24.12.2016.,23:50:00,21,21,1,0,0,0,0,G,13,18
6911,24.12.2016.,23:55:00,21,21,1,0,0,0,0,G,13,18
6912,25.12.2016.,00:00:00,21,21,1,0,0,0,0,G,13,18
6913,25.12.2016.,00:05:00,21,21,1,0,0,0,0,G,13,18
6914,25.12.2016.,00:10:00,21,21,1,0,0,0,0,G,13,18
6915,25.12.2016.,00:15:00,21,21,1,0,0,0,0,G,13,18
6916,25.12.2016.,00:20:00,21,21,1,0,0,0,0,G,13,18
6917,25.12.2016.,00:25:00,21,21,1,0,0,0,0,G,13,18
6918,25.12.2016.,00:30:00,21,21,1,0,0,0,0,G,13,18
6919,25.12.2016.,00:35:00,21,21,1,0,0,0,0,G,13,18
6920,25.12.2016.,00:40:00,21,21,1,0,0,0,0,G,13,18
6921,25.12.2016.,00:45:00,21,21,1,0,0,0,0,G,13,18
6922,25.12.2016.,00:50:00,21,21,1,0,0,0,0,G,13,18
6923,25.12.2016.,00:55:00,21,21,1,0,0,0,0,G,13,18
6924,25.12.2016.,01:00:00,21,21,1,0,1,0,0,G,13,18
6925,25.12.2016.,01:05:00,21,21,1,0,0,0,0,G,13,18
6926,25.12.2016.,01:10:00,21,21,1,0,1,0,0,G,13,18
6927,25.12.2016.,01:15:00,21,21,1,0,1,0,0,G,13,18
6928,25.12.2016.,01:20:00,21,21,1,0,1,0,0,G,13,18
6929,25.12.2016.,01:25:00,21,21,1,0,1,0,0,G,13,18
6930,25.12.2016.,01:30:00,21,21,1,0,1,0,0,G,13,18
6931,25.12.2016.,01:35:00,21,21,1,0,1,0,0,G,13,18
6932,25.12.2016.,01:40:00,21,21,1,0,1,0,0,G,13,17
6933,25.12.2016.,01:45:00,21,21,1,0,1,0,0,G,13,17
6934,25.12.2016.,01:50:00,21,21,1,0,1,0,0,G,13,17
6935,25.12.2016.,01:55:00,21,21,1,0,1,0,0,G,13,17
6936,25.12.2016.,02:00:00,21,21,1,0,1,0,0,G,13,18
6937,25.12.2016.,02:05:00,21,21,1,0,1,0,0,G,13,17
6938,25.12.2016.,02:10:00,21,21,1,0,1,0,0,G,13,17
6939,25.12.2016.,02:15:00,21,21,1,0,1,0,0,G,13,17
6940,25.12.2016.,02:20:00,21,21,1,0,1,0,0,G,13,17
6941,25.12.2016.,02:25:00,21,21,1,0,1,0,0,G,13,17
6942,25.12.2016.,02:30:00,21,21,1,0,1,0,0,G,13,17
6943,25.12.2016.,02:35:00,21,21,1,0,1,0,0,G,13,17
6944,25.12.2016.,02:40:00,21,21,1,0,1,0,0,G,13,17
6945,25.12.2016.,02:45:00,21,21,1,0,1,0,0,G,13,17
6946,25.12.2016.,02:50:00,21,21,1,0,1,0,0,G,13,17
6947,25.12.2016.,02:55:00,21,21,1,0,1,0,0,G,13,17
6948,25.12.2016.,03:00:00,21,21,1,0,1,0,0,G,13,17
6949,25.12.2016.,03:05:00,21,21,1,0,1,0,0,G,13,17
6950,25.12.2016.,03:10:00,21,20,1,0,1,0,0,G,13,17
6951,25.12.2016.,03:15:00,21,20,1,1,1,0,0,G,13,17
6952,25.12.2016.,03:20:00,21,20,1,1,1,0,0,G,13,17
6953,25.12.2016.,03:25:00,21,20,1,1,1,0,0,G,13,17
6954,25.12.2016.,03:30:00,21,20,1,1,1,0,0,G,13,17
6955,25.12.2016.,03:35:00,21,20,1,1,1,0,0,G,13,17
6956,25.12.2016.,03:40:00,21,20,1,1,1,0,0,G,13,17
6957,25.12.2016.,03:45:00,21,20,1,1,1,0,0,G,13,17
6958,25.12.2016.,03:50:00,21,20,1,1,1,0,0,G,13,17
6959,25.12.2016.,03:55:00,21,20,1,1,1,0,0,G,13,17
6960,25.12.2016.,04:00:00,21,20,1,1,1,0,0,G,13,17
6961,25.12.2016.,04:05:00,21,20,1,1,1,0,0,G,13,17
6962,25.12.2016.,04:10:00,21,20,1,1,1,0,0,G,13,17
6963,25.12.2016.,04:15:00,21,20,1,1,1,0,0,G,13,17
6964,25.12.2016.,04:20:00,21,20,1,1,1,0,0,G,13,17
6965,25.12.2016.,04:25:00,21,20,1,1,1,0,0,G,13,17
6966,25.12.2016.,04:30:00,21,20,1,1,1,0,0,G,13,17
6967,25.12.2016.,04:35:00,21,20,1,1,1,0,0,G,13,17
6968,25.12.2016.,04:40:00,21,20,1,1,1,0,0,G,13,17
6969,25.12.2016.,04:45:00,21,20,1,1,1,0,0,G,13,17
6970,25.12.2016.,04:50:00,21,20,1,1,1,0,0,G,13,17
6971,25.12.2016.,04:55:00,21,20,1,1,1,0,0,G,13,17
6972,25.12.2016.,05:00:00,21,20,1,1,1,0,0,G,13,17
6973,25.12.2016.,05:05:00,21,20,1,1,1,0,0,G,13,17
6974,25.12.2016.,05:10:00,21,20,1,1,1,0,0,G,13,17
6975,25.12.2016.,05:15:00,21,20,1,1,1,0,0,G,13,17
6976,25.12.2016.,05:20:00,21,20,1,1,1,0,0,G,13,17
6977,25.12.2016.,05:25:00,21,20,1,1,1,0,0,G,13,17
6978,25.12.2016.,05:30:00,21,20,1,1,1,0,0,G,13,17
6979,25.12.2016.,05:35:00,21,20,1,1,1,0,0,G,13,17
6980,25.12.2016.,05:40:00,21,20,1,1,1,0,0,G,13,17
6981,25.12.2016.,05:45:00,21,20,1,1,1,0,0,G,13,17
6982,25.12.2016.,05:50:00,21,20,1,1,1,0,0,G,13,17
6983,25.12.2016.,05:55:00,21,20,1,1,1,0,0,G,13,17
6984,25.12.2016.,06:00:00,21,20,1,1,1,0,0,G,13,17
6985,25.12.2016.,06:05:00,21,20,1,1,1,0,0,G,13,17
6986,25.12.2016.,06:10:00,21,20,1,1,1,0,0,G,13,17
6987,25.12.2016.,06:15:00,21,20,1,1,1,0,0,G,13,17
6988,25.12.2016.,06:20:00,21,20,1,1,1,0,0,G,13,17
6989,25.12.2016.,06:25:00,21,20,1,1,1,0,0,G,13,17
6990,25.12.2016.,06:30:00,21,20,1,1,1,0,0,G,13,17
6991,25.12.2016.,06:35:00,21,20,1,1,1,0,0,G,13,17
6992,25.12.2016.,06:40:00,21,20,1,1,1,0,0,G,13,17
6993,25.12.2016.,06:45:00,21,20,1,1,1,0,0,G,13,17
6994,25.12.2016.,06:50:00,21,20,1,1,1,0,0,G,13,17
6995,25.12.2016.,06:55:00,21,20,1,1,1,0,0,G,13,17
6996,25.12.2016.,07:00:00,21,20,1,1,1,0,0,G,13,17
6997,25.12.2016.,07:05:00,21,20,1,1,1,0,0,G,13,17
6998,25.12.2016.,07:10:00,21,20,1,1,1,0,0,G,13,17
6999,25.12.2016.,07:15:00,21,20,1,1,1,0,0,G,13,17
7000,25.12.2016.,07:20:00,21,20,1,1,1,0,0,G,13,17
7001,25.12.2016.,07:25:00,21,20,1,1,1,0,0,G,13,17
7002,25.12.2016.,07:30:00,21,20,1,1,1,0,0,G,13,17
7003,25.12.2016.,07:35:00,21,20,1,1,1,0,0,G,13,17
7004,25.12.2016.,07:40:00,21,20,1,1,1,0,0,G,13,17
7005,25.12.2016.,07:45:00,21,20,1,1,1,0,0,G,13,17
7006,25.12.2016.,07:50:00,21,20,1,1,1,0,0,G,13,17
7007,25.12.2016.,07:55:00,21,20,1,1,1,0,0,G,13,17
7008,25.12.2016.,08:00:00,21,20,1,1,1,0,0,G,13,17
7009,25.12.2016.,08:05:00,21,20,1,1,1,0,0,G,13,17
7010,25.12.2016.,08:10:00,21,20,1,1,1,0,0,G,13,17
7011,25.12.2016.,08:15:00,21,20,1,1,1,0,0,G,13,17
7012,25.12.2016.,08:20:00,21,20,1,1,1,0,0,G,13,17
7013,25.12.2016.,08:25:00,21,20,1,1,1,0,0,G,13,17
7014,25.12.2016.,08:30:00,21,20,1,1,1,0,0,G,13,17
7015,25.12.2016.,08:35:00,21,20,1,1,1,0,0,G,13,17
7016,25.12.2016.,08:40:00,21,20,1,1,1,0,0,G,13,17
7017,25.12.2016.,08:45:00,21,20,1,1,1,0,0,G,13,17
7018,25.12.2016.,08:50:00,21,20,1,1,1,0,0,G,13,17
7019,25.12.2016.,08:55:00,21,20,1,1,1,0,0,G,13,17
7020,25.12.2016.,09:00:00,21,20,1,1,1,0,0,G,13,17
7021,25.12.2016.,09:05:00,21,20,1,1,1,0,0,G,13,17
7022,25.12.2016.,09:10:00,21,20,1,1,1,0,0,G,13,17
7023,25.12.2016.,09:15:00,21,20,1,1,1,0,0,G,13,17
7024,25.12.2016.,09:20:00,21,20,1,1,1,0,0,G,13,17
7025,25.12.2016.,09:25:00,21,20,1,1,1,0,0,G,13,17
7026,25.12.2016.,09:30:00,21,20,1,1,1,0,0,G,13,17
7027,25.12.2016.,09:35:00,21,20,1,1,1,0,0,G,13,17
7028,25.12.2016.,09:40:00,21,20,1,1,1,0,0,G,13,17
7029,25.12.2016.,09:45:00,21,20,1,1,1,0,0,G,13,17
7030,25.12.2016.,09:50:00,21,20,1,1,1,0,0,G,13,17
7031,25.12.2016.,09:55:00,21,20,1,1,1,0,0,G,13,17
7032,25.12.2016.,10:00:00,21,20,1,1,1,0,0,G,13,17
7033,25.12.2016.,10:05:00,21,20,1,0,1,0,0,G,13,17
7034,25.12.2016.,10:10:00,21,20,1,0,1,0,0,G,13,17
7035,25.12.2016.,10:15:00,21,20,1,0,1,0,0,G,13,17
7036,25.12.2016.,10:20:00,21,20,1,0,1,0,0,G,13,17
7037,25.12.2016.,10:25:00,21,20,1,0,1,0,0,G,13,17
7038,25.12.2016.,10:30:00,21,20,1,0,1,0,0,G,13,17
7039,25.12.2016.,10:35:00,21,20,1,0,1,0,0,G,13,17
7040,25.12.2016.,10:40:00,21,20,1,0,1,0,0,G,13,17
7041,25.12.2016.,10:45:00,21,20,1,0,1,0,0,G,13,17
7042,25.12.2016.,10:50:00,21,20,1,0,1,0,0,G,13,18
7043,25.12.2016.,10:55:00,21,20,1,0,1,0,0,G,13,17
7044,25.12.2016.,11:00:00,21,20,1,0,1,0,0,G,13,17
7045,25.12.2016.,11:05:00,21,20,1,0,1,0,0,G,13,17
7046,25.12.2016.,11:10:00,21,20,1,1,1,0,0,G,13,17
7047,25.12.2016.,11:15:00,21,20,1,1,1,0,0,G,13,17
7048,25.12.2016.,11:20:00,21,20,1,1,1,0,0,G,13,18
7049,25.12.2016.,11:25:00,21,20,1,1,1,0,0,G,13,18
7050,25.12.2016.,11:30:00,21,20,1,1,1,0,0,G,13,18
7051,25.12.2016.,11:35:00,21,20,1,1,1,0,0,G,13,18
7052,25.12.2016.,11:40:00,21,20,1,1,1,0,0,G,13,18
7053,25.12.2016.,11:45:00,21,20,1,1,1,0,0,G,13,18
7054,25.12.2016.,11:50:00,21,20,1,1,1,0,0,G,13,18
7055,25.12.2016.,11:55:00,21,20,1,1,1,0,0,G,13,18
7056,25.12.2016.,12:00:00,21,20,1,1,1,0,0,G,13,18
7057,25.12.2016.,12:05:00,21,20,1,1,1,0,0,G,13,18
7058,25.12.2016.,12:10:00,21,20,1,1,1,0,0,G,13,18
7059,25.12.2016.,12:15:00,21,20,1,1,1,0,0,G,13,18
7060,25.12.2016.,12:20:00,21,20,1,1,1,0,0,G,13,18
7061,25.12.2016.,12:25:00,21,20,1,1,1,0,0,G,13,18
7062,25.12.2016.,12:30:00,21,20,1,1,1,0,0,G,13,18
7063,25.12.2016.,12:35:00,21,20,1,1,1,0,0,G,13,18
7064,25.12.2016.,12:40:00,21,20,1,1,1,0,0,G,13,18
7065,25.12.2016.,12:45:00,21,20,1,1,1,0,0,G,13,18
7066,25.12.2016.,12:50:00,21,20,1,1,1,0,0,G,13,18
7067,25.12.2016.,12:55:00,21,20,1,1,1,0,0,G,13,18
7068,25.12.2016.,13:00:00,21,20,1,1,1,0,0,G,13,18
7069,25.12.2016.,13:05:00,21,20,1,1,1,0,0,G,13,18
7070,25.12.2016.,13:10:00,21,20,1,1,1,0,0,G,13,18
7071,25.12.2016.,13:15:00,21,20,1,1,1,0,0,G,13,18
7072,25.12.2016.,13:20:00,21,20,1,1,1,0,0,G,13,18
7073,25.12.2016.,13:25:00,21,20,1,1,1,0,0,G,13,18
7074,25.12.2016.,13:30:00,21,20,1,0,1,0,0,G,13,18
7075,25.12.2016.,13:35:00,21,20,1,0,1,0,0,G,13,18
7076,25.12.2016.,13:40:00,21,20,1,0,1,0,0,G,13,18
7077,25.12.2016.,13:45:00,21,20,1,0,1,0,0,G,13,18
7078,25.12.2016.,13:50:00,21,20,1,0,1,0,0,G,13,18
7079,25.12.2016.,13:55:00,21,20,1,0,1,0,0,G,13,18
7080,25.12.2016.,14:00:00,21,20,1,0,1,0,0,G,13,18
7081,25.12.2016.,14:05:00,21,20,1,0,1,0,0,G,13,18
7082,25.12.2016.,14:10:00,21,20,1,0,1,0,0,G,13,18
7083,25.12.2016.,14:15:00,21,20,1,0,1,0,0,G,13,18
7084,25.12.2016.,14:20:00,21,20,1,0,1,0,0,G,13,18
7085,25.12.2016.,14:25:00,21,20,1,0,1,0,0,G,13,18
7086,25.12.2016.,14:30:00,21,20,1,1,1,0,0,G,13,18
7087,25.12.2016.,14:35:00,21,20,1,1,1,0,0,G,13,18
7088,25.12.2016.,14:40:00,21,20,1,1,1,0,0,G,13,18
7089,25.12.2016.,14:45:00,21,20,1,1,1,0,0,G,13,18
7090,25.12.2016.,14:50:00,21,20,1,1,1,0,0,G,13,18
7091,25.12.2016.,14:55:00,21,20,1,1,1,0,0,G,13,18
7092,25.12.2016.,15:00:00,21,20,1,1,1,0,0,G,13,18
7093,25.12.2016.,15:05:00,21,20,1,1,1,0,0,G,13,18
7094,25.12.2016.,15:10:00,21,20,1,1,1,0,0,G,13,18
7095,25.12.2016.,15:15:00,21,20,1,1,1,0,0,G,13,18
7096,25.12.2016.,15:20:00,21,20,1,1,1,0,0,G,13,18
7097,25.12.2016.,15:25:00,21,20,1,0,1,0,0,G,13,18
7098,25.12.2016.,15:30:00,21,20,1,0,1,0,0,G,13,18
7099,25.12.2016.,15:35:00,21,20,1,0,1,0,0,G,13,18
7100,25.12.2016.,15:40:00,21,20,1,0,1,0,0,G,13,18
7101,25.12.2016.,15:45:00,21,20,1,0,1,0,0,G,13,18
7102,25.12.2016.,15:50:00,21,20,1,0,1,0,0,G,13,18
7103,25.12.2016.,15:55:00,21,20,1,0,1,0,0,G,13,18
7104,25.12.2016.,16:00:00,21,20,1,0,1,0,0,G,13,18
7105,25.12.2016.,16:05:00,21,20,1,0,1,0,0,G,13,18
7106,25.12.2016.,16:10:00,21,20,1,0,1,0,0,G,13,18
7107,25.12.2016.,16:15:00,21,21,1,0,1,0,0,G,13,18
7108,25.12.2016.,16:20:00,21,21,1,0,1,0,0,G,13,18
7109,25.12.2016.,16:25:00,21,21,1,0,1,0,0,G,13,18
7110,25.12.2016.,16:30:00,21,21,1,0,1,0,0,G,13,18
7111,25.12.2016.,16:35:00,21,21,1,0,1,0,0,G,13,18
7112,25.12.2016.,16:40:00,21,21,1,0,1,0,0,G,13,18
7113,25.12.2016.,16:45:00,21,21,1,0,1,0,0,G,13,18
7114,25.12.2016.,16:50:00,21,21,1,0,1,0,0,G,13,18
7115,25.12.2016.,16:55:00,21,21,1,0,1,0,0,G,13,18
7116,25.12.2016.,17:00:00,21,21,1,0,1,0,0,G,13,18
7117,25.12.2016.,17:05:00,21,21,1,0,1,0,0,G,13,18
7118,25.12.2016.,17:10:00,21,21,1,0,1,0,0,G,13,18
7119,25.12.2016.,17:15:00,21,21,1,0,1,0,0,G,13,18
7120,25.12.2016.,17:20:00,21,21,1,0,1,0,0,G,13,18
7121,25.12.2016.,17:25:00,21,21,1,0,1,0,0,G,13,18
7122,25.12.2016.,17:30:00,21,20,1,0,1,0,0,G,13,18
7123,25.12.2016.,17:35:00,21,20,1,0,1,0,0,G,13,18
7124,25.12.2016.,17:40:00,21,20,1,1,1,0,0,G,13,18
7125,25.12.2016.,17:45:00,21,20,1,1,1,0,0,G,13,18
7126,25.12.2016.,17:50:00,21,20,1,1,1,0,0,G,13,18
7127,25.12.2016.,17:55:00,21,20,1,1,1,0,0,G,13,18
7128,25.12.2016.,18:00:00,21,20,1,1,1,0,0,G,13,18
7129,25.12.2016.,18:05:00,21,20,1,1,1,0,0,G,13,18
7130,25.12.2016.,18:10:00,21,20,1,1,1,0,0,G,13,18
7131,25.12.2016.,18:15:00,21,20,1,1,1,0,0,G,13,18
7132,25.12.2016.,18:20:00,21,20,1,1,1,0,0,G,13,18
7133,25.12.2016.,18:25:00,21,20,1,1,1,0,0,G,13,18
7134,25.12.2016.,18:30:00,21,20,1,1,1,0,0,G,13,18
7135,25.12.2016.,18:35:00,21,20,1,1,1,0,0,G,13,18
7136,25.12.2016.,18:40:00,21,20,1,1,1,0,0,G,13,18
7137,25.12.2016.,18:45:00,21,20,1,1,1,0,0,G,13,18
7138,25.12.2016.,18:50:00,21,20,1,1,1,0,0,G,13,18
7139,25.12.2016.,18:55:00,21,20,1,1,1,0,0,G,13,18
7140,25.12.2016.,19:00:00,21,20,1,1,1,0,0,G,13,18
7141,25.12.2016.,19:05:00,21,20,1,1,1,0,0,G,13,18
7142,25.12.2016.,19:10:00,21,20,1,1,1,0,0,G,13,18
7143,25.12.2016.,19:15:00,21,20,1,1,1,0,0,G,13,18
7144,25.12.2016.,19:20:00,21,20,1,1,1,0,0,G,13,18
7145,25.12.2016.,19:25:00,21,20,1,1,1,0,0,G,13,18
7146,25.12.2016.,19:30:00,21,20,1,1,1,0,0,G,13,18
7147,25.12.2016.,19:35:00,21,20,1,1,1,0,0,G,13,18
7148,25.12.2016.,19:40:00,21,20,1,1,1,0,0,G,13,18
7149,25.12.2016.,19:45:00,21,20,1,1,1,0,0,G,13,18
7150,25.12.2016.,19:50:00,21,20,1,1,1,0,0,G,13,18
7151,25.12.2016.,19:55:00,21,20,1,1,1,0,0,G,13,18
7152,25.12.2016.,20:00:00,21,20,1,1,1,0,0,G,13,18
7153,25.12.2016.,20:05:00,21,20,1,1,1,0,0,G,13,18
7154,25.12.2016.,20:10:00,21,20,1,1,1,0,0,G,13,18
7155,25.12.2016.,20:15:00,21,20,1,1,1,0,0,G,13,18
7156,25.12.2016.,20:20:00,21,20,1,1,1,0,0,G,13,18
7157,25.12.2016.,20:25:00,21,20,1,1,1,0,0,G,13,18
7158,25.12.2016.,20:30:00,21,20,1,1,1,0,0,G,13,18
7159,25.12.2016.,20:35:00,21,20,1,1,1,0,0,G,13,18
7160,25.12.2016.,20:40:00,21,20,1,0,1,0,0,G,13,18
7161,25.12.2016.,20:45:00,21,20,1,0,1,0,0,G,13,18
7162,25.12.2016.,20:50:00,21,20,1,0,1,0,0,G,13,18
7163,25.12.2016.,20:55:00,21,20,1,0,1,0,0,G,13,18
7164,25.12.2016.,21:00:00,21,20,1,0,1,0,0,G,13,18
7165,25.12.2016.,21:05:00,21,20,1,0,1,0,0,G,13,18
7166,25.12.2016.,21:10:00,21,20,1,0,1,0,0,G,13,18
7167,25.12.2016.,21:15:00,21,20,1,1,1,0,0,G,13,18
7168,25.12.2016.,21:20:00,21,20,1,1,1,0,0,G,13,18
7169,25.12.2016.,21:25:00,21,20,1,1,1,0,0,G,13,18
7170,25.12.2016.,21:30:00,21,20,1,1,1,0,0,G,13,18
7171,25.12.2016.,21:35:00,21,20,1,1,1,0,0,G,13,18
7172,25.12.2016.,21:40:00,21,20,1,1,1,0,0,G,13,18
7173,25.12.2016.,21:45:00,21,20,1,1,1,0,0,G,13,18
7174,25.12.2016.,21:50:00,21,20,1,1,1,0,0,G,13,18
7175,25.12.2016.,21:55:00,21,20,1,1,1,0,0,G,13,18
7176,25.12.2016.,22:00:00,21,20,1,1,1,0,0,G,13,18
7177,25.12.2016.,22:05:00,21,20,1,1,1,0,0,G,13,18
7178,25.12.2016.,22:10:00,21,20,1,1,1,0,0,G,13,18
7179,25.12.2016.,22:15:00,21,20,1,1,1,0,0,G,13,18
7180,25.12.2016.,22:20:00,21,20,1,1,1,0,0,G,13,18
7181,25.12.2016.,22:25:00,21,20,1,1,1,0,0,G,13,18
7182,25.12.2016.,22:30:00,21,20,1,1,1,0,0,G,13,18
7183,25.12.2016.,22:35:00,21,20,1,1,1,0,0,G,13,18
7184,25.12.2016.,22:40:00,21,20,1,1,1,0,0,G,13,18
7185,25.12.2016.,22:45:00,21,20,1,1,1,0,0,G,13,18
7186,25.12.2016.,22:50:00,21,20,1,1,1,0,0,G,13,18
7187,25.12.2016.,22:55:00,21,20,1,1,1,0,0,G,13,18
7188,25.12.2016.,23:00:00,21,20,1,1,1,0,0,G,13,18
7189,25.12.2016.,23:05:00,21,20,1,1,1,0,0,G,13,18
7190,25.12.2016.,23:10:00,21,20,1,0,1,0,0,G,13,18
7191,25.12.2016.,23:15:00,21,20,1,0,1,0,0,G,13,18
7192,25.12.2016.,23:20:00,21,20,1,0,1,0,0,G,13,18
7193,25.12.2016.,23:25:00,21,20,1,0,1,0,0,G,13,18
7194,25.12.2016.,23:30:00,21,20,1,0,1,0,0,G,13,18
7195,25.12.2016.,23:35:00,21,20,1,0,1,0,0,G,13,18
7196,25.12.2016.,23:40:00,21,20,1,0,1,0,0,G,13,18
7197,25.12.2016.,23:45:00,21,20,1,0,1,0,0,G,13,18
7198,25.12.2016.,23:50:00,21,20,1,0,1,0,0,G,13,18
7199,25.12.2016.,23:55:00,21,20,1,0,1,0,0,G,13,18
7200,26.12.2016.,00:00:00,21,20,1,0,1,0,0,G,13,18
7201,26.12.2016.,00:05:00,21,20,1,0,1,0,0,G,13,18
7202,26.12.2016.,00:10:00,21,20,1,0,1,0,0,G,13,18
7203,26.12.2016.,00:15:00,21,20,1,0,1,0,0,G,13,18
7204,26.12.2016.,00:20:00,21,20,1,0,1,0,0,G,13,18
7205,26.12.2016.,00:25:00,21,20,1,0,1,0,0,G,13,18
7206,26.12.2016.,00:30:00,21,20,1,0,1,0,0,G,13,18
7207,26.12.2016.,00:35:00,21,20,1,0,1,0,0,G,13,18
7208,26.12.2016.,00:40:00,21,20,1,0,1,0,0,G,13,18
7209,26.12.2016.,00:45:00,21,21,1,0,1,0,0,G,13,18
7210,26.12.2016.,00:50:00,21,21,1,0,1,0,0,G,13,18
7211,26.12.2016.,00:55:00,21,21,1,0,1,0,0,G,13,18
7212,26.12.2016.,01:00:00,21,21,1,0,1,0,0,G,13,18
7213,26.12.2016.,01:05:00,21,21,1,0,1,0,0,G,13,18
7214,26.12.2016.,01:10:00,21,21,1,0,1,0,0,G,13,18
7215,26.12.2016.,01:15:00,21,21,1,0,1,0,0,G,13,18
7216,26.12.2016.,01:20:00,21,21,1,0,1,0,0,G,13,18
7217,26.12.2016.,01:25:00,21,21,1,0,1,0,0,G,13,18
7218,26.12.2016.,01:30:00,21,21,1,0,1,0,0,G,13,18
7219,26.12.2016.,01:35:00,21,21,1,0,1,0,0,G,13,18
7220,26.12.2016.,01:40:00,21,21,1,0,1,0,0,G,13,18
7221,26.12.2016.,01:45:00,21,21,1,0,1,0,0,G,13,18
7222,26.12.2016.,01:50:00,21,21,1,0,1,0,0,G,13,18
7223,26.12.2016.,01:55:00,21,21,1,0,1,0,0,G,13,18
7224,26.12.2016.,02:00:00,21,21,1,0,1,0,0,G,13,18
7225,26.12.2016.,02:05:00,21,21,1,0,1,0,0,G,13,18
7226,26.12.2016.,02:10:00,21,21,1,0,1,0,0,G,13,18
7227,26.12.2016.,02:15:00,21,21,1,0,1,0,0,G,13,18
7228,26.12.2016.,02:20:00,21,21,1,0,1,0,0,G,13,18
7229,26.12.2016.,02:25:00,21,21,1,0,1,0,0,G,13,18
7230,26.12.2016.,02:30:00,21,21,1,0,1,0,0,G,13,18
7231,26.12.2016.,02:35:00,21,21,1,0,1,0,0,G,13,18
7232,26.12.2016.,02:40:00,21,21,1,0,1,0,0,G,13,18
7233,26.12.2016.,02:45:00,21,21,1,0,1,0,0,G,13,18
7234,26.12.2016.,02:50:00,21,21,1,0,1,0,0,G,13,18
7235,26.12.2016.,02:55:00,21,21,1,0,1,0,0,G,13,18
7236,26.12.2016.,03:00:00,21,21,1,0,1,0,0,G,13,18
7237,26.12.2016.,03:05:00,21,21,1,0,1,0,0,G,13,18
7238,26.12.2016.,03:10:00,21,20,1,0,1,0,0,G,13,18
7239,26.12.2016.,03:15:00,21,20,1,1,1,0,0,G,13,18
7240,26.12.2016.,03:20:00,21,20,1,1,1,0,0,G,13,18
7241,26.12.2016.,03:25:00,21,20,1,1,1,0,0,G,13,18
7242,26.12.2016.,03:30:00,21,20,1,1,1,0,0,G,13,18
7243,26.12.2016.,03:35:00,21,20,1,1,1,0,0,G,13,18
7244,26.12.2016.,03:40:00,21,20,1,1,1,0,0,G,13,18
7245,26.12.2016.,03:45:00,21,20,1,1,1,0,0,G,13,18
7246,26.12.2016.,03:50:00,21,20,1,1,1,0,0,G,13,18
7247,26.12.2016.,03:55:00,21,20,1,1,1,0,0,G,13,18
7248,26.12.2016.,04:00:00,21,20,1,1,1,0,0,G,13,18
7249,26.12.2016.,04:05:00,21,20,1,1,1,0,0,G,13,18
7250,26.12.2016.,04:10:00,21,20,1,1,1,0,0,G,13,18
7251,26.12.2016.,04:15:00,21,20,1,1,1,0,0,G,13,18
7252,26.12.2016.,04:20:00,21,20,1,1,1,0,0,G,13,18
7253,26.12.2016.,04:25:00,21,20,1,1,1,0,0,G,13,18
7254,26.12.2016.,04:30:00,21,20,1,1,1,0,0,G,13,17
7255,26.12.2016.,04:35:00,21,20,1,1,1,0,0,G,13,17
7256,26.12.2016.,04:40:00,21,20,1,1,1,0,0,G,13,17
7257,26.12.2016.,04:45:00,21,20,1,1,1,0,0,G,13,17
7258,26.12.2016.,04:50:00,21,20,1,1,1,0,0,G,13,17
7259,26.12.2016.,04:55:00,21,20,1,1,1,0,0,G,13,17
7260,26.12.2016.,05:00:00,21,20,1,1,1,0,0,G,13,17
7261,26.12.2016.,05:05:00,21,20,1,1,1,0,0,G,13,17
7262,26.12.2016.,05:10:00,21,20,1,1,1,0,0,G,13,17
7263,26.12.2016.,05:15:00,21,20,1,1,1,0,0,G,13,17
7264,26.12.2016.,05:20:00,21,20,1,1,1,0,0,G,13,17
7265,26.12.2016.,05:25:00,21,20,1,1,1,0,0,G,13,17
7266,26.12.2016.,05:30:00,21,20,1,1,1,0,0,G,13,17
7267,26.12.2016.,05:35:00,21,20,1,1,1,0,0,G,13,18
7268,26.12.2016.,05:40:00,21,20,1,1,1,0,0,G,13,18
7269,26.12.2016.,05:45:00,21,20,1,1,1,0,0,G,13,18
7270,26.12.2016.,05:50:00,21,20,1,1,1,0,0,G,13,18
7271,26.12.2016.,05:55:00,21,20,1,1,1,0,0,G,13,18
7272,26.12.2016.,06:00:00,21,20,1,1,1,0,0,G,13,18
7273,26.12.2016.,06:05:00,21,20,1,1,1,0,0,G,13,18
7274,26.12.2016.,06:10:00,21,20,1,1,1,0,0,G,13,18
7275,26.12.2016.,06:15:00,21,20,1,1,1,0,0,G,13,18
7276,26.12.2016.,06:20:00,21,20,1,1,1,0,0,G,13,18
7277,26.12.2016.,06:25:00,21,20,1,1,1,0,0,G,13,17
7278,26.12.2016.,06:30:00,21,20,1,1,1,0,0,G,13,17
7279,26.12.2016.,06:35:00,21,20,1,1,1,0,0,G,13,17
7280,26.12.2016.,06:40:00,21,20,1,1,1,0,0,G,13,18
7281,26.12.2016.,06:45:00,21,20,1,1,1,0,0,G,13,18
7282,26.12.2016.,06:50:00,21,20,1,1,1,0,0,G,13,18
7283,26.12.2016.,06:55:00,21,20,1,1,1,0,0,G,13,18
7284,26.12.2016.,07:00:00,21,20,1,1,1,0,0,G,13,18
7285,26.12.2016.,07:05:00,21,20,1,1,1,0,0,G,13,18
7286,26.12.2016.,07:10:00,21,20,1,1,1,0,0,G,13,18
7287,26.12.2016.,07:15:00,21,20,1,1,1,0,0,G,13,18
7288,26.12.2016.,07:20:00,21,20,1,1,1,0,0,G,13,18
7289,26.12.2016.,07:25:00,21,20,1,1,1,0,0,G,13,18
7290,26.12.2016.,07:30:00,21,20,1,1,1,0,0,G,13,18
7291,26.12.2016.,07:35:00,21,20,1,1,1,0,0,G,13,18
7292,26.12.2016.,07:40:00,21,20,1,1,1,0,0,G,13,18
7293,26.12.2016.,07:45:00,21,20,1,1,1,0,0,G,13,18
7294,26.12.2016.,07:50:00,21,20,1,1,1,0,0,G,13,18
7295,26.12.2016.,07:55:00,21,20,1,1,1,0,0,G,13,18
7296,26.12.2016.,08:00:00,21,20,1,1,1,0,0,G,13,18
7297,26.12.2016.,08:05:00,21,20,1,1,1,0,0,G,13,18
7298,26.12.2016.,08:10:00,21,20,1,1,1,0,0,G,13,18
7299,26.12.2016.,08:15:00,21,20,1,1,1,0,0,G,13,18
7300,26.12.2016.,08:20:00,21,20,1,1,1,0,0,G,13,18
7301,26.12.2016.,08:25:00,21,20,1,1,1,0,0,G,13,18
7302,26.12.2016.,08:30:00,21,20,1,1,1,0,0,G,13,18
7303,26.12.2016.,08:35:00,21,20,1,1,1,0,0,G,13,18
7304,26.12.2016.,08:40:00,21,20,1,1,1,0,0,G,13,18
7305,26.12.2016.,08:45:00,21,20,1,1,1,0,0,G,13,18
7306,26.12.2016.,08:50:00,21,20,1,1,1,0,0,G,13,18
7307,26.12.2016.,08:55:00,21,20,1,1,1,0,0,G,13,18
7308,26.12.2016.,09:00:00,21,20,1,1,1,0,0,G,13,18
7309,26.12.2016.,09:05:00,21,20,1,1,1,0,0,G,13,18
7310,26.12.2016.,09:10:00,21,20,1,1,1,0,0,G,13,18
7311,26.12.2016.,09:15:00,21,20,1,1,1,0,0,G,13,18
7312,26.12.2016.,09:20:00,21,20,1,1,1,0,0,G,13,18
7313,26.12.2016.,09:25:00,21,20,1,1,1,0,0,G,13,18
7314,26.12.2016.,09:30:00,21,20,1,1,1,0,0,G,13,18
7315,26.12.2016.,09:35:00,21,20,1,1,1,0,0,G,13,18
7316,26.12.2016.,09:40:00,21,20,1,1,1,0,0,G,13,18
7317,26.12.2016.,09:45:00,21,20,1,1,1,0,0,G,13,18
7318,26.12.2016.,09:50:00,21,20,1,1,1,0,0,G,13,18
7319,26.12.2016.,09:55:00,21,20,1,1,1,0,0,G,13,18
7320,26.12.2016.,10:00:00,21,20,1,0,1,0,0,G,13,18
7321,26.12.2016.,10:05:00,21,20,1,0,1,0,0,G,13,18
7322,26.12.2016.,10:10:00,21,20,1,0,1,0,0,G,13,18
7323,26.12.2016.,10:15:00,21,20,1,0,1,0,0,G,13,18
7324,26.12.2016.,10:20:00,21,20,1,0,1,0,0,G,13,18
7325,26.12.2016.,10:25:00,21,20,1,0,1,0,0,G,13,18
7326,26.12.2016.,10:30:00,21,20,1,0,1,0,0,G,13,18
7327,26.12.2016.,10:35:00,21,20,1,0,1,0,0,G,13,18
7328,26.12.2016.,10:40:00,21,20,1,0,1,0,0,G,13,18
7329,26.12.2016.,10:45:00,21,20,1,0,1,0,0,G,13,18
7330,26.12.2016.,10:50:00,21,20,1,0,1,0,0,G,13,18
7331,26.12.2016.,10:55:00,21,20,1,0,1,0,0,G,13,18
7332,26.12.2016.,11:00:00,21,20,1,0,1,0,0,G,13,18
7333,26.12.2016.,11:05:00,21,20,1,0,1,0,0,G,13,18
7334,26.12.2016.,11:10:00,21,20,1,0,1,0,0,G,13,18
7335,26.12.2016.,11:15:00,21,20,1,1,1,0,0,G,13,18
7336,26.12.2016.,11:20:00,21,20,1,1,1,0,0,G,13,18
7337,26.12.2016.,11:25:00,21,20,1,1,1,0,0,G,13,18
7338,26.12.2016.,11:30:00,21,20,1,1,1,0,0,G,13,18
7339,26.12.2016.,11:35:00,21,20,1,1,1,0,0,G,13,18
7340,26.12.2016.,11:40:00,21,20,1,1,1,0,0,G,13,18
7341,26.12.2016.,11:45:00,21,20,1,1,1,0,0,G,13,18
7342,26.12.2016.,11:50:00,21,20,1,1,1,0,0,G,13,18
7343,26.12.2016.,11:55:00,21,20,1,1,1,0,0,G,13,18
7344,26.12.2016.,12:00:00,21,20,1,1,1,0,0,G,13,18
7345,26.12.2016.,12:05:00,21,20,1,1,1,0,0,G,13,18
7346,26.12.2016.,12:10:00,21,20,1,1,1,0,0,G,13,18
7347,26.12.2016.,12:15:00,21,20,1,1,1,0,0,G,13,18
7348,26.12.2016.,12:20:00,21,20,1,1,1,0,0,G,13,18
7349,26.12.2016.,12:25:00,21,20,1,1,1,0,0,G,13,18
7350,26.12.2016.,12:30:00,21,20,1,1,1,0,0,G,13,18
7351,26.12.2016.,12:35:00,21,20,1,1,1,0,0,G,13,18
7352,26.12.2016.,12:40:00,21,20,1,1,1,0,0,G,13,18
7353,26.12.2016.,12:45:00,21,20,1,1,1,0,0,G,13,18
7354,26.12.2016.,12:50:00,21,20,1,1,1,0,0,G,13,18
7355,26.12.2016.,12:55:00,21,20,1,1,1,0,0,G,13,18
7356,26.12.2016.,13:00:00,21,20,1,1,1,0,0,G,13,18
7357,26.12.2016.,13:05:00,21,20,1,1,1,0,0,G,13,18
7358,26.12.2016.,13:10:00,21,20,1,0,1,0,0,G,13,18
7359,26.12.2016.,13:15:00,21,20,1,0,1,0,0,G,13,18
7360,26.12.2016.,13:20:00,21,20,1,0,1,0,0,G,13,18
7361,26.12.2016.,13:25:00,21,20,1,0,1,0,0,G,13,18
7362,26.12.2016.,13:30:00,21,20,1,0,1,0,0,G,13,18
7363,26.12.2016.,13:35:00,21,20,1,0,1,0,0,G,13,18
7364,26.12.2016.,13:40:00,21,20,1,0,1,0,0,G,13,18
7365,26.12.2016.,13:45:00,21,20,1,0,1,0,0,G,13,18
7366,26.12.2016.,13:50:00,21,20,1,0,1,0,0,G,13,18
7367,26.12.2016.,13:55:00,21,20,1,0,1,0,0,G,13,18
7368,26.12.2016.,14:00:00,21,20,1,0,1,0,0,G,13,18
7369,26.12.2016.,14:05:00,21,20,1,0,1,0,0,G,13,18
7370,26.12.2016.,14:10:00,21,20,1,0,1,0,0,G,13,18
7371,26.12.2016.,14:15:00,21,20,1,0,1,0,0,G,13,18
7372,26.12.2016.,14:20:00,21,20,1,0,1,0,0,G,13,18
7373,26.12.2016.,14:25:00,21,20,1,0,1,0,0,G,13,18
7374,26.12.2016.,14:30:00,21,20,1,0,1,0,0,G,13,18
7375,26.12.2016.,14:35:00,21,20,1,0,1,0,0,G,13,18
7376,26.12.2016.,14:40:00,21,20,1,0,1,0,0,G,13,18
7377,26.12.2016.,14:45:00,21,20,1,0,1,0,0,G,13,18
7378,26.12.2016.,14:50:00,21,20,1,0,1,0,0,G,13,18
7379,26.12.2016.,14:55:00,21,20,1,0,1,0,0,G,13,18
7380,26.12.2016.,15:00:00,21,20,1,0,1,0,0,G,13,18
7381,26.12.2016.,15:05:00,21,20,1,0,1,0,0,G,13,18
7382,26.12.2016.,15:10:00,21,20,1,0,1,0,0,G,13,18
7383,26.12.2016.,15:15:00,21,20,1,0,1,0,0,G,13,18
7384,26.12.2016.,15:20:00,21,20,1,0,1,0,0,G,13,18
7385,26.12.2016.,15:25:00,21,21,1,0,0,0,0,G,13,18
7386,26.12.2016.,15:30:00,21,21,1,0,0,0,0,G,13,18
7387,26.12.2016.,15:35:00,21,21,1,0,0,0,0,G,13,18
7388,26.12.2016.,15:40:00,21,21,1,0,0,0,0,G,13,18
7389,26.12.2016.,15:45:00,21,21,1,0,0,0,0,G,13,18
7390,26.12.2016.,15:50:00,21,21,1,0,0,0,0,G,13,18
7391,26.12.2016.,15:55:00,21,21,1,0,0,0,0,G,13,18
7392,26.12.2016.,16:00:00,21,21,1,0,0,0,0,G,13,18
7393,26.12.2016.,16:05:00,21,21,1,0,0,0,0,G,13,18
7394,26.12.2016.,16:10:00,21,21,1,0,0,0,0,G,13,18
7395,26.12.2016.,16:15:00,21,21,1,0,0,0,0,G,13,18
7396,26.12.2016.,16:20:00,21,21,1,0,0,0,0,G,13,18
7397,26.12.2016.,16:25:00,21,21,1,0,0,0,0,G,13,18
7398,26.12.2016.,16:30:00,21,21,1,0,0,0,0,G,13,18
7399,26.12.2016.,16:35:00,21,21,1,0,0,0,0,G,13,18
7400,26.12.2016.,16:40:00,21,21,1,0,0,0,0,G,13,18
7401,26.12.2016.,16:45:00,21,21,1,0,0,0,0,G,13,18
7402,26.12.2016.,16:50:00,21,21,1,0,0,0,0,G,13,18
7403,26.12.2016.,16:55:00,21,21,1,0,0,0,0,G,13,18
7404,26.12.2016.,17:00:00,21,21,1,0,0,0,0,G,13,18
7405,26.12.2016.,17:05:00,21,21,1,0,0,0,0,G,13,18
7406,26.12.2016.,17:10:00,21,21,1,0,0,0,0,G,13,18
7407,26.12.2016.,17:15:00,21,21,1,0,0,0,0,G,13,18
7408,26.12.2016.,17:20:00,21,21,1,0,0,0,0,G,13,18
7409,26.12.2016.,17:25:00,21,21,1,0,0,0,0,G,13,18
7410,26.12.2016.,17:30:00,21,21,1,0,0,0,0,G,13,18
7411,26.12.2016.,17:35:00,21,21,1,0,0,0,0,G,13,18
7412,26.12.2016.,17:40:00,21,21,1,0,0,0,0,G,13,18
7413,26.12.2016.,17:45:00,21,21,1,0,0,0,0,G,13,18
7414,26.12.2016.,17:50:00,21,21,1,0,0,0,0,G,13,18
7415,26.12.2016.,17:55:00,21,21,1,0,0,0,0,G,13,18
7416,26.12.2016.,18:00:00,21,21,1,0,0,0,0,G,13,18
7417,26.12.2016.,18:05:00,21,21,1,0,1,0,0,G,13,18
7418,26.12.2016.,18:10:00,21,21,1,0,1,0,0,G,13,18
7419,26.12.2016.,18:15:00,21,21,1,0,1,0,0,G,13,18
7420,26.12.2016.,18:20:00,21,21,1,0,1,0,0,G,13,18
7421,26.12.2016.,18:25:00,21,21,1,0,1,0,0,G,13,18
7422,26.12.2016.,18:30:00,21,21,1,0,1,0,0,G,13,18
7423,26.12.2016.,18:35:00,21,21,1,0,1,0,0,G,13,18
7424,26.12.2016.,18:40:00,21,21,1,0,1,0,0,G,13,18
7425,26.12.2016.,18:45:00,21,21,1,0,1,0,0,G,13,18
7426,26.12.2016.,18:50:00,21,21,1,0,1,0,0,G,13,18
7427,26.12.2016.,18:55:00,21,21,1,0,1,0,0,G,13,18
7428,26.12.2016.,19:00:00,21,21,1,0,1,0,0,G,13,18
7429,26.12.2016.,19:05:00,21,21,1,0,1,0,0,G,13,18
7430,26.12.2016.,19:10:00,21,21,1,0,1,0,0,G,13,18
7431,26.12.2016.,19:15:00,21,21,1,0,1,0,0,G,13,18
7432,26.12.2016.,19:20:00,21,21,1,0,1,0,0,G,13,18
7433,26.12.2016.,19:25:00,21,21,1,0,1,0,0,G,13,18
7434,26.12.2016.,19:30:00,21,21,1,0,1,0,0,G,13,18
7435,26.12.2016.,19:35:00,21,21,1,0,1,0,0,G,13,18
7436,26.12.2016.,19:40:00,21,21,1,0,1,0,0,G,13,18
7437,26.12.2016.,19:45:00,21,21,1,0,1,0,0,G,13,18
7438,26.12.2016.,19:50:00,21,21,1,0,1,0,0,G,13,18
7439,26.12.2016.,19:55:00,21,21,1,0,1,0,0,G,13,18
7440,26.12.2016.,20:00:00,21,21,1,0,1,0,0,G,13,18
7441,26.12.2016.,20:05:00,21,21,1,0,1,0,0,G,13,18
7442,26.12.2016.,20:10:00,21,20,1,0,1,0,0,G,13,18
7443,26.12.2016.,20:15:00,21,20,1,0,1,0,0,G,13,18
7444,26.12.2016.,20:20:00,21,20,1,0,1,0,0,G,13,18
7445,26.12.2016.,20:25:00,21,20,1,0,1,0,0,G,13,18
7446,26.12.2016.,20:30:00,21,20,1,0,1,0,0,G,13,18
7447,26.12.2016.,20:35:00,21,20,1,0,1,0,0,G,13,18
7448,26.12.2016.,20:40:00,21,20,1,0,1,0,0,G,13,18
7449,26.12.2016.,20:45:00,21,20,1,1,1,0,0,G,13,18
7450,26.12.2016.,20:50:00,21,20,1,1,1,0,0,G,13,18
7451,26.12.2016.,20:55:00,21,20,1,1,1,0,0,G,13,18
7452,26.12.2016.,21:00:00,21,20,1,1,1,0,0,G,13,18
7453,26.12.2016.,21:05:00,21,20,1,1,1,0,0,G,13,18
7454,26.12.2016.,21:10:00,21,20,1,1,1,0,0,G,13,18
7455,26.12.2016.,21:15:00,21,20,1,1,1,0,0,G,13,18
7456,26.12.2016.,21:20:00,21,20,1,1,1,0,0,G,13,18
7457,26.12.2016.,21:25:00,21,20,1,1,1,0,0,G,13,18
7458,26.12.2016.,21:30:00,21,20,1,1,1,0,0,G,13,18
7459,26.12.2016.,21:35:00,21,20,1,1,1,0,0,G,13,18
7460,26.12.2016.,21:40:00,21,20,1,1,1,0,0,G,13,18
7461,26.12.2016.,21:45:00,21,20,1,1,1,0,0,G,13,18
7462,26.12.2016.,21:50:00,21,20,1,1,1,0,0,G,13,18
7463,26.12.2016.,21:55:00,21,20,1,1,1,0,0,G,13,18
7464,26.12.2016.,22:00:00,21,20,1,0,1,0,0,G,13,18
7465,26.12.2016.,22:05:00,21,20,1,0,1,0,0,G,13,18
7466,26.12.2016.,22:10:00,21,20,1,0,1,0,0,G,13,18
7467,26.12.2016.,22:15:00,21,20,1,0,1,0,0,G,13,18
7468,26.12.2016.,22:20:00,21,20,1,0,1,0,0,G,13,18
7469,26.12.2016.,22:25:00,21,20,1,0,1,0,0,G,13,18
7470,26.12.2016.,22:30:00,21,20,1,0,1,0,0,G,13,18
7471,26.12.2016.,22:35:00,21,20,1,0,1,0,0,G,13,18
7472,26.12.2016.,22:40:00,21,20,1,0,1,0,0,G,13,18
7473,26.12.2016.,22:45:00,21,20,1,0,1,0,0,G,13,18
7474,26.12.2016.,22:50:00,21,20,1,0,1,0,0,G,13,18
7475,26.12.2016.,22:55:00,21,20,1,0,1,0,0,G,13,18
7476,26.12.2016.,23:00:00,21,20,1,0,1,0,0,G,13,18
7477,26.12.2016.,23:05:00,21,20,1,0,1,0,0,G,13,18
7478,26.12.2016.,23:10:00,21,20,1,0,1,0,0,G,13,18
7479,26.12.2016.,23:15:00,21,20,1,0,1,0,0,G,13,18
7480,26.12.2016.,23:20:00,21,20,1,0,1,0,0,G,13,18
7481,26.12.2016.,23:25:00,21,20,1,0,1,0,0,G,13,18
7482,26.12.2016.,23:30:00,21,20,1,0,1,0,0,G,13,18
7483,26.12.2016.,23:35:00,21,20,1,0,1,0,0,G,13,18
7484,26.12.2016.,23:40:00,21,20,1,0,1,0,0,G,13,18
7485,26.12.2016.,23:45:00,21,20,1,0,1,0,0,G,13,18
7486,26.12.2016.,23:50:00,21,20,1,0,1,0,0,G,13,18
7487,26.12.2016.,23:55:00,21,20,1,0,1,0,0,G,13,18
7488,27.12.2016.,00:00:00,21,20,1,0,1,0,0,G,13,18
7489,27.12.2016.,00:05:00,21,21,1,0,0,0,0,G,13,18
7490,27.12.2016.,00:10:00,21,21,1,0,0,0,0,G,13,18
7491,27.12.2016.,00:15:00,21,21,1,0,0,0,0,G,13,18
7492,27.12.2016.,00:20:00,21,21,1,0,0,0,0,G,13,18
7493,27.12.2016.,00:25:00,21,21,1,0,0,0,0,G,13,18
7494,27.12.2016.,00:30:00,21,21,1,0,0,0,0,G,13,18
7495,27.12.2016.,00:35:00,21,21,1,0,0,0,0,G,13,18
7496,27.12.2016.,00:40:00,21,21,1,0,0,0,0,G,13,18
7497,27.12.2016.,00:45:00,21,21,1,0,0,0,0,G,13,18
7498,27.12.2016.,00:50:00,21,21,1,0,0,0,0,G,13,18
7499,27.12.2016.,00:55:00,21,21,1,0,0,0,0,G,13,18
7500,27.12.2016.,01:00:00,21,21,1,0,0,0,0,G,13,18
7501,27.12.2016.,01:05:00,21,21,1,0,0,0,0,G,13,18
7502,27.12.2016.,01:10:00,21,21,1,0,0,0,0,G,13,18
7503,27.12.2016.,01:15:00,21,21,1,0,0,0,0,G,13,18
7504,27.12.2016.,01:20:00,21,21,1,0,1,0,0,G,13,18
7505,27.12.2016.,01:25:00,21,21,1,0,1,0,0,G,13,18
7506,27.12.2016.,01:30:00,21,21,1,0,1,0,0,G,13,18
7507,27.12.2016.,01:35:00,21,21,1,0,1,0,0,G,13,18
7508,27.12.2016.,01:40:00,21,21,1,0,1,0,0,G,13,18
7509,27.12.2016.,01:45:00,21,21,1,0,0,0,0,G,13,18
7510,27.12.2016.,01:50:00,21,21,1,0,1,0,0,G,13,18
7511,27.12.2016.,01:55:00,21,21,1,0,1,0,0,G,13,18
7512,27.12.2016.,02:00:00,21,21,1,0,1,0,0,G,13,18
7513,27.12.2016.,02:05:00,21,21,1,0,1,0,0,G,13,18
7514,27.12.2016.,02:10:00,21,21,1,0,1,0,0,G,13,18
7515,27.12.2016.,02:15:00,21,21,1,0,1,0,0,G,13,18
7516,27.12.2016.,02:20:00,21,21,1,0,1,0,0,G,13,18
7517,27.12.2016.,02:25:00,21,21,1,0,1,0,0,G,13,18
7518,27.12.2016.,02:30:00,21,21,1,0,1,0,0,G,13,18
7519,27.12.2016.,02:35:00,21,21,1,0,1,0,0,G,13,18
7520,27.12.2016.,02:40:00,21,21,1,0,1,0,0,G,13,18
7521,27.12.2016.,02:45:00,21,21,1,0,1,0,0,G,13,18
7522,27.12.2016.,02:50:00,21,21,1,0,1,0,0,G,13,18
7523,27.12.2016.,02:55:00,21,21,1,0,1,0,0,G,13,18
7524,27.12.2016.,03:00:00,21,21,1,0,1,0,0,G,13,18
7525,27.12.2016.,03:05:00,21,21,1,0,1,0,0,G,13,18
7526,27.12.2016.,03:10:00,21,21,1,0,1,0,0,G,13,18
7527,27.12.2016.,03:15:00,21,20,1,0,1,0,0,G,13,18
7528,27.12.2016.,03:20:00,21,20,1,1,1,0,0,G,13,18
7529,27.12.2016.,03:25:00,21,20,1,1,1,0,0,G,13,18
7530,27.12.2016.,03:30:00,21,20,1,1,1,0,0,G,13,18
7531,27.12.2016.,03:35:00,21,20,1,1,1,0,0,G,13,18
7532,27.12.2016.,03:40:00,21,20,1,1,1,0,0,G,13,18
7533,27.12.2016.,03:45:00,21,20,1,1,1,0,0,G,13,18
7534,27.12.2016.,03:50:00,21,20,1,1,1,0,0,G,13,18
7535,27.12.2016.,03:55:00,21,20,1,1,1,0,0,G,13,18
7536,27.12.2016.,04:00:00,21,20,1,1,1,0,0,G,13,18
7537,27.12.2016.,04:05:00,21,20,1,1,1,0,0,G,13,18
7538,27.12.2016.,04:10:00,21,20,1,1,1,0,0,G,13,18
7539,27.12.2016.,04:15:00,21,20,1,1,1,0,0,G,13,18
7540,27.12.2016.,04:20:00,21,20,1,1,1,0,0,G,13,18
7541,27.12.2016.,04:25:00,21,20,1,1,1,0,0,G,13,18
7542,27.12.2016.,04:30:00,21,20,1,1,1,0,0,G,13,18
7543,27.12.2016.,04:35:00,21,20,1,1,1,0,0,G,13,18
7544,27.12.2016.,04:40:00,21,20,1,1,1,0,0,G,13,18
7545,27.12.2016.,04:45:00,21,20,1,1,1,0,0,G,13,18
7546,27.12.2016.,04:50:00,21,20,1,1,1,0,0,G,13,18
7547,27.12.2016.,04:55:00,21,20,1,1,1,0,0,G,13,18
7548,27.12.2016.,05:00:00,21,20,1,1,1,0,0,G,13,18
7549,27.12.2016.,05:05:00,21,20,1,1,1,0,0,G,13,18
7550,27.12.2016.,05:10:00,21,20,1,1,1,0,0,G,13,18
7551,27.12.2016.,05:15:00,21,20,1,1,1,0,0,G,13,18
7552,27.12.2016.,05:20:00,21,20,1,1,1,0,0,G,13,18
7553,27.12.2016.,05:25:00,21,20,1,1,1,0,0,G,13,18
7554,27.12.2016.,05:30:00,21,20,1,1,1,0,0,G,13,18
7555,27.12.2016.,05:35:00,21,20,1,1,1,0,0,G,13,18
7556,27.12.2016.,05:40:00,21,20,1,1,1,0,0,G,13,18
7557,27.12.2016.,05:45:00,21,20,1,1,1,0,0,G,13,18
7558,27.12.2016.,05:50:00,21,20,1,1,1,0,0,G,13,18
7559,27.12.2016.,05:55:00,21,20,1,1,1,0,0,G,13,18
7560,27.12.2016.,06:00:00,21,20,1,1,1,0,0,G,13,18
7561,27.12.2016.,06:05:00,21,20,1,1,1,0,0,G,13,18
7562,27.12.2016.,06:10:00,21,20,1,1,1,0,0,G,13,18
7563,27.12.2016.,06:15:00,21,20,1,0,1,0,0,G,13,18
7564,27.12.2016.,06:20:00,21,20,1,0,1,0,0,G,13,18
7565,27.12.2016.,06:25:00,21,20,1,0,1,0,0,G,13,18
7566,27.12.2016.,06:30:00,21,20,1,0,1,0,0,G,13,18
7567,27.12.2016.,06:35:00,21,20,1,0,1,0,0,G,13,18
7568,27.12.2016.,06:40:00,21,20,1,0,1,0,0,G,13,18
7569,27.12.2016.,06:45:00,21,20,1,0,1,0,0,G,13,18
7570,27.12.2016.,06:50:00,21,20,1,0,1,0,0,G,13,18
7571,27.12.2016.,06:55:00,21,20,1,0,1,0,0,G,13,18
7572,27.12.2016.,07:00:00,21,20,1,0,1,0,0,G,13,18
7573,27.12.2016.,07:05:00,21,20,1,1,1,0,0,G,13,18
7574,27.12.2016.,07:10:00,21,20,1,1,1,0,0,G,13,18
7575,27.12.2016.,07:15:00,21,20,1,1,1,0,0,G,13,18
7576,27.12.2016.,07:20:00,21,20,1,1,1,0,0,G,13,18
7577,27.12.2016.,07:25:00,21,20,1,1,1,0,0,G,13,18
7578,27.12.2016.,07:30:00,21,20,1,1,1,0,0,G,13,18
7579,27.12.2016.,07:35:00,21,20,1,1,1,0,0,G,13,18
7580,27.12.2016.,07:40:00,21,20,1,1,1,0,0,G,13,18
7581,27.12.2016.,07:45:00,21,20,1,1,1,0,0,G,13,18
7582,27.12.2016.,07:50:00,21,20,1,1,1,0,0,G,13,18
7583,27.12.2016.,07:55:00,21,20,1,1,1,0,0,G,13,18
7584,27.12.2016.,08:00:00,21,20,1,1,1,0,0,G,13,18
7585,27.12.2016.,08:05:00,21,20,1,1,1,0,0,G,13,18
7586,27.12.2016.,08:10:00,21,20,1,1,1,0,0,G,13,18
7587,27.12.2016.,08:15:00,21,20,1,1,1,0,0,G,13,18
7588,27.12.2016.,08:20:00,21,20,1,1,1,0,0,G,13,18
7589,27.12.2016.,08:25:00,21,20,1,1,1,0,0,G,13,18
7590,27.12.2016.,08:30:00,21,20,1,1,1,0,0,G,13,18
7591,27.12.2016.,08:35:00,21,20,1,1,1,0,0,G,13,18
7592,27.12.2016.,08:40:00,21,20,1,1,1,0,0,G,13,18
7593,27.12.2016.,08:45:00,21,20,1,1,1,0,0,G,13,18
7594,27.12.2016.,08:50:00,21,20,1,1,1,0,0,G,13,18
7595,27.12.2016.,08:55:00,21,20,1,1,1,0,0,G,13,18
7596,27.12.2016.,09:00:00,21,20,1,1,1,0,0,G,13,18
7597,27.12.2016.,09:05:00,21,20,1,1,1,0,0,G,13,18
7598,27.12.2016.,09:10:00,21,20,1,1,1,0,0,G,13,18
7599,27.12.2016.,09:15:00,21,20,1,1,1,0,0,G,13,18
7600,27.12.2016.,09:20:00,21,20,1,1,1,0,0,G,13,18
7601,27.12.2016.,09:25:00,21,20,1,1,1,0,0,G,13,18
7602,27.12.2016.,09:30:00,21,20,1,1,1,0,0,G,13,18
7603,27.12.2016.,09:35:00,21,20,1,1,1,0,0,G,13,18
7604,27.12.2016.,09:40:00,21,20,1,1,1,0,0,G,13,18
7605,27.12.2016.,09:45:00,21,20,1,1,1,0,0,G,13,18
7606,27.12.2016.,09:50:00,21,20,1,0,1,0,0,G,13,18
7607,27.12.2016.,09:55:00,21,20,1,0,1,0,0,G,13,18
7608,27.12.2016.,10:00:00,21,20,1,0,1,0,0,G,13,18
7609,27.12.2016.,10:05:00,21,21,1,0,0,0,0,G,13,18
7610,27.12.2016.,10:10:00,21,21,1,0,0,0,0,G,13,18
7611,27.12.2016.,10:15:00,21,21,1,0,0,0,0,G,13,18
7612,27.12.2016.,10:20:00,21,21,1,0,0,0,0,G,13,18
7613,27.12.2016.,10:25:00,21,21,1,0,0,0,0,G,13,18
7614,27.12.2016.,10:30:00,21,21,1,0,0,0,0,G,13,18
7615,27.12.2016.,10:35:00,21,21,1,0,0,0,0,G,13,18
7616,27.12.2016.,10:40:00,21,21,1,0,0,0,0,G,13,18
7617,27.12.2016.,10:45:00,21,21,1,0,1,0,0,G,13,18
7618,27.12.2016.,10:50:00,21,21,1,0,1,0,0,G,13,18
7619,27.12.2016.,10:55:00,21,21,1,0,1,0,0,G,13,18
7620,27.12.2016.,11:00:00,21,21,1,0,1,0,0,G,13,18
7621,27.12.2016.,11:05:00,21,21,1,0,1,0,0,G,13,18
7622,27.12.2016.,11:10:00,21,21,1,0,1,0,0,G,13,18
7623,27.12.2016.,11:15:00,21,20,1,0,1,0,0,G,13,18
7624,27.12.2016.,11:20:00,21,20,1,0,1,0,0,G,13,18
7625,27.12.2016.,11:25:00,21,20,1,0,1,0,0,G,13,18
7626,27.12.2016.,11:30:00,21,20,1,0,1,0,0,G,13,18
7627,27.12.2016.,11:35:00,21,20,1,0,1,0,0,G,13,18
7628,27.12.2016.,11:40:00,21,20,1,1,1,0,0,G,13,18
7629,27.12.2016.,11:45:00,21,20,1,1,1,0,0,G,13,18
7630,27.12.2016.,11:50:00,21,20,1,1,1,0,0,G,13,18
7631,27.12.2016.,11:55:00,21,20,1,1,1,0,0,G,13,18
7632,27.12.2016.,12:00:00,21,20,1,1,1,0,0,G,13,18
7633,27.12.2016.,12:05:00,21,20,1,1,1,0,0,G,13,18
7634,27.12.2016.,12:10:00,21,20,1,1,1,0,0,G,13,18
7635,27.12.2016.,12:15:00,21,20,1,1,1,0,0,G,13,18
7636,27.12.2016.,12:20:00,21,20,1,1,1,0,0,G,13,18
7637,27.12.2016.,12:25:00,21,20,1,1,1,0,0,G,13,18
7638,27.12.2016.,12:30:00,21,20,1,1,1,0,0,G,13,18
7639,27.12.2016.,12:35:00,21,20,1,1,1,0,0,G,13,18
7640,27.12.2016.,12:40:00,21,20,1,1,1,0,0,G,13,18
7641,27.12.2016.,12:45:00,21,20,1,0,1,0,0,G,13,18
7642,27.12.2016.,12:50:00,21,20,1,0,1,0,0,G,13,18
7643,27.12.2016.,12:55:00,21,20,1,0,1,0,0,G,13,18
7644,27.12.2016.,13:00:00,21,20,1,0,1,0,0,G,13,18
7645,27.12.2016.,13:05:00,21,20,1,0,1,0,0,G,13,18
7646,27.12.2016.,13:10:00,21,20,1,0,1,0,0,G,13,18
7647,27.12.2016.,13:15:00,21,21,1,0,0,0,0,G,13,18
7648,27.12.2016.,13:20:00,21,21,1,0,0,0,0,G,13,18
7649,27.12.2016.,13:25:00,21,21,1,0,0,0,0,G,13,18
7650,27.12.2016.,13:30:00,21,21,1,0,0,0,0,G,13,18
7651,27.12.2016.,13:35:00,21,21,1,0,0,0,0,G,13,18
7652,27.12.2016.,13:40:00,21,21,1,0,0,0,0,G,13,18
7653,27.12.2016.,13:45:00,21,21,1,0,0,0,0,G,13,18
7654,27.12.2016.,13:50:00,21,21,1,0,0,0,0,G,13,18
7655,27.12.2016.,13:55:00,21,21,1,0,0,0,0,G,13,18
7656,27.12.2016.,14:00:00,21,21,1,0,0,0,0,G,13,18
7657,27.12.2016.,14:05:00,21,21,1,0,0,0,0,G,13,18
7658,27.12.2016.,14:10:00,21,21,1,0,0,0,0,G,13,18
7659,27.12.2016.,14:15:00,21,21,1,0,0,0,0,G,13,18
7660,27.12.2016.,14:20:00,21,21,1,0,0,0,0,G,13,18
7661,27.12.2016.,14:25:00,21,21,1,0,0,0,0,G,13,18
7662,27.12.2016.,14:30:00,21,21,1,0,0,0,0,G,13,18
7663,27.12.2016.,14:35:00,21,21,1,0,0,0,0,G,13,18
7664,27.12.2016.,14:40:00,21,21,1,0,0,0,0,G,13,18
7665,27.12.2016.,14:45:00,21,21,1,0,0,0,0,G,13,18
7666,27.12.2016.,14:50:00,21,21,1,0,0,0,0,G,13,18
7667,27.12.2016.,14:55:00,21,21,1,0,0,0,0,G,13,18
7668,27.12.2016.,15:00:00,21,21,1,0,0,0,0,G,13,18
7669,27.12.2016.,15:05:00,21,21,1,0,0,0,0,G,13,18
7670,27.12.2016.,15:10:00,21,21,1,0,0,0,0,G,13,18
7671,27.12.2016.,15:15:00,21,21,1,0,0,0,0,G,13,18
7672,27.12.2016.,15:20:00,21,21,1,0,0,0,0,G,13,19
7673,27.12.2016.,15:25:00,21,21,1,0,0,0,0,G,13,19
7674,27.12.2016.,15:30:00,21,21,1,0,0,0,0,G,13,19
7675,27.12.2016.,15:35:00,21,21,1,0,0,0,0,G,13,19
7676,27.12.2016.,15:40:00,21,21,1,0,0,0,0,G,13,19
7677,27.12.2016.,15:45:00,21,21,1,0,0,0,0,G,13,19
7678,27.12.2016.,15:50:00,21,21,1,0,0,0,0,G,13,19
7679,27.12.2016.,15:55:00,21,21,1,0,0,0,0,G,13,19
7680,27.12.2016.,16:00:00,21,21,1,0,0,0,0,G,13,19
7681,27.12.2016.,16:05:00,21,21,1,0,0,0,0,G,13,19
7682,27.12.2016.,16:10:00,21,21,1,0,0,0,0,G,13,19
7683,27.12.2016.,16:15:00,21,21,1,0,0,0,0,G,13,19
7684,27.12.2016.,16:20:00,21,21,1,0,0,0,0,G,13,19
7685,27.12.2016.,16:25:00,21,21,1,0,0,0,0,G,13,19
7686,27.12.2016.,16:30:00,21,21,1,0,0,0,0,G,13,19
7687,27.12.2016.,16:35:00,21,21,1,0,0,0,0,G,13,19
7688,27.12.2016.,16:40:00,21,21,1,0,0,0,0,G,13,19
7689,27.12.2016.,16:45:00,21,21,1,0,0,0,0,G,13,19
7690,27.12.2016.,16:50:00,21,21,1,0,0,0,0,G,13,19
7691,27.12.2016.,16:55:00,21,21,1,0,0,0,0,G,13,19
7692,27.12.2016.,17:00:00,21,21,1,0,0,0,0,G,13,19
7693,27.12.2016.,17:05:00,21,21,1,0,0,0,0,G,13,19
7694,27.12.2016.,17:10:00,21,21,1,0,0,0,0,G,13,19
7695,27.12.2016.,17:15:00,21,21,1,0,0,0,0,G,13,19
7696,27.12.2016.,17:20:00,21,21,1,0,0,0,0,G,13,19
7697,27.12.2016.,17:25:00,21,21,1,0,0,0,0,G,13,19
7698,27.12.2016.,17:30:00,21,21,1,0,0,0,0,G,13,19
7699,27.12.2016.,17:35:00,21,21,1,0,0,0,0,G,13,19
7700,27.12.2016.,17:40:00,21,21,1,0,0,0,0,G,13,19
7701,27.12.2016.,17:45:00,21,21,1,0,1,0,0,G,13,19
7702,27.12.2016.,17:50:00,21,21,1,0,1,0,0,G,13,19
7703,27.12.2016.,17:55:00,21,21,1,0,1,0,0,G,13,19
7704,27.12.2016.,18:00:00,21,21,1,0,1,0,0,G,13,19
7705,27.12.2016.,18:05:00,21,21,1,0,1,0,0,G,13,19
7706,27.12.2016.,18:10:00,21,21,1,0,1,0,0,G,13,19
7707,27.12.2016.,18:15:00,21,21,1,0,1,0,0,G,13,19
7708,27.12.2016.,18:20:00,21,21,1,0,1,0,0,G,13,19
7709,27.12.2016.,18:25:00,21,21,1,0,1,0,0,G,13,19
7710,27.12.2016.,18:30:00,21,21,1,0,1,0,0,G,13,19
7711,27.12.2016.,18:35:00,21,21,1,0,1,0,0,G,13,19
7712,27.12.2016.,18:40:00,21,21,1,0,1,0,0,G,13,19
7713,27.12.2016.,18:45:00,21,21,1,0,1,0,0,G,13,19
7714,27.12.2016.,18:50:00,21,21,1,0,1,0,0,G,13,19
7715,27.12.2016.,18:55:00,21,21,1,0,1,0,0,G,13,19
7716,27.12.2016.,19:00:00,21,21,1,0,1,0,0,G,13,19
7717,27.12.2016.,19:05:00,21,21,1,0,1,0,0,G,13,19
7718,27.12.2016.,19:10:00,21,21,1,0,1,0,0,G,13,19
7719,27.12.2016.,19:15:00,21,21,1,0,1,0,0,G,13,19
7720,27.12.2016.,19:20:00,21,21,1,0,1,0,0,G,13,19
7721,27.12.2016.,19:25:00,21,21,1,0,1,0,0,G,13,19
7722,27.12.2016.,19:30:00,21,21,1,0,1,0,0,G,13,19
7723,27.12.2016.,19:35:00,21,21,1,0,1,0,0,G,13,19
7724,27.12.2016.,19:40:00,21,21,1,0,1,0,0,G,13,19
7725,27.12.2016.,19:45:00,21,20,1,0,1,0,0,G,13,19
7726,27.12.2016.,19:50:00,21,20,1,0,1,0,0,G,13,19
7727,27.12.2016.,19:55:00,21,20,1,0,1,0,0,G,13,19
7728,27.12.2016.,20:00:00,21,20,1,0,1,0,0,G,13,19
7729,27.12.2016.,20:05:00,21,20,1,0,1,0,0,G,13,19
7730,27.12.2016.,20:10:00,21,20,1,0,1,0,0,G,13,19
7731,27.12.2016.,20:15:00,21,20,1,0,1,0,0,G,13,19
7732,27.12.2016.,20:20:00,21,20,1,0,1,0,0,G,13,19
7733,27.12.2016.,20:25:00,21,20,1,1,1,0,0,G,13,19
7734,27.12.2016.,20:30:00,21,20,1,1,1,0,0,G,13,19
7735,27.12.2016.,20:35:00,21,20,1,1,1,0,0,G,13,19
7736,27.12.2016.,20:40:00,21,20,1,1,1,0,0,G,13,19
7737,27.12.2016.,20:45:00,21,20,1,1,1,0,0,G,13,19
7738,27.12.2016.,20:50:00,21,20,1,1,1,0,0,G,13,19
7739,27.12.2016.,20:55:00,21,20,1,1,1,0,0,G,13,19
7740,27.12.2016.,21:00:00,21,20,1,1,1,0,0,G,13,19
7741,27.12.2016.,21:05:00,21,20,1,1,1,0,0,G,13,19
7742,27.12.2016.,21:10:00,21,20,1,1,1,0,0,G,13,19
7743,27.12.2016.,21:15:00,21,20,1,1,1,0,0,G,13,19
7744,27.12.2016.,21:20:00,21,20,1,1,1,0,0,G,13,19
7745,27.12.2016.,21:25:00,21,20,1,1,1,0,0,G,13,19
7746,27.12.2016.,21:30:00,21,20,1,1,1,0,0,G,13,19
7747,27.12.2016.,21:35:00,21,20,1,1,1,0,0,G,13,19
7748,27.12.2016.,21:40:00,21,20,1,1,1,0,0,G,13,19
7749,27.12.2016.,21:45:00,21,20,1,1,1,0,0,G,13,19
7750,27.12.2016.,21:50:00,21,20,1,1,1,0,0,G,13,19
7751,27.12.2016.,21:55:00,21,20,1,1,1,0,0,G,13,19
7752,27.12.2016.,22:00:00,21,20,1,1,1,0,0,G,13,19
7753,27.12.2016.,22:05:00,21,20,1,1,1,0,0,G,13,19
7754,27.12.2016.,22:10:00,21,20,1,1,1,0,0,G,13,19
7755,27.12.2016.,22:15:00,21,20,1,1,1,0,0,G,13,19
7756,27.12.2016.,22:20:00,21,20,1,1,1,0,0,G,13,19
7757,27.12.2016.,22:25:00,21,20,1,1,1,0,0,G,13,19
7758,27.12.2016.,22:30:00,21,20,1,1,1,0,0,G,13,19
7759,27.12.2016.,22:35:00,21,20,1,1,1,0,0,G,13,19
7760,27.12.2016.,22:40:00,21,20,1,0,1,0,0,G,13,19
7761,27.12.2016.,22:45:00,21,20,1,0,1,0,0,G,13,19
7762,27.12.2016.,22:50:00,21,20,1,0,1,0,0,G,13,19
7763,27.12.2016.,22:55:00,21,20,1,0,1,0,0,G,13,19
7764,27.12.2016.,23:00:00,21,20,1,0,1,0,0,G,13,19
7765,27.12.2016.,23:05:00,21,20,1,0,1,0,0,G,13,19
7766,27.12.2016.,23:10:00,21,20,1,0,1,0,0,G,13,19
7767,27.12.2016.,23:15:00,21,20,1,0,1,0,0,G,13,19
7768,27.12.2016.,23:20:00,21,20,1,0,1,0,0,G,13,19
7769,27.12.2016.,23:25:00,21,20,1,0,1,0,0,G,13,19
7770,27.12.2016.,23:30:00,21,20,1,0,1,0,0,G,13,19
7771,27.12.2016.,23:35:00,21,20,1,0,1,0,0,G,13,19
7772,27.12.2016.,23:40:00,21,20,1,0,1,0,0,G,13,19
7773,27.12.2016.,23:45:00,21,20,1,0,1,0,0,G,13,19
7774,27.12.2016.,23:50:00,21,21,1,0,0,0,0,G,13,19
7775,27.12.2016.,23:55:00,21,21,1,0,0,0,0,G,13,19
7776,28.12.2016.,00:00:00,21,21,1,0,0,0,0,G,13,19
7777,28.12.2016.,00:05:00,21,21,1,0,0,0,0,G,13,19
7778,28.12.2016.,00:10:00,21,21,1,0,0,0,0,G,13,19
7779,28.12.2016.,00:15:00,21,21,1,0,0,0,0,G,13,19
7780,28.12.2016.,00:20:00,21,21,1,0,0,0,0,G,13,19
7781,28.12.2016.,00:25:00,21,21,1,0,0,0,0,G,13,19
7782,28.12.2016.,00:30:00,21,21,1,0,0,0,0,G,13,19
7783,28.12.2016.,00:35:00,21,21,1,0,0,0,0,G,13,19
7784,28.12.2016.,00:40:00,21,21,1,0,0,0,0,G,13,19
7785,28.12.2016.,00:45:00,21,21,1,0,0,0,0,G,13,19
7786,28.12.2016.,00:50:00,21,21,1,0,0,0,0,G,13,19
7787,28.12.2016.,00:55:00,21,21,1,0,0,0,0,G,13,19
7788,28.12.2016.,01:00:00,21,21,1,0,0,0,0,G,13,19
7789,28.12.2016.,01:05:00,21,21,1,0,0,0,0,G,13,18
7790,28.12.2016.,01:10:00,21,21,1,0,0,0,0,G,13,18
7791,28.12.2016.,01:15:00,21,21,1,0,1,0,0,G,13,18
7792,28.12.2016.,01:20:00,21,21,1,0,1,0,0,G,13,18
7793,28.12.2016.,01:25:00,21,21,1,0,1,0,0,G,13,18
7794,28.12.2016.,01:30:00,21,21,1,0,1,0,0,G,13,18
7795,28.12.2016.,01:35:00,21,21,1,0,1,0,0,G,13,18
7796,28.12.2016.,01:40:00,21,21,1,0,1,0,0,G,13,18
7797,28.12.2016.,01:45:00,21,21,1,0,1,0,0,G,13,18
7798,28.12.2016.,01:50:00,21,21,1,0,1,0,0,G,13,18
7799,28.12.2016.,01:55:00,21,21,1,0,1,0,0,G,13,18
7800,28.12.2016.,02:00:00,21,21,1,0,1,0,0,G,13,18
7801,28.12.2016.,02:05:00,21,21,1,0,1,0,0,G,13,18
7802,28.12.2016.,02:10:00,21,21,1,0,1,0,0,G,13,18
7803,28.12.2016.,02:15:00,21,21,1,0,1,0,0,G,13,18
7804,28.12.2016.,02:20:00,21,21,1,0,1,0,0,G,13,18
7805,28.12.2016.,02:25:00,21,21,1,0,1,0,0,G,13,18
7806,28.12.2016.,02:30:00,21,21,1,0,1,0,0,G,13,18
7807,28.12.2016.,02:35:00,21,21,1,0,1,0,0,G,13,18
7808,28.12.2016.,02:40:00,21,21,1,0,1,0,0,G,13,18
7809,28.12.2016.,02:45:00,21,21,1,0,1,0,0,G,13,18
7810,28.12.2016.,02:50:00,21,21,1,0,1,0,0,G,13,18
7811,28.12.2016.,02:55:00,21,21,1,0,1,0,0,G,13,18
7812,28.12.2016.,03:00:00,21,21,1,0,1,0,0,G,13,18
7813,28.12.2016.,03:05:00,21,21,1,0,1,0,0,G,13,18
7814,28.12.2016.,03:10:00,21,21,1,0,1,0,0,G,13,18
7815,28.12.2016.,03:15:00,21,20,1,0,1,0,0,G,13,18
7816,28.12.2016.,03:20:00,21,20,1,1,1,0,0,G,13,18
7817,28.12.2016.,03:25:00,21,20,1,1,1,0,0,G,13,18
7818,28.12.2016.,03:30:00,21,20,1,1,1,0,0,G,13,18
7819,28.12.2016.,03:35:00,21,20,1,1,1,0,0,G,13,18
7820,28.12.2016.,03:40:00,21,20,1,1,1,0,0,G,13,18
7821,28.12.2016.,03:45:00,21,20,1,1,1,0,0,G,13,18
7822,28.12.2016.,03:50:00,21,20,1,1,1,0,0,G,13,18
7823,28.12.2016.,03:55:00,21,20,1,1,1,0,0,G,13,18
7824,28.12.2016.,04:00:00,21,20,1,1,1,0,0,G,13,18
7825,28.12.2016.,04:05:00,21,20,1,1,1,0,0,G,13,18
7826,28.12.2016.,04:10:00,21,20,1,1,1,0,0,G,13,18
7827,28.12.2016.,04:15:00,21,20,1,1,1,0,0,G,13,18
7828,28.12.2016.,04:20:00,21,20,1,1,1,0,0,G,13,18
7829,28.12.2016.,04:25:00,21,20,1,1,1,0,0,G,13,18
7830,28.12.2016.,04:30:00,21,20,1,1,1,0,0,G,13,18
7831,28.12.2016.,04:35:00,21,20,1,1,1,0,0,G,13,18
7832,28.12.2016.,04:40:00,21,20,1,1,1,0,0,G,13,18
7833,28.12.2016.,04:45:00,21,20,1,1,1,0,0,G,13,18
7834,28.12.2016.,04:50:00,21,20,1,1,1,0,0,G,13,18
7835,28.12.2016.,04:55:00,21,20,1,1,1,0,0,G,13,18
7836,28.12.2016.,05:00:00,21,20,1,1,1,0,0,G,13,18
7837,28.12.2016.,05:05:00,21,20,1,1,1,0,0,G,13,18
7838,28.12.2016.,05:10:00,21,20,1,1,1,0,0,G,13,18
7839,28.12.2016.,05:15:00,21,20,1,1,1,0,0,G,13,18
7840,28.12.2016.,05:20:00,21,20,1,1,1,0,0,G,13,18
7841,28.12.2016.,05:25:00,21,20,1,1,1,0,0,G,13,18
7842,28.12.2016.,05:30:00,21,20,1,1,1,0,0,G,13,18
7843,28.12.2016.,05:35:00,21,20,1,1,1,0,0,G,13,18
7844,28.12.2016.,05:40:00,21,20,1,1,1,0,0,G,13,18
7845,28.12.2016.,05:45:00,21,20,1,1,1,0,0,G,13,18
7846,28.12.2016.,05:50:00,21,20,1,1,1,0,0,G,13,18
7847,28.12.2016.,05:55:00,21,20,1,1,1,0,0,G,13,18
7848,28.12.2016.,06:00:00,21,20,1,1,1,0,0,G,13,18
7849,28.12.2016.,06:05:00,21,20,1,1,1,0,0,G,13,18
7850,28.12.2016.,06:10:00,21,20,1,1,1,0,0,G,13,18
7851,28.12.2016.,06:15:00,21,20,1,1,1,0,0,G,13,18
7852,28.12.2016.,06:20:00,21,20,1,1,1,0,0,G,13,18
7853,28.12.2016.,06:25:00,21,20,1,1,1,0,0,G,13,18
7854,28.12.2016.,06:30:00,21,20,1,1,1,0,0,G,13,18
7855,28.12.2016.,06:35:00,21,20,1,1,1,0,0,G,13,18
7856,28.12.2016.,06:40:00,21,20,1,1,1,0,0,G,13,18
7857,28.12.2016.,06:45:00,21,20,1,1,1,0,0,G,13,18
7858,28.12.2016.,06:50:00,21,20,1,1,1,0,0,G,13,18
7859,28.12.2016.,06:55:00,21,20,1,1,1,0,0,G,13,18
7860,28.12.2016.,07:00:00,21,20,1,1,1,0,0,G,13,18
7861,28.12.2016.,07:05:00,21,20,1,1,1,0,0,G,13,18
7862,28.12.2016.,07:10:00,21,20,1,1,1,0,0,G,13,18
7863,28.12.2016.,07:15:00,21,20,1,1,1,0,0,G,13,18
7864,28.12.2016.,07:20:00,21,20,1,1,1,0,0,G,13,18
7865,28.12.2016.,07:25:00,21,20,1,1,1,0,0,G,13,18
7866,28.12.2016.,07:30:00,21,20,1,1,1,0,0,G,13,18
7867,28.12.2016.,07:35:00,21,20,1,1,1,0,0,G,13,18
7868,28.12.2016.,07:40:00,21,20,1,1,1,0,0,G,13,18
7869,28.12.2016.,07:45:00,21,20,1,1,1,0,0,G,13,18
7870,28.12.2016.,07:50:00,21,20,1,1,1,0,0,G,13,18
7871,28.12.2016.,07:55:00,21,20,1,1,1,0,0,G,13,18
7872,28.12.2016.,08:00:00,21,20,1,1,1,0,0,G,13,18
7873,28.12.2016.,08:05:00,21,20,1,1,1,0,0,G,13,18
7874,28.12.2016.,08:10:00,21,20,1,1,1,0,0,G,13,18
7875,28.12.2016.,08:15:00,21,20,1,1,1,0,0,G,13,18
7876,28.12.2016.,08:20:00,21,20,1,1,1,0,0,G,13,18
7877,28.12.2016.,08:25:00,21,20,1,1,1,0,0,G,13,18
7878,28.12.2016.,08:30:00,21,20,1,1,1,0,0,G,13,18
7879,28.12.2016.,08:35:00,21,20,1,1,1,0,0,G,13,18
7880,28.12.2016.,08:40:00,21,20,1,1,1,0,0,G,13,18
7881,28.12.2016.,08:45:00,21,20,1,1,1,0,0,G,13,18
7882,28.12.2016.,08:50:00,21,20,1,1,1,0,0,G,13,18
7883,28.12.2016.,08:55:00,21,20,1,1,1,0,0,G,13,18
7884,28.12.2016.,09:00:00,21,20,1,1,1,0,0,G,13,18
7885,28.12.2016.,09:05:00,21,20,1,1,1,0,0,G,13,18
7886,28.12.2016.,09:10:00,21,20,1,1,1,0,0,G,13,18
7887,28.12.2016.,09:15:00,21,20,1,1,1,0,0,G,13,18
7888,28.12.2016.,09:20:00,21,20,1,1,1,0,0,G,13,18
7889,28.12.2016.,09:25:00,21,20,1,1,1,0,0,G,13,18
7890,28.12.2016.,09:30:00,21,20,1,1,1,0,0,G,13,18
7891,28.12.2016.,09:35:00,21,20,1,1,1,0,0,G,13,18
7892,28.12.2016.,09:40:00,21,20,1,0,1,0,0,G,13,18
7893,28.12.2016.,09:45:00,21,20,1,0,1,0,0,G,13,18
7894,28.12.2016.,09:50:00,21,20,1,0,1,0,0,G,13,18
7895,28.12.2016.,09:55:00,21,20,1,0,1,0,0,G,13,18
7896,28.12.2016.,10:00:00,21,20,1,0,1,0,0,G,13,18
7897,28.12.2016.,10:05:00,21,21,1,0,0,0,0,G,13,18
7898,28.12.2016.,10:10:00,21,21,1,0,0,0,0,G,13,18
7899,28.12.2016.,10:15:00,21,21,1,0,0,0,0,G,13,18
7900,28.12.2016.,10:20:00,21,21,1,0,0,0,0,G,13,18
7901,28.12.2016.,10:25:00,21,21,1,0,1,0,0,G,13,18
7902,28.12.2016.,10:30:00,21,21,1,0,1,0,0,G,13,18
7903,28.12.2016.,10:35:00,21,21,1,0,1,0,0,G,13,18
7904,28.12.2016.,10:40:00,21,21,1,0,1,0,0,G,13,18
7905,28.12.2016.,10:45:00,21,21,1,0,1,0,0,G,13,18
7906,28.12.2016.,10:50:00,21,21,1,0,1,0,0,G,13,18
7907,28.12.2016.,10:55:00,21,21,1,0,1,0,0,G,13,18
7908,28.12.2016.,11:00:00,21,20,1,0,1,0,0,G,13,18
7909,28.12.2016.,11:05:00,21,20,1,0,1,0,0,G,13,18
7910,28.12.2016.,11:10:00,21,20,1,0,1,0,0,G,13,18
7911,28.12.2016.,11:15:00,21,20,1,1,1,0,0,G,13,18
7912,28.12.2016.,11:20:00,21,20,1,1,1,0,0,G,13,18
7913,28.12.2016.,11:25:00,21,20,1,1,1,0,0,G,13,18
7914,28.12.2016.,11:30:00,21,20,1,1,1,0,0,G,13,18
7915,28.12.2016.,11:35:00,21,20,1,1,1,0,0,G,13,18
7916,28.12.2016.,11:40:00,21,20,1,1,1,0,0,G,13,18
7917,28.12.2016.,11:45:00,21,20,1,1,1,0,0,G,13,18
7918,28.12.2016.,11:50:00,21,20,1,1,1,0,0,G,13,18
7919,28.12.2016.,11:55:00,21,20,1,1,1,0,0,G,13,18
7920,28.12.2016.,12:00:00,21,20,1,1,1,0,0,G,13,18
7921,28.12.2016.,12:05:00,21,20,1,1,1,0,0,G,13,18
7922,28.12.2016.,12:10:00,21,20,1,1,1,0,0,G,13,18
7923,28.12.2016.,12:15:00,21,20,1,1,1,0,0,G,13,18
7924,28.12.2016.,12:20:00,21,20,1,1,1,0,0,G,13,18
7925,28.12.2016.,12:25:00,21,20,1,1,1,0,0,G,13,18
7926,28.12.2016.,12:30:00,21,20,1,1,1,0,0,G,13,18
7927,28.12.2016.,12:35:00,21,20,1,1,1,0,0,G,13,18
7928,28.12.2016.,12:40:00,21,20,1,1,1,0,0,G,13,18
7929,28.12.2016.,12:45:00,21,20,1,1,1,0,0,G,13,18
7930,28.12.2016.,12:50:00,21,20,1,1,1,0,0,G,13,18
7931,28.12.2016.,12:55:00,21,20,1,1,1,0,0,G,13,18
7932,28.12.2016.,13:00:00,21,20,1,1,1,0,0,G,13,18
7933,28.12.2016.,13:05:00,21,20,1,1,1,0,0,G,13,18
7934,28.12.2016.,13:10:00,21,20,1,1,1,0,0,G,13,18
7935,28.12.2016.,13:15:00,21,20,1,1,1,0,0,G,13,18
7936,28.12.2016.,13:20:00,21,20,1,0,1,0,0,G,13,18
7937,28.12.2016.,13:25:00,21,20,1,0,1,0,0,G,13,18
7938,28.12.2016.,13:30:00,21,20,1,0,1,0,0,G,13,18
7939,28.12.2016.,13:35:00,21,20,1,0,1,0,0,G,13,18
7940,28.12.2016.,13:40:00,21,20,1,0,1,0,0,G,13,18
7941,28.12.2016.,13:45:00,21,20,1,0,1,0,0,G,13,18
7942,28.12.2016.,13:50:00,21,20,1,0,1,0,0,G,13,18
7943,28.12.2016.,13:55:00,21,20,1,0,1,0,0,G,13,18
7944,28.12.2016.,14:00:00,21,20,1,1,1,0,0,G,13,18
7945,28.12.2016.,14:05:00,21,20,1,1,1,0,0,G,13,18
7946,28.12.2016.,14:10:00,21,20,1,1,1,0,0,G,13,18
7947,28.12.2016.,14:15:00,21,20,1,1,1,0,0,G,13,18
7948,28.12.2016.,14:20:00,21,20,1,1,1,0,0,G,13,18
7949,28.12.2016.,14:25:00,21,20,1,1,1,0,0,G,13,18
7950,28.12.2016.,14:30:00,21,20,1,1,1,0,0,G,13,18
7951,28.12.2016.,14:35:00,21,20,1,1,1,0,0,G,13,18
7952,28.12.2016.,14:40:00,21,20,1,1,1,0,0,G,13,18
7953,28.12.2016.,14:45:00,21,20,1,1,1,0,0,G,13,18
7954,28.12.2016.,14:50:00,21,20,1,1,1,0,0,G,13,18
7955,28.12.2016.,14:55:00,21,20,1,1,1,0,0,G,13,18
7956,28.12.2016.,15:00:00,21,20,1,1,1,0,0,G,13,18
7957,28.12.2016.,15:05:00,21,20,1,1,1,0,0,G,13,18
7958,28.12.2016.,15:10:00,21,20,1,1,1,0,0,G,13,18
7959,28.12.2016.,15:15:00,21,20,1,1,1,0,0,G,13,18
7960,28.12.2016.,15:20:00,21,20,1,1,1,0,0,G,13,18
7961,28.12.2016.,15:25:00,21,20,1,1,1,0,0,G,13,18
7962,28.12.2016.,15:30:00,21,20,1,1,1,0,0,G,13,19
7963,28.12.2016.,15:35:00,21,20,1,1,1,0,0,G,13,18
7964,28.12.2016.,15:40:00,21,20,1,1,1,0,0,G,13,18
7965,28.12.2016.,15:45:00,21,20,1,1,1,0,0,G,13,18
7966,28.12.2016.,15:50:00,21,20,1,1,1,0,0,G,13,18
7967,28.12.2016.,15:55:00,21,20,1,1,1,0,0,G,13,19
7968,28.12.2016.,16:00:00,21,20,1,0,1,0,0,G,13,18
7969,28.12.2016.,16:05:00,21,20,1,0,1,0,0,G,13,18
7970,28.12.2016.,16:10:00,21,20,1,0,1,0,0,G,13,18
7971,28.12.2016.,16:15:00,21,20,1,0,1,0,0,G,13,18
7972,28.12.2016.,16:20:00,21,21,1,0,1,0,0,G,13,18
7973,28.12.2016.,16:25:00,21,21,1,0,1,0,0,G,13,18
7974,28.12.2016.,16:30:00,21,21,1,0,1,0,0,G,13,18
7975,28.12.2016.,16:35:00,21,21,1,0,1,0,0,G,13,18
7976,28.12.2016.,16:40:00,21,21,1,0,1,0,0,G,13,18
7977,28.12.2016.,16:45:00,21,21,1,0,1,0,0,G,13,18
7978,28.12.2016.,16:50:00,21,21,1,0,1,0,0,G,13,18
7979,28.12.2016.,16:55:00,21,21,1,0,1,0,0,G,13,18
7980,28.12.2016.,17:00:00,21,21,1,0,1,0,0,G,13,18
7981,28.12.2016.,17:05:00,21,21,1,0,1,0,0,G,13,18
7982,28.12.2016.,17:10:00,21,21,1,0,1,0,0,G,13,18
7983,28.12.2016.,17:15:00,21,21,1,0,1,0,0,G,13,18
7984,28.12.2016.,17:20:00,21,21,1,0,1,0,0,G,13,18
7985,28.12.2016.,17:25:00,21,21,1,0,1,0,0,G,13,18
7986,28.12.2016.,17:30:00,21,21,1,0,1,0,0,G,13,18
7987,28.12.2016.,17:35:00,21,21,1,0,1,0,0,G,13,18
7988,28.12.2016.,17:40:00,21,21,1,0,1,0,0,G,13,18
7989,28.12.2016.,17:45:00,21,20,1,0,1,0,0,G,13,18
7990,28.12.2016.,17:50:00,21,20,1,0,1,0,0,G,13,18
7991,28.12.2016.,17:55:00,21,20,1,0,1,0,0,G,13,18
7992,28.12.2016.,18:00:00,21,20,1,0,1,0,0,G,13,18
7993,28.12.2016.,18:05:00,21,20,1,0,1,0,0,G,13,18
7994,28.12.2016.,18:10:00,21,20,1,0,1,0,0,G,13,18
7995,28.12.2016.,18:15:00,21,20,1,0,1,0,0,G,13,18
7996,28.12.2016.,18:20:00,21,20,1,0,1,0,0,G,13,18
7997,28.12.2016.,18:25:00,21,20,1,0,1,0,0,G,13,18
7998,28.12.2016.,18:30:00,21,20,1,0,1,0,0,G,13,18
7999,28.12.2016.,18:35:00,21,20,1,0,1,0,0,G,13,18
8000,28.12.2016.,18:40:00,21,20,1,0,1,0,0,G,13,18
8001,28.12.2016.,18:45:00,21,20,1,0,1,0,0,G,13,18
8002,28.12.2016.,18:50:00,21,20,1,1,1,0,0,G,13,18
8003,28.12.2016.,18:55:00,21,20,1,1,1,0,0,G,13,18
8004,28.12.2016.,19:00:00,21,20,1,1,1,0,0,G,13,18
8005,28.12.2016.,19:05:00,21,20,1,1,1,0,0,G,13,18
8006,28.12.2016.,19:10:00,21,20,1,1,1,0,0,G,13,18
8007,28.12.2016.,19:15:00,21,20,1,1,1,0,0,G,13,18
8008,28.12.2016.,19:20:00,21,20,1,1,1,0,0,G,13,18
8009,28.12.2016.,19:25:00,21,20,1,1,1,0,0,G,13,18
8010,28.12.2016.,19:30:00,21,20,1,1,1,0,0,G,13,18
8011,28.12.2016.,19:35:00,21,20,1,1,1,0,0,G,13,18
8012,28.12.2016.,19:40:00,21,20,1,1,1,0,0,G,13,18
8013,28.12.2016.,19:45:00,21,20,1,1,1,0,0,G,13,18
8014,28.12.2016.,19:50:00,21,20,1,1,1,0,0,G,13,18
8015,28.12.2016.,19:55:00,21,20,1,1,1,0,0,G,13,18
8016,28.12.2016.,20:00:00,21,20,1,1,1,0,0,G,13,18
8017,28.12.2016.,20:05:00,21,20,1,1,1,0,0,G,13,18
8018,28.12.2016.,20:10:00,21,20,1,1,1,0,0,G,13,18
8019,28.12.2016.,20:15:00,21,20,1,1,1,0,0,G,13,18
8020,28.12.2016.,20:20:00,21,20,1,1,1,0,0,G,13,18
8021,28.12.2016.,20:25:00,21,20,1,1,1,0,0,G,13,18
8022,28.12.2016.,20:30:00,21,20,1,1,1,0,0,G,13,18
8023,28.12.2016.,20:35:00,21,20,1,1,1,0,0,G,13,18
8024,28.12.2016.,20:40:00,21,20,1,1,1,0,0,G,13,18
8025,28.12.2016.,20:45:00,21,20,1,1,1,0,0,G,13,18
8026,28.12.2016.,20:50:00,21,20,1,1,1,0,0,G,13,18
8027,28.12.2016.,20:55:00,21,20,1,1,1,0,0,G,13,18
8028,28.12.2016.,21:00:00,21,20,1,1,1,0,0,G,13,18
8029,28.12.2016.,21:05:00,21,20,1,1,1,0,0,G,13,18
8030,28.12.2016.,21:10:00,21,20,1,1,1,0,0,G,13,18
8031,28.12.2016.,21:15:00,21,20,1,1,1,0,0,G,13,18
8032,28.12.2016.,21:20:00,21,20,1,1,1,0,0,G,13,18
8033,28.12.2016.,21:25:00,21,20,1,1,1,0,0,G,13,18
8034,28.12.2016.,21:30:00,21,20,1,1,1,0,0,G,13,18
8035,28.12.2016.,21:35:00,21,20,1,1,1,0,0,G,13,18
8036,28.12.2016.,21:40:00,21,20,1,1,1,0,0,G,13,18
8037,28.12.2016.,21:45:00,21,20,1,1,1,0,0,G,13,18
8038,28.12.2016.,21:50:00,21,20,1,0,1,0,0,G,13,18
8039,28.12.2016.,21:55:00,21,20,1,0,1,0,0,G,13,18
8040,28.12.2016.,22:00:00,21,20,1,0,1,0,0,G,13,18
8041,28.12.2016.,22:05:00,21,20,1,0,1,0,0,G,13,18
8042,28.12.2016.,22:10:00,21,20,1,0,1,0,0,G,13,18
8043,28.12.2016.,22:15:00,21,20,1,0,1,0,0,G,13,18
8044,28.12.2016.,22:20:00,21,20,1,0,1,0,0,G,13,18
8045,28.12.2016.,22:25:00,21,20,1,0,1,0,0,G,13,18
8046,28.12.2016.,22:30:00,21,20,1,0,1,0,0,G,13,18
8047,28.12.2016.,22:35:00,21,21,1,0,0,0,0,G,13,18
8048,28.12.2016.,22:40:00,21,21,1,0,0,0,0,G,13,18
8049,28.12.2016.,22:45:00,21,21,1,0,0,0,0,G,13,18
8050,28.12.2016.,22:50:00,21,21,1,0,0,0,0,G,13,18
8051,28.12.2016.,22:55:00,21,21,1,0,0,0,0,G,13,18
8052,28.12.2016.,23:00:00,21,21,1,0,0,0,0,G,13,18
8053,28.12.2016.,23:05:00,21,21,1,0,0,0,0,G,13,18
8054,28.12.2016.,23:10:00,21,21,1,0,0,0,0,G,13,18
8055,28.12.2016.,23:15:00,21,21,1,0,0,0,0,G,13,18
8056,28.12.2016.,23:20:00,21,21,1,0,0,0,0,G,13,18
8057,28.12.2016.,23:25:00,21,21,1,0,0,0,0,G,13,18
8058,28.12.2016.,23:30:00,21,21,1,0,0,0,0,G,13,18
8059,28.12.2016.,23:35:00,21,21,1,0,0,0,0,G,13,18
8060,28.12.2016.,23:40:00,21,21,1,0,0,0,0,G,13,18
8061,28.12.2016.,23:45:00,21,21,1,0,0,0,0,G,13,18
8062,28.12.2016.,23:50:00,21,21,1,0,0,0,0,G,13,18
8063,28.12.2016.,23:55:00,21,21,1,0,0,0,0,G,13,18
8064,29.12.2016.,00:00:00,21,21,1,0,0,0,0,G,13,18
8065,29.12.2016.,00:05:00,21,21,1,0,0,0,0,G,13,18
8066,29.12.2016.,00:10:00,21,21,1,0,0,0,0,G,13,18
8067,29.12.2016.,00:15:00,21,21,1,0,0,0,0,G,13,18
8068,29.12.2016.,00:20:00,21,21,1,0,0,0,0,G,13,18
8069,29.12.2016.,00:25:00,21,21,1,0,0,0,0,G,13,18
8070,29.12.2016.,00:30:00,21,21,1,0,0,0,0,G,13,18
8071,29.12.2016.,00:35:00,21,21,1,0,0,0,0,G,13,18
8072,29.12.2016.,00:40:00,21,21,1,0,0,0,0,G,13,18
8073,29.12.2016.,00:45:00,21,21,1,0,0,0,0,G,13,18
8074,29.12.2016.,00:50:00,21,21,1,0,0,0,0,G,13,18
8075,29.12.2016.,00:55:00,21,21,1,0,0,0,0,G,13,18
8076,29.12.2016.,01:00:00,21,21,1,0,0,0,0,G,13,18
8077,29.12.2016.,01:05:00,21,21,1,0,0,0,0,G,13,18
8078,29.12.2016.,01:10:00,21,21,1,0,0,0,0,G,13,18
8079,29.12.2016.,01:15:00,21,21,1,0,0,0,0,G,13,18
8080,29.12.2016.,01:20:00,21,21,1,0,0,0,0,G,13,18
8081,29.12.2016.,01:25:00,21,21,1,0,0,0,0,G,13,18
8082,29.12.2016.,01:30:00,21,21,1,0,0,0,0,G,13,18
8083,29.12.2016.,01:35:00,21,21,1,0,0,0,0,G,13,18
8084,29.12.2016.,01:40:00,21,21,1,0,0,0,0,G,13,18
8085,29.12.2016.,01:45:00,21,21,1,0,0,0,0,G,13,18
8086,29.12.2016.,01:50:00,21,21,1,0,0,0,0,G,13,18
8087,29.12.2016.,01:55:00,21,21,1,0,0,0,0,G,13,18
8088,29.12.2016.,02:00:00,21,21,1,0,0,0,0,G,13,18
8089,29.12.2016.,02:05:00,21,21,1,0,0,0,0,G,13,18
8090,29.12.2016.,02:10:00,21,21,1,0,0,0,0,G,13,18
8091,29.12.2016.,02:15:00,21,21,1,0,0,0,0,G,13,18
8092,29.12.2016.,02:20:00,21,21,1,0,1,0,0,G,13,18
8093,29.12.2016.,02:25:00,21,21,1,0,1,0,0,G,13,18
8094,29.12.2016.,02:30:00,21,21,1,0,1,0,0,G,13,18
8095,29.12.2016.,02:35:00,21,21,1,0,1,0,0,G,13,18
8096,29.12.2016.,02:40:00,21,21,1,0,1,0,0,G,13,18
8097,29.12.2016.,02:45:00,21,21,1,0,1,0,0,G,13,18
8098,29.12.2016.,02:50:00,21,21,1,0,0,0,0,G,13,18
8099,29.12.2016.,02:55:00,21,21,1,0,1,0,0,G,13,18
8100,29.12.2016.,03:00:00,21,21,1,0,1,0,0,G,13,18
8101,29.12.2016.,03:05:00,21,21,1,0,1,0,0,G,13,18
8102,29.12.2016.,03:10:00,21,21,1,0,1,0,0,G,13,18
8103,29.12.2016.,03:15:00,21,21,1,0,1,0,0,G,13,18
8104,29.12.2016.,03:20:00,21,21,1,0,1,0,0,G,13,18
8105,29.12.2016.,03:25:00,21,20,1,0,1,0,0,G,13,18
8106,29.12.2016.,03:30:00,21,20,1,0,1,0,0,G,13,18
8107,29.12.2016.,03:35:00,21,20,1,0,1,0,0,G,13,18
8108,29.12.2016.,03:40:00,21,20,1,1,1,0,0,G,13,18
8109,29.12.2016.,03:45:00,21,20,1,1,1,0,0,G,13,18
8110,29.12.2016.,03:50:00,21,20,1,1,1,0,0,G,13,18
8111,29.12.2016.,03:55:00,21,20,1,1,1,0,0,G,13,18
8112,29.12.2016.,04:00:00,21,20,1,1,1,0,0,G,13,18
8113,29.12.2016.,04:05:00,21,20,1,1,1,0,0,G,13,18
8114,29.12.2016.,04:10:00,21,20,1,1,1,0,0,G,13,18
8115,29.12.2016.,04:15:00,21,20,1,1,1,0,0,G,13,18
8116,29.12.2016.,04:20:00,21,20,1,1,1,0,0,G,13,18
8117,29.12.2016.,04:25:00,21,20,1,1,1,0,0,G,13,18
8118,29.12.2016.,04:30:00,21,20,1,1,1,0,0,G,13,18
8119,29.12.2016.,04:35:00,21,20,1,1,1,0,0,G,13,18
8120,29.12.2016.,04:40:00,21,20,1,1,1,0,0,G,13,18
8121,29.12.2016.,04:45:00,21,20,1,1,1,0,0,G,13,18
8122,29.12.2016.,04:50:00,21,20,1,1,1,0,0,G,13,18
8123,29.12.2016.,04:55:00,21,20,1,1,1,0,0,G,13,18
8124,29.12.2016.,05:00:00,21,20,1,1,1,0,0,G,13,18
8125,29.12.2016.,05:05:00,21,20,1,1,1,0,0,G,13,18
8126,29.12.2016.,05:10:00,21,20,1,1,1,0,0,G,13,18
8127,29.12.2016.,05:15:00,21,20,1,1,1,0,0,G,13,18
8128,29.12.2016.,05:20:00,21,20,1,1,1,0,0,G,13,18
8129,29.12.2016.,05:25:00,21,20,1,1,1,0,0,G,13,18
8130,29.12.2016.,05:30:00,21,20,1,1,1,0,0,G,13,18
8131,29.12.2016.,05:35:00,21,20,1,1,1,0,0,G,13,18
8132,29.12.2016.,05:40:00,21,20,1,1,1,0,0,G,13,18
8133,29.12.2016.,05:45:00,21,20,1,1,1,0,0,G,13,18
8134,29.12.2016.,05:50:00,21,20,1,0,1,0,0,G,13,18
8135,29.12.2016.,05:55:00,21,20,1,0,1,0,0,G,13,18
8136,29.12.2016.,06:00:00,21,20,1,0,1,0,0,G,13,18
8137,29.12.2016.,06:05:00,21,20,1,0,1,0,0,G,13,18
8138,29.12.2016.,06:10:00,21,20,1,0,1,0,0,G,13,18
8139,29.12.2016.,06:15:00,21,21,1,0,1,0,0,G,13,18
8140,29.12.2016.,06:20:00,21,21,1,0,1,0,0,G,13,18
8141,29.12.2016.,06:25:00,21,21,1,0,1,0,0,G,13,18
8142,29.12.2016.,06:30:00,21,21,1,0,1,0,0,G,13,18
8143,29.12.2016.,06:35:00,21,21,1,0,1,0,0,G,13,18
8144,29.12.2016.,06:40:00,21,21,1,0,1,0,0,G,13,18
8145,29.12.2016.,06:45:00,21,21,1,0,1,0,0,G,13,18
8146,29.12.2016.,06:50:00,21,20,1,0,1,0,0,G,13,18
8147,29.12.2016.,06:55:00,21,20,1,0,1,0,0,G,13,18
8148,29.12.2016.,07:00:00,21,20,1,1,1,0,0,G,13,18
8149,29.12.2016.,07:05:00,21,20,1,1,1,0,0,G,13,18
8150,29.12.2016.,07:10:00,21,20,1,1,1,0,0,G,13,18
8151,29.12.2016.,07:15:00,21,20,1,1,1,0,0,G,13,18
8152,29.12.2016.,07:20:00,21,20,1,1,1,0,0,G,13,18
8153,29.12.2016.,07:25:00,21,20,1,1,1,0,0,G,13,18
8154,29.12.2016.,07:30:00,21,20,1,1,1,0,0,G,13,18
8155,29.12.2016.,07:35:00,21,20,1,1,1,0,0,G,13,18
8156,29.12.2016.,07:40:00,21,20,1,1,1,0,0,G,13,18
8157,29.12.2016.,07:45:00,21,20,1,1,1,0,0,G,13,18
8158,29.12.2016.,07:50:00,21,20,1,1,1,0,0,G,13,18
8159,29.12.2016.,07:55:00,21,20,1,1,1,0,0,G,13,18
8160,29.12.2016.,08:00:00,21,20,1,1,1,0,0,G,13,18
8161,29.12.2016.,08:05:00,21,20,1,1,1,0,0,G,13,18
8162,29.12.2016.,08:10:00,21,20,1,1,1,0,0,G,13,18
8163,29.12.2016.,08:15:00,21,20,1,1,1,0,0,G,13,18
8164,29.12.2016.,08:20:00,21,20,1,1,1,0,0,G,13,18
8165,29.12.2016.,08:25:00,21,20,1,1,1,0,0,G,13,18
8166,29.12.2016.,08:30:00,21,20,1,1,1,0,0,G,13,18
8167,29.12.2016.,08:35:00,21,20,1,1,1,0,0,G,13,18
8168,29.12.2016.,08:40:00,21,20,1,1,1,0,0,G,13,18
8169,29.12.2016.,08:45:00,21,20,1,1,1,0,0,G,13,18
8170,29.12.2016.,08:50:00,21,20,1,1,1,0,0,G,13,18
8171,29.12.2016.,08:55:00,21,20,1,1,1,0,0,G,13,18
8172,29.12.2016.,09:00:00,21,20,1,1,1,0,0,G,13,18
8173,29.12.2016.,09:05:00,21,20,1,1,1,0,0,G,13,18
8174,29.12.2016.,09:10:00,21,20,1,0,1,0,0,G,13,18
8175,29.12.2016.,09:15:00,21,20,1,0,1,0,0,G,13,18
8176,29.12.2016.,09:20:00,21,20,1,0,1,0,0,G,13,18
8177,29.12.2016.,09:25:00,21,20,1,0,1,0,0,G,13,18
8178,29.12.2016.,09:30:00,21,20,1,0,1,0,0,G,13,18
8179,29.12.2016.,09:35:00,21,20,1,0,1,0,0,G,13,18
8180,29.12.2016.,09:40:00,21,20,1,0,1,0,0,G,13,18
8181,29.12.2016.,09:45:00,21,20,1,0,1,0,0,G,13,18
8182,29.12.2016.,09:50:00,21,20,1,0,1,0,0,G,13,18
8183,29.12.2016.,09:55:00,21,20,1,0,1,0,0,G,13,18
8184,29.12.2016.,10:00:00,21,20,1,0,1,0,0,G,13,18
8185,29.12.2016.,10:05:00,21,21,1,0,0,0,0,G,13,18
8186,29.12.2016.,10:10:00,21,21,1,0,0,0,0,G,13,18
8187,29.12.2016.,10:15:00,21,21,1,0,0,0,0,G,13,18
8188,29.12.2016.,10:20:00,21,21,1,0,0,0,0,G,13,18
8189,29.12.2016.,10:25:00,21,21,1,0,0,0,0,G,13,18
8190,29.12.2016.,10:30:00,21,21,1,0,0,0,0,G,13,18
8191,29.12.2016.,10:35:00,21,21,1,0,0,0,0,G,13,18
8192,29.12.2016.,10:40:00,21,21,1,0,0,0,0,G,13,18
8193,29.12.2016.,10:45:00,21,21,1,0,1,0,0,G,13,18
8194,29.12.2016.,10:50:00,21,21,1,0,1,0,0,G,13,18
8195,29.12.2016.,10:55:00,21,21,1,0,1,0,0,G,13,18
8196,29.12.2016.,11:00:00,21,21,1,0,1,0,0,G,13,18
8197,29.12.2016.,11:05:00,21,21,1,0,1,0,0,G,13,18
8198,29.12.2016.,11:10:00,21,21,1,0,1,0,0,G,13,18
8199,29.12.2016.,11:15:00,21,21,1,0,1,0,0,G,13,18
8200,29.12.2016.,11:20:00,21,21,1,0,1,0,0,G,13,18
8201,29.12.2016.,11:25:00,21,21,1,0,1,0,0,G,13,18
8202,29.12.2016.,11:30:00,21,21,1,0,1,0,0,G,13,18
8203,29.12.2016.,11:35:00,21,21,1,0,1,0,0,G,13,18
8204,29.12.2016.,11:40:00,21,21,1,0,1,0,0,G,13,18
8205,29.12.2016.,11:45:00,21,20,1,0,1,0,0,G,13,18
8206,29.12.2016.,11:50:00,21,20,1,0,1,0,0,G,13,18
8207,29.12.2016.,11:55:00,21,20,1,0,1,0,0,G,13,18
8208,29.12.2016.,12:00:00,21,20,1,0,1,0,0,G,13,18
8209,29.12.2016.,12:05:00,21,20,1,0,1,0,0,G,13,18
8210,29.12.2016.,12:10:00,21,20,1,0,1,0,0,G,13,18
8211,29.12.2016.,12:15:00,21,20,1,0,1,0,0,G,13,18
8212,29.12.2016.,12:20:00,21,20,1,0,1,0,0,G,13,18
8213,29.12.2016.,12:25:00,21,20,1,0,1,0,0,G,13,18
8214,29.12.2016.,12:30:00,21,20,1,0,1,0,0,G,13,18
8215,29.12.2016.,12:35:00,21,20,1,0,1,0,0,G,13,18
8216,29.12.2016.,12:40:00,21,20,1,0,1,0,0,G,13,18
8217,29.12.2016.,12:45:00,21,20,1,0,1,0,0,G,13,18
8218,29.12.2016.,12:50:00,21,20,1,0,1,0,0,G,13,18
8219,29.12.2016.,12:55:00,21,20,1,0,1,0,0,G,13,18
8220,29.12.2016.,13:00:00,21,20,1,0,1,0,0,G,13,18
8221,29.12.2016.,13:05:00,21,20,1,0,1,0,0,G,13,18
8222,29.12.2016.,13:10:00,21,20,1,0,1,0,0,G,13,18
8223,29.12.2016.,13:15:00,21,20,1,0,1,0,0,G,13,18
8224,29.12.2016.,13:20:00,21,20,1,0,1,0,0,G,13,18
8225,29.12.2016.,13:25:00,21,20,1,0,1,0,0,G,13,18
8226,29.12.2016.,13:30:00,21,20,1,0,1,0,0,G,13,18
8227,29.12.2016.,13:35:00,21,20,1,0,1,0,0,G,13,18
8228,29.12.2016.,13:40:00,21,21,1,0,1,0,0,G,13,18
8229,29.12.2016.,13:45:00,21,21,1,0,1,0,0,G,13,18
8230,29.12.2016.,13:50:00,21,21,1,0,0,0,0,G,13,18
8231,29.12.2016.,13:55:00,21,21,1,0,0,0,0,G,13,18
8232,29.12.2016.,14:00:00,21,21,1,0,0,0,0,G,13,18
8233,29.12.2016.,14:05:00,21,21,1,0,0,0,0,G,13,18
8234,29.12.2016.,14:10:00,21,21,1,0,0,0,0,G,13,18
8235,29.12.2016.,14:15:00,21,21,1,0,0,0,0,G,13,18
8236,29.12.2016.,14:20:00,21,21,1,0,0,0,0,G,13,18
8237,29.12.2016.,14:25:00,21,21,1,0,0,0,0,G,13,18
8238,29.12.2016.,14:30:00,21,21,1,0,0,0,0,G,13,18
8239,29.12.2016.,14:35:00,21,21,1,0,0,0,0,G,13,18
8240,29.12.2016.,14:40:00,21,21,1,0,0,0,0,G,13,18
8241,29.12.2016.,14:45:00,21,21,1,0,0,0,0,G,13,18
8242,29.12.2016.,14:50:00,21,21,1,0,0,0,0,G,13,18
8243,29.12.2016.,14:55:00,21,21,1,0,0,0,0,G,13,18
8244,29.12.2016.,15:00:00,21,21,1,0,0,0,0,G,13,18
8245,29.12.2016.,15:05:00,21,21,1,0,0,0,0,G,13,18
8246,29.12.2016.,15:10:00,21,21,1,0,0,0,0,G,13,18
8247,29.12.2016.,15:15:00,21,21,1,0,0,0,0,G,13,18
8248,29.12.2016.,15:20:00,21,21,1,0,0,0,0,G,13,18
8249,29.12.2016.,15:25:00,21,21,1,0,0,0,0,G,13,18
8250,29.12.2016.,15:30:00,21,21,1,0,0,0,0,G,13,18
8251,29.12.2016.,15:35:00,21,21,1,0,0,0,0,G,13,18
8252,29.12.2016.,15:40:00,21,21,1,0,0,0,0,G,13,18
8253,29.12.2016.,15:45:00,21,21,1,0,0,0,0,G,13,18
8254,29.12.2016.,15:50:00,21,21,1,0,0,0,0,G,13,18
8255,29.12.2016.,15:55:00,21,21,1,0,0,0,0,G,13,18
8256,29.12.2016.,16:00:00,21,21,1,0,0,0,0,G,13,18
8257,29.12.2016.,16:05:00,21,21,1,0,0,0,0,G,13,18
8258,29.12.2016.,16:10:00,21,21,1,0,0,0,0,G,13,18
8259,29.12.2016.,16:15:00,21,21,1,0,0,0,0,G,13,18
8260,29.12.2016.,16:20:00,21,21,1,0,0,0,0,G,13,18
8261,29.12.2016.,16:25:00,21,21,1,0,0,0,0,G,13,18
8262,29.12.2016.,16:30:00,21,21,1,0,0,0,0,G,13,18
8263,29.12.2016.,16:35:00,21,21,1,0,0,0,0,G,13,18
8264,29.12.2016.,16:40:00,21,21,1,0,0,0,0,G,13,18
8265,29.12.2016.,16:45:00,21,21,1,0,0,0,0,G,13,18
8266,29.12.2016.,16:50:00,21,21,1,0,0,0,0,G,13,18
8267,29.12.2016.,16:55:00,21,21,1,0,0,0,0,G,13,18
8268,29.12.2016.,17:00:00,21,21,1,0,0,0,0,G,13,18
8269,29.12.2016.,17:05:00,21,21,1,0,0,0,0,G,13,18
8270,29.12.2016.,17:10:00,21,21,1,0,0,0,0,G,13,18
8271,29.12.2016.,17:15:00,21,21,1,0,0,0,0,G,13,18
8272,29.12.2016.,17:20:00,21,21,1,0,1,0,0,G,13,18
8273,29.12.2016.,17:25:00,21,21,1,0,1,0,0,G,13,18
8274,29.12.2016.,17:30:00,21,21,1,0,1,0,0,G,13,18
8275,29.12.2016.,17:35:00,21,21,1,0,1,0,0,G,13,18
8276,29.12.2016.,17:40:00,21,21,1,0,1,0,0,G,13,18
8277,29.12.2016.,17:45:00,21,21,1,0,1,0,0,G,13,18
8278,29.12.2016.,17:50:00,21,21,1,0,1,0,0,G,13,18
8279,29.12.2016.,17:55:00,21,21,1,0,1,0,0,G,13,18
8280,29.12.2016.,18:00:00,21,20,1,0,1,0,0,G,13,18
8281,29.12.2016.,18:05:00,21,20,1,0,1,0,0,G,13,18
8282,29.12.2016.,18:10:00,21,20,1,0,1,0,0,G,13,18
8283,29.12.2016.,18:15:00,21,20,1,0,1,0,0,G,13,18
8284,29.12.2016.,18:20:00,21,20,1,0,1,0,0,G,13,18
8285,29.12.2016.,18:25:00,21,20,1,0,1,0,0,G,13,18
8286,29.12.2016.,18:30:00,21,20,1,0,1,0,0,G,13,18
8287,29.12.2016.,18:35:00,21,20,1,0,1,0,0,G,13,18
8288,29.12.2016.,18:40:00,21,20,1,0,1,0,0,G,13,18
8289,29.12.2016.,18:45:00,21,20,1,0,1,0,0,G,13,18
8290,29.12.2016.,18:50:00,21,20,1,0,1,0,0,G,13,18
8291,29.12.2016.,18:55:00,21,20,1,0,1,0,0,G,13,18
8292,29.12.2016.,19:00:00,21,20,1,0,1,0,0,G,13,18
8293,29.12.2016.,19:05:00,21,20,1,0,1,0,0,G,13,18
8294,29.12.2016.,19:10:00,21,20,1,0,1,0,0,G,13,18
8295,29.12.2016.,19:15:00,21,20,1,0,1,0,0,G,13,18
8296,29.12.2016.,19:20:00,21,20,1,0,1,0,0,G,13,18
8297,29.12.2016.,19:25:00,21,20,1,0,1,0,0,G,13,18
8298,29.12.2016.,19:30:00,21,20,1,0,1,0,0,G,13,18
8299,29.12.2016.,19:35:00,21,20,1,0,1,0,0,G,13,18
8300,29.12.2016.,19:40:00,21,20,1,0,1,0,0,G,13,18
8301,29.12.2016.,19:45:00,21,20,1,0,1,0,0,G,13,18
8302,29.12.2016.,19:50:00,21,20,1,0,1,0,0,G,13,18
8303,29.12.2016.,19:55:00,21,20,1,0,1,0,0,G,13,18
8304,29.12.2016.,20:00:00,21,20,1,0,1,0,0,G,13,18
8305,29.12.2016.,20:05:00,21,20,1,1,1,0,0,G,13,18
8306,29.12.2016.,20:10:00,21,20,1,1,1,0,0,G,13,18
8307,29.12.2016.,20:15:00,21,20,1,1,1,0,0,G,13,18
8308,29.12.2016.,20:20:00,21,20,1,1,1,0,0,G,13,18
8309,29.12.2016.,20:25:00,21,20,1,1,1,0,0,G,13,18
8310,29.12.2016.,20:30:00,21,20,1,1,1,0,0,G,13,18
8311,29.12.2016.,20:35:00,21,20,1,1,1,0,0,G,13,18
8312,29.12.2016.,20:40:00,21,20,1,1,1,0,0,G,13,18
8313,29.12.2016.,20:45:00,21,20,1,1,1,0,0,G,13,18
8314,29.12.2016.,20:50:00,21,20,1,1,1,0,0,G,13,18
8315,29.12.2016.,20:55:00,21,20,1,1,1,0,0,G,13,18
8316,29.12.2016.,21:00:00,21,20,1,1,1,0,0,G,13,18
8317,29.12.2016.,21:05:00,21,20,1,1,1,0,0,G,13,18
8318,29.12.2016.,21:10:00,21,20,1,1,1,0,0,G,13,18
8319,29.12.2016.,21:15:00,21,20,1,1,1,0,0,G,13,18
8320,29.12.2016.,21:20:00,21,20,1,1,1,0,0,G,13,18
8321,29.12.2016.,21:25:00,21,20,1,1,1,0,0,G,13,18
8322,29.12.2016.,21:30:00,21,20,1,1,1,0,0,G,13,18
8323,29.12.2016.,21:35:00,21,20,1,1,1,0,0,G,13,18
8324,29.12.2016.,21:40:00,21,20,1,1,1,0,0,G,13,18
8325,29.12.2016.,21:45:00,21,20,1,1,1,0,0,G,13,18
8326,29.12.2016.,21:50:00,21,20,1,1,1,0,0,G,13,18
8327,29.12.2016.,21:55:00,21,20,1,1,1,0,0,G,13,18
8328,29.12.2016.,22:00:00,21,20,1,1,1,0,0,G,13,18
8329,29.12.2016.,22:05:00,21,20,1,1,1,0,0,G,13,18
8330,29.12.2016.,22:10:00,21,20,1,1,1,0,0,G,13,18
8331,29.12.2016.,22:15:00,21,20,1,1,1,0,0,G,13,18
8332,29.12.2016.,22:20:00,21,20,1,1,1,0,0,G,13,18
8333,29.12.2016.,22:25:00,21,20,1,1,1,0,0,G,13,18
8334,29.12.2016.,22:30:00,21,20,1,1,1,0,0,G,13,18
8335,29.12.2016.,22:35:00,21,20,1,1,1,0,0,G,13,18
8336,29.12.2016.,22:40:00,21,20,1,1,1,0,0,G,13,18
8337,29.12.2016.,22:45:00,21,20,1,1,1,0,0,G,13,18
8338,29.12.2016.,22:50:00,21,20,1,1,1,0,0,G,13,18
8339,29.12.2016.,22:55:00,21,20,1,1,1,0,0,G,13,18
8340,29.12.2016.,23:00:00,21,20,1,1,1,0,0,G,13,18
8341,29.12.2016.,23:05:00,21,20,1,1,1,0,0,G,13,18
8342,29.12.2016.,23:10:00,21,20,1,1,1,0,0,G,13,18
8343,29.12.2016.,23:15:00,21,20,1,1,1,0,0,G,13,18
8344,29.12.2016.,23:20:00,21,20,1,1,1,0,0,G,13,18
8345,29.12.2016.,23:25:00,21,20,1,1,1,0,0,G,13,18
8346,29.12.2016.,23:30:00,21,20,1,0,1,0,0,G,13,18
8347,29.12.2016.,23:35:00,21,20,1,0,1,0,0,G,13,18
8348,29.12.2016.,23:40:00,21,20,1,0,1,0,0,G,13,18
8349,29.12.2016.,23:45:00,21,20,1,0,1,0,0,G,13,18
8350,29.12.2016.,23:50:00,21,21,1,0,0,0,0,G,13,18
8351,29.12.2016.,23:55:00,21,21,1,0,0,0,0,G,13,18
8352,30.12.2016.,00:00:00,21,21,1,0,0,0,0,G,13,18
8353,30.12.2016.,00:05:00,21,21,1,0,0,0,0,G,13,18
8354,30.12.2016.,00:10:00,21,21,1,0,0,0,0,G,13,18
8355,30.12.2016.,00:15:00,21,21,1,0,0,0,0,G,13,18
8356,30.12.2016.,00:20:00,21,21,1,0,0,0,0,G,13,18
8357,30.12.2016.,00:25:00,21,21,1,0,0,0,0,G,13,18
8358,30.12.2016.,00:30:00,21,21,1,0,0,0,0,G,13,18
8359,30.12.2016.,00:35:00,21,21,1,0,0,0,0,G,13,18
8360,30.12.2016.,00:40:00,21,21,1,0,0,0,0,G,13,18
8361,30.12.2016.,00:45:00,21,21,1,0,0,0,0,G,13,18
8362,30.12.2016.,00:50:00,21,21,1,0,0,0,0,G,13,18
8363,30.12.2016.,00:55:00,21,21,1,0,0,0,0,G,13,18
8364,30.12.2016.,01:00:00,21,21,1,0,0,0,0,G,13,18
8365,30.12.2016.,01:05:00,21,21,1,0,0,0,0,G,13,18
8366,30.12.2016.,01:10:00,21,21,1,0,0,0,0,G,13,18
8367,30.12.2016.,01:15:00,21,21,1,0,0,0,0,G,13,18
8368,30.12.2016.,01:20:00,21,21,1,0,0,0,0,G,13,18
8369,30.12.2016.,01:25:00,21,21,1,0,0,0,0,G,13,18
8370,30.12.2016.,01:30:00,21,21,1,0,0,0,0,G,13,18
8371,30.12.2016.,01:35:00,21,21,1,0,0,0,0,G,13,18
8372,30.12.2016.,01:40:00,21,21,1,0,0,0,0,G,13,18
8373,30.12.2016.,01:45:00,21,21,1,0,0,0,0,G,13,18
8374,30.12.2016.,01:50:00,21,21,1,0,0,0,0,G,13,18
8375,30.12.2016.,01:55:00,21,21,1,0,0,0,0,G,13,18
8376,30.12.2016.,02:00:00,21,21,1,0,0,0,0,G,13,18
8377,30.12.2016.,02:05:00,21,21,1,0,0,0,0,G,13,18
8378,30.12.2016.,02:10:00,21,21,1,0,0,0,0,G,13,18
8379,30.12.2016.,02:15:00,21,21,1,0,0,0,0,G,13,18
8380,30.12.2016.,02:20:00,21,21,1,0,0,0,0,G,13,18
8381,30.12.2016.,02:25:00,21,21,1,0,0,0,0,G,13,18
8382,30.12.2016.,02:30:00,21,21,1,0,0,0,0,G,13,18
8383,30.12.2016.,02:35:00,21,21,1,0,0,0,0,G,13,18
8384,30.12.2016.,02:40:00,21,21,1,0,0,0,0,G,13,18
8385,30.12.2016.,02:45:00,21,21,1,0,0,0,0,G,13,18
8386,30.12.2016.,02:50:00,21,21,1,0,0,0,0,G,13,18
8387,30.12.2016.,02:55:00,21,21,1,0,0,0,0,G,13,18
8388,30.12.2016.,03:00:00,21,21,1,0,0,0,0,G,13,18
8389,30.12.2016.,03:05:00,21,21,1,0,0,0,0,G,13,18
8390,30.12.2016.,03:10:00,21,21,1,0,1,0,0,G,13,18
8391,30.12.2016.,03:15:00,21,21,1,0,1,0,0,G,13,18
8392,30.12.2016.,03:20:00,21,20,1,0,1,0,0,G,13,18
8393,30.12.2016.,03:25:00,21,20,1,0,1,0,0,G,13,18
8394,30.12.2016.,03:30:00,21,20,1,1,1,0,0,G,13,18
8395,30.12.2016.,03:35:00,21,20,1,1,1,0,0,G,13,18
8396,30.12.2016.,03:40:00,21,20,1,1,1,0,0,G,13,18
8397,30.12.2016.,03:45:00,21,20,1,1,1,0,0,G,13,18
8398,30.12.2016.,03:50:00,21,20,1,1,1,0,0,G,13,18
8399,30.12.2016.,03:55:00,21,20,1,1,1,0,0,G,13,18
8400,30.12.2016.,04:00:00,21,20,1,1,1,0,0,G,13,18
8401,30.12.2016.,04:05:00,21,20,1,1,1,0,0,G,13,18
8402,30.12.2016.,04:10:00,21,20,1,1,1,0,0,G,13,18
8403,30.12.2016.,04:15:00,21,20,1,1,1,0,0,G,13,18
8404,30.12.2016.,04:20:00,21,20,1,1,1,0,0,G,13,18
8405,30.12.2016.,04:25:00,21,20,1,1,1,0,0,G,13,18
8406,30.12.2016.,04:30:00,21,20,1,1,1,0,0,G,13,18
8407,30.12.2016.,04:35:00,21,20,1,1,1,0,0,G,13,18
8408,30.12.2016.,04:40:00,21,20,1,1,1,0,0,G,13,18
8409,30.12.2016.,04:45:00,21,20,1,1,1,0,0,G,13,18
8410,30.12.2016.,04:50:00,21,20,1,1,1,0,0,G,13,18
8411,30.12.2016.,04:55:00,21,20,1,1,1,0,0,G,13,18
8412,30.12.2016.,05:00:00,21,20,1,1,1,0,0,G,13,18
8413,30.12.2016.,05:05:00,21,20,1,1,1,0,0,G,13,18
8414,30.12.2016.,05:10:00,21,20,1,1,1,0,0,G,13,18
8415,30.12.2016.,05:15:00,21,20,1,1,1,0,0,G,13,18
8416,30.12.2016.,05:20:00,21,20,1,1,1,0,0,G,13,18
8417,30.12.2016.,05:25:00,21,20,1,1,1,0,0,G,13,18
8418,30.12.2016.,05:30:00,21,20,1,1,1,0,0,G,13,18
8419,30.12.2016.,05:35:00,21,20,1,1,1,0,0,G,13,18
8420,30.12.2016.,05:40:00,21,20,1,1,1,0,0,G,13,18
8421,30.12.2016.,05:45:00,21,20,1,1,1,0,0,G,13,18
8422,30.12.2016.,05:50:00,21,20,1,1,1,0,0,G,13,18
8423,30.12.2016.,05:55:00,21,20,1,1,1,0,0,G,13,18
8424,30.12.2016.,06:00:00,21,20,1,1,1,0,0,G,13,18
8425,30.12.2016.,06:05:00,21,20,1,1,1,0,0,G,13,18
8426,30.12.2016.,06:10:00,21,20,1,1,1,0,0,G,13,18
8427,30.12.2016.,06:15:00,21,20,1,1,1,0,0,G,13,18
8428,30.12.2016.,06:20:00,21,20,1,1,1,0,0,G,13,18
8429,30.12.2016.,06:25:00,21,20,1,1,1,0,0,G,13,18
8430,30.12.2016.,06:30:00,21,20,1,0,1,0,0,G,13,18
8431,30.12.2016.,06:35:00,21,20,1,0,1,0,0,G,13,18
8432,30.12.2016.,06:40:00,21,20,1,0,1,0,0,G,13,18
8433,30.12.2016.,06:45:00,21,20,1,0,1,0,0,G,13,18
8434,30.12.2016.,06:50:00,21,20,1,1,1,0,0,G,13,18
8435,30.12.2016.,06:55:00,21,20,1,1,1,0,0,G,13,18
8436,30.12.2016.,07:00:00,21,20,1,1,1,0,0,G,13,18
8437,30.12.2016.,07:05:00,21,20,1,1,1,0,0,G,13,18
8438,30.12.2016.,07:10:00,21,20,1,1,1,0,0,G,13,18
8439,30.12.2016.,07:15:00,21,20,1,1,1,0,0,G,13,18
8440,30.12.2016.,07:20:00,21,20,1,1,1,0,0,G,13,18
8441,30.12.2016.,07:25:00,21,20,1,1,1,0,0,G,13,18
8442,30.12.2016.,07:30:00,21,20,1,1,1,0,0,G,13,18
8443,30.12.2016.,07:35:00,21,20,1,1,1,0,0,G,13,18
8444,30.12.2016.,07:40:00,21,20,1,1,1,0,0,G,13,18
8445,30.12.2016.,07:45:00,21,20,1,1,1,0,0,G,13,18
8446,30.12.2016.,07:50:00,21,20,1,1,1,0,0,G,13,18
8447,30.12.2016.,07:55:00,21,20,1,1,1,0,0,G,13,18
8448,30.12.2016.,08:00:00,21,20,1,1,1,0,0,G,13,18
8449,30.12.2016.,08:05:00,21,20,1,1,1,0,0,G,13,18
8450,30.12.2016.,08:10:00,21,20,1,1,1,0,0,G,13,18
8451,30.12.2016.,08:15:00,21,20,1,1,1,0,0,G,13,18
8452,30.12.2016.,08:20:00,21,20,1,1,1,0,0,G,13,18
8453,30.12.2016.,08:25:00,21,20,1,1,1,0,0,G,17,18
8454,30.12.2016.,08:30:00,21,20,1,1,1,0,0,G,17,18
8455,30.12.2016.,08:35:00,21,20,1,1,1,0,0,G,17,18
8456,30.12.2016.,08:40:00,21,20,1,1,1,0,0,G,17,18
8457,30.12.2016.,08:45:00,21,20,1,1,1,0,0,G,17,18
8458,30.12.2016.,08:50:00,21,20,1,1,1,0,0,G,17,18
8459,30.12.2016.,08:55:00,21,20,1,1,1,0,0,G,17,18
8460,30.12.2016.,09:00:00,21,20,1,1,1,0,0,G,17,18
8461,30.12.2016.,09:05:00,21,20,1,1,1,0,0,G,17,18
8462,30.12.2016.,09:10:00,21,20,1,1,1,0,0,G,17,18
8463,30.12.2016.,09:15:00,21,20,1,1,1,0,0,G,17,18
8464,30.12.2016.,09:20:00,21,20,1,1,1,0,0,G,17,18
8465,30.12.2016.,09:25:00,21,20,1,1,1,0,0,G,17,18
8466,30.12.2016.,09:30:00,21,20,1,1,1,0,0,G,17,18
8467,30.12.2016.,09:35:00,21,20,1,1,1,0,0,G,17,18
8468,30.12.2016.,09:40:00,21,20,1,1,1,0,0,G,17,18
8469,30.12.2016.,09:45:00,21,20,1,0,1,0,0,G,17,18
8470,30.12.2016.,09:50:00,21,20,1,0,1,0,0,G,17,18
8471,30.12.2016.,09:55:00,21,20,1,0,1,0,0,G,17,18
8472,30.12.2016.,10:00:00,21,21,1,0,0,0,0,G,17,18
8473,30.12.2016.,10:05:00,21,21,1,0,0,0,0,G,17,18
8474,30.12.2016.,10:10:00,21,21,1,0,0,0,0,G,17,18
8475,30.12.2016.,10:15:00,21,21,1,0,0,0,0,G,17,18
8476,30.12.2016.,10:20:00,21,21,1,0,0,0,0,G,17,18
8477,30.12.2016.,10:25:00,21,21,1,0,0,0,0,G,17,18
8478,30.12.2016.,10:30:00,21,21,1,0,0,0,0,G,17,18
8479,30.12.2016.,10:35:00,21,21,1,0,0,0,0,G,17,18
8480,30.12.2016.,10:40:00,21,21,1,0,0,0,0,G,17,18
8481,30.12.2016.,10:45:00,21,21,1,0,1,0,0,G,17,18
8482,30.12.2016.,10:50:00,21,21,1,0,1,0,0,G,17,18
8483,30.12.2016.,10:55:00,21,21,1,0,1,0,0,G,17,18
8484,30.12.2016.,11:00:00,21,21,1,0,1,0,0,G,17,18
8485,30.12.2016.,11:05:00,21,21,1,0,1,0,0,G,17,18
8486,30.12.2016.,11:10:00,21,21,1,0,1,0,0,G,17,18
8487,30.12.2016.,11:15:00,21,21,1,0,1,0,0,G,17,18
8488,30.12.2016.,11:20:00,21,21,1,0,1,0,0,G,17,18
8489,30.12.2016.,11:25:00,21,21,1,0,1,0,0,G,17,18
8490,30.12.2016.,11:30:00,21,21,1,0,1,0,0,G,17,18
8491,30.12.2016.,11:35:00,21,20,1,0,1,0,0,G,17,18
8492,30.12.2016.,11:40:00,21,20,1,0,1,0,0,G,17,18
8493,30.12.2016.,11:45:00,21,20,1,0,1,0,0,G,17,18
8494,30.12.2016.,11:50:00,21,20,1,0,1,0,0,G,17,18
8495,30.12.2016.,11:55:00,21,20,1,0,1,0,0,G,17,18
8496,30.12.2016.,12:00:00,21,20,1,0,1,0,0,G,17,18
8497,30.12.2016.,12:05:00,21,20,1,0,1,0,0,G,17,18
8498,30.12.2016.,12:10:00,21,20,1,0,1,0,0,G,17,18
8499,30.12.2016.,12:15:00,21,20,1,0,1,0,0,G,17,18
8500,30.12.2016.,12:20:00,21,20,1,0,1,0,0,G,17,18
8501,30.12.2016.,12:25:00,21,20,1,0,1,0,0,G,17,18
8502,30.12.2016.,12:30:00,21,20,1,0,1,0,0,G,17,18
8503,30.12.2016.,12:35:00,21,20,1,0,1,0,0,G,17,18
8504,30.12.2016.,12:40:00,21,20,1,0,1,0,0,G,17,18
8505,30.12.2016.,12:45:00,21,20,1,0,1,0,0,G,17,18
8506,30.12.2016.,12:50:00,21,20,1,0,1,0,0,G,17,18
8507,30.12.2016.,12:55:00,21,20,1,0,1,0,0,G,17,18
8508,30.12.2016.,13:00:00,21,20,1,0,1,0,0,G,17,18
8509,30.12.2016.,13:05:00,21,20,1,0,1,0,0,G,17,18
8510,30.12.2016.,13:10:00,21,20,1,0,1,0,0,G,17,18
8511,30.12.2016.,13:15:00,21,20,1,0,1,0,0,G,17,18
8512,30.12.2016.,13:20:00,21,20,1,0,1,0,0,G,17,18
8513,30.12.2016.,13:25:00,21,20,1,0,1,0,0,G,17,18
8514,30.12.2016.,13:30:00,21,20,1,0,1,0,0,G,17,18
8515,30.12.2016.,13:35:00,21,20,1,0,1,0,0,G,17,18
8516,30.12.2016.,13:40:00,23,20,1,2,1,1,0,G,20,18
8517,30.12.2016.,13:45:00,21,20,1,1,1,0,0,G,17,18
8518,30.12.2016.,13:50:00,21,20,1,0,1,0,0,G,17,18
8519,30.12.2016.,13:55:00,21,20,1,0,1,0,0,G,17,18
8520,30.12.2016.,14:00:00,21,21,1,0,0,0,0,G,17,18
8521,30.12.2016.,14:05:00,21,21,1,0,0,0,0,G,17,18
8522,30.12.2016.,14:10:00,21,21,1,0,0,0,0,G,17,18
8523,30.12.2016.,14:15:00,21,21,1,0,0,0,0,G,17,18
8524,30.12.2016.,14:20:00,21,21,1,0,0,0,0,G,17,18
8525,30.12.2016.,14:25:00,21,21,1,0,0,0,0,G,17,18
8526,30.12.2016.,14:30:00,21,21,1,0,0,0,0,G,17,18
8527,30.12.2016.,14:35:00,21,21,1,0,0,0,0,G,17,18
8528,30.12.2016.,14:40:00,21,21,1,0,0,0,0,G,17,18
8529,30.12.2016.,14:45:00,21,21,1,0,0,0,0,G,17,18
8530,30.12.2016.,14:50:00,21,21,1,0,0,0,0,G,17,18
8531,30.12.2016.,14:55:00,21,21,1,0,0,0,0,G,17,18
8532,30.12.2016.,15:00:00,21,21,1,0,0,0,0,G,17,18
8533,30.12.2016.,15:05:00,21,21,1,0,0,0,0,G,17,18
8534,30.12.2016.,15:10:00,21,21,1,0,0,0,0,G,17,18
8535,30.12.2016.,15:15:00,21,21,1,0,0,0,0,G,17,18
8536,30.12.2016.,15:20:00,21,21,1,0,0,0,0,G,17,18
8537,30.12.2016.,15:25:00,21,21,1,0,0,0,0,G,17,18
8538,30.12.2016.,15:30:00,21,21,1,0,0,0,0,G,17,18
8539,30.12.2016.,15:35:00,21,21,1,0,0,0,0,G,17,18
8540,30.12.2016.,15:40:00,21,21,1,0,0,0,0,G,17,18
8541,30.12.2016.,15:45:00,21,21,1,0,0,0,0,G,17,18
8542,30.12.2016.,15:50:00,21,21,1,0,0,0,0,G,17,18
8543,30.12.2016.,15:55:00,21,21,1,0,0,0,0,G,17,18
8544,30.12.2016.,16:00:00,21,21,1,0,0,0,0,G,17,18
8545,30.12.2016.,16:05:00,21,21,1,0,0,0,0,G,17,18
8546,30.12.2016.,16:10:00,21,21,1,0,0,0,0,G,17,18
8547,30.12.2016.,16:15:00,21,21,1,0,0,0,0,G,17,18
8548,30.12.2016.,16:20:00,21,21,1,0,0,0,0,G,17,18
8549,30.12.2016.,16:25:00,21,21,1,0,0,0,0,G,17,18
8550,30.12.2016.,16:30:00,21,21,1,0,0,0,0,G,17,18
8551,30.12.2016.,16:35:00,21,21,1,0,0,0,0,G,17,18
8552,30.12.2016.,16:40:00,21,21,1,0,0,0,0,G,17,18
8553,30.12.2016.,16:45:00,21,21,1,0,0,0,0,G,17,18
8554,30.12.2016.,16:50:00,21,21,1,0,0,0,0,G,17,18
8555,30.12.2016.,16:55:00,21,21,1,0,0,0,0,G,17,18
8556,30.12.2016.,17:00:00,21,21,1,0,0,0,0,G,17,18
8557,30.12.2016.,17:05:00,21,21,1,0,0,0,0,G,17,18
8558,30.12.2016.,17:10:00,21,21,1,0,0,0,0,G,17,18
8559,30.12.2016.,17:15:00,21,21,1,0,0,0,0,G,17,18
8560,30.12.2016.,17:20:00,21,21,1,0,1,0,0,G,17,18
8561,30.12.2016.,17:25:00,21,21,1,0,1,0,0,G,17,18
8562,30.12.2016.,17:30:00,21,21,1,0,1,0,0,G,17,18
8563,30.12.2016.,17:35:00,21,21,1,0,1,0,0,G,17,18
8564,30.12.2016.,17:40:00,21,21,1,0,1,0,0,G,17,18
8565,30.12.2016.,17:45:00,21,21,1,0,1,0,0,G,17,18
8566,30.12.2016.,17:50:00,21,21,1,0,1,0,0,G,17,18
8567,30.12.2016.,17:55:00,21,21,1,0,1,0,0,G,17,18
8568,30.12.2016.,18:00:00,21,21,1,0,1,0,0,G,17,18
8569,30.12.2016.,18:05:00,21,20,1,0,1,0,0,G,17,18
8570,30.12.2016.,18:10:00,21,20,1,0,1,0,0,G,17,18
8571,30.12.2016.,18:15:00,21,20,1,0,1,0,0,G,17,18
8572,30.12.2016.,18:20:00,21,20,1,1,1,0,0,G,17,18
8573,30.12.2016.,18:25:00,21,20,1,1,1,0,0,G,17,18
8574,30.12.2016.,18:30:00,21,20,1,1,1,0,0,G,17,18
8575,30.12.2016.,18:35:00,21,20,1,1,1,0,0,G,17,18
8576,30.12.2016.,18:40:00,21,20,1,1,1,0,0,G,17,18
8577,30.12.2016.,18:45:00,21,20,1,1,1,0,0,G,17,18
8578,30.12.2016.,18:50:00,21,20,1,1,1,0,0,G,17,18
8579,30.12.2016.,18:55:00,21,20,1,1,1,0,0,G,17,18
8580,30.12.2016.,19:00:00,21,20,1,1,1,0,0,G,17,18
8581,30.12.2016.,19:05:00,21,20,1,1,1,0,0,G,17,18
8582,30.12.2016.,19:10:00,21,20,1,1,1,0,0,G,17,18
8583,30.12.2016.,19:15:00,21,20,1,1,1,0,0,G,17,18
8584,30.12.2016.,19:20:00,21,20,1,1,1,0,0,G,17,18
8585,30.12.2016.,19:25:00,21,20,1,1,1,0,0,G,17,18
8586,30.12.2016.,19:30:00,21,20,1,1,1,0,0,G,17,18
8587,30.12.2016.,19:35:00,21,20,1,1,1,0,0,G,17,18
8588,30.12.2016.,19:40:00,21,20,1,1,1,0,0,G,17,18
8589,30.12.2016.,19:45:00,21,20,1,1,1,0,0,G,17,18
8590,30.12.2016.,19:50:00,21,20,1,1,1,0,0,G,17,18
8591,30.12.2016.,19:55:00,21,20,1,1,1,0,0,G,17,18
8592,30.12.2016.,20:00:00,21,20,1,1,1,0,0,G,17,18
8593,30.12.2016.,20:05:00,21,20,1,1,1,0,0,G,17,18
8594,30.12.2016.,20:10:00,21,20,1,1,1,0,0,G,17,18
8595,30.12.2016.,20:15:00,21,20,1,1,1,0,0,G,17,18
8596,30.12.2016.,20:20:00,21,20,1,0,1,0,0,G,17,18
8597,30.12.2016.,20:25:00,21,20,1,0,1,0,0,G,17,18
8598,30.12.2016.,20:30:00,21,20,1,0,1,0,0,G,17,18
8599,30.12.2016.,20:35:00,21,20,1,0,1,0,0,G,17,18
8600,30.12.2016.,20:40:00,21,20,1,0,1,0,0,G,17,18
8601,30.12.2016.,20:45:00,21,20,1,0,1,0,0,G,17,18
8602,30.12.2016.,20:50:00,21,20,1,0,1,0,0,G,17,18
8603,30.12.2016.,20:55:00,21,20,1,0,1,0,0,G,17,18
8604,30.12.2016.,21:00:00,21,20,1,0,1,0,0,G,17,18
8605,30.12.2016.,21:05:00,21,20,1,0,1,0,0,G,17,18
8606,30.12.2016.,21:10:00,21,20,1,1,1,0,0,G,17,18
8607,30.12.2016.,21:15:00,21,20,1,1,1,0,0,G,17,18
8608,30.12.2016.,21:20:00,21,20,1,1,1,0,0,G,17,18
8609,30.12.2016.,21:25:00,21,20,1,1,1,0,0,G,17,18
8610,30.12.2016.,21:30:00,21,20,1,1,1,0,0,G,17,18
8611,30.12.2016.,21:35:00,21,20,1,1,1,0,0,G,17,18
8612,30.12.2016.,21:40:00,21,20,1,1,1,0,0,G,17,18
8613,30.12.2016.,21:45:00,21,20,1,1,1,0,0,G,17,18
8614,30.12.2016.,21:50:00,21,20,1,1,1,0,0,G,17,18
8615,30.12.2016.,21:55:00,21,20,1,1,1,0,0,G,17,18
8616,30.12.2016.,22:00:00,21,20,1,1,1,0,0,G,17,18
8617,30.12.2016.,22:05:00,21,20,1,1,1,0,0,G,17,18
8618,30.12.2016.,22:10:00,21,20,1,1,1,0,0,G,17,18
8619,30.12.2016.,22:15:00,21,20,1,1,1,0,0,G,17,18
8620,30.12.2016.,22:20:00,21,20,1,1,1,0,0,G,17,18
8621,30.12.2016.,22:25:00,21,20,1,1,1,0,0,G,17,18
8622,30.12.2016.,22:30:00,21,20,1,1,1,0,0,G,17,18
8623,30.12.2016.,22:35:00,21,20,1,1,1,0,0,G,17,18
8624,30.12.2016.,22:40:00,21,20,1,1,1,0,0,G,17,18
8625,30.12.2016.,22:45:00,21,20,1,1,1,0,0,G,17,18
8626,30.12.2016.,22:50:00,21,20,1,1,1,0,0,G,17,18
8627,30.12.2016.,22:55:00,21,20,1,1,1,0,0,G,17,18
8628,30.12.2016.,23:00:00,21,20,1,1,1,0,0,G,17,18
8629,30.12.2016.,23:05:00,21,20,1,1,1,0,0,G,17,18
8630,30.12.2016.,23:10:00,21,20,1,1,1,0,0,G,17,18
8631,30.12.2016.,23:15:00,21,20,1,1,1,0,0,G,17,18
8632,30.12.2016.,23:20:00,21,20,1,1,1,0,0,G,17,18
8633,30.12.2016.,23:25:00,21,20,1,0,1,0,0,G,17,18
8634,30.12.2016.,23:30:00,21,20,1,0,1,0,0,G,17,18
8635,30.12.2016.,23:35:00,21,20,1,0,1,0,0,G,17,18
8636,30.12.2016.,23:40:00,21,20,1,0,1,0,0,G,17,18
8637,30.12.2016.,23:45:00,21,20,1,0,1,0,0,G,17,18
8638,30.12.2016.,23:50:00,21,20,1,0,1,0,0,G,17,18
8639,30.12.2016.,23:55:00,21,21,1,0,0,0,0,G,17,18
8640,31.12.2016.,00:00:00,21,21,1,0,0,0,0,G,17,18
8641,31.12.2016.,00:05:00,21,21,1,0,0,0,0,G,17,18
8642,31.12.2016.,00:10:00,21,21,1,0,0,0,0,G,17,18
8643,31.12.2016.,00:15:00,21,21,1,0,0,0,0,G,17,18
8644,31.12.2016.,00:20:00,21,21,1,0,0,0,0,G,17,18
8645,31.12.2016.,00:25:00,21,21,1,0,0,0,0,G,17,18
8646,31.12.2016.,00:30:00,21,21,1,0,0,0,0,G,17,18
8647,31.12.2016.,00:35:00,21,21,1,0,0,0,0,G,17,18
8648,31.12.2016.,00:40:00,21,21,1,0,0,0,0,G,17,18
8649,31.12.2016.,00:45:00,21,21,1,0,0,0,0,G,17,18
8650,31.12.2016.,00:50:00,21,21,1,0,0,0,0,G,17,18
8651,31.12.2016.,00:55:00,21,21,1,0,0,0,0,G,17,18
8652,31.12.2016.,01:00:00,21,21,1,0,0,0,0,G,17,18
8653,31.12.2016.,01:05:00,21,21,1,0,0,0,0,G,17,18
8654,31.12.2016.,01:10:00,21,21,1,0,0,0,0,G,17,18
8655,31.12.2016.,01:15:00,21,21,1,0,0,0,0,G,17,18
8656,31.12.2016.,01:20:00,21,21,1,0,0,0,0,G,17,18
8657,31.12.2016.,01:25:00,21,21,1,0,0,0,0,G,17,18
8658,31.12.2016.,01:30:00,21,21,1,0,0,0,0,G,17,18
8659,31.12.2016.,01:35:00,21,21,1,0,0,0,0,G,17,18
8660,31.12.2016.,01:40:00,21,21,1,0,0,0,0,G,17,18
8661,31.12.2016.,01:45:00,21,21,1,0,0,0,0,G,17,18
8662,31.12.2016.,01:50:00,21,21,1,0,0,0,0,G,17,18
8663,31.12.2016.,01:55:00,21,21,1,0,0,0,0,G,17,18
8664,31.12.2016.,02:00:00,21,21,1,0,0,0,0,G,17,18
8665,31.12.2016.,02:05:00,21,21,1,0,0,0,0,G,17,18
8666,31.12.2016.,02:10:00,21,21,1,0,0,0,0,G,17,18
8667,31.12.2016.,02:15:00,21,21,1,0,1,0,0,G,17,18
8668,31.12.2016.,02:20:00,21,21,1,0,1,0,0,G,17,18
8669,31.12.2016.,02:25:00,21,21,1,0,1,0,0,G,17,18
8670,31.12.2016.,02:30:00,21,21,1,0,1,0,0,G,17,18
8671,31.12.2016.,02:35:00,21,21,1,0,0,0,0,G,17,18
8672,31.12.2016.,02:40:00,21,21,1,0,1,0,0,G,17,18
8673,31.12.2016.,02:45:00,21,21,1,0,1,0,0,G,17,18
8674,31.12.2016.,02:50:00,21,21,1,0,1,0,0,G,17,18
8675,31.12.2016.,02:55:00,21,21,1,0,1,0,0,G,17,18
8676,31.12.2016.,03:00:00,21,21,1,0,1,0,0,G,17,18
8677,31.12.2016.,03:05:00,21,21,1,0,1,0,0,G,17,18
8678,31.12.2016.,03:10:00,21,21,1,0,1,0,0,G,17,18
8679,31.12.2016.,03:15:00,21,20,1,0,1,0,0,G,17,18
8680,31.12.2016.,03:20:00,21,20,1,1,1,0,0,G,17,18
8681,31.12.2016.,03:25:00,21,20,1,1,1,0,0,G,17,18
8682,31.12.2016.,03:30:00,21,20,1,1,1,0,0,G,17,18
8683,31.12.2016.,03:35:00,21,20,1,1,1,0,0,G,17,18
8684,31.12.2016.,03:40:00,21,20,1,1,1,0,0,G,17,18
8685,31.12.2016.,03:45:00,21,20,1,1,1,0,0,G,17,18
8686,31.12.2016.,03:50:00,21,20,1,1,1,0,0,G,17,18
8687,31.12.2016.,03:55:00,21,20,1,1,1,0,0,G,17,18
8688,31.12.2016.,04:00:00,21,20,1,1,1,0,0,G,17,18
8689,31.12.2016.,04:05:00,21,20,1,1,1,0,0,G,17,18
8690,31.12.2016.,04:10:00,21,20,1,1,1,0,0,G,17,17
8691,31.12.2016.,04:15:00,21,20,1,1,1,0,0,G,17,17
8692,31.12.2016.,04:20:00,21,20,1,1,1,0,0,G,17,17
8693,31.12.2016.,04:25:00,21,20,1,1,1,0,0,G,17,17
8694,31.12.2016.,04:30:00,21,20,1,1,1,0,0,G,17,17
8695,31.12.2016.,04:35:00,21,20,1,1,1,0,0,G,17,17
8696,31.12.2016.,04:40:00,21,20,1,1,1,0,0,G,17,17
8697,31.12.2016.,04:45:00,21,20,1,1,1,0,0,G,17,17
8698,31.12.2016.,04:50:00,21,20,1,1,1,0,0,G,17,17
8699,31.12.2016.,04:55:00,21,20,1,1,1,0,0,G,17,17
8700,31.12.2016.,05:00:00,21,20,1,1,1,0,0,G,17,17
8701,31.12.2016.,05:05:00,21,20,1,1,1,0,0,G,17,17
8702,31.12.2016.,05:10:00,21,20,1,1,1,0,0,G,17,17
8703,31.12.2016.,05:15:00,21,20,1,1,1,0,0,G,17,17
8704,31.12.2016.,05:20:00,21,20,1,1,1,0,0,G,17,17
8705,31.12.2016.,05:25:00,21,20,1,1,1,0,0,G,17,17
8706,31.12.2016.,05:30:00,21,20,1,1,1,0,0,G,17,17
8707,31.12.2016.,05:35:00,21,20,1,1,1,0,0,G,17,17
8708,31.12.2016.,05:40:00,21,20,1,1,1,0,0,G,17,17
8709,31.12.2016.,05:45:00,21,20,1,1,1,0,0,G,17,17
8710,31.12.2016.,05:50:00,21,20,1,1,1,0,0,G,17,17
8711,31.12.2016.,05:55:00,21,20,1,1,1,0,0,G,17,17
8712,31.12.2016.,06:00:00,21,20,1,1,1,0,0,G,17,17
8713,31.12.2016.,06:05:00,21,20,1,1,1,0,0,G,17,17
8714,31.12.2016.,06:10:00,21,20,1,1,1,0,0,G,17,17
8715,31.12.2016.,06:15:00,21,20,1,1,1,0,0,G,17,17
8716,31.12.2016.,06:20:00,21,20,1,1,1,0,0,G,17,17
8717,31.12.2016.,06:25:00,21,20,1,1,1,0,0,G,17,17
8718,31.12.2016.,06:30:00,21,20,1,1,1,0,0,G,17,17
8719,31.12.2016.,06:35:00,21,20,1,1,1,0,0,G,17,17
8720,31.12.2016.,06:40:00,21,20,1,1,1,0,0,G,17,17
8721,31.12.2016.,06:45:00,21,20,1,1,1,0,0,G,17,17
8722,31.12.2016.,06:50:00,21,20,1,1,1,0,0,G,17,17
8723,31.12.2016.,06:55:00,21,20,1,1,1,0,0,G,17,17
8724,31.12.2016.,07:00:00,21,20,1,1,1,0,0,G,17,17
8725,31.12.2016.,07:05:00,21,20,1,1,1,0,0,G,17,17
8726,31.12.2016.,07:10:00,21,20,1,1,1,0,0,G,17,17
8727,31.12.2016.,07:15:00,21,20,1,1,1,0,0,G,17,17
8728,31.12.2016.,07:20:00,21,20,1,1,1,0,0,G,17,17
8729,31.12.2016.,07:25:00,21,20,1,1,1,0,0,G,17,17
8730,31.12.2016.,07:30:00,21,20,1,1,1,0,0,G,17,17
8731,31.12.2016.,07:35:00,21,20,1,1,1,0,0,G,17,17
8732,31.12.2016.,07:40:00,21,20,1,1,1,0,0,G,17,17
8733,31.12.2016.,07:45:00,21,20,1,1,1,0,0,G,17,17
8734,31.12.2016.,07:50:00,21,20,1,1,1,0,0,G,17,17
8735,31.12.2016.,07:55:00,21,20,1,1,1,0,0,G,17,17
8736,31.12.2016.,08:00:00,21,20,1,1,1,0,0,G,17,17
8737,31.12.2016.,08:05:00,21,20,1,1,1,0,0,G,17,17
8738,31.12.2016.,08:10:00,21,20,1,1,1,0,0,G,17,17
8739,31.12.2016.,08:15:00,21,20,1,1,1,0,0,G,17,17
8740,31.12.2016.,08:20:00,21,20,1,1,1,0,0,G,17,17
8741,31.12.2016.,08:25:00,21,20,1,1,1,0,0,G,17,17
8742,31.12.2016.,08:30:00,21,20,1,1,1,0,0,G,17,17
8743,31.12.2016.,08:35:00,21,20,1,1,1,0,0,G,17,17
8744,31.12.2016.,08:40:00,21,20,1,1,1,0,0,G,17,17
8745,31.12.2016.,08:45:00,21,20,1,1,1,0,0,G,17,17
8746,31.12.2016.,08:50:00,21,20,1,1,1,0,0,G,17,17
8747,31.12.2016.,08:55:00,21,20,1,1,1,0,0,G,17,17
8748,31.12.2016.,09:00:00,21,20,1,1,1,0,0,G,17,17
8749,31.12.2016.,09:05:00,21,20,1,1,1,0,0,G,17,17
8750,31.12.2016.,09:10:00,21,20,1,1,1,0,0,G,17,17
8751,31.12.2016.,09:15:00,21,20,1,1,1,0,0,G,17,17
8752,31.12.2016.,09:20:00,21,20,1,1,1,0,0,G,17,17
8753,31.12.2016.,09:25:00,21,20,1,1,1,0,0,G,17,17
8754,31.12.2016.,09:30:00,21,20,1,1,1,0,0,G,17,17
8755,31.12.2016.,09:35:00,21,20,1,1,1,0,0,G,17,17
8756,31.12.2016.,09:40:00,21,20,1,1,1,0,0,G,17,17
8757,31.12.2016.,09:45:00,21,20,1,1,1,0,0,G,17,17
8758,31.12.2016.,09:50:00,21,20,1,1,1,0,0,G,17,17
8759,31.12.2016.,09:55:00,21,20,1,0,1,0,0,G,17,17
8760,31.12.2016.,10:00:00,21,20,1,0,1,0,0,G,17,17
8761,31.12.2016.,10:05:00,21,20,1,0,1,0,0,G,17,17
8762,31.12.2016.,10:10:00,21,20,1,0,1,0,0,G,17,17
8763,31.12.2016.,10:15:00,21,20,1,0,1,0,0,G,17,17
8764,31.12.2016.,10:20:00,21,20,1,0,1,0,0,G,17,17
8765,31.12.2016.,10:25:00,21,20,1,0,1,0,0,G,17,17
8766,31.12.2016.,10:30:00,21,20,1,0,1,0,0,G,17,17
8767,31.12.2016.,10:35:00,21,20,1,0,1,0,0,G,17,17
8768,31.12.2016.,10:40:00,21,20,1,0,1,0,0,G,17,17
8769,31.12.2016.,10:45:00,21,20,1,0,1,0,0,G,17,17
8770,31.12.2016.,10:50:00,21,20,1,0,1,0,0,G,17,17
8771,31.12.2016.,10:55:00,21,20,1,0,1,0,0,G,17,17
8772,31.12.2016.,11:00:00,21,20,1,0,1,0,0,G,17,17
8773,31.12.2016.,11:05:00,21,20,1,0,1,0,0,G,17,17
8774,31.12.2016.,11:10:00,21,20,1,0,1,0,0,G,17,17
8775,31.12.2016.,11:15:00,21,20,1,1,1,0,0,G,17,17
8776,31.12.2016.,11:20:00,21,20,1,1,1,0,0,G,17,17
8777,31.12.2016.,11:25:00,21,20,1,1,1,0,0,G,17,17
8778,31.12.2016.,11:30:00,21,20,1,1,1,0,0,G,17,17
8779,31.12.2016.,11:35:00,21,20,1,1,1,0,0,G,17,17
8780,31.12.2016.,11:40:00,21,20,1,1,1,0,0,G,17,17
8781,31.12.2016.,11:45:00,21,20,1,1,1,0,0,G,17,17
8782,31.12.2016.,11:50:00,21,20,1,1,1,0,0,G,17,17
8783,31.12.2016.,11:55:00,21,20,1,1,1,0,0,G,17,17
8784,31.12.2016.,12:00:00,21,20,1,1,1,0,0,G,17,17
8785,31.12.2016.,12:05:00,21,20,1,1,1,0,0,G,17,17
8786,31.12.2016.,12:10:00,21,20,1,1,1,0,0,G,17,17
8787,31.12.2016.,12:15:00,21,21,1,0,0,0,0,G,17,17
8788,31.12.2016.,12:20:00,21,21,1,0,1,0,0,G,17,17
8789,31.12.2016.,12:25:00,21,21,1,0,1,0,0,G,17,17
8790,31.12.2016.,12:30:00,21,21,1,0,1,0,0,G,17,17
8791,31.12.2016.,12:35:00,21,21,1,0,1,0,0,G,17,17
8792,31.12.2016.,12:40:00,21,21,1,0,1,0,0,G,17,17
8793,31.12.2016.,12:45:00,21,21,1,0,1,0,0,G,17,17
8794,31.12.2016.,12:50:00,21,21,1,0,1,0,0,G,17,17
8795,31.12.2016.,12:55:00,21,20,1,0,1,0,0,G,17,17
8796,31.12.2016.,13:00:00,21,20,1,0,1,0,0,G,17,17
8797,31.12.2016.,13:05:00,21,20,1,0,1,0,0,G,17,17
8798,31.12.2016.,13:10:00,21,20,1,0,1,0,0,G,17,17
8799,31.12.2016.,13:15:00,21,20,1,0,1,0,0,G,17,17
8800,31.12.2016.,13:20:00,21,20,1,0,1,0,0,G,17,17
8801,31.12.2016.,13:25:00,21,20,1,0,1,0,0,G,17,17
8802,31.12.2016.,13:30:00,21,20,1,0,1,0,0,G,17,17
8803,31.12.2016.,13:35:00,21,20,1,0,1,0,0,G,17,17
8804,31.12.2016.,13:40:00,21,20,1,0,1,0,0,G,17,17
8805,31.12.2016.,13:45:00,21,20,1,0,1,0,0,G,17,17
8806,31.12.2016.,13:50:00,21,20,1,0,1,0,0,G,17,17
8807,31.12.2016.,13:55:00,21,20,1,0,1,0,0,G,17,17
8808,31.12.2016.,14:00:00,21,20,1,0,1,0,0,G,17,17
8809,31.12.2016.,14:05:00,21,20,1,0,1,0,0,G,17,17
8810,31.12.2016.,14:10:00,21,20,1,0,1,0,0,G,17,17
8811,31.12.2016.,14:15:00,21,20,1,0,1,0,0,G,17,17
8812,31.12.2016.,14:20:00,21,20,1,0,1,0,0,G,17,17
8813,31.12.2016.,14:25:00,21,20,1,0,1,0,0,G,17,17
8814,31.12.2016.,14:30:00,21,20,1,0,1,0,0,G,17,17
8815,31.12.2016.,14:35:00,21,20,1,0,1,0,0,G,17,17
8816,31.12.2016.,14:40:00,21,20,1,0,1,0,0,G,17,17
8817,31.12.2016.,14:45:00,21,20,1,0,1,0,0,G,17,17
8818,31.12.2016.,14:50:00,21,20,1,0,1,0,0,G,17,18
8819,31.12.2016.,14:55:00,21,20,1,0,1,0,0,G,17,18
8820,31.12.2016.,15:00:00,21,20,1,0,1,0,0,G,17,18
8821,31.12.2016.,15:05:00,21,20,1,0,1,0,0,G,17,18
8822,31.12.2016.,15:10:00,21,20,1,0,1,0,0,G,17,18
8823,31.12.2016.,15:15:00,21,20,1,0,1,0,0,G,17,18
8824,31.12.2016.,15:20:00,21,20,1,0,1,0,0,G,17,18
8825,31.12.2016.,15:25:00,21,20,1,0,1,0,0,G,17,18
8826,31.12.2016.,15:30:00,21,20,1,0,1,0,0,G,17,18
8827,31.12.2016.,15:35:00,21,20,1,0,1,0,0,G,17,18
8828,31.12.2016.,15:40:00,21,20,1,0,1,0,0,G,17,18
8829,31.12.2016.,15:45:00,21,20,1,0,1,0,0,G,17,18
8830,31.12.2016.,15:50:00,21,20,1,0,1,0,0,G,17,18
8831,31.12.2016.,15:55:00,21,21,1,0,0,0,0,G,17,18
8832,31.12.2016.,16:00:00,21,21,1,0,0,0,0,G,17,18
8833,31.12.2016.,16:05:00,21,21,1,0,0,0,0,G,17,18
8834,31.12.2016.,16:10:00,21,21,1,0,0,0,0,G,17,18
8835,31.12.2016.,16:15:00,21,21,1,0,0,0,0,G,17,18
8836,31.12.2016.,16:20:00,21,21,1,0,0,0,0,G,17,18
8837,31.12.2016.,16:25:00,21,21,1,0,0,0,0,G,17,18
8838,31.12.2016.,16:30:00,21,21,1,0,0,0,0,G,17,18
8839,31.12.2016.,16:35:00,21,21,1,0,0,0,0,G,17,18
8840,31.12.2016.,16:40:00,21,21,1,0,0,0,0,G,17,18
8841,31.12.2016.,16:45:00,21,21,1,0,0,0,0,G,17,18
8842,31.12.2016.,16:50:00,21,21,1,0,0,0,0,G,17,18
8843,31.12.2016.,16:55:00,21,21,1,0,0,0,0,G,17,18
8844,31.12.2016.,17:00:00,21,21,1,0,0,0,0,G,17,18
8845,31.12.2016.,17:05:00,21,21,1,0,0,0,0,G,17,18
8846,31.12.2016.,17:10:00,21,21,1,0,0,0,0,G,17,18
8847,31.12.2016.,17:15:00,21,21,1,0,1,0,0,G,17,18
8848,31.12.2016.,17:20:00,21,21,1,0,1,0,0,G,17,18
8849,31.12.2016.,17:25:00,21,21,1,0,1,0,0,G,17,18
8850,31.12.2016.,17:30:00,21,21,1,0,1,0,0,G,17,18
8851,31.12.2016.,17:35:00,21,21,1,0,1,0,0,G,17,18
8852,31.12.2016.,17:40:00,21,21,1,0,1,0,0,G,17,18
8853,31.12.2016.,17:45:00,21,21,1,0,1,0,0,G,17,18
8854,31.12.2016.,17:50:00,21,21,1,0,1,0,0,G,17,18
8855,31.12.2016.,17:55:00,21,21,1,0,1,0,0,G,17,18
8856,31.12.2016.,18:00:00,21,21,1,0,1,0,0,G,17,18
8857,31.12.2016.,18:05:00,21,20,1,0,1,0,0,G,17,18
8858,31.12.2016.,18:10:00,21,20,1,0,1,0,0,G,17,18
8859,31.12.2016.,18:15:00,21,20,1,0,1,0,0,G,17,18
8860,31.12.2016.,18:20:00,21,20,1,0,1,0,0,G,17,18
8861,31.12.2016.,18:25:00,21,20,1,0,1,0,0,G,17,18
8862,31.12.2016.,18:30:00,21,20,1,0,1,0,0,G,17,18
8863,31.12.2016.,18:35:00,21,20,1,0,1,0,0,G,17,18
8864,31.12.2016.,18:40:00,21,20,1,0,1,0,0,G,17,18
8865,31.12.2016.,18:45:00,21,20,1,0,1,0,0,G,17,18
8866,31.12.2016.,18:50:00,21,20,1,0,1,0,0,G,17,18
8867,31.12.2016.,18:55:00,21,20,1,0,1,0,0,G,17,18
8868,31.12.2016.,19:00:00,21,20,1,0,1,0,0,G,17,18
8869,31.12.2016.,19:05:00,21,20,1,0,1,0,0,G,17,18
8870,31.12.2016.,19:10:00,21,20,1,0,1,0,0,G,17,18
8871,31.12.2016.,19:15:00,21,20,1,0,1,0,0,G,17,18
8872,31.12.2016.,19:20:00,21,20,1,0,1,0,0,G,17,18
8873,31.12.2016.,19:25:00,21,20,1,0,1,0,0,G,17,18
8874,31.12.2016.,19:30:00,21,20,1,0,1,0,0,G,17,18
8875,31.12.2016.,19:35:00,21,20,1,0,1,0,0,G,17,18
8876,31.12.2016.,19:40:00,21,20,1,1,1,0,0,G,17,18
8877,31.12.2016.,19:45:00,21,20,1,1,1,0,0,G,17,18
8878,31.12.2016.,19:50:00,21,20,1,1,1,0,0,G,17,18
8879,31.12.2016.,19:55:00,21,20,1,1,1,0,0,G,17,18
8880,31.12.2016.,20:00:00,21,20,1,1,1,0,0,G,17,18
8881,31.12.2016.,20:05:00,21,20,1,1,1,0,0,G,17,18
8882,31.12.2016.,20:10:00,21,20,1,1,1,0,0,G,17,18
8883,31.12.2016.,20:15:00,21,20,1,1,1,0,0,G,17,18
8884,31.12.2016.,20:20:00,21,20,1,1,1,0,0,G,17,18
8885,31.12.2016.,20:25:00,21,20,1,1,1,0,0,G,17,18
8886,31.12.2016.,20:30:00,21,20,1,1,1,0,0,G,17,18
8887,31.12.2016.,20:35:00,21,20,1,1,1,0,0,G,17,18
8888,31.12.2016.,20:40:00,21,20,1,1,1,0,0,G,17,18
8889,31.12.2016.,20:45:00,21,20,1,1,1,0,0,G,17,18
8890,31.12.2016.,20:50:00,21,20,1,1,1,0,0,G,17,18
8891,31.12.2016.,20:55:00,21,20,1,1,1,0,0,G,17,18
8892,31.12.2016.,21:00:00,21,20,1,1,1,0,0,G,17,18
8893,31.12.2016.,21:05:00,21,20,1,1,1,0,0,G,17,18
8894,31.12.2016.,21:10:00,21,20,1,1,1,0,0,G,17,18
8895,31.12.2016.,21:15:00,21,20,1,1,1,0,0,G,17,18
8896,31.12.2016.,21:20:00,21,20,1,1,1,0,0,G,17,18
8897,31.12.2016.,21:25:00,21,20,1,1,1,0,0,G,17,18
8898,31.12.2016.,21:30:00,21,20,1,1,1,0,0,G,17,18
8899,31.12.2016.,21:35:00,21,20,1,1,1,0,0,G,17,18
8900,31.12.2016.,21:40:00,21,20,1,1,1,0,0,G,17,18
8901,31.12.2016.,21:45:00,21,20,1,1,1,0,0,G,17,18
8902,31.12.2016.,21:50:00,21,20,1,1,1,0,0,G,17,18
8903,31.12.2016.,21:55:00,21,20,1,1,1,0,0,G,17,18
8904,31.12.2016.,22:00:00,21,20,1,1,1,0,0,G,17,18
8905,31.12.2016.,22:05:00,21,20,1,1,1,0,0,G,17,18
8906,31.12.2016.,22:10:00,21,20,1,1,1,0,0,G,17,18
8907,31.12.2016.,22:15:00,21,20,1,1,1,0,0,G,17,18
8908,31.12.2016.,22:20:00,21,20,1,1,1,0,0,G,17,18
8909,31.12.2016.,22:25:00,21,20,1,1,1,0,0,G,17,18
8910,31.12.2016.,22:30:00,21,20,1,1,1,0,0,G,17,18
8911,31.12.2016.,22:35:00,21,20,1,0,1,0,0,G,17,18
8912,31.12.2016.,22:40:00,21,20,1,0,1,0,0,G,17,18
8913,31.12.2016.,22:45:00,21,20,1,0,1,0,0,G,17,18
8914,31.12.2016.,22:50:00,21,20,1,0,1,0,0,G,17,18
8915,31.12.2016.,22:55:00,21,20,1,0,1,0,0,G,17,18
8916,31.12.2016.,23:00:00,21,20,1,0,1,0,0,G,17,18
8917,31.12.2016.,23:05:00,21,20,1,1,1,0,0,G,17,18
8918,31.12.2016.,23:10:00,21,20,1,1,1,0,0,G,17,18
8919,31.12.2016.,23:15:00,21,20,1,1,1,0,0,G,17,18
8920,31.12.2016.,23:20:00,21,20,1,1,1,0,0,G,17,18
8921,31.12.2016.,23:25:00,21,20,1,1,1,0,0,G,17,18
8922,31.12.2016.,23:30:00,21,20,1,1,1,0,0,G,17,18
8923,31.12.2016.,23:35:00,21,20,1,1,1,0,0,G,17,18
8924,31.12.2016.,23:40:00,21,20,1,1,1,0,0,G,17,18
8925,31.12.2016.,23:45:00,21,20,1,1,1,0,0,G,17,18
8926,31.12.2016.,23:50:00,21,20,1,1,1,0,0,G,17,18
8927,31.12.2016.,23:55:00,21,20,1,1,1,0,0,G,17,18
