1,01.06.2021.,00:05:00,22,22,1,0,0,0,0,G,0,0
2,01.06.2021.,00:10:00,22,22,1,0,0,0,0,G,0,0
3,01.06.2021.,00:15:00,22,22,1,0,0,0,0,G,0,0
4,01.06.2021.,00:20:00,22,22,1,0,0,0,0,G,0,0
5,01.06.2021.,00:25:00,22,22,1,0,0,0,0,G,0,0
6,01.06.2021.,00:30:00,22,22,1,0,0,0,0,G,0,0
7,01.06.2021.,00:35:00,22,22,1,0,0,0,0,G,0,0
8,01.06.2021.,00:40:00,22,22,1,0,0,0,0,G,0,0
9,01.06.2021.,00:45:00,22,22,1,0,0,0,0,G,0,0
10,01.06.2021.,00:50:00,22,22,1,0,0,0,0,G,0,0
11,01.06.2021.,00:55:00,22,22,1,0,0,0,0,G,0,0
12,01.06.2021.,01:00:00,22,22,1,0,0,0,0,G,0,0
13,01.06.2021.,01:05:00,22,22,1,0,0,0,0,G,0,0
14,01.06.2021.,01:10:00,22,22,1,0,0,0,0,G,0,0
15,01.06.2021.,01:15:00,22,22,1,0,0,0,0,G,0,0
16,01.06.2021.,01:20:00,22,22,1,0,0,0,0,G,0,0
17,01.06.2021.,01:25:00,22,22,1,0,0,0,0,G,0,0
18,01.06.2021.,01:30:00,22,22,1,0,0,0,0,G,0,0
19,01.06.2021.,01:35:00,22,22,1,0,0,0,0,G,0,0
20,01.06.2021.,01:40:00,22,22,1,0,0,0,0,G,0,0
21,01.06.2021.,01:45:00,22,22,1,0,0,0,0,G,0,0
22,01.06.2021.,01:50:00,22,22,1,0,0,0,0,G,0,0
23,01.06.2021.,01:55:00,22,22,1,0,0,0,0,G,0,0
24,01.06.2021.,02:00:00,22,22,1,0,0,0,0,G,0,0
25,01.06.2021.,02:05:00,22,22,1,0,0,0,0,G,0,0
26,01.06.2021.,02:10:00,22,22,1,0,0,0,0,G,0,0
27,01.06.2021.,02:15:00,22,22,1,0,0,0,0,G,0,0
28,01.06.2021.,02:20:00,22,22,1,0,0,0,0,G,0,0
29,01.06.2021.,02:25:00,22,22,1,0,0,0,0,G,0,0
30,01.06.2021.,02:30:00,22,22,1,0,0,0,0,G,0,0
31,01.06.2021.,02:35:00,22,22,1,0,0,0,0,G,0,0
32,01.06.2021.,02:40:00,22,22,1,0,0,0,0,G,0,0
33,01.06.2021.,02:45:00,22,22,1,0,0,0,0,G,0,0
34,01.06.2021.,02:50:00,22,22,1,0,0,0,0,G,0,0
35,01.06.2021.,02:55:00,22,22,1,0,0,0,0,G,0,0
36,01.06.2021.,03:00:00,22,22,1,0,0,0,0,G,0,0
37,01.06.2021.,03:05:00,22,22,1,0,0,0,0,G,0,0
38,01.06.2021.,03:10:00,22,22,1,0,0,0,0,G,0,0
39,01.06.2021.,03:15:00,22,22,1,0,0,0,0,G,0,0
40,01.06.2021.,03:20:00,22,22,1,0,0,0,0,G,0,0
41,01.06.2021.,03:25:00,22,22,1,0,0,0,0,G,0,0
42,01.06.2021.,03:30:00,22,22,1,0,0,0,0,G,0,0
43,01.06.2021.,03:35:00,22,22,1,0,0,0,0,G,0,0
44,01.06.2021.,03:40:00,22,22,1,0,0,0,0,G,0,0
45,01.06.2021.,03:45:00,22,22,1,0,0,0,0,G,0,0
46,01.06.2021.,03:50:00,22,22,1,0,0,0,0,G,0,0
47,01.06.2021.,03:55:00,22,22,1,0,0,0,0,G,0,0
48,01.06.2021.,04:00:00,22,22,1,0,0,0,0,G,0,0
49,01.06.2021.,04:05:00,22,22,1,0,0,0,0,G,0,0
50,01.06.2021.,04:10:00,22,22,1,0,0,0,0,G,0,0
51,01.06.2021.,04:15:00,22,22,1,0,0,0,0,G,0,0
52,01.06.2021.,04:20:00,22,22,1,0,0,0,0,G,0,0
53,01.06.2021.,04:25:00,22,22,1,0,0,0,0,G,0,0
54,01.06.2021.,04:30:00,22,22,1,0,0,0,0,G,0,0
55,01.06.2021.,04:35:00,22,22,1,0,0,0,0,G,0,0
56,01.06.2021.,04:40:00,22,22,1,0,0,0,0,G,0,0
57,01.06.2021.,04:45:00,22,22,1,0,0,0,0,G,0,0
58,01.06.2021.,04:50:00,22,22,1,0,0,0,0,G,0,0
59,01.06.2021.,04:55:00,22,22,1,0,0,0,0,G,0,0
60,01.06.2021.,05:00:00,22,22,1,0,0,0,0,G,0,0
61,01.06.2021.,05:05:00,22,22,1,0,0,0,0,G,0,0
62,01.06.2021.,05:10:00,22,22,1,0,0,0,0,G,0,0
63,01.06.2021.,05:15:00,22,22,1,0,0,0,0,G,0,0
64,01.06.2021.,05:20:00,22,22,1,0,0,0,0,G,0,0
65,01.06.2021.,05:25:00,22,22,1,0,0,0,0,G,0,0
66,01.06.2021.,05:30:00,22,22,1,0,0,0,0,G,0,0
67,01.06.2021.,05:35:00,22,22,1,0,0,0,0,G,0,0
68,01.06.2021.,05:40:00,22,22,1,0,0,0,0,G,0,0
69,01.06.2021.,05:45:00,22,22,1,0,0,0,0,G,0,0
70,01.06.2021.,05:50:00,22,22,1,0,0,0,0,G,0,0
71,01.06.2021.,05:55:00,22,22,1,0,0,0,0,G,0,0
72,01.06.2021.,06:00:00,22,22,1,0,0,0,0,G,0,0
73,01.06.2021.,06:05:00,22,22,1,0,0,0,0,G,0,0
74,01.06.2021.,06:10:00,22,22,1,0,0,0,0,G,0,0
75,01.06.2021.,06:15:00,22,22,1,0,0,0,0,G,0,0
76,01.06.2021.,06:20:00,22,22,1,0,0,0,0,G,0,0
77,01.06.2021.,06:25:00,22,22,1,0,0,0,0,G,0,0
78,01.06.2021.,06:30:00,22,22,1,0,0,0,0,G,0,0
79,01.06.2021.,06:35:00,22,22,1,0,0,0,0,G,0,0
80,01.06.2021.,06:40:00,22,22,1,0,0,0,0,G,0,0
81,01.06.2021.,06:45:00,22,22,1,0,0,0,0,G,0,0
82,01.06.2021.,06:50:00,22,22,1,0,0,0,0,G,0,0
83,01.06.2021.,06:55:00,22,22,1,0,0,0,0,G,0,0
84,01.06.2021.,07:00:00,22,22,1,0,0,0,0,G,0,0
85,01.06.2021.,07:05:00,22,22,1,0,0,0,0,G,0,0
86,01.06.2021.,07:10:00,22,22,1,0,0,0,0,G,0,0
87,01.06.2021.,07:15:00,22,22,1,0,0,0,0,G,0,0
88,01.06.2021.,07:20:00,22,22,1,0,0,0,0,G,0,0
89,01.06.2021.,07:25:00,22,22,1,0,0,0,0,G,0,0
90,01.06.2021.,07:30:00,22,22,1,0,0,0,0,G,0,0
91,01.06.2021.,07:35:00,22,22,1,0,0,0,0,G,0,0
92,01.06.2021.,07:40:00,22,22,1,0,0,0,0,G,0,0
93,01.06.2021.,07:45:00,22,22,1,0,0,0,0,G,0,0
94,01.06.2021.,07:50:00,22,22,1,0,0,0,0,G,0,0
95,01.06.2021.,07:55:00,22,22,1,0,0,0,0,G,0,0
96,01.06.2021.,08:00:00,22,22,1,0,0,0,0,G,0,0
97,01.06.2021.,08:05:00,22,22,1,0,0,0,0,G,0,0
98,01.06.2021.,08:10:00,22,22,1,0,0,0,0,G,0,0
99,01.06.2021.,08:15:00,22,22,1,0,0,0,0,G,0,0
100,01.06.2021.,08:20:00,22,22,1,0,0,0,0,G,0,0
101,01.06.2021.,08:25:00,22,22,1,0,0,0,0,G,0,0
102,01.06.2021.,08:30:00,22,22,1,0,0,0,0,G,0,0
103,01.06.2021.,08:35:00,22,22,1,0,0,0,0,G,0,0
104,01.06.2021.,08:40:00,22,22,1,0,0,0,0,G,0,0
105,01.06.2021.,08:45:00,22,22,1,0,0,0,0,G,0,0
106,01.06.2021.,08:50:00,22,22,1,0,0,0,0,G,0,0
107,01.06.2021.,08:55:00,22,22,1,0,0,0,0,G,0,0
108,01.06.2021.,09:00:00,22,22,1,0,0,0,0,G,0,0
109,01.06.2021.,09:05:00,22,22,1,0,0,0,0,G,0,0
110,01.06.2021.,09:10:00,22,22,1,0,0,0,0,G,0,0
111,01.06.2021.,09:15:00,22,22,1,0,0,0,0,G,0,0
112,01.06.2021.,09:20:00,22,22,1,1,0,0,0,G,0,0
113,01.06.2021.,09:25:00,22,22,1,1,0,0,0,G,0,0
114,01.06.2021.,09:30:00,22,22,1,1,0,0,0,G,0,0
115,01.06.2021.,09:35:00,22,22,1,1,0,0,0,G,0,0
116,01.06.2021.,09:40:00,22,22,1,1,0,0,0,G,0,0
117,01.06.2021.,09:45:00,22,22,1,1,0,0,0,G,0,0
118,01.06.2021.,09:50:00,22,22,1,1,0,0,0,G,0,0
119,01.06.2021.,09:55:00,22,22,1,1,0,0,0,G,0,0
120,01.06.2021.,10:00:00,22,22,1,1,0,0,0,G,0,0
121,01.06.2021.,10:05:00,22,22,1,1,0,0,0,G,0,0
122,01.06.2021.,10:10:00,22,22,1,1,0,0,0,G,0,0
123,01.06.2021.,10:15:00,22,22,1,1,0,0,0,G,0,0
124,01.06.2021.,10:20:00,22,22,1,1,0,0,0,G,0,0
125,01.06.2021.,10:25:00,22,22,1,1,0,0,0,G,0,0
126,01.06.2021.,10:30:00,22,22,1,1,0,0,0,G,0,0
127,01.06.2021.,10:35:00,22,22,1,1,0,0,0,G,0,0
128,01.06.2021.,10:40:00,22,22,1,1,0,0,0,G,0,0
129,01.06.2021.,10:45:00,22,22,1,1,0,0,0,G,0,0
130,01.06.2021.,10:50:00,22,22,1,1,0,0,0,G,0,0
131,01.06.2021.,10:55:00,22,22,1,1,0,0,0,G,0,0
132,01.06.2021.,11:00:00,22,22,1,1,0,0,0,G,0,0
133,01.06.2021.,11:05:00,22,22,1,1,0,0,0,G,0,0
134,01.06.2021.,11:10:00,22,22,1,1,0,0,0,G,0,0
135,01.06.2021.,11:15:00,22,22,1,1,0,0,0,G,0,0
136,01.06.2021.,11:20:00,22,22,1,1,0,0,0,G,0,0
137,01.06.2021.,11:25:00,22,22,1,1,0,0,0,G,0,0
138,01.06.2021.,11:30:00,22,22,1,1,0,0,0,G,0,0
139,01.06.2021.,11:35:00,22,22,1,1,0,0,0,G,0,0
140,01.06.2021.,11:40:00,22,22,1,1,0,0,0,G,0,0
141,01.06.2021.,11:45:00,22,22,1,1,0,0,0,G,0,0
142,01.06.2021.,11:50:00,22,22,1,1,0,0,0,G,0,0
143,01.06.2021.,11:55:00,22,22,1,1,0,0,0,G,0,0
144,01.06.2021.,12:00:00,22,22,1,1,0,0,0,G,0,0
145,01.06.2021.,12:05:00,22,22,1,1,0,0,0,G,0,0
146,01.06.2021.,12:10:00,22,22,1,1,0,0,0,G,0,0
147,01.06.2021.,12:15:00,22,22,1,1,0,0,0,G,0,0
148,01.06.2021.,12:20:00,22,22,1,1,0,0,0,G,0,0
149,01.06.2021.,12:25:00,22,22,1,1,0,0,0,G,0,0
150,01.06.2021.,12:30:00,22,22,1,0,0,0,0,G,0,0
151,01.06.2021.,12:35:00,22,22,1,0,0,0,0,G,0,0
152,01.06.2021.,12:40:00,22,22,1,0,0,0,0,G,0,0
153,01.06.2021.,12:45:00,22,22,1,0,0,0,0,G,0,0
154,01.06.2021.,12:50:00,22,22,1,0,0,0,0,G,0,0
155,01.06.2021.,12:55:00,22,22,1,0,0,0,0,G,0,0
156,01.06.2021.,13:00:00,22,22,1,0,0,0,0,G,0,0
157,01.06.2021.,13:05:00,22,22,1,0,0,0,0,G,0,0
158,01.06.2021.,13:10:00,22,22,1,0,0,0,0,G,0,0
159,01.06.2021.,13:15:00,22,22,1,1,0,0,0,G,0,0
160,01.06.2021.,13:20:00,22,22,1,1,0,0,0,G,0,0
161,01.06.2021.,13:25:00,22,22,1,1,0,0,0,G,0,0
162,01.06.2021.,13:30:00,22,22,1,1,0,0,0,G,0,0
163,01.06.2021.,13:35:00,22,22,1,1,0,0,0,G,0,0
164,01.06.2021.,13:40:00,22,22,1,1,0,0,0,G,0,0
165,01.06.2021.,13:45:00,22,22,1,1,0,0,0,G,0,0
166,01.06.2021.,13:50:00,22,22,1,1,0,0,0,G,0,0
167,01.06.2021.,13:55:00,22,22,1,0,0,0,0,G,0,0
168,01.06.2021.,14:00:00,22,22,1,0,0,0,0,G,0,0
169,01.06.2021.,14:05:00,22,22,1,0,0,0,0,G,0,0
170,01.06.2021.,14:10:00,22,22,1,0,0,0,0,G,0,0
171,01.06.2021.,14:15:00,22,22,1,0,0,0,0,G,0,0
172,01.06.2021.,14:20:00,22,22,1,0,0,0,0,G,0,0
173,01.06.2021.,14:25:00,22,22,1,0,0,0,0,G,0,0
174,01.06.2021.,14:30:00,22,22,1,0,0,0,0,G,0,0
175,01.06.2021.,14:35:00,22,22,1,0,0,0,0,G,0,0
176,01.06.2021.,14:40:00,22,22,1,0,0,0,0,G,0,0
177,01.06.2021.,14:45:00,22,22,1,0,0,0,0,G,0,0
178,01.06.2021.,14:50:00,22,22,1,0,0,0,0,G,0,0
179,01.06.2021.,14:55:00,22,22,1,0,0,0,0,G,0,0
180,01.06.2021.,15:00:00,22,22,1,0,0,0,0,G,0,0
181,01.06.2021.,15:05:00,22,22,1,0,0,0,0,G,0,0
182,01.06.2021.,15:10:00,22,22,1,0,0,0,0,G,0,0
183,01.06.2021.,15:15:00,22,22,1,0,0,0,0,G,0,0
184,01.06.2021.,15:20:00,22,22,1,0,0,0,0,G,0,0
185,01.06.2021.,15:25:00,22,22,1,0,0,0,0,G,0,0
186,01.06.2021.,15:30:00,22,22,1,0,0,0,0,G,0,0
187,01.06.2021.,15:35:00,22,22,1,0,0,0,0,G,0,0
188,01.06.2021.,15:40:00,22,22,1,0,0,0,0,G,0,0
189,01.06.2021.,15:45:00,22,22,1,0,0,0,0,G,0,0
190,01.06.2021.,15:50:00,22,22,1,0,0,0,0,G,0,0
191,01.06.2021.,15:55:00,22,22,1,0,0,0,0,G,0,0
192,01.06.2021.,16:00:00,22,22,1,0,0,0,0,G,0,0
193,01.06.2021.,16:05:00,22,22,1,0,0,0,0,G,0,0
194,01.06.2021.,16:10:00,22,22,1,0,0,0,0,G,0,0
195,01.06.2021.,16:15:00,22,22,1,0,0,0,0,G,0,0
196,01.06.2021.,16:20:00,22,22,1,0,0,0,0,G,0,0
197,01.06.2021.,16:25:00,22,22,1,0,0,0,0,G,0,0
198,01.06.2021.,16:30:00,22,22,1,0,0,0,0,G,0,0
199,01.06.2021.,16:35:00,22,22,1,0,0,0,0,G,0,0
200,01.06.2021.,16:40:00,22,22,1,0,0,0,0,G,0,0
201,01.06.2021.,16:45:00,22,22,1,0,0,0,0,G,0,0
202,01.06.2021.,16:50:00,22,22,1,0,0,0,0,G,0,0
203,01.06.2021.,16:55:00,22,22,1,0,0,0,0,G,0,0
204,01.06.2021.,17:00:00,22,22,1,0,0,0,0,G,0,0
205,01.06.2021.,17:05:00,22,22,1,0,0,0,0,G,0,0
206,01.06.2021.,17:10:00,22,22,1,0,0,0,0,G,0,0
207,01.06.2021.,17:15:00,22,22,1,0,0,0,0,G,0,0
208,01.06.2021.,17:20:00,22,22,1,0,0,0,0,G,0,0
209,01.06.2021.,17:25:00,22,22,1,0,0,0,0,G,0,0
210,01.06.2021.,17:30:00,22,22,1,0,0,0,0,G,0,0
211,01.06.2021.,17:35:00,22,22,1,0,0,0,0,G,0,0
212,01.06.2021.,17:40:00,22,22,1,0,0,0,0,G,0,0
213,01.06.2021.,17:45:00,22,22,1,0,0,0,0,G,0,0
214,01.06.2021.,17:50:00,22,22,1,0,0,0,0,G,0,0
215,01.06.2021.,17:55:00,22,22,1,0,0,0,0,G,0,0
216,01.06.2021.,18:00:00,22,22,1,0,0,0,0,G,0,0
217,01.06.2021.,18:05:00,22,22,1,0,0,0,0,G,0,0
218,01.06.2021.,18:10:00,22,22,1,0,0,0,0,G,0,0
219,01.06.2021.,18:15:00,22,22,1,0,0,0,0,G,0,0
220,01.06.2021.,18:20:00,22,22,1,0,0,0,0,G,0,0
221,01.06.2021.,18:25:00,22,22,1,1,0,0,0,G,0,0
222,01.06.2021.,18:30:00,22,22,1,1,0,0,0,G,0,0
223,01.06.2021.,18:35:00,22,22,1,1,0,0,0,G,0,0
224,01.06.2021.,18:40:00,22,22,1,1,0,0,0,G,0,0
225,01.06.2021.,18:45:00,22,22,1,1,0,0,0,G,0,0
226,01.06.2021.,18:50:00,22,22,1,1,0,0,0,G,0,0
227,01.06.2021.,18:55:00,22,22,1,0,0,0,0,G,0,0
228,01.06.2021.,19:00:00,22,22,1,0,0,0,0,G,0,0
229,01.06.2021.,19:05:00,22,22,1,0,0,0,0,G,0,0
230,01.06.2021.,19:10:00,22,22,1,0,0,0,0,G,0,0
231,01.06.2021.,19:15:00,22,22,1,0,0,0,0,G,0,0
232,01.06.2021.,19:20:00,22,22,1,0,0,0,0,G,0,0
233,01.06.2021.,19:25:00,22,22,1,0,0,0,0,G,0,0
234,01.06.2021.,19:30:00,22,22,1,0,0,0,0,G,0,0
235,01.06.2021.,19:35:00,22,22,1,0,0,0,0,G,0,0
236,01.06.2021.,19:40:00,22,22,1,0,0,0,0,G,0,0
237,01.06.2021.,19:45:00,22,22,1,0,0,0,0,G,0,0
238,01.06.2021.,19:50:00,22,22,1,0,0,0,0,G,0,0
239,01.06.2021.,19:55:00,22,22,1,0,0,0,0,G,0,0
240,01.06.2021.,20:00:00,22,22,1,0,0,0,0,G,0,0
241,01.06.2021.,20:05:00,22,22,1,0,0,0,0,G,0,0
242,01.06.2021.,20:10:00,22,22,1,0,0,0,0,G,0,0
243,01.06.2021.,20:15:00,22,22,1,0,0,0,0,G,0,0
244,01.06.2021.,20:20:00,22,22,1,0,0,0,0,G,0,0
245,01.06.2021.,20:25:00,22,22,1,0,0,0,0,G,0,0
246,01.06.2021.,20:30:00,22,22,1,0,0,0,0,G,0,0
247,01.06.2021.,20:35:00,22,22,1,0,0,0,0,G,0,0
248,01.06.2021.,20:40:00,22,22,1,0,0,0,0,G,0,0
249,01.06.2021.,20:45:00,22,22,1,0,0,0,0,G,0,0
250,01.06.2021.,20:50:00,22,22,1,0,0,0,0,G,0,0
251,01.06.2021.,20:55:00,22,22,1,0,0,0,0,G,0,0
252,01.06.2021.,21:00:00,22,22,1,0,0,0,0,G,0,0
253,01.06.2021.,21:05:00,22,22,1,0,0,0,0,G,0,0
254,01.06.2021.,21:10:00,22,22,1,0,0,0,0,G,0,0
255,01.06.2021.,21:15:00,22,22,1,0,0,0,0,G,0,0
256,01.06.2021.,21:20:00,22,22,1,0,0,1,0,G,0,0
257,01.06.2021.,21:25:00,22,22,1,0,0,0,0,G,0,0
258,01.06.2021.,21:30:00,22,22,1,0,0,0,0,G,0,0
259,01.06.2021.,21:35:00,22,22,1,0,0,0,0,G,0,0
260,01.06.2021.,21:40:00,22,22,1,0,0,0,0,G,0,0
261,01.06.2021.,21:45:00,22,22,1,0,0,0,0,G,0,0
262,01.06.2021.,21:50:00,22,22,1,0,0,0,0,G,0,0
263,01.06.2021.,21:55:00,22,22,1,0,0,0,0,G,0,0
264,01.06.2021.,22:00:00,22,22,1,0,0,0,0,G,0,0
265,01.06.2021.,22:05:00,22,22,1,0,0,0,0,G,0,0
266,01.06.2021.,22:10:00,22,22,1,0,0,0,0,G,0,0
267,01.06.2021.,22:15:00,22,22,1,0,0,0,0,G,0,0
268,01.06.2021.,22:20:00,22,22,1,0,0,0,0,G,0,0
269,01.06.2021.,22:25:00,22,22,1,0,0,0,0,G,0,0
270,01.06.2021.,22:30:00,22,22,1,0,0,0,0,G,0,0
271,01.06.2021.,22:35:00,22,22,1,0,0,0,0,G,0,0
272,01.06.2021.,22:40:00,22,22,1,0,0,0,0,G,0,0
273,01.06.2021.,22:45:00,22,22,1,0,0,0,0,G,0,0
274,01.06.2021.,22:50:00,22,22,1,0,0,0,0,G,0,0
275,01.06.2021.,22:55:00,22,22,1,0,0,0,0,G,0,0
276,01.06.2021.,23:00:00,22,22,1,0,0,0,0,G,0,0
277,01.06.2021.,23:05:00,22,22,1,0,0,0,0,G,0,0
278,01.06.2021.,23:10:00,22,22,1,0,0,0,0,G,0,0
279,01.06.2021.,23:15:00,22,22,1,1,0,0,0,G,0,0
280,01.06.2021.,23:20:00,22,22,1,1,0,0,0,G,0,0
281,01.06.2021.,23:25:00,22,22,1,1,0,0,0,G,0,0
282,01.06.2021.,23:30:00,22,22,1,1,0,0,0,G,0,0
283,01.06.2021.,23:35:00,22,22,1,0,0,0,0,G,0,0
284,01.06.2021.,23:40:00,22,22,1,0,0,1,0,G,0,0
285,01.06.2021.,23:45:00,22,22,1,0,0,1,0,G,0,0
286,01.06.2021.,23:50:00,22,22,1,0,0,1,0,G,0,0
287,01.06.2021.,23:55:00,22,22,1,0,0,1,0,G,0,0
288,02.06.2021.,00:00:00,22,22,1,0,0,1,0,G,0,0
289,02.06.2021.,00:05:00,22,22,1,0,0,1,0,G,0,0
290,02.06.2021.,00:10:00,22,22,1,0,0,1,0,G,0,0
291,02.06.2021.,00:15:00,22,22,1,0,0,1,0,G,0,0
292,02.06.2021.,00:20:00,22,22,1,0,0,1,0,G,0,0
293,02.06.2021.,00:25:00,22,22,1,0,0,1,0,G,0,0
294,02.06.2021.,00:30:00,22,22,1,0,0,1,0,G,0,0
295,02.06.2021.,00:35:00,22,22,1,0,0,1,0,G,0,0
296,02.06.2021.,00:40:00,22,22,1,0,0,1,0,G,0,0
297,02.06.2021.,00:45:00,22,22,1,0,0,1,0,G,0,0
298,02.06.2021.,00:50:00,22,22,1,0,0,1,0,G,0,0
299,02.06.2021.,00:55:00,22,22,1,0,0,1,0,G,0,0
300,02.06.2021.,01:00:00,22,22,1,1,0,1,0,G,0,0
301,02.06.2021.,01:05:00,22,22,1,1,0,1,0,G,0,0
302,02.06.2021.,01:10:00,22,22,1,1,0,1,0,G,0,0
303,02.06.2021.,01:15:00,22,22,1,1,0,1,0,G,0,0
304,02.06.2021.,01:20:00,22,22,1,0,0,1,0,G,0,0
305,02.06.2021.,01:25:00,22,22,1,0,0,1,0,G,0,0
306,02.06.2021.,01:30:00,22,22,1,0,0,1,0,G,0,0
307,02.06.2021.,01:35:00,22,22,1,0,0,1,0,G,0,0
308,02.06.2021.,01:40:00,22,22,1,0,0,1,0,G,0,0
309,02.06.2021.,01:45:00,22,22,1,0,0,1,0,G,0,0
310,02.06.2021.,01:50:00,22,22,1,0,0,1,0,G,0,0
311,02.06.2021.,01:55:00,22,22,1,0,0,1,0,G,0,0
312,02.06.2021.,02:00:00,22,22,1,0,0,1,0,G,0,0
313,02.06.2021.,02:05:00,22,22,1,0,0,1,0,G,0,0
314,02.06.2021.,02:10:00,22,22,1,0,0,1,0,G,0,0
315,02.06.2021.,02:15:00,22,22,1,0,0,1,0,G,0,0
316,02.06.2021.,02:20:00,22,22,1,0,0,1,0,G,0,0
317,02.06.2021.,02:25:00,22,22,1,0,0,1,0,G,0,0
318,02.06.2021.,02:30:00,22,22,1,1,0,1,0,G,0,0
319,02.06.2021.,02:35:00,22,22,1,1,0,1,0,G,0,0
320,02.06.2021.,02:40:00,22,22,1,1,0,1,0,G,0,0
321,02.06.2021.,02:45:00,22,22,1,1,0,1,0,G,0,0
322,02.06.2021.,02:50:00,22,22,1,1,0,1,0,G,0,0
323,02.06.2021.,02:55:00,22,22,1,1,0,1,0,G,0,0
324,02.06.2021.,03:00:00,22,22,1,0,0,1,0,G,0,0
325,02.06.2021.,03:05:00,22,22,1,0,0,1,0,G,0,0
326,02.06.2021.,03:10:00,22,22,1,0,0,1,0,G,0,0
327,02.06.2021.,03:15:00,22,22,1,0,0,1,0,G,0,0
328,02.06.2021.,03:20:00,22,22,1,0,0,1,0,G,0,0
329,02.06.2021.,03:25:00,22,22,1,0,0,1,0,G,0,0
330,02.06.2021.,03:30:00,22,22,1,0,0,1,0,G,0,0
331,02.06.2021.,03:35:00,22,22,1,0,0,1,0,G,0,0
332,02.06.2021.,03:40:00,22,22,1,0,0,1,0,G,0,0
333,02.06.2021.,03:45:00,22,22,1,0,0,1,0,G,0,0
334,02.06.2021.,03:50:00,22,22,1,0,0,1,0,G,0,0
335,02.06.2021.,03:55:00,22,22,1,0,0,1,0,G,0,0
336,02.06.2021.,04:00:00,22,22,1,0,0,1,0,G,0,0
337,02.06.2021.,04:05:00,22,22,1,0,0,1,0,G,0,0
338,02.06.2021.,04:10:00,22,22,1,1,0,1,0,G,0,0
339,02.06.2021.,04:15:00,22,22,1,1,0,1,0,G,0,0
340,02.06.2021.,04:20:00,22,22,1,1,0,1,0,G,0,0
341,02.06.2021.,04:25:00,22,22,1,1,0,1,0,G,0,0
342,02.06.2021.,04:30:00,22,22,1,1,0,1,0,G,0,0
343,02.06.2021.,04:35:00,22,22,1,0,0,1,0,G,0,0
344,02.06.2021.,04:40:00,22,22,1,0,0,1,0,G,0,0
345,02.06.2021.,04:45:00,22,22,1,0,0,1,0,G,0,0
346,02.06.2021.,04:50:00,22,22,1,0,0,1,0,G,0,0
347,02.06.2021.,04:55:00,22,22,1,0,0,1,0,G,0,0
348,02.06.2021.,05:00:00,22,22,1,0,0,1,0,G,0,0
349,02.06.2021.,05:05:00,22,22,1,0,0,1,0,G,0,0
350,02.06.2021.,05:10:00,22,22,1,0,0,1,0,G,0,0
351,02.06.2021.,05:15:00,22,22,1,0,0,1,0,G,0,0
352,02.06.2021.,05:20:00,22,22,1,0,0,1,0,G,0,0
353,02.06.2021.,05:25:00,22,22,1,0,0,1,0,G,0,0
354,02.06.2021.,05:30:00,22,22,1,0,0,1,0,G,0,0
355,02.06.2021.,05:35:00,22,22,1,0,0,1,0,G,0,0
356,02.06.2021.,05:40:00,22,22,1,0,0,1,0,G,0,0
357,02.06.2021.,05:45:00,22,22,1,0,0,1,0,G,0,0
358,02.06.2021.,05:50:00,22,22,1,0,0,1,0,G,0,0
359,02.06.2021.,05:55:00,22,22,1,1,0,1,0,G,0,0
360,02.06.2021.,06:00:00,22,22,1,1,0,1,0,G,0,0
361,02.06.2021.,06:05:00,22,22,1,1,0,1,0,G,0,0
362,02.06.2021.,06:10:00,22,22,1,1,0,1,0,G,0,0
363,02.06.2021.,06:15:00,22,22,1,1,0,1,0,G,0,0
364,02.06.2021.,06:20:00,22,22,1,1,0,1,0,G,0,0
365,02.06.2021.,06:25:00,22,22,1,0,0,1,0,G,0,0
366,02.06.2021.,06:30:00,22,22,1,0,0,1,0,G,0,0
367,02.06.2021.,06:35:00,22,22,1,0,0,1,0,G,0,0
368,02.06.2021.,06:40:00,22,22,1,0,0,1,0,G,0,0
369,02.06.2021.,06:45:00,22,22,1,0,0,1,0,G,0,0
370,02.06.2021.,06:50:00,22,22,1,0,0,1,0,G,0,0
371,02.06.2021.,06:55:00,22,22,1,0,0,1,0,G,0,0
372,02.06.2021.,07:00:00,22,22,1,0,0,1,0,G,0,0
373,02.06.2021.,07:05:00,22,22,1,0,0,1,0,G,0,0
374,02.06.2021.,07:10:00,22,22,1,0,0,1,0,G,0,0
375,02.06.2021.,07:15:00,22,22,1,0,0,1,0,G,0,0
376,02.06.2021.,07:20:00,22,22,1,0,0,1,0,G,0,0
377,02.06.2021.,07:25:00,22,22,1,0,0,1,0,G,0,0
378,02.06.2021.,07:30:00,22,22,1,0,0,1,0,G,0,0
379,02.06.2021.,07:35:00,22,22,1,0,0,1,0,G,0,0
380,02.06.2021.,07:40:00,22,22,1,1,0,1,0,G,0,0
381,02.06.2021.,07:45:00,22,22,1,1,0,1,0,G,0,0
382,02.06.2021.,07:50:00,22,22,1,1,0,1,0,G,0,0
383,02.06.2021.,07:55:00,22,22,1,1,0,1,0,G,0,0
384,02.06.2021.,08:00:00,22,22,1,1,0,0,0,G,0,0
385,02.06.2021.,08:05:00,22,22,1,1,0,0,0,G,0,0
386,02.06.2021.,08:10:00,22,22,1,1,0,0,0,G,0,0
387,02.06.2021.,08:15:00,22,22,1,1,0,1,0,G,0,0
388,02.06.2021.,08:20:00,22,22,1,1,0,1,0,G,0,0
389,02.06.2021.,08:25:00,22,22,1,1,0,1,0,G,0,0
390,02.06.2021.,08:30:00,22,22,1,1,0,1,0,G,0,0
391,02.06.2021.,08:35:00,22,22,1,1,0,1,0,G,0,0
392,02.06.2021.,08:40:00,22,22,1,1,0,1,0,G,0,0
393,02.06.2021.,08:45:00,22,22,1,1,0,1,0,G,0,0
394,02.06.2021.,08:50:00,22,22,1,1,0,1,0,G,0,0
395,02.06.2021.,08:55:00,22,22,1,1,0,1,0,G,0,0
396,02.06.2021.,09:00:00,22,22,1,1,0,1,0,G,0,0
397,02.06.2021.,09:05:00,22,22,1,1,0,1,0,G,0,0
398,02.06.2021.,09:10:00,22,22,1,1,0,1,0,G,0,0
399,02.06.2021.,09:15:00,22,23,1,1,0,1,0,G,0,0
400,02.06.2021.,09:20:00,22,23,1,1,0,1,0,G,0,0
401,02.06.2021.,09:25:00,22,23,1,1,0,1,0,G,0,0
402,02.06.2021.,09:30:00,22,23,1,1,0,1,0,G,0,0
403,02.06.2021.,09:35:00,22,23,1,1,0,0,0,G,0,0
404,02.06.2021.,09:40:00,22,23,1,1,0,0,0,G,0,0
405,02.06.2021.,09:45:00,22,23,1,1,0,0,0,G,0,0
406,02.06.2021.,09:50:00,22,23,1,1,0,0,0,G,0,0
407,02.06.2021.,09:55:00,22,23,1,1,0,0,0,G,0,0
408,02.06.2021.,10:00:00,22,23,1,1,0,0,0,G,0,0
409,02.06.2021.,10:05:00,22,23,1,1,0,0,0,G,0,0
410,02.06.2021.,10:10:00,22,23,1,1,0,0,0,G,0,0
411,02.06.2021.,10:15:00,22,23,1,1,0,0,0,G,0,0
412,02.06.2021.,10:20:00,22,23,1,1,0,0,0,G,0,0
413,02.06.2021.,10:25:00,22,23,1,1,0,0,0,G,0,0
414,02.06.2021.,10:30:00,22,23,1,1,0,0,0,G,0,0
415,02.06.2021.,10:35:00,22,23,1,1,0,0,0,G,0,0
416,02.06.2021.,10:40:00,22,23,1,1,0,0,0,G,0,0
417,02.06.2021.,10:45:00,22,23,1,1,0,0,0,G,0,0
418,02.06.2021.,10:50:00,22,23,1,1,0,0,0,G,0,0
419,02.06.2021.,10:55:00,22,23,1,1,0,0,0,G,0,0
420,02.06.2021.,11:00:00,22,23,1,1,0,0,0,G,0,0
421,02.06.2021.,11:05:00,22,23,1,1,0,0,0,G,0,0
422,02.06.2021.,11:10:00,22,23,1,1,0,0,0,G,0,0
423,02.06.2021.,11:15:00,22,23,1,1,0,0,0,G,0,0
424,02.06.2021.,11:20:00,22,23,1,1,0,0,0,G,0,0
425,02.06.2021.,11:25:00,22,23,1,1,0,0,0,G,0,0
426,02.06.2021.,11:30:00,22,23,1,1,0,0,0,G,0,0
427,02.06.2021.,11:35:00,22,23,1,1,0,0,0,G,0,0
428,02.06.2021.,11:40:00,22,23,1,1,0,0,0,G,0,0
429,02.06.2021.,11:45:00,22,23,1,1,0,0,0,G,0,0
430,02.06.2021.,11:50:00,22,23,1,1,0,0,0,G,0,0
431,02.06.2021.,11:55:00,22,23,1,1,0,0,0,G,0,0
432,02.06.2021.,12:00:00,22,23,1,1,0,0,0,G,0,0
433,02.06.2021.,12:05:00,22,23,1,1,0,0,0,G,0,0
434,02.06.2021.,12:10:00,22,23,1,1,0,0,0,G,0,0
435,02.06.2021.,12:15:00,22,23,1,1,0,0,0,G,0,0
436,02.06.2021.,12:20:00,22,23,1,1,0,0,0,G,0,0
437,02.06.2021.,12:25:00,22,23,1,1,0,0,0,G,0,0
438,02.06.2021.,12:30:00,22,23,1,1,0,0,0,G,0,0
439,02.06.2021.,12:35:00,22,23,1,1,0,0,0,G,0,0
440,02.06.2021.,12:40:00,22,23,1,1,0,0,0,G,0,0
441,02.06.2021.,12:45:00,22,23,1,1,0,0,0,G,0,0
442,02.06.2021.,12:50:00,22,23,1,1,0,0,0,G,0,0
443,02.06.2021.,12:55:00,22,23,1,1,0,0,0,G,0,0
444,02.06.2021.,13:00:00,22,23,1,1,0,0,0,G,0,0
445,02.06.2021.,13:05:00,22,23,1,1,0,0,0,G,0,0
446,02.06.2021.,13:10:00,22,23,1,1,0,0,0,G,0,0
447,02.06.2021.,13:15:00,22,23,1,1,0,0,0,G,0,0
448,02.06.2021.,13:20:00,22,23,1,1,0,0,0,G,0,0
449,02.06.2021.,13:25:00,22,23,1,1,0,0,0,G,0,0
450,02.06.2021.,13:30:00,22,23,1,1,0,0,0,G,0,0
451,02.06.2021.,13:35:00,22,23,1,1,0,0,0,G,0,0
452,02.06.2021.,13:40:00,22,23,1,1,0,0,0,G,0,0
453,02.06.2021.,13:45:00,22,23,1,1,0,0,0,G,0,0
454,02.06.2021.,13:50:00,22,23,1,1,0,1,0,G,0,0
455,02.06.2021.,13:55:00,22,23,1,1,0,1,0,G,0,0
456,02.06.2021.,14:00:00,22,23,1,1,0,1,0,G,0,0
457,02.06.2021.,14:05:00,22,23,1,1,0,0,0,G,0,0
458,02.06.2021.,14:10:00,22,23,1,1,0,0,0,G,0,0
459,02.06.2021.,14:15:00,22,23,1,1,0,0,0,G,0,0
460,02.06.2021.,14:20:00,22,23,1,1,0,0,0,G,0,0
461,02.06.2021.,14:25:00,22,23,1,1,0,0,0,G,0,0
462,02.06.2021.,14:30:00,22,23,1,1,0,0,0,G,0,0
463,02.06.2021.,14:35:00,22,23,1,1,0,0,0,G,0,0
464,02.06.2021.,14:40:00,22,23,1,1,0,0,0,G,0,0
465,02.06.2021.,14:45:00,22,23,1,1,0,0,0,G,0,0
466,02.06.2021.,14:50:00,22,23,1,1,0,0,0,G,0,0
467,02.06.2021.,14:55:00,22,23,1,1,0,0,0,G,0,0
468,02.06.2021.,15:00:00,22,23,1,1,0,0,0,G,0,0
469,02.06.2021.,15:05:00,22,23,1,1,0,0,0,G,0,0
470,02.06.2021.,15:10:00,22,23,1,1,0,0,0,G,0,0
471,02.06.2021.,15:15:00,22,23,1,1,0,0,0,G,0,0
472,02.06.2021.,15:20:00,22,23,1,1,0,0,0,G,0,0
473,02.06.2021.,15:25:00,22,23,1,1,0,0,0,G,0,0
474,02.06.2021.,15:30:00,22,23,1,1,0,0,0,G,0,0
475,02.06.2021.,15:35:00,22,23,1,1,0,0,0,G,0,0
476,02.06.2021.,15:40:00,22,23,1,1,0,0,0,G,0,0
477,02.06.2021.,15:45:00,22,23,1,1,0,0,0,G,0,0
478,02.06.2021.,15:50:00,22,23,1,1,0,0,0,G,0,0
479,02.06.2021.,15:55:00,22,22,1,1,0,0,0,G,0,0
480,02.06.2021.,16:00:00,22,22,1,1,0,0,0,G,0,0
481,02.06.2021.,16:05:00,22,22,1,1,0,0,0,G,0,0
482,02.06.2021.,16:10:00,22,22,1,1,0,0,0,G,0,0
483,02.06.2021.,16:15:00,22,22,1,1,0,0,0,G,0,0
484,02.06.2021.,16:20:00,22,22,1,1,0,0,0,G,0,0
485,02.06.2021.,16:25:00,22,22,1,1,0,0,0,G,0,0
486,02.06.2021.,16:30:00,22,22,1,1,0,0,0,G,0,0
487,02.06.2021.,16:35:00,22,22,1,1,0,0,0,G,0,0
488,02.06.2021.,16:40:00,22,22,1,1,0,0,0,G,0,0
489,02.06.2021.,16:45:00,22,22,1,1,0,0,0,G,0,0
490,02.06.2021.,16:50:00,22,22,1,1,0,0,0,G,0,0
491,02.06.2021.,16:55:00,22,22,1,1,0,0,0,G,0,0
492,02.06.2021.,17:00:00,22,22,1,0,0,0,0,G,0,0
493,02.06.2021.,17:05:00,22,22,1,0,0,0,0,G,0,0
494,02.06.2021.,17:10:00,22,22,1,0,0,0,0,G,0,0
495,02.06.2021.,17:15:00,22,22,1,0,0,0,0,G,0,0
496,02.06.2021.,17:20:00,22,22,1,0,0,0,0,G,0,0
497,02.06.2021.,17:25:00,22,22,1,0,0,0,0,G,0,0
498,02.06.2021.,17:30:00,22,22,1,0,0,0,0,G,0,0
499,02.06.2021.,17:35:00,22,22,1,0,0,0,0,G,0,0
500,02.06.2021.,17:40:00,22,22,1,1,0,0,0,G,0,0
501,02.06.2021.,17:45:00,22,22,1,1,0,0,0,G,0,0
502,02.06.2021.,17:50:00,22,22,1,1,0,0,0,G,0,0
503,02.06.2021.,17:55:00,22,22,1,1,0,0,0,G,0,0
504,02.06.2021.,18:00:00,22,22,1,1,0,0,0,G,0,0
505,02.06.2021.,18:05:00,22,22,1,1,0,0,0,G,0,0
506,02.06.2021.,18:10:00,22,22,1,1,0,0,0,G,0,0
507,02.06.2021.,18:15:00,22,22,1,1,0,0,0,G,0,0
508,02.06.2021.,18:20:00,22,22,1,1,0,0,0,G,0,0
509,02.06.2021.,18:25:00,22,22,1,1,0,0,0,G,0,0
510,02.06.2021.,18:30:00,22,22,1,1,0,0,0,G,0,0
511,02.06.2021.,18:35:00,22,22,1,0,0,0,0,G,0,0
512,02.06.2021.,18:40:00,22,22,1,0,0,0,0,G,0,0
513,02.06.2021.,18:45:00,22,22,1,0,0,0,0,G,0,0
514,02.06.2021.,18:50:00,22,22,1,0,0,0,0,G,0,0
515,02.06.2021.,18:55:00,22,22,1,0,0,0,0,G,0,0
516,02.06.2021.,19:00:00,22,22,1,0,0,0,0,G,0,0
517,02.06.2021.,19:05:00,22,22,1,1,0,1,0,G,0,0
518,02.06.2021.,19:10:00,22,22,1,1,0,1,0,G,0,0
519,02.06.2021.,19:15:00,22,22,1,1,0,1,0,G,0,0
520,02.06.2021.,19:20:00,22,22,1,1,0,1,0,G,0,0
521,02.06.2021.,19:25:00,22,22,1,1,0,1,0,G,0,0
522,02.06.2021.,19:30:00,22,22,1,1,0,0,0,G,0,0
523,02.06.2021.,19:35:00,22,22,1,1,0,0,0,G,0,0
524,02.06.2021.,19:40:00,22,22,1,1,0,0,0,G,0,0
525,02.06.2021.,19:45:00,22,22,1,1,0,0,0,G,0,0
526,02.06.2021.,19:50:00,22,22,1,1,0,0,0,G,0,0
527,02.06.2021.,19:55:00,22,22,1,1,0,0,0,G,0,0
528,02.06.2021.,20:00:00,22,22,1,1,0,0,0,G,0,0
529,02.06.2021.,20:05:00,22,22,1,1,0,0,0,G,0,0
530,02.06.2021.,20:10:00,22,22,1,0,0,0,0,G,0,0
531,02.06.2021.,20:15:00,22,22,1,0,0,0,0,G,0,0
532,02.06.2021.,20:20:00,22,22,1,0,0,0,0,G,0,0
533,02.06.2021.,20:25:00,22,22,1,0,0,0,0,G,0,0
534,02.06.2021.,20:30:00,22,22,1,0,0,0,0,G,0,0
535,02.06.2021.,20:35:00,22,22,1,0,0,0,0,G,0,0
536,02.06.2021.,20:40:00,22,22,1,0,0,0,0,G,0,0
537,02.06.2021.,20:45:00,22,22,1,0,0,0,0,G,0,0
538,02.06.2021.,20:50:00,22,22,1,0,0,0,0,G,0,0
539,02.06.2021.,20:55:00,22,22,1,0,0,0,0,G,0,0
540,02.06.2021.,21:00:00,22,22,1,1,0,0,0,G,0,0
541,02.06.2021.,21:05:00,22,22,1,1,0,0,0,G,0,0
542,02.06.2021.,21:10:00,22,22,1,1,0,0,0,G,0,0
543,02.06.2021.,21:15:00,22,22,1,1,0,0,0,G,0,0
544,02.06.2021.,21:20:00,22,22,1,1,0,0,0,G,0,0
545,02.06.2021.,21:25:00,22,22,1,1,0,0,0,G,0,0
546,02.06.2021.,21:30:00,22,22,1,1,0,0,0,G,0,0
547,02.06.2021.,21:35:00,22,22,1,1,0,0,0,G,0,0
548,02.06.2021.,21:40:00,22,22,1,0,0,0,0,G,0,0
549,02.06.2021.,21:45:00,22,22,1,0,0,0,0,G,0,0
550,02.06.2021.,21:50:00,22,22,1,0,0,0,0,G,0,0
551,02.06.2021.,21:55:00,22,22,1,0,0,0,0,G,0,0
552,02.06.2021.,22:00:00,22,22,1,0,0,0,0,G,0,0
553,02.06.2021.,22:05:00,22,22,1,0,0,0,0,G,0,0
554,02.06.2021.,22:10:00,22,22,1,0,0,0,0,G,0,0
555,02.06.2021.,22:15:00,22,22,1,0,0,0,0,G,0,0
556,02.06.2021.,22:20:00,22,22,1,0,0,0,0,G,0,0
557,02.06.2021.,22:25:00,22,22,1,0,0,0,0,G,0,0
558,02.06.2021.,22:30:00,22,22,1,0,0,0,0,G,0,0
559,02.06.2021.,22:35:00,22,22,1,0,0,0,0,G,0,0
560,02.06.2021.,22:40:00,22,22,1,0,0,0,0,G,0,0
561,02.06.2021.,22:45:00,22,22,1,0,0,0,0,G,0,0
562,02.06.2021.,22:50:00,22,22,1,1,0,0,0,G,0,0
563,02.06.2021.,22:55:00,22,22,1,1,0,0,0,G,0,0
564,02.06.2021.,23:00:00,22,22,1,1,0,0,0,G,0,0
565,02.06.2021.,23:05:00,22,22,1,1,0,0,0,G,0,0
566,02.06.2021.,23:10:00,22,22,1,1,0,0,0,G,0,0
567,02.06.2021.,23:15:00,22,22,1,1,0,0,0,G,0,0
568,02.06.2021.,23:20:00,22,22,1,0,0,0,0,G,0,0
569,02.06.2021.,23:25:00,22,22,1,0,0,0,0,G,0,0
570,02.06.2021.,23:30:00,22,22,1,0,0,0,0,G,0,0
571,02.06.2021.,23:35:00,22,22,1,0,0,0,0,G,0,0
572,02.06.2021.,23:40:00,22,22,1,0,0,0,0,G,0,0
573,02.06.2021.,23:45:00,22,22,1,0,0,1,0,G,0,0
574,02.06.2021.,23:50:00,22,22,1,0,0,1,0,G,0,0
575,02.06.2021.,23:55:00,22,22,1,0,0,1,0,G,0,0
576,03.06.2021.,00:00:00,22,22,1,0,0,1,0,G,0,0
577,03.06.2021.,00:05:00,22,22,1,0,0,1,0,G,0,0
578,03.06.2021.,00:10:00,22,22,1,1,0,1,0,G,0,0
579,03.06.2021.,00:15:00,22,22,1,1,0,1,0,G,0,0
580,03.06.2021.,00:20:00,22,22,1,1,0,1,0,G,0,0
581,03.06.2021.,00:25:00,22,22,1,1,0,1,0,G,0,0
582,03.06.2021.,00:30:00,22,22,1,1,0,1,0,G,0,0
583,03.06.2021.,00:35:00,22,22,1,1,0,1,0,G,0,0
584,03.06.2021.,00:40:00,22,22,1,0,0,1,0,G,0,0
585,03.06.2021.,00:45:00,22,22,1,0,0,1,0,G,0,0
586,03.06.2021.,00:50:00,22,22,1,0,0,1,0,G,0,0
587,03.06.2021.,00:55:00,22,22,1,0,0,1,0,G,0,0
588,03.06.2021.,01:00:00,22,22,1,0,0,1,0,G,0,0
589,03.06.2021.,01:05:00,22,22,1,0,0,1,0,G,0,0
590,03.06.2021.,01:10:00,22,22,1,0,0,1,0,G,0,0
591,03.06.2021.,01:15:00,22,22,1,0,0,1,0,G,0,0
592,03.06.2021.,01:20:00,22,22,1,0,0,1,0,G,0,0
593,03.06.2021.,01:25:00,22,22,1,0,0,1,0,G,0,0
594,03.06.2021.,01:30:00,22,22,1,0,0,1,0,G,0,0
595,03.06.2021.,01:35:00,22,22,1,1,0,1,0,G,0,0
596,03.06.2021.,01:40:00,22,22,1,1,0,1,0,G,0,0
597,03.06.2021.,01:45:00,22,22,1,1,0,1,0,G,0,0
598,03.06.2021.,01:50:00,22,22,1,1,0,1,0,G,0,0
599,03.06.2021.,01:55:00,22,22,1,1,0,1,0,G,0,0
600,03.06.2021.,02:00:00,22,22,1,1,0,1,0,G,0,0
601,03.06.2021.,02:05:00,22,22,1,0,0,1,0,G,0,0
602,03.06.2021.,02:10:00,22,22,1,0,0,1,0,G,0,0
603,03.06.2021.,02:15:00,22,22,1,0,0,1,0,G,0,0
604,03.06.2021.,02:20:00,22,22,1,0,0,1,0,G,0,0
605,03.06.2021.,02:25:00,22,22,1,0,0,1,0,G,0,0
606,03.06.2021.,02:30:00,22,22,1,0,0,1,0,G,0,0
607,03.06.2021.,02:35:00,22,22,1,0,0,1,0,G,0,0
608,03.06.2021.,02:40:00,22,22,1,0,0,1,0,G,0,0
609,03.06.2021.,02:45:00,22,22,1,0,0,1,0,G,0,0
610,03.06.2021.,02:50:00,22,22,1,1,0,1,0,G,0,0
611,03.06.2021.,02:55:00,22,22,1,1,0,1,0,G,0,0
612,03.06.2021.,03:00:00,22,22,1,1,0,1,0,G,0,0
613,03.06.2021.,03:05:00,22,22,1,1,0,1,0,G,0,0
614,03.06.2021.,03:10:00,22,22,1,1,0,1,0,G,0,0
615,03.06.2021.,03:15:00,22,22,1,1,0,1,0,G,0,0
616,03.06.2021.,03:20:00,22,22,1,0,0,1,0,G,0,0
617,03.06.2021.,03:25:00,22,22,1,0,0,1,0,G,0,0
618,03.06.2021.,03:30:00,22,22,1,0,0,1,0,G,0,0
619,03.06.2021.,03:35:00,22,22,1,0,0,1,0,G,0,0
620,03.06.2021.,03:40:00,22,22,1,0,0,1,0,G,0,0
621,03.06.2021.,03:45:00,22,22,1,0,0,1,0,G,0,0
622,03.06.2021.,03:50:00,22,22,1,0,0,1,0,G,0,0
623,03.06.2021.,03:55:00,22,22,1,0,0,1,0,G,0,0
624,03.06.2021.,04:00:00,22,22,1,0,0,1,0,G,0,0
625,03.06.2021.,04:05:00,22,22,1,1,0,1,0,G,0,0
626,03.06.2021.,04:10:00,22,22,1,1,0,1,0,G,0,0
627,03.06.2021.,04:15:00,22,22,1,1,0,1,0,G,0,0
628,03.06.2021.,04:20:00,22,22,1,1,0,1,0,G,0,0
629,03.06.2021.,04:25:00,22,22,1,1,0,1,0,G,0,0
630,03.06.2021.,04:30:00,22,22,1,1,0,1,0,G,0,0
631,03.06.2021.,04:35:00,22,22,1,1,0,1,0,G,0,0
632,03.06.2021.,04:40:00,22,22,1,0,0,1,0,G,0,0
633,03.06.2021.,04:45:00,22,22,1,0,0,1,0,G,0,0
634,03.06.2021.,04:50:00,22,22,1,0,0,1,0,G,0,0
635,03.06.2021.,04:55:00,22,22,1,0,0,1,0,G,0,0
636,03.06.2021.,05:00:00,22,22,1,0,0,1,0,G,0,0
637,03.06.2021.,05:05:00,22,22,1,0,0,1,0,G,0,0
638,03.06.2021.,05:10:00,22,22,1,0,0,1,0,G,0,0
639,03.06.2021.,05:15:00,22,22,1,0,0,1,0,G,0,0
640,03.06.2021.,05:20:00,22,22,1,0,0,1,0,G,0,0
641,03.06.2021.,05:25:00,22,22,1,1,0,1,0,G,0,0
642,03.06.2021.,05:30:00,22,22,1,1,0,1,0,G,0,0
643,03.06.2021.,05:35:00,22,22,1,1,0,1,0,G,0,0
644,03.06.2021.,05:40:00,22,22,1,1,0,1,0,G,0,0
645,03.06.2021.,05:45:00,22,22,1,1,0,1,0,G,0,0
646,03.06.2021.,05:50:00,22,22,1,1,0,1,0,G,0,0
647,03.06.2021.,05:55:00,22,22,1,0,0,1,0,G,0,0
648,03.06.2021.,06:00:00,22,22,1,0,0,1,0,G,0,0
649,03.06.2021.,06:05:00,22,22,1,0,0,1,0,G,0,0
650,03.06.2021.,06:10:00,22,22,1,0,0,1,0,G,0,0
651,03.06.2021.,06:15:00,22,22,1,0,0,1,0,G,0,0
652,03.06.2021.,06:20:00,22,22,1,0,0,1,0,G,0,0
653,03.06.2021.,06:25:00,22,22,1,0,0,1,0,G,0,0
654,03.06.2021.,06:30:00,22,22,1,0,0,1,0,G,0,0
655,03.06.2021.,06:35:00,22,22,1,0,0,1,0,G,0,0
656,03.06.2021.,06:40:00,22,22,1,0,0,1,0,G,0,0
657,03.06.2021.,06:45:00,22,22,1,0,0,1,0,G,0,0
658,03.06.2021.,06:50:00,22,22,1,0,0,1,0,G,0,0
659,03.06.2021.,06:55:00,22,22,1,0,0,1,0,G,0,0
660,03.06.2021.,07:00:00,22,22,1,0,0,1,0,G,0,0
661,03.06.2021.,07:05:00,22,22,1,1,0,1,0,G,0,0
662,03.06.2021.,07:10:00,22,22,1,1,0,1,0,G,0,0
663,03.06.2021.,07:15:00,22,22,1,1,0,1,0,G,0,0
664,03.06.2021.,07:20:00,22,22,1,1,0,1,0,G,0,0
665,03.06.2021.,07:25:00,22,22,1,1,0,1,0,G,0,0
666,03.06.2021.,07:30:00,22,22,1,1,0,1,0,G,0,0
667,03.06.2021.,07:35:00,22,22,1,1,0,1,0,G,0,0
668,03.06.2021.,07:40:00,22,22,1,0,0,1,0,G,0,0
669,03.06.2021.,07:45:00,22,22,1,0,0,1,0,G,0,0
670,03.06.2021.,07:50:00,22,22,1,0,0,1,0,G,0,0
671,03.06.2021.,07:55:00,22,22,1,0,0,1,0,G,0,0
672,03.06.2021.,08:00:00,22,22,1,0,0,1,0,G,0,0
673,03.06.2021.,08:05:00,22,22,1,1,0,1,0,G,0,0
674,03.06.2021.,08:10:00,22,22,1,1,0,1,0,G,0,0
675,03.06.2021.,08:15:00,22,22,1,1,0,1,0,G,0,0
676,03.06.2021.,08:20:00,22,22,1,1,0,1,0,G,0,0
677,03.06.2021.,08:25:00,22,22,1,1,0,1,0,G,0,0
678,03.06.2021.,08:30:00,22,22,1,1,0,1,0,G,0,0
679,03.06.2021.,08:35:00,22,22,1,1,0,1,0,G,0,0
680,03.06.2021.,08:40:00,22,22,1,1,0,1,0,G,0,0
681,03.06.2021.,08:45:00,22,22,1,1,0,1,0,G,0,0
682,03.06.2021.,08:50:00,22,22,1,1,0,1,0,G,0,0
683,03.06.2021.,08:55:00,22,22,1,1,0,0,0,G,0,0
684,03.06.2021.,09:00:00,22,23,1,1,0,0,0,G,0,0
685,03.06.2021.,09:05:00,22,23,1,1,0,0,0,G,0,0
686,03.06.2021.,09:10:00,22,23,1,1,0,0,0,G,0,0
687,03.06.2021.,09:15:00,22,23,1,1,0,0,0,G,0,0
688,03.06.2021.,09:20:00,22,23,1,1,0,0,0,G,0,0
689,03.06.2021.,09:25:00,22,23,1,1,0,0,0,G,0,0
690,03.06.2021.,09:30:00,22,23,1,1,0,0,0,G,0,0
691,03.06.2021.,09:35:00,22,23,1,1,0,0,0,G,0,0
692,03.06.2021.,09:40:00,22,23,1,1,0,0,0,G,0,0
693,03.06.2021.,09:45:00,22,23,1,1,0,0,0,G,0,0
694,03.06.2021.,09:50:00,22,23,1,1,0,0,0,G,0,0
695,03.06.2021.,09:55:00,22,23,1,1,0,0,0,G,0,0
696,03.06.2021.,10:00:00,22,23,1,1,0,1,0,G,0,0
697,03.06.2021.,10:05:00,22,23,1,1,0,1,0,G,0,0
698,03.06.2021.,10:10:00,22,23,1,1,0,1,0,G,0,0
699,03.06.2021.,10:15:00,22,23,1,1,0,1,0,G,0,0
700,03.06.2021.,10:20:00,22,23,1,1,0,1,0,G,0,0
701,03.06.2021.,10:25:00,22,23,1,1,0,1,0,G,0,0
702,03.06.2021.,10:30:00,22,23,1,1,0,1,0,G,0,0
703,03.06.2021.,10:35:00,22,23,1,1,0,1,0,G,0,0
704,03.06.2021.,10:40:00,22,23,1,1,0,1,0,G,0,0
705,03.06.2021.,10:45:00,22,23,1,1,0,1,0,G,0,0
706,03.06.2021.,10:50:00,22,23,1,1,0,1,0,G,0,0
707,03.06.2021.,10:55:00,22,23,1,1,0,1,0,G,0,0
708,03.06.2021.,11:00:00,22,23,1,1,0,1,0,G,0,0
709,03.06.2021.,11:05:00,22,23,1,1,0,0,0,G,0,0
710,03.06.2021.,11:10:00,22,23,1,1,0,1,0,G,0,0
711,03.06.2021.,11:15:00,22,23,1,1,0,0,0,G,0,0
712,03.06.2021.,11:20:00,22,23,1,1,0,0,0,G,0,0
713,03.06.2021.,11:25:00,22,23,1,1,0,0,0,G,0,0
714,03.06.2021.,11:30:00,22,23,1,1,0,0,0,G,0,0
715,03.06.2021.,11:35:00,22,23,1,1,0,0,0,G,0,0
716,03.06.2021.,11:40:00,22,23,1,1,0,0,0,G,0,0
717,03.06.2021.,11:45:00,22,23,1,1,0,0,0,G,0,0
718,03.06.2021.,11:50:00,22,23,1,1,0,0,0,G,0,0
719,03.06.2021.,11:55:00,22,23,1,1,0,0,0,G,0,0
720,03.06.2021.,12:00:00,22,23,1,1,0,0,0,G,0,0
721,03.06.2021.,12:05:00,22,23,1,1,0,0,0,G,0,0
722,03.06.2021.,12:10:00,22,23,1,1,0,0,0,G,0,0
723,03.06.2021.,12:15:00,22,23,1,1,0,0,0,G,0,0
724,03.06.2021.,12:20:00,22,23,1,0,0,1,1,G,0,0
725,03.06.2021.,12:25:00,22,23,1,0,0,1,1,G,0,0
726,03.06.2021.,12:30:00,22,23,1,0,0,1,1,G,0,0
727,03.06.2021.,12:35:00,22,23,1,0,0,0,1,G,0,0
728,03.06.2021.,12:40:00,22,23,1,0,0,0,1,G,0,0
729,03.06.2021.,12:45:00,22,23,1,0,0,1,1,G,0,0
730,03.06.2021.,12:50:00,22,23,1,0,0,1,1,G,0,0
731,03.06.2021.,12:55:00,22,23,1,0,0,1,1,G,0,0
732,03.06.2021.,13:00:00,22,23,1,0,0,1,1,G,0,0
733,03.06.2021.,13:05:00,22,24,1,2,0,0,0,G,0,0
734,03.06.2021.,13:10:00,22,24,1,2,0,0,0,G,0,0
735,03.06.2021.,13:15:00,22,24,1,2,0,0,0,G,0,0
736,03.06.2021.,13:20:00,22,24,1,2,0,1,0,G,0,0
737,03.06.2021.,13:25:00,22,24,1,2,0,1,0,G,0,0
738,03.06.2021.,13:30:00,22,24,1,2,0,1,0,G,0,0
739,03.06.2021.,13:35:00,22,24,1,2,0,1,0,G,0,0
740,03.06.2021.,13:40:00,22,24,1,2,0,1,0,G,0,0
741,03.06.2021.,13:45:00,22,23,1,2,0,0,0,G,0,0
742,03.06.2021.,13:50:00,22,23,1,2,0,0,0,G,0,0
743,03.06.2021.,13:55:00,22,23,1,2,0,0,0,G,0,0
744,03.06.2021.,14:00:00,22,23,1,2,0,0,0,G,0,0
745,03.06.2021.,14:05:00,22,23,1,2,0,0,0,G,0,0
746,03.06.2021.,14:10:00,22,23,1,2,0,0,0,G,0,0
747,03.06.2021.,14:15:00,22,23,1,1,0,0,0,G,0,0
748,03.06.2021.,14:20:00,22,23,1,1,0,0,0,G,0,0
749,03.06.2021.,14:25:00,22,23,1,1,0,0,0,G,0,0
750,03.06.2021.,14:30:00,22,23,1,1,0,0,0,G,0,0
751,03.06.2021.,14:35:00,22,23,1,1,0,0,0,G,0,0
752,03.06.2021.,14:40:00,22,23,1,1,0,0,0,G,0,0
753,03.06.2021.,14:45:00,22,23,1,1,0,0,0,G,0,0
754,03.06.2021.,14:50:00,22,23,1,1,0,0,0,G,0,0
755,03.06.2021.,14:55:00,22,23,1,1,0,0,0,G,0,0
756,03.06.2021.,15:00:00,22,23,1,1,0,0,0,G,0,0
757,03.06.2021.,15:05:00,22,23,1,1,0,0,0,G,0,0
758,03.06.2021.,15:10:00,22,23,1,1,0,0,0,G,0,0
759,03.06.2021.,15:15:00,22,23,1,1,0,0,0,G,0,0
760,03.06.2021.,15:20:00,22,23,1,1,0,0,0,G,0,0
761,03.06.2021.,15:25:00,22,23,1,1,0,0,0,G,0,0
762,03.06.2021.,15:30:00,22,23,1,1,0,0,0,G,0,0
763,03.06.2021.,15:35:00,22,23,1,1,0,0,0,G,0,0
764,03.06.2021.,15:40:00,22,23,1,1,0,0,0,G,0,0
765,03.06.2021.,15:45:00,22,23,1,1,0,0,0,G,0,0
766,03.06.2021.,15:50:00,22,23,1,1,0,0,0,G,0,0
767,03.06.2021.,15:55:00,22,23,1,1,0,0,0,G,0,0
768,03.06.2021.,16:00:00,22,23,1,1,0,0,0,G,0,0
769,03.06.2021.,16:05:00,22,23,1,1,0,0,0,G,0,0
770,03.06.2021.,16:10:00,22,23,1,1,0,0,0,G,0,0
771,03.06.2021.,16:15:00,22,23,1,1,0,0,0,G,0,0
772,03.06.2021.,16:20:00,22,23,1,3,0,0,0,G,0,0
773,03.06.2021.,16:25:00,22,23,1,3,0,0,0,G,0,0
774,03.06.2021.,16:30:00,22,23,1,3,0,0,0,G,0,0
775,03.06.2021.,16:35:00,22,23,1,3,0,0,0,G,0,0
776,03.06.2021.,16:40:00,22,23,1,3,0,0,0,G,0,0
777,03.06.2021.,16:45:00,22,23,1,3,0,0,0,G,0,0
778,03.06.2021.,16:50:00,22,23,1,3,0,0,0,G,0,0
779,03.06.2021.,16:55:00,22,23,1,3,0,0,0,G,0,0
780,03.06.2021.,17:00:00,22,22,1,3,0,0,0,G,0,0
781,03.06.2021.,17:05:00,22,22,1,3,0,0,0,G,0,0
782,03.06.2021.,17:10:00,22,22,1,3,0,0,0,G,0,0
783,03.06.2021.,17:15:00,22,22,1,3,0,0,0,G,0,0
784,03.06.2021.,17:20:00,22,22,1,3,0,0,0,G,0,0
785,03.06.2021.,17:25:00,22,22,1,3,0,0,0,G,0,0
786,03.06.2021.,17:30:00,22,22,1,0,0,0,0,G,0,0
787,03.06.2021.,17:35:00,22,22,1,0,0,0,0,G,0,0
788,03.06.2021.,17:40:00,22,22,1,0,0,0,0,G,0,0
789,03.06.2021.,17:45:00,22,22,1,0,0,0,0,G,0,0
790,03.06.2021.,17:50:00,22,22,1,0,0,0,0,G,0,0
791,03.06.2021.,17:55:00,22,22,1,0,0,0,0,G,0,0
792,03.06.2021.,18:00:00,22,22,1,0,0,0,0,G,0,0
793,03.06.2021.,18:05:00,22,22,1,3,0,0,0,G,0,0
794,03.06.2021.,18:10:00,22,22,1,3,0,0,0,G,0,0
795,03.06.2021.,18:15:00,22,22,1,3,0,0,0,G,0,0
796,03.06.2021.,18:20:00,22,22,1,3,0,0,0,G,0,0
797,03.06.2021.,18:25:00,22,22,1,3,0,0,0,G,0,0
798,03.06.2021.,18:30:00,22,22,1,3,0,0,0,G,0,0
799,03.06.2021.,18:35:00,22,22,1,0,0,0,0,G,0,0
800,03.06.2021.,18:40:00,22,22,1,0,0,0,0,G,0,0
801,03.06.2021.,18:45:00,22,22,1,0,0,0,0,G,0,0
802,03.06.2021.,18:50:00,22,22,1,0,0,0,0,G,0,0
803,03.06.2021.,18:55:00,22,22,1,0,0,0,0,G,0,0
804,03.06.2021.,19:00:00,22,22,1,0,0,0,0,G,0,0
805,03.06.2021.,19:05:00,22,22,1,3,0,0,0,G,0,0
806,03.06.2021.,19:10:00,22,22,1,3,0,0,0,G,0,0
807,03.06.2021.,19:15:00,22,22,1,3,0,0,0,G,0,0
808,03.06.2021.,19:20:00,22,22,1,3,0,0,0,G,0,0
809,03.06.2021.,19:25:00,23,22,1,0,1,0,0,G,0,0
810,03.06.2021.,19:30:00,23,22,1,0,1,0,0,G,0,0
811,03.06.2021.,19:35:00,23,22,1,0,1,0,0,G,0,0
812,03.06.2021.,19:40:00,23,22,1,0,1,0,0,G,0,0
813,03.06.2021.,19:45:00,23,22,1,0,1,0,0,G,0,0
814,03.06.2021.,19:50:00,23,22,1,0,1,0,0,G,0,0
815,03.06.2021.,19:55:00,23,23,1,0,0,0,0,G,0,0
816,03.06.2021.,20:00:00,23,23,1,0,0,0,0,G,0,0
817,03.06.2021.,20:05:00,23,23,1,0,0,0,0,G,0,0
818,03.06.2021.,20:10:00,23,23,1,0,0,0,0,G,0,0
819,03.06.2021.,20:15:00,23,23,1,0,0,0,0,G,0,0
820,03.06.2021.,20:20:00,23,23,1,0,0,0,0,G,0,0
821,03.06.2021.,20:25:00,23,23,1,0,0,0,0,G,0,0
822,03.06.2021.,20:30:00,23,23,1,0,0,0,0,G,0,0
823,03.06.2021.,20:35:00,23,23,1,0,0,0,0,G,0,0
824,03.06.2021.,20:40:00,23,23,1,0,0,0,0,G,0,0
825,03.06.2021.,20:45:00,23,23,1,0,0,0,0,G,0,0
826,03.06.2021.,20:50:00,23,23,1,0,0,0,0,G,0,0
827,03.06.2021.,20:55:00,20,23,1,1,0,0,0,G,0,0
828,03.06.2021.,21:00:00,20,23,1,1,0,0,0,G,0,0
829,03.06.2021.,21:05:00,20,23,1,1,0,0,0,G,0,0
830,03.06.2021.,21:10:00,20,23,1,1,0,0,0,G,0,0
831,03.06.2021.,21:15:00,20,23,1,1,0,0,0,G,0,0
832,03.06.2021.,21:20:00,20,23,1,1,0,0,0,G,0,0
833,03.06.2021.,21:25:00,20,23,1,1,0,0,0,G,0,0
834,03.06.2021.,21:30:00,20,23,1,1,0,0,0,G,0,0
835,03.06.2021.,21:35:00,20,23,1,1,0,0,0,G,0,0
836,03.06.2021.,21:40:00,20,23,1,1,0,0,0,G,0,0
837,03.06.2021.,21:45:00,20,23,1,1,0,0,0,G,0,0
838,03.06.2021.,21:50:00,20,23,1,1,0,0,0,G,0,0
839,03.06.2021.,21:55:00,20,23,1,1,0,0,0,G,0,0
840,03.06.2021.,22:00:00,20,23,1,1,0,0,0,G,0,0
841,03.06.2021.,22:05:00,20,23,1,1,0,0,0,G,0,0
842,03.06.2021.,22:10:00,22,23,1,1,0,0,0,G,0,0
843,03.06.2021.,22:15:00,22,23,1,1,0,0,0,G,0,0
844,03.06.2021.,22:20:00,22,23,1,1,0,0,0,G,0,0
845,03.06.2021.,22:25:00,22,23,1,1,0,0,0,G,0,0
846,03.06.2021.,22:30:00,22,23,1,1,0,0,0,G,0,0
847,03.06.2021.,22:35:00,22,23,1,1,0,0,0,G,0,0
848,03.06.2021.,22:40:00,22,23,1,1,0,0,0,G,0,0
849,03.06.2021.,22:45:00,22,23,1,1,0,0,0,G,0,0
850,03.06.2021.,22:50:00,22,23,1,1,0,0,0,G,0,0
851,03.06.2021.,22:55:00,22,23,1,1,0,0,0,G,0,0
852,03.06.2021.,23:00:00,22,23,1,1,0,0,0,G,0,0
853,03.06.2021.,23:05:00,22,23,1,1,0,0,0,G,0,0
854,03.06.2021.,23:10:00,22,22,1,1,0,0,0,G,0,0
855,03.06.2021.,23:15:00,22,22,1,1,0,0,0,G,0,0
856,03.06.2021.,23:20:00,22,22,1,1,0,0,0,G,0,0
857,03.06.2021.,23:25:00,22,22,1,1,0,0,0,G,0,0
858,03.06.2021.,23:30:00,22,22,1,1,0,0,0,G,0,0
859,03.06.2021.,23:35:00,22,22,1,1,0,0,0,G,0,0
860,03.06.2021.,23:40:00,22,22,1,1,0,0,0,G,0,0
861,03.06.2021.,23:45:00,22,22,1,0,0,0,0,G,0,0
862,03.06.2021.,23:50:00,22,22,1,0,0,0,0,G,0,0
863,03.06.2021.,23:55:00,22,22,1,0,0,0,0,G,0,0
864,04.06.2021.,00:00:00,22,22,1,0,0,0,0,G,0,0
865,04.06.2021.,00:05:00,22,22,1,0,0,0,0,G,0,0
866,04.06.2021.,00:10:00,22,22,1,0,0,0,0,G,0,0
867,04.06.2021.,00:15:00,22,22,1,0,0,0,0,G,0,0
868,04.06.2021.,00:20:00,22,22,1,1,0,0,0,G,0,0
869,04.06.2021.,00:25:00,22,22,1,1,0,0,0,G,0,0
870,04.06.2021.,00:30:00,22,22,1,1,0,0,0,G,0,0
871,04.06.2021.,00:35:00,22,22,1,1,0,0,0,G,0,0
872,04.06.2021.,00:40:00,22,22,1,1,0,0,0,G,0,0
873,04.06.2021.,00:45:00,22,22,1,1,0,0,0,G,0,0
874,04.06.2021.,00:50:00,22,22,1,1,0,0,0,G,0,0
875,04.06.2021.,00:55:00,22,22,1,0,0,0,0,G,0,0
876,04.06.2021.,01:00:00,22,22,1,0,0,0,0,G,0,0
877,04.06.2021.,01:05:00,22,22,1,0,0,0,0,G,0,0
878,04.06.2021.,01:10:00,22,22,1,0,0,0,0,G,0,0
879,04.06.2021.,01:15:00,22,22,1,0,0,0,0,G,0,0
880,04.06.2021.,01:20:00,22,22,1,0,0,0,0,G,0,0
881,04.06.2021.,01:25:00,22,22,1,0,0,0,0,G,0,0
882,04.06.2021.,01:30:00,22,22,1,0,0,0,0,G,0,0
883,04.06.2021.,01:35:00,22,22,1,0,0,0,0,G,0,0
884,04.06.2021.,01:40:00,22,22,1,1,0,0,0,G,0,0
885,04.06.2021.,01:45:00,22,22,1,1,0,0,0,G,0,0
886,04.06.2021.,01:50:00,22,22,1,1,0,0,0,G,0,0
887,04.06.2021.,01:55:00,22,22,1,1,0,0,0,G,0,0
888,04.06.2021.,02:00:00,22,22,1,1,0,0,0,G,0,0
889,04.06.2021.,02:05:00,22,22,1,1,0,0,0,G,0,0
890,04.06.2021.,02:10:00,22,22,1,0,0,0,0,G,0,0
891,04.06.2021.,02:15:00,22,22,1,0,0,0,0,G,0,0
892,04.06.2021.,02:20:00,22,22,1,0,0,0,0,G,0,0
893,04.06.2021.,02:25:00,22,22,1,0,0,0,0,G,0,0
894,04.06.2021.,02:30:00,22,22,1,0,0,0,0,G,0,0
895,04.06.2021.,02:35:00,22,22,1,0,0,0,0,G,0,0
896,04.06.2021.,02:40:00,22,22,1,0,0,0,0,G,0,0
897,04.06.2021.,02:45:00,22,22,1,0,0,0,0,G,0,0
898,04.06.2021.,02:50:00,22,22,1,0,0,0,0,G,0,0
899,04.06.2021.,02:55:00,22,22,1,0,0,0,0,G,0,0
900,04.06.2021.,03:00:00,22,22,1,0,0,0,0,G,0,0
901,04.06.2021.,03:05:00,22,22,1,0,0,0,0,G,0,0
902,04.06.2021.,03:10:00,22,22,1,0,0,0,0,G,0,0
903,04.06.2021.,03:15:00,22,22,1,0,0,0,0,G,0,0
904,04.06.2021.,03:20:00,22,22,1,0,0,0,0,G,0,0
905,04.06.2021.,03:25:00,22,22,1,1,0,0,0,G,0,0
906,04.06.2021.,03:30:00,22,22,1,1,0,0,0,G,0,0
907,04.06.2021.,03:35:00,22,22,1,1,0,0,0,G,0,0
908,04.06.2021.,03:40:00,22,22,1,1,0,0,0,G,0,0
909,04.06.2021.,03:45:00,22,22,1,1,0,0,0,G,0,0
910,04.06.2021.,03:50:00,22,22,1,1,0,0,0,G,0,0
911,04.06.2021.,03:55:00,22,22,1,0,0,0,0,G,0,0
912,04.06.2021.,04:00:00,22,22,1,0,0,0,0,G,0,0
913,04.06.2021.,04:05:00,22,22,1,0,0,0,0,G,0,0
914,04.06.2021.,04:10:00,22,22,1,0,0,0,0,G,0,0
915,04.06.2021.,04:15:00,22,22,1,0,0,0,0,G,0,0
916,04.06.2021.,04:20:00,22,22,1,0,0,0,0,G,0,0
917,04.06.2021.,04:25:00,22,22,1,0,0,0,0,G,0,0
918,04.06.2021.,04:30:00,22,22,1,0,0,0,0,G,0,0
919,04.06.2021.,04:35:00,22,22,1,0,0,0,0,G,0,0
920,04.06.2021.,04:40:00,22,22,1,0,0,0,0,G,0,0
921,04.06.2021.,04:45:00,22,22,1,0,0,0,0,G,0,0
922,04.06.2021.,04:50:00,22,22,1,0,0,0,0,G,0,0
923,04.06.2021.,04:55:00,22,22,1,0,0,0,0,G,0,0
924,04.06.2021.,05:00:00,22,22,1,0,0,0,0,G,0,0
925,04.06.2021.,05:05:00,22,22,1,1,0,0,0,G,0,0
926,04.06.2021.,05:10:00,22,22,1,1,0,0,0,G,0,0
927,04.06.2021.,05:15:00,22,22,1,1,0,0,0,G,0,0
928,04.06.2021.,05:20:00,22,22,1,1,0,0,0,G,0,0
929,04.06.2021.,05:25:00,22,22,1,1,0,0,0,G,0,0
930,04.06.2021.,05:30:00,22,22,1,0,0,0,0,G,0,0
931,04.06.2021.,05:35:00,22,22,1,0,0,0,0,G,0,0
932,04.06.2021.,05:40:00,22,22,1,0,0,0,0,G,0,0
933,04.06.2021.,05:45:00,22,22,1,0,0,0,0,G,0,0
934,04.06.2021.,05:50:00,22,22,1,0,0,0,0,G,0,0
935,04.06.2021.,05:55:00,20,22,1,2,0,0,0,G,0,0
936,04.06.2021.,06:00:00,20,22,1,2,0,0,0,G,0,0
937,04.06.2021.,06:05:00,20,22,1,2,0,0,0,G,0,0
938,04.06.2021.,06:10:00,20,22,1,2,0,0,0,G,0,0
939,04.06.2021.,06:15:00,20,22,1,2,0,0,0,G,0,0
940,04.06.2021.,06:20:00,20,22,1,2,0,0,0,G,0,0
941,04.06.2021.,06:25:00,20,22,1,2,0,0,0,G,0,0
942,04.06.2021.,06:30:00,20,22,1,2,0,0,0,G,0,0
943,04.06.2021.,06:35:00,20,22,1,2,0,0,0,G,0,0
944,04.06.2021.,06:40:00,20,22,1,2,0,0,0,G,0,0
945,04.06.2021.,06:45:00,20,22,1,2,0,0,0,G,0,0
946,04.06.2021.,06:50:00,20,22,1,2,0,0,0,G,0,0
947,04.06.2021.,06:55:00,20,22,1,2,0,0,0,G,0,0
948,04.06.2021.,07:00:00,20,22,1,2,0,0,0,G,0,0
949,04.06.2021.,07:05:00,20,22,1,2,0,0,0,G,0,0
950,04.06.2021.,07:10:00,20,22,1,2,0,0,0,G,0,0
951,04.06.2021.,07:15:00,22,22,1,0,1,0,0,G,0,0
952,04.06.2021.,07:20:00,22,22,1,0,1,0,0,G,0,0
953,04.06.2021.,07:25:00,22,22,1,0,1,0,0,G,0,0
954,04.06.2021.,07:30:00,22,22,1,0,1,0,0,G,0,0
955,04.06.2021.,07:35:00,22,22,1,0,1,0,0,G,0,0
956,04.06.2021.,07:40:00,22,22,1,0,1,0,0,G,0,0
957,04.06.2021.,07:45:00,22,22,1,0,1,0,0,G,0,0
958,04.06.2021.,07:50:00,22,22,1,0,1,0,0,G,0,0
959,04.06.2021.,07:55:00,22,22,1,0,0,0,0,G,0,0
960,04.06.2021.,08:00:00,22,22,1,0,0,0,0,G,0,0
961,04.06.2021.,08:05:00,22,22,1,0,0,0,0,G,0,0
962,04.06.2021.,08:10:00,22,22,1,0,0,0,0,G,0,0
963,04.06.2021.,08:15:00,22,22,1,0,0,0,0,G,0,0
964,04.06.2021.,08:20:00,22,22,1,0,0,0,0,G,0,0
965,04.06.2021.,08:25:00,22,22,1,0,0,0,0,G,0,0
966,04.06.2021.,08:30:00,22,22,1,0,0,0,0,G,0,0
967,04.06.2021.,08:35:00,22,22,1,0,0,0,0,G,0,0
968,04.06.2021.,08:40:00,22,22,1,0,0,0,0,G,0,0
969,04.06.2021.,08:45:00,22,22,1,0,0,0,0,G,0,0
970,04.06.2021.,08:50:00,22,22,1,0,0,0,0,G,0,0
971,04.06.2021.,08:55:00,22,22,1,0,0,0,0,G,0,0
972,04.06.2021.,09:00:00,22,22,1,0,0,0,0,G,0,0
973,04.06.2021.,09:05:00,22,22,1,1,0,0,0,G,0,0
974,04.06.2021.,09:10:00,22,22,1,1,0,0,0,G,0,0
975,04.06.2021.,09:15:00,22,22,1,1,0,0,0,G,0,0
976,04.06.2021.,09:20:00,22,22,1,1,0,0,0,G,0,0
977,04.06.2021.,09:25:00,22,22,1,1,0,0,0,G,0,0
978,04.06.2021.,09:30:00,22,22,1,1,0,0,0,G,0,0
979,04.06.2021.,09:35:00,22,22,1,1,0,0,0,G,0,0
980,04.06.2021.,09:40:00,22,22,1,1,0,0,0,G,0,0
981,04.06.2021.,09:45:00,22,22,1,1,0,0,0,G,0,0
982,04.06.2021.,09:50:00,22,22,1,1,0,0,0,G,0,0
983,04.06.2021.,09:55:00,22,22,1,1,0,0,0,G,0,0
984,04.06.2021.,10:00:00,22,22,1,1,0,0,0,G,0,0
985,04.06.2021.,10:05:00,22,22,1,1,0,0,0,G,0,0
986,04.06.2021.,10:10:00,22,22,1,1,0,0,0,G,0,0
987,04.06.2021.,10:15:00,22,22,1,1,0,0,0,G,0,0
988,04.06.2021.,10:20:00,22,22,1,1,0,0,0,G,0,0
989,04.06.2021.,10:25:00,22,22,1,1,0,0,0,G,0,0
990,04.06.2021.,10:30:00,22,22,1,1,0,0,0,G,0,0
991,04.06.2021.,10:35:00,22,22,1,1,0,0,0,G,0,0
992,04.06.2021.,10:40:00,22,22,1,1,0,0,0,G,0,0
993,04.06.2021.,10:45:00,22,22,1,1,0,0,0,G,0,0
994,04.06.2021.,10:50:00,22,22,1,1,0,0,0,G,0,0
995,04.06.2021.,10:55:00,22,22,1,1,0,0,0,G,0,0
996,04.06.2021.,11:00:00,22,22,1,1,0,0,0,G,0,0
997,04.06.2021.,11:05:00,22,22,1,1,0,0,0,G,0,0
998,04.06.2021.,11:10:00,22,22,1,1,0,0,0,G,0,0
999,04.06.2021.,11:15:00,22,22,1,1,0,0,0,G,0,0
1000,04.06.2021.,11:20:00,22,22,1,1,0,0,0,G,0,0
1001,04.06.2021.,11:25:00,22,22,1,1,0,0,0,G,0,0
1002,04.06.2021.,11:30:00,22,22,1,1,0,0,0,G,0,0
1003,04.06.2021.,11:35:00,22,22,1,1,0,0,0,G,0,0
1004,04.06.2021.,11:40:00,22,22,1,1,0,0,0,G,0,0
1005,04.06.2021.,11:45:00,22,22,1,1,0,0,0,G,0,0
1006,04.06.2021.,11:50:00,22,22,1,1,0,0,0,G,0,0
1007,04.06.2021.,11:55:00,22,22,1,1,0,0,0,G,0,0
1008,04.06.2021.,12:00:00,22,22,1,1,0,0,0,G,0,0
1009,04.06.2021.,12:05:00,22,22,1,1,0,0,0,G,0,0
1010,04.06.2021.,12:10:00,22,22,1,1,0,0,0,G,0,0
1011,04.06.2021.,12:15:00,22,22,1,1,0,0,0,G,0,0
1012,04.06.2021.,12:20:00,22,22,1,1,0,0,0,G,0,0
1013,04.06.2021.,12:25:00,22,22,1,1,0,0,0,G,0,0
1014,04.06.2021.,12:30:00,22,22,1,1,0,0,0,G,0,0
1015,04.06.2021.,12:35:00,22,22,1,1,0,0,0,G,0,0
1016,04.06.2021.,12:40:00,22,22,1,1,0,0,0,G,0,0
1017,04.06.2021.,12:45:00,22,22,1,1,0,0,0,G,0,0
1018,04.06.2021.,12:50:00,22,22,1,1,0,0,0,G,0,0
1019,04.06.2021.,12:55:00,22,22,1,1,0,0,0,G,0,0
1020,04.06.2021.,13:00:00,22,22,1,1,0,0,0,G,0,0
1021,04.06.2021.,13:05:00,22,22,1,1,0,0,0,G,0,0
1022,04.06.2021.,13:10:00,22,22,1,1,0,0,0,G,0,0
1023,04.06.2021.,13:15:00,22,22,1,1,0,0,0,G,0,0
1024,04.06.2021.,13:20:00,22,22,1,1,0,0,0,G,0,0
1025,04.06.2021.,13:25:00,22,22,1,1,0,1,0,G,0,0
1026,04.06.2021.,13:30:00,22,22,1,1,0,1,0,G,0,0
1027,04.06.2021.,13:35:00,22,22,1,1,0,1,0,G,0,0
1028,04.06.2021.,13:40:00,22,22,1,1,0,0,0,G,0,0
1029,04.06.2021.,13:45:00,22,22,1,1,0,0,0,G,0,0
1030,04.06.2021.,13:50:00,22,22,1,1,0,0,0,G,0,0
1031,04.06.2021.,13:55:00,22,22,1,1,0,0,0,G,0,0
1032,04.06.2021.,14:00:00,22,22,1,1,0,0,0,G,0,0
1033,04.06.2021.,14:05:00,22,22,1,1,0,0,0,G,0,0
1034,04.06.2021.,14:10:00,22,22,1,1,0,0,0,G,0,0
1035,04.06.2021.,14:15:00,22,22,1,1,0,0,0,G,0,0
1036,04.06.2021.,14:20:00,22,22,1,1,0,0,0,G,0,0
1037,04.06.2021.,14:25:00,22,22,1,1,0,0,0,G,0,0
1038,04.06.2021.,14:30:00,22,22,1,1,0,0,0,G,0,0
1039,04.06.2021.,14:35:00,22,22,1,1,0,0,0,G,0,0
1040,04.06.2021.,14:40:00,22,22,1,1,0,0,0,G,0,0
1041,04.06.2021.,14:45:00,22,22,1,1,0,0,0,G,0,0
1042,04.06.2021.,14:50:00,22,22,1,1,0,0,0,G,0,0
1043,04.06.2021.,14:55:00,22,22,1,1,0,0,0,G,0,0
1044,04.06.2021.,15:00:00,22,22,1,0,0,0,0,G,0,0
1045,04.06.2021.,15:05:00,22,22,1,0,0,0,0,G,0,0
1046,04.06.2021.,15:10:00,22,22,1,0,0,0,0,G,0,0
1047,04.06.2021.,15:15:00,22,22,1,0,0,0,0,G,0,0
1048,04.06.2021.,15:20:00,22,22,1,0,0,0,0,G,0,0
1049,04.06.2021.,15:25:00,22,22,1,0,0,0,0,G,0,0
1050,04.06.2021.,15:30:00,22,22,1,0,0,0,0,G,0,0
1051,04.06.2021.,15:35:00,22,22,1,1,0,0,0,G,0,0
1052,04.06.2021.,15:40:00,22,22,1,1,0,0,0,G,0,0
1053,04.06.2021.,15:45:00,22,22,1,1,0,0,0,G,0,0
1054,04.06.2021.,15:50:00,22,22,1,1,0,0,0,G,0,0
1055,04.06.2021.,15:55:00,22,22,1,1,0,0,0,G,0,0
1056,04.06.2021.,16:00:00,22,22,1,1,0,0,0,G,0,0
1057,04.06.2021.,16:05:00,22,22,1,1,0,0,0,G,0,0
1058,04.06.2021.,16:10:00,22,22,1,1,0,0,0,G,0,0
1059,04.06.2021.,16:15:00,22,22,1,1,0,0,0,G,0,0
1060,04.06.2021.,16:20:00,22,22,1,1,0,0,0,G,0,0
1061,04.06.2021.,16:25:00,22,22,1,1,0,0,0,G,0,0
1062,04.06.2021.,16:30:00,22,22,1,1,0,0,0,G,0,0
1063,04.06.2021.,16:35:00,22,22,1,1,0,0,0,G,0,0
1064,04.06.2021.,16:40:00,22,22,1,1,0,0,0,G,0,0
1065,04.06.2021.,16:45:00,22,22,1,1,0,0,0,G,0,0
1066,04.06.2021.,16:50:00,22,22,1,0,0,0,0,G,0,0
1067,04.06.2021.,16:55:00,22,22,1,0,0,0,0,G,0,0
1068,04.06.2021.,17:00:00,22,22,1,0,0,0,0,G,0,0
1069,04.06.2021.,17:05:00,22,22,1,0,0,0,0,G,0,0
1070,04.06.2021.,17:10:00,22,22,1,0,0,0,0,G,0,0
1071,04.06.2021.,17:15:00,22,22,1,0,0,0,0,G,0,0
1072,04.06.2021.,17:20:00,22,22,1,1,0,0,0,G,0,0
1073,04.06.2021.,17:25:00,22,22,1,1,0,0,0,G,0,0
1074,04.06.2021.,17:30:00,22,22,1,1,0,0,0,G,0,0
1075,04.06.2021.,17:35:00,22,22,1,1,0,0,0,G,0,0
1076,04.06.2021.,17:40:00,22,22,1,1,0,0,0,G,0,0
1077,04.06.2021.,17:45:00,22,22,1,1,0,0,0,G,0,0
1078,04.06.2021.,17:50:00,22,22,1,1,0,0,0,G,0,0
1079,04.06.2021.,17:55:00,22,22,1,1,0,0,0,G,0,0
1080,04.06.2021.,18:00:00,22,22,1,1,0,0,0,G,0,0
1081,04.06.2021.,18:05:00,22,22,1,1,0,0,0,G,0,0
1082,04.06.2021.,18:10:00,22,22,1,1,0,0,0,G,0,0
1083,04.06.2021.,18:15:00,22,22,1,0,0,0,0,G,0,0
1084,04.06.2021.,18:20:00,22,22,1,0,0,0,0,G,0,0
1085,04.06.2021.,18:25:00,22,22,1,0,0,0,0,G,0,0
1086,04.06.2021.,18:30:00,22,22,1,0,0,0,0,G,0,0
1087,04.06.2021.,18:35:00,22,22,1,1,0,0,0,G,0,0
1088,04.06.2021.,18:40:00,22,22,1,1,0,0,0,G,0,0
1089,04.06.2021.,18:45:00,22,22,1,1,0,0,0,G,0,0
1090,04.06.2021.,18:50:00,22,22,1,1,0,0,0,G,0,0
1091,04.06.2021.,18:55:00,22,22,1,1,0,0,0,G,0,0
1092,04.06.2021.,19:00:00,22,22,1,1,0,0,0,G,0,0
1093,04.06.2021.,19:05:00,22,22,1,1,0,0,0,G,0,0
1094,04.06.2021.,19:10:00,22,22,1,1,0,0,0,G,0,0
1095,04.06.2021.,19:15:00,22,22,1,0,0,0,0,G,0,0
1096,04.06.2021.,19:20:00,22,22,1,0,0,0,0,G,0,0
1097,04.06.2021.,19:25:00,22,22,1,0,0,0,0,G,0,0
1098,04.06.2021.,19:30:00,22,22,1,0,0,0,0,G,0,0
1099,04.06.2021.,19:35:00,22,22,1,0,0,0,0,G,0,0
1100,04.06.2021.,19:40:00,22,22,1,0,0,0,0,G,0,0
1101,04.06.2021.,19:45:00,22,22,1,1,0,0,0,G,0,0
1102,04.06.2021.,19:50:00,25,22,1,1,1,0,0,G,0,0
1103,04.06.2021.,19:55:00,25,22,1,3,1,0,0,G,0,0
1104,04.06.2021.,20:00:00,25,22,1,3,1,0,0,G,0,0
1105,04.06.2021.,20:05:00,25,22,1,3,1,0,0,G,0,0
1106,04.06.2021.,20:10:00,25,22,1,3,1,0,0,G,0,0
1107,04.06.2021.,20:15:00,25,22,1,3,1,0,0,G,0,0
1108,04.06.2021.,20:20:00,25,22,1,3,1,0,0,G,0,0
1109,04.06.2021.,20:25:00,25,22,1,3,1,0,0,G,0,0
1110,04.06.2021.,20:30:00,25,22,1,3,1,0,0,G,0,0
1111,04.06.2021.,20:35:00,25,22,1,3,1,0,0,G,0,0
1112,04.06.2021.,20:40:00,25,22,1,3,1,0,0,G,0,0
1113,04.06.2021.,20:45:00,25,22,1,3,1,0,0,G,0,0
1114,04.06.2021.,20:50:00,25,22,1,3,1,0,0,G,0,0
1115,04.06.2021.,20:55:00,25,22,1,3,1,0,0,G,0,0
1116,04.06.2021.,21:00:00,25,22,1,3,1,0,0,G,0,0
1117,04.06.2021.,21:05:00,25,22,1,3,1,0,0,G,0,0
1118,04.06.2021.,21:10:00,25,23,1,3,1,0,0,G,0,0
1119,04.06.2021.,21:15:00,25,23,1,3,1,0,0,G,0,0
1120,04.06.2021.,21:20:00,25,23,1,3,1,0,0,G,0,0
1121,04.06.2021.,21:25:00,25,23,1,3,1,0,0,G,0,0
1122,04.06.2021.,21:30:00,25,23,1,3,1,0,0,G,0,0
1123,04.06.2021.,21:35:00,25,23,1,3,1,0,0,G,0,0
1124,04.06.2021.,21:40:00,25,23,1,3,1,0,0,G,0,0
1125,04.06.2021.,21:45:00,25,23,1,3,1,0,0,G,0,0
1126,04.06.2021.,21:50:00,25,23,1,3,1,0,0,G,0,0
1127,04.06.2021.,21:55:00,25,23,1,3,1,0,0,G,0,0
1128,04.06.2021.,22:00:00,25,23,1,3,1,0,0,G,0,0
1129,04.06.2021.,22:05:00,25,23,1,3,1,0,0,G,0,0
1130,04.06.2021.,22:10:00,25,23,1,3,1,0,0,G,0,0
1131,04.06.2021.,22:15:00,25,23,1,3,1,0,0,G,0,0
1132,04.06.2021.,22:20:00,25,23,1,3,1,0,0,G,0,0
1133,04.06.2021.,22:25:00,25,23,1,3,1,0,0,G,0,0
1134,04.06.2021.,22:30:00,25,23,1,3,1,0,0,G,0,0
1135,04.06.2021.,22:35:00,25,23,1,3,1,0,0,G,0,0
1136,04.06.2021.,22:40:00,25,23,1,3,1,0,0,G,0,0
1137,04.06.2021.,22:45:00,25,23,1,3,1,0,0,G,0,0
1138,04.06.2021.,22:50:00,25,23,1,3,1,0,0,G,0,0
1139,04.06.2021.,22:55:00,25,23,1,3,1,0,0,G,0,0
1140,04.06.2021.,23:00:00,25,23,1,3,1,0,0,G,0,0
1141,04.06.2021.,23:05:00,25,23,1,3,1,0,0,G,0,0
1142,04.06.2021.,23:10:00,25,23,1,3,1,0,0,G,0,0
1143,04.06.2021.,23:15:00,25,23,1,3,1,0,0,G,0,0
1144,04.06.2021.,23:20:00,25,23,1,3,1,0,0,G,0,0
1145,04.06.2021.,23:25:00,25,23,1,3,1,0,0,G,0,0
1146,04.06.2021.,23:30:00,25,23,1,3,1,0,0,G,0,0
1147,04.06.2021.,23:35:00,25,23,1,3,1,0,0,G,0,0
1148,04.06.2021.,23:40:00,25,23,1,3,1,0,0,G,0,0
1149,04.06.2021.,23:45:00,25,23,1,3,1,0,0,G,0,0
1150,04.06.2021.,23:50:00,25,23,1,3,1,0,0,G,0,0
1151,04.06.2021.,23:55:00,25,23,1,3,1,0,0,G,0,0
1152,05.06.2021.,00:00:00,25,23,1,3,1,0,0,G,0,0
1153,05.06.2021.,00:05:00,25,23,1,3,1,0,0,G,0,0
1154,05.06.2021.,00:10:00,25,23,1,3,1,0,0,G,0,0
1155,05.06.2021.,00:15:00,25,23,1,3,1,0,0,G,0,0
1156,05.06.2021.,00:20:00,25,23,1,3,1,0,0,G,0,0
1157,05.06.2021.,00:25:00,25,23,1,3,1,0,0,G,0,0
1158,05.06.2021.,00:30:00,25,23,1,3,1,0,0,G,0,0
1159,05.06.2021.,00:35:00,25,23,1,3,1,0,0,G,0,0
1160,05.06.2021.,00:40:00,25,23,1,3,1,0,0,G,0,0
1161,05.06.2021.,00:45:00,25,23,1,3,1,0,0,G,0,0
1162,05.06.2021.,00:50:00,25,23,1,3,1,0,0,G,0,0
1163,05.06.2021.,00:55:00,25,23,1,3,1,0,0,G,0,0
1164,05.06.2021.,01:00:00,25,23,1,3,1,0,0,G,0,0
1165,05.06.2021.,01:05:00,25,23,1,3,1,0,0,G,0,0
1166,05.06.2021.,01:10:00,25,23,1,3,1,0,0,G,0,0
1167,05.06.2021.,01:15:00,25,23,1,3,1,0,0,G,0,0
1168,05.06.2021.,01:20:00,25,23,1,3,1,0,0,G,0,0
1169,05.06.2021.,01:25:00,25,23,1,3,1,0,0,G,0,0
1170,05.06.2021.,01:30:00,25,23,1,3,1,0,0,G,0,0
1171,05.06.2021.,01:35:00,25,23,1,3,1,0,0,G,0,0
1172,05.06.2021.,01:40:00,25,23,1,3,1,0,0,G,0,0
1173,05.06.2021.,01:45:00,25,23,1,3,1,0,0,G,0,0
1174,05.06.2021.,01:50:00,25,23,1,3,1,0,0,G,0,0
1175,05.06.2021.,01:55:00,25,23,1,3,1,0,0,G,0,0
1176,05.06.2021.,02:00:00,25,23,1,3,1,0,0,G,0,0
1177,05.06.2021.,02:05:00,25,23,1,3,1,0,0,G,0,0
1178,05.06.2021.,02:10:00,25,23,1,3,1,0,0,G,0,0
1179,05.06.2021.,02:15:00,25,23,1,3,1,0,0,G,0,0
1180,05.06.2021.,02:20:00,25,23,1,3,1,0,0,G,0,0
1181,05.06.2021.,02:25:00,25,23,1,3,1,0,0,G,0,0
1182,05.06.2021.,02:30:00,25,23,1,3,1,0,0,G,0,0
1183,05.06.2021.,02:35:00,25,23,1,3,1,0,0,G,0,0
1184,05.06.2021.,02:40:00,25,23,1,3,1,0,0,G,0,0
1185,05.06.2021.,02:45:00,25,23,1,3,1,0,0,G,0,0
1186,05.06.2021.,02:50:00,25,23,1,3,1,0,0,G,0,0
1187,05.06.2021.,02:55:00,25,23,1,3,1,0,0,G,0,0
1188,05.06.2021.,03:00:00,25,23,1,3,1,0,0,G,0,0
1189,05.06.2021.,03:05:00,25,23,1,3,1,0,0,G,0,0
1190,05.06.2021.,03:10:00,25,23,1,3,1,0,0,G,0,0
1191,05.06.2021.,03:15:00,25,23,1,3,1,0,0,G,0,0
1192,05.06.2021.,03:20:00,25,23,1,3,1,0,0,G,0,0
1193,05.06.2021.,03:25:00,25,23,1,3,1,0,0,G,0,0
1194,05.06.2021.,03:30:00,25,23,1,3,1,0,0,G,0,0
1195,05.06.2021.,03:35:00,25,23,1,3,1,0,0,G,0,0
1196,05.06.2021.,03:40:00,25,23,1,3,1,0,0,G,0,0
1197,05.06.2021.,03:45:00,25,23,1,3,1,0,0,G,0,0
1198,05.06.2021.,03:50:00,25,23,1,3,1,0,0,G,0,0
1199,05.06.2021.,03:55:00,25,23,1,3,1,0,0,G,0,0
1200,05.06.2021.,04:00:00,25,23,1,3,1,0,0,G,0,0
1201,05.06.2021.,04:05:00,25,23,1,3,1,0,0,G,0,0
1202,05.06.2021.,04:10:00,25,23,1,3,1,0,0,G,0,0
1203,05.06.2021.,04:15:00,25,23,1,3,1,0,0,G,0,0
1204,05.06.2021.,04:20:00,25,23,1,3,1,0,0,G,0,0
1205,05.06.2021.,04:25:00,25,23,1,3,1,0,0,G,0,0
1206,05.06.2021.,04:30:00,25,23,1,3,1,0,0,G,0,0
1207,05.06.2021.,04:35:00,25,23,1,3,1,0,0,G,0,0
1208,05.06.2021.,04:40:00,25,23,1,3,1,0,0,G,0,0
1209,05.06.2021.,04:45:00,25,23,1,3,1,0,0,G,0,0
1210,05.06.2021.,04:50:00,25,23,1,3,1,0,0,G,0,0
1211,05.06.2021.,04:55:00,25,23,1,3,1,0,0,G,0,0
1212,05.06.2021.,05:00:00,25,23,1,3,1,0,0,G,0,0
1213,05.06.2021.,05:05:00,25,23,1,3,1,0,0,G,0,0
1214,05.06.2021.,05:10:00,25,23,1,3,1,0,0,G,0,0
1215,05.06.2021.,05:15:00,25,23,1,3,1,0,0,G,0,0
1216,05.06.2021.,05:20:00,25,23,1,3,1,0,0,G,0,0
1217,05.06.2021.,05:25:00,25,23,1,3,1,0,0,G,0,0
1218,05.06.2021.,05:30:00,25,23,1,3,1,0,0,G,0,0
1219,05.06.2021.,05:35:00,25,23,1,3,1,0,0,G,0,0
1220,05.06.2021.,05:40:00,25,23,1,3,1,0,0,G,0,0
1221,05.06.2021.,05:45:00,25,23,1,3,1,0,0,G,0,0
1222,05.06.2021.,05:50:00,25,23,1,3,1,0,0,G,0,0
1223,05.06.2021.,05:55:00,25,23,1,3,1,0,0,G,0,0
1224,05.06.2021.,06:00:00,25,23,1,3,1,0,0,G,0,0
1225,05.06.2021.,06:05:00,25,23,1,3,1,0,0,G,0,0
1226,05.06.2021.,06:10:00,25,23,1,3,1,0,0,G,0,0
1227,05.06.2021.,06:15:00,25,23,1,3,1,0,0,G,0,0
1228,05.06.2021.,06:20:00,25,23,1,3,1,0,0,G,0,0
1229,05.06.2021.,06:25:00,25,23,1,3,1,0,0,G,0,0
1230,05.06.2021.,06:30:00,25,23,1,3,1,0,0,G,0,0
1231,05.06.2021.,06:35:00,25,23,1,3,1,0,0,G,0,0
1232,05.06.2021.,06:40:00,25,23,1,3,1,0,0,G,0,0
1233,05.06.2021.,06:45:00,25,23,1,3,1,0,0,G,0,0
1234,05.06.2021.,06:50:00,25,23,1,3,1,0,0,G,0,0
1235,05.06.2021.,06:55:00,25,23,1,3,1,0,0,G,0,0
1236,05.06.2021.,07:00:00,25,23,1,3,1,0,0,G,0,0
1237,05.06.2021.,07:05:00,25,23,1,3,1,0,0,G,0,0
1238,05.06.2021.,07:10:00,25,23,1,3,1,0,0,G,0,0
1239,05.06.2021.,07:15:00,25,23,1,3,1,0,0,G,0,0
1240,05.06.2021.,07:20:00,25,23,1,3,1,0,0,G,0,0
1241,05.06.2021.,07:25:00,25,23,1,3,1,0,0,G,0,0
1242,05.06.2021.,07:30:00,25,23,1,3,1,0,0,G,0,0
1243,05.06.2021.,07:35:00,25,23,1,3,1,0,0,G,0,0
1244,05.06.2021.,07:40:00,25,23,1,3,1,0,0,G,0,0
1245,05.06.2021.,07:45:00,25,23,1,3,1,0,0,G,0,0
1246,05.06.2021.,07:50:00,25,23,1,3,1,0,0,G,0,0
1247,05.06.2021.,07:55:00,25,23,1,3,1,0,0,G,0,0
1248,05.06.2021.,08:00:00,25,23,1,3,1,0,0,G,0,0
1249,05.06.2021.,08:05:00,25,23,1,3,1,0,0,G,0,0
1250,05.06.2021.,08:10:00,25,23,1,3,1,0,0,G,0,0
1251,05.06.2021.,08:15:00,25,23,1,3,1,0,0,G,0,0
1252,05.06.2021.,08:20:00,25,23,1,3,1,0,0,G,0,0
1253,05.06.2021.,08:25:00,25,24,1,3,1,0,0,G,0,0
1254,05.06.2021.,08:30:00,25,24,1,3,1,0,0,G,0,0
1255,05.06.2021.,08:35:00,25,24,1,3,1,0,0,G,0,0
1256,05.06.2021.,08:40:00,25,24,1,3,1,0,0,G,0,0
1257,05.06.2021.,08:45:00,25,24,1,3,1,0,0,G,0,0
1258,05.06.2021.,08:50:00,25,24,1,3,1,0,0,G,0,0
1259,05.06.2021.,08:55:00,25,24,1,3,1,0,0,G,0,0
1260,05.06.2021.,09:00:00,25,24,1,3,1,0,0,G,0,0
1261,05.06.2021.,09:05:00,25,24,1,3,1,0,0,G,0,0
1262,05.06.2021.,09:10:00,25,24,1,3,1,0,0,G,0,0
1263,05.06.2021.,09:15:00,25,24,1,3,1,0,0,G,0,0
1264,05.06.2021.,09:20:00,25,24,1,3,1,0,0,G,0,0
1265,05.06.2021.,09:25:00,25,24,1,3,1,0,0,G,0,0
1266,05.06.2021.,09:30:00,25,24,1,3,1,0,0,G,0,0
1267,05.06.2021.,09:35:00,25,24,1,3,1,0,0,G,0,0
1268,05.06.2021.,09:40:00,25,24,1,3,1,0,0,G,0,0
1269,05.06.2021.,09:45:00,25,24,1,3,1,0,0,G,0,0
1270,05.06.2021.,09:50:00,25,24,1,3,1,0,0,G,0,0
1271,05.06.2021.,09:55:00,25,24,1,3,1,0,0,G,0,0
1272,05.06.2021.,10:00:00,25,24,1,3,1,0,0,G,0,0
1273,05.06.2021.,10:05:00,25,24,1,3,1,0,0,G,0,0
1274,05.06.2021.,10:10:00,25,24,1,3,1,0,0,G,0,0
1275,05.06.2021.,10:15:00,25,24,1,3,1,0,0,G,0,0
1276,05.06.2021.,10:20:00,25,24,1,3,1,0,0,G,0,0
1277,05.06.2021.,10:25:00,25,24,1,3,1,0,0,G,0,0
1278,05.06.2021.,10:30:00,25,24,1,3,1,0,0,G,0,0
1279,05.06.2021.,10:35:00,25,24,1,0,1,0,0,G,0,0
1280,05.06.2021.,10:40:00,25,24,1,0,0,1,1,G,0,0
1281,05.06.2021.,10:45:00,25,25,1,0,0,0,0,G,0,0
1282,05.06.2021.,10:50:00,25,25,1,0,0,0,0,G,0,0
1283,05.06.2021.,10:55:00,25,25,1,0,0,0,0,G,0,0
1284,05.06.2021.,11:00:00,25,25,1,0,0,0,0,G,0,0
1285,05.06.2021.,11:05:00,25,25,1,0,0,0,0,G,0,0
1286,05.06.2021.,11:10:00,25,25,1,0,0,0,0,G,0,0
1287,05.06.2021.,11:15:00,25,25,1,0,0,0,0,G,0,0
1288,05.06.2021.,11:20:00,25,25,1,0,0,0,0,G,0,0
1289,05.06.2021.,11:25:00,25,25,1,0,0,0,0,G,0,0
1290,05.06.2021.,11:30:00,25,25,1,0,0,0,0,G,0,0
1291,05.06.2021.,11:35:00,25,25,1,0,0,0,0,G,0,0
1292,05.06.2021.,11:40:00,25,25,1,0,0,0,0,G,0,0
1293,05.06.2021.,11:45:00,25,25,1,0,0,0,0,G,0,0
1294,05.06.2021.,11:50:00,25,25,1,0,0,0,0,G,0,0
1295,05.06.2021.,11:55:00,25,25,1,0,0,0,0,G,0,0
1296,05.06.2021.,12:00:00,25,25,1,0,0,0,0,G,0,0
1297,05.06.2021.,12:05:00,25,25,1,3,0,0,0,G,0,0
1298,05.06.2021.,12:10:00,25,25,1,3,0,0,0,G,0,0
1299,05.06.2021.,12:15:00,25,25,1,3,0,0,0,G,0,0
1300,05.06.2021.,12:20:00,25,25,1,0,0,0,0,G,0,0
1301,05.06.2021.,12:25:00,25,25,1,0,0,0,0,G,0,0
1302,05.06.2021.,12:30:00,25,25,1,0,0,0,0,G,0,0
1303,05.06.2021.,12:35:00,25,25,1,0,0,0,0,G,0,0
1304,05.06.2021.,12:40:00,25,25,1,0,0,0,0,G,0,0
1305,05.06.2021.,12:45:00,25,25,1,0,0,0,0,G,0,0
1306,05.06.2021.,12:50:00,25,25,1,0,0,0,0,G,0,0
1307,05.06.2021.,12:55:00,25,25,1,0,0,0,0,G,0,0
1308,05.06.2021.,13:00:00,25,25,1,0,0,0,0,G,0,0
1309,05.06.2021.,13:05:00,25,25,1,0,0,0,0,G,0,0
1310,05.06.2021.,13:10:00,25,25,1,0,0,0,0,G,0,0
1311,05.06.2021.,13:15:00,25,25,1,0,0,0,0,G,0,0
1312,05.06.2021.,13:20:00,25,25,1,0,0,0,0,G,0,0
1313,05.06.2021.,13:25:00,25,25,1,0,0,0,0,G,0,0
1314,05.06.2021.,13:30:00,25,25,1,0,0,0,0,G,0,0
1315,05.06.2021.,13:35:00,25,25,1,0,0,0,0,G,0,0
1316,05.06.2021.,13:40:00,25,25,1,0,0,0,0,G,0,0
1317,05.06.2021.,13:45:00,25,25,1,0,0,0,0,G,0,0
1318,05.06.2021.,13:50:00,25,25,1,0,0,0,0,G,0,0
1319,05.06.2021.,13:55:00,25,25,1,0,0,0,0,G,0,0
1320,05.06.2021.,14:00:00,25,25,1,0,0,0,0,G,0,0
1321,05.06.2021.,14:05:00,25,25,1,0,0,0,0,G,0,0
1322,05.06.2021.,14:10:00,25,25,1,0,0,0,0,G,0,0
1323,05.06.2021.,14:15:00,25,25,1,0,0,0,0,G,0,0
1324,05.06.2021.,14:20:00,25,25,1,0,0,0,0,G,0,0
1325,05.06.2021.,14:25:00,25,25,1,0,0,0,0,G,0,0
1326,05.06.2021.,14:30:00,25,25,1,0,0,0,0,G,0,0
1327,05.06.2021.,14:35:00,25,25,1,0,0,0,0,G,0,0
1328,05.06.2021.,14:40:00,25,25,1,0,0,0,0,G,0,0
1329,05.06.2021.,14:45:00,25,25,1,0,0,0,0,G,0,0
1330,05.06.2021.,14:50:00,25,25,1,0,0,0,0,G,0,0
1331,05.06.2021.,14:55:00,25,25,1,0,0,0,0,G,0,0
1332,05.06.2021.,15:00:00,25,25,1,3,0,0,0,G,0,0
1333,05.06.2021.,15:05:00,25,25,1,3,0,0,0,G,0,0
1334,05.06.2021.,15:10:00,25,25,1,0,0,0,0,G,0,0
1335,05.06.2021.,15:15:00,25,25,1,0,0,0,0,G,0,0
1336,05.06.2021.,15:20:00,25,25,1,0,0,0,0,G,0,0
1337,05.06.2021.,15:25:00,25,25,1,0,0,0,0,G,0,0
1338,05.06.2021.,15:30:00,25,25,1,0,0,0,0,G,0,0
1339,05.06.2021.,15:35:00,25,25,1,0,0,0,0,G,0,0
1340,05.06.2021.,15:40:00,25,25,1,0,0,0,0,G,0,0
1341,05.06.2021.,15:45:00,25,25,1,0,0,0,0,G,0,0
1342,05.06.2021.,15:50:00,25,25,1,0,0,0,0,G,0,0
1343,05.06.2021.,15:55:00,25,25,1,0,0,0,0,G,0,0
1344,05.06.2021.,16:00:00,25,25,1,0,0,0,0,G,0,0
1345,05.06.2021.,16:05:00,25,25,1,0,0,0,0,G,0,0
1346,05.06.2021.,16:10:00,25,25,1,0,0,0,0,G,0,0
1347,05.06.2021.,16:15:00,25,25,1,0,0,0,0,G,0,0
1348,05.06.2021.,16:20:00,25,25,1,0,0,0,0,G,0,0
1349,05.06.2021.,16:25:00,25,25,1,0,0,0,0,G,0,0
1350,05.06.2021.,16:30:00,25,25,1,0,0,0,0,G,0,0
1351,05.06.2021.,16:35:00,25,25,1,0,0,0,0,G,0,0
1352,05.06.2021.,16:40:00,25,25,1,0,0,0,0,G,0,0
1353,05.06.2021.,16:45:00,25,25,1,0,0,0,0,G,0,0
1354,05.06.2021.,16:50:00,25,25,1,0,0,0,0,G,0,0
1355,05.06.2021.,16:55:00,25,25,1,0,0,0,0,G,0,0
1356,05.06.2021.,17:00:00,25,25,1,0,0,0,0,G,0,0
1357,05.06.2021.,17:05:00,25,25,1,0,0,0,0,G,0,0
1358,05.06.2021.,17:10:00,25,25,1,0,0,0,0,G,0,0
1359,05.06.2021.,17:15:00,25,25,1,0,0,0,0,G,0,0
1360,05.06.2021.,17:20:00,25,25,1,0,0,0,0,G,0,0
1361,05.06.2021.,17:25:00,25,25,1,0,0,0,0,G,0,0
1362,05.06.2021.,17:30:00,25,25,1,0,0,0,0,G,0,0
1363,05.06.2021.,17:35:00,25,25,1,0,0,0,0,G,0,0
1364,05.06.2021.,17:40:00,25,25,1,0,0,0,0,G,0,0
1365,05.06.2021.,17:45:00,25,25,1,0,0,0,0,G,0,0
1366,05.06.2021.,17:50:00,25,25,1,0,0,0,0,G,0,0
1367,05.06.2021.,17:55:00,25,25,1,0,0,0,0,G,0,0
1368,05.06.2021.,18:00:00,25,25,1,0,0,0,0,G,0,0
1369,05.06.2021.,18:05:00,25,25,1,0,0,0,0,G,0,0
1370,05.06.2021.,18:10:00,25,25,1,0,0,0,0,G,0,0
1371,05.06.2021.,18:15:00,25,25,1,0,0,0,0,G,0,0
1372,05.06.2021.,18:20:00,25,25,1,0,0,0,0,G,0,0
1373,05.06.2021.,18:25:00,25,25,1,0,0,0,0,G,0,0
1374,05.06.2021.,18:30:00,25,25,1,0,0,0,0,G,0,0
1375,05.06.2021.,18:35:00,25,25,1,3,0,0,0,G,0,0
1376,05.06.2021.,18:40:00,25,25,1,3,0,0,0,G,0,0
1377,05.06.2021.,18:45:00,25,25,1,3,0,0,0,G,0,0
1378,05.06.2021.,18:50:00,25,25,1,0,0,0,0,G,0,0
1379,05.06.2021.,18:55:00,25,25,1,0,0,0,0,G,0,0
1380,05.06.2021.,19:00:00,25,25,1,0,0,0,0,G,0,0
1381,05.06.2021.,19:05:00,25,25,1,0,0,0,0,G,0,0
1382,05.06.2021.,19:10:00,25,25,1,0,0,0,0,G,0,0
1383,05.06.2021.,19:15:00,25,25,1,0,0,0,0,G,0,0
1384,05.06.2021.,19:20:00,25,25,1,0,0,0,0,G,0,0
1385,05.06.2021.,19:25:00,25,25,1,0,0,0,0,G,0,0
1386,05.06.2021.,19:30:00,25,25,1,0,0,0,0,G,0,0
1387,05.06.2021.,19:35:00,25,25,1,0,0,0,0,G,0,0
1388,05.06.2021.,19:40:00,25,25,1,0,0,0,0,G,0,0
1389,05.06.2021.,19:45:00,25,25,1,0,0,0,0,G,0,0
1390,05.06.2021.,19:50:00,25,25,1,3,0,0,0,G,0,0
1391,05.06.2021.,19:55:00,25,25,1,3,0,0,0,G,0,0
1392,05.06.2021.,20:00:00,25,25,1,3,0,0,0,G,0,0
1393,05.06.2021.,20:05:00,25,25,1,3,0,0,0,G,0,0
1394,05.06.2021.,20:10:00,25,25,1,0,0,0,0,G,0,0
1395,05.06.2021.,20:15:00,25,25,1,0,0,0,0,G,0,0
1396,05.06.2021.,20:20:00,25,25,1,0,0,0,0,G,0,0
1397,05.06.2021.,20:25:00,25,25,1,0,0,0,0,G,0,0
1398,05.06.2021.,20:30:00,25,25,1,0,0,0,0,G,0,0
1399,05.06.2021.,20:35:00,25,25,1,0,0,0,0,G,0,0
1400,05.06.2021.,20:40:00,25,25,1,0,0,0,0,G,0,0
1401,05.06.2021.,20:45:00,25,25,1,0,0,0,0,G,0,0
1402,05.06.2021.,20:50:00,25,25,1,0,0,0,0,G,0,0
1403,05.06.2021.,20:55:00,25,25,1,0,0,0,0,G,0,0
1404,05.06.2021.,21:00:00,25,25,1,0,0,0,0,G,0,0
1405,05.06.2021.,21:05:00,25,25,1,0,0,0,0,G,0,0
1406,05.06.2021.,21:10:00,25,25,1,0,0,0,0,G,0,0
1407,05.06.2021.,21:15:00,25,25,1,0,0,0,0,G,0,0
1408,05.06.2021.,21:20:00,25,25,1,0,0,0,0,G,0,0
1409,05.06.2021.,21:25:00,25,25,1,0,0,0,0,G,0,0
1410,05.06.2021.,21:30:00,25,25,1,0,0,0,0,G,0,0
1411,05.06.2021.,21:35:00,25,25,1,0,0,0,0,G,0,0
1412,05.06.2021.,21:40:00,25,25,1,0,0,0,0,G,0,0
1413,05.06.2021.,21:45:00,25,25,1,0,0,0,0,G,0,0
1414,05.06.2021.,21:50:00,25,25,1,0,0,0,0,G,0,0
1415,05.06.2021.,21:55:00,25,25,1,0,0,0,0,G,0,0
1416,05.06.2021.,22:00:00,25,25,1,0,0,0,0,G,0,0
1417,05.06.2021.,22:05:00,25,25,1,0,0,0,0,G,0,0
1418,05.06.2021.,22:10:00,25,25,1,0,0,0,0,G,0,0
1419,05.06.2021.,22:15:00,25,25,1,0,0,0,0,G,0,0
1420,05.06.2021.,22:20:00,25,25,1,0,0,0,0,G,0,0
1421,05.06.2021.,22:25:00,20,25,1,2,0,0,0,G,0,0
1422,05.06.2021.,22:30:00,20,25,1,2,0,0,0,G,0,0
1423,05.06.2021.,22:35:00,20,25,1,2,0,0,0,G,0,0
1424,05.06.2021.,22:40:00,20,25,1,2,0,0,0,G,0,0
1425,05.06.2021.,22:45:00,20,25,1,2,0,0,0,G,0,0
1426,05.06.2021.,22:50:00,20,25,1,2,0,0,0,G,0,0
1427,05.06.2021.,22:55:00,20,25,1,2,0,0,0,G,0,0
1428,05.06.2021.,23:00:00,20,25,1,2,0,0,0,G,0,0
1429,05.06.2021.,23:05:00,20,25,1,2,0,0,0,G,0,0
1430,05.06.2021.,23:10:00,20,25,1,2,0,0,0,G,0,0
1431,05.06.2021.,23:15:00,20,25,1,2,0,0,0,G,0,0
1432,05.06.2021.,23:20:00,20,25,1,2,0,0,0,G,0,0
1433,05.06.2021.,23:25:00,20,25,1,2,0,0,0,G,0,0
1434,05.06.2021.,23:30:00,20,25,1,2,0,0,0,G,0,0
1435,05.06.2021.,23:35:00,20,24,1,2,0,0,0,G,0,0
1436,05.06.2021.,23:40:00,20,24,1,2,0,0,0,G,0,0
1437,05.06.2021.,23:45:00,20,24,1,2,0,0,0,G,0,0
1438,05.06.2021.,23:50:00,20,24,1,2,0,0,0,G,0,0
1439,05.06.2021.,23:55:00,20,24,1,2,0,0,0,G,0,0
1440,06.06.2021.,00:00:00,20,24,1,2,0,0,0,G,0,0
1441,06.06.2021.,00:05:00,20,24,1,2,0,0,0,G,0,0
1442,06.06.2021.,00:10:00,20,24,1,2,0,0,0,G,0,0
1443,06.06.2021.,00:15:00,20,24,1,2,0,0,0,G,0,0
1444,06.06.2021.,00:20:00,20,24,1,2,0,0,0,G,0,0
1445,06.06.2021.,00:25:00,20,24,1,2,0,0,0,G,0,0
1446,06.06.2021.,00:30:00,20,24,1,2,0,0,0,G,0,0
1447,06.06.2021.,00:35:00,20,24,1,2,0,0,0,G,0,0
1448,06.06.2021.,00:40:00,20,24,1,2,0,0,0,G,0,0
1449,06.06.2021.,00:45:00,20,24,1,2,0,0,0,G,0,0
1450,06.06.2021.,00:50:00,20,24,1,2,0,0,0,G,0,0
1451,06.06.2021.,00:55:00,20,24,1,2,0,0,0,G,0,0
1452,06.06.2021.,01:00:00,20,24,1,2,0,0,0,G,0,0
1453,06.06.2021.,01:05:00,20,24,1,2,0,0,0,G,0,0
1454,06.06.2021.,01:10:00,20,23,1,2,0,0,0,G,0,0
1455,06.06.2021.,01:15:00,20,23,1,2,0,0,0,G,0,0
1456,06.06.2021.,01:20:00,20,23,1,2,0,0,0,G,0,0
1457,06.06.2021.,01:25:00,20,23,1,2,0,0,0,G,0,0
1458,06.06.2021.,01:30:00,20,23,1,2,0,0,0,G,0,0
1459,06.06.2021.,01:35:00,20,23,1,2,0,0,0,G,0,0
1460,06.06.2021.,01:40:00,20,23,1,2,0,0,0,G,0,0
1461,06.06.2021.,01:45:00,20,23,1,2,0,0,0,G,0,0
1462,06.06.2021.,01:50:00,20,23,1,2,0,0,0,G,0,0
1463,06.06.2021.,01:55:00,20,23,1,2,0,0,0,G,0,0
1464,06.06.2021.,02:00:00,20,23,1,2,0,0,0,G,0,0
1465,06.06.2021.,02:05:00,20,23,1,2,0,0,0,G,0,0
1466,06.06.2021.,02:10:00,20,23,1,2,0,0,0,G,0,0
1467,06.06.2021.,02:15:00,20,23,1,2,0,0,0,G,0,0
1468,06.06.2021.,02:20:00,20,23,1,2,0,0,0,G,0,0
1469,06.06.2021.,02:25:00,20,23,1,2,0,0,0,G,0,0
1470,06.06.2021.,02:30:00,20,23,1,2,0,0,0,G,0,0
1471,06.06.2021.,02:35:00,20,23,0,0,0,0,0,G,0,0
1472,06.06.2021.,02:40:00,20,23,0,0,0,0,0,G,0,0
1473,06.06.2021.,02:45:00,20,23,0,0,0,0,0,G,0,0
1474,06.06.2021.,02:50:00,20,23,0,0,0,0,0,G,0,0
1475,06.06.2021.,02:55:00,20,23,0,0,0,0,0,G,0,0
1476,06.06.2021.,03:00:00,20,23,0,0,0,0,0,G,0,0
1477,06.06.2021.,03:05:00,20,23,0,0,0,0,0,G,0,0
1478,06.06.2021.,03:10:00,20,23,0,0,0,0,0,G,0,0
1479,06.06.2021.,03:15:00,20,23,0,0,0,0,0,G,0,0
1480,06.06.2021.,03:20:00,20,23,0,0,0,0,0,G,0,0
1481,06.06.2021.,03:25:00,20,23,0,0,0,0,0,G,0,0
1482,06.06.2021.,03:30:00,20,23,0,0,0,0,0,G,0,0
1483,06.06.2021.,03:35:00,20,23,0,0,0,0,0,G,0,0
1484,06.06.2021.,03:40:00,20,23,0,0,0,0,0,G,0,0
1485,06.06.2021.,03:45:00,20,23,0,0,0,0,0,G,0,0
1486,06.06.2021.,03:50:00,20,23,0,0,0,0,0,G,0,0
1487,06.06.2021.,03:55:00,20,23,0,0,0,0,0,G,0,0
1488,06.06.2021.,04:00:00,20,23,0,0,0,0,0,G,0,0
1489,06.06.2021.,04:05:00,20,23,0,0,0,0,0,G,0,0
1490,06.06.2021.,04:10:00,20,23,0,0,0,0,0,G,0,0
1491,06.06.2021.,04:15:00,20,23,0,0,0,0,0,G,0,0
1492,06.06.2021.,04:20:00,20,23,0,0,0,0,0,G,0,0
1493,06.06.2021.,04:25:00,20,23,0,0,0,0,0,G,0,0
1494,06.06.2021.,04:30:00,20,23,0,0,0,0,0,G,0,0
1495,06.06.2021.,04:35:00,20,23,0,0,0,0,0,G,0,0
1496,06.06.2021.,04:40:00,20,23,0,0,0,0,0,G,0,0
1497,06.06.2021.,04:45:00,20,23,0,0,0,0,0,G,0,0
1498,06.06.2021.,04:50:00,20,23,0,0,0,0,0,G,0,0
1499,06.06.2021.,04:55:00,20,23,0,0,0,0,0,G,0,0
1500,06.06.2021.,05:00:00,20,23,0,0,0,0,0,G,0,0
1501,06.06.2021.,05:05:00,20,23,0,0,0,0,0,G,0,0
1502,06.06.2021.,05:10:00,20,23,0,0,0,0,0,G,0,0
1503,06.06.2021.,05:15:00,20,23,0,0,0,0,0,G,0,0
1504,06.06.2021.,05:20:00,20,23,0,0,0,0,0,G,0,0
1505,06.06.2021.,05:25:00,20,23,0,0,0,0,0,G,0,0
1506,06.06.2021.,05:30:00,20,23,0,0,0,0,0,G,0,0
1507,06.06.2021.,05:35:00,20,23,0,0,0,0,0,G,0,0
1508,06.06.2021.,05:40:00,20,23,0,0,0,0,0,G,0,0
1509,06.06.2021.,05:45:00,20,23,0,0,0,0,0,G,0,0
1510,06.06.2021.,05:50:00,20,23,0,0,0,0,0,G,0,0
1511,06.06.2021.,05:55:00,20,23,0,0,0,0,0,G,0,0
1512,06.06.2021.,06:00:00,20,23,0,0,0,0,0,G,0,0
1513,06.06.2021.,06:05:00,20,23,0,0,0,0,0,G,0,0
1514,06.06.2021.,06:10:00,20,23,0,0,0,0,0,G,0,0
1515,06.06.2021.,06:15:00,20,23,0,0,0,0,0,G,0,0
1516,06.06.2021.,06:20:00,20,23,0,0,0,0,0,G,0,0
1517,06.06.2021.,06:25:00,20,23,0,0,0,0,0,G,0,0
1518,06.06.2021.,06:30:00,20,23,0,0,0,0,0,G,0,0
1519,06.06.2021.,06:35:00,20,23,0,0,0,0,0,G,0,0
1520,06.06.2021.,06:40:00,20,23,0,0,0,0,0,G,0,0
1521,06.06.2021.,06:45:00,20,23,0,0,0,0,0,G,0,0
1522,06.06.2021.,06:50:00,20,23,0,0,0,0,0,G,0,0
1523,06.06.2021.,06:55:00,20,23,0,0,0,0,0,G,0,0
1524,06.06.2021.,07:00:00,20,23,0,0,0,0,0,G,0,0
1525,06.06.2021.,07:05:00,20,23,0,0,0,0,0,G,0,0
1526,06.06.2021.,07:10:00,20,23,0,0,0,0,0,G,0,0
1527,06.06.2021.,07:15:00,20,23,0,0,0,0,0,G,0,0
1528,06.06.2021.,07:20:00,20,23,0,0,0,0,0,G,0,0
1529,06.06.2021.,07:25:00,20,23,0,0,0,0,0,G,0,0
1530,06.06.2021.,07:30:00,20,23,0,0,0,0,0,G,0,0
1531,06.06.2021.,07:35:00,20,23,0,0,0,0,0,G,0,0
1532,06.06.2021.,07:40:00,20,23,0,0,0,0,0,G,0,0
1533,06.06.2021.,07:45:00,20,23,0,0,0,0,0,G,0,0
1534,06.06.2021.,07:50:00,20,23,0,0,0,0,0,G,0,0
1535,06.06.2021.,07:55:00,20,23,0,0,0,0,0,G,0,0
1536,06.06.2021.,08:00:00,20,23,0,0,0,0,0,G,0,0
1537,06.06.2021.,08:05:00,20,23,0,0,0,0,0,G,0,0
1538,06.06.2021.,08:10:00,20,24,0,0,0,0,0,G,0,0
1539,06.06.2021.,08:15:00,20,24,0,0,0,0,0,G,0,0
1540,06.06.2021.,08:20:00,20,24,0,0,0,0,0,G,0,0
1541,06.06.2021.,08:25:00,20,24,0,0,0,0,0,G,0,0
1542,06.06.2021.,08:30:00,20,24,0,0,0,0,0,G,0,0
1543,06.06.2021.,08:35:00,20,24,0,0,0,0,0,G,0,0
1544,06.06.2021.,08:40:00,20,24,0,0,0,0,0,G,0,0
1545,06.06.2021.,08:45:00,20,24,0,0,0,0,0,G,0,0
1546,06.06.2021.,08:50:00,20,24,0,0,0,0,0,G,0,0
1547,06.06.2021.,08:55:00,20,24,0,0,0,0,0,G,0,0
1548,06.06.2021.,09:00:00,20,24,0,0,0,0,0,G,0,0
1549,06.06.2021.,09:05:00,20,24,0,0,0,0,0,G,0,0
1550,06.06.2021.,09:10:00,20,24,0,0,0,0,0,G,0,0
1551,06.06.2021.,09:15:00,22,24,1,2,0,0,0,G,0,0
1552,06.06.2021.,09:20:00,22,24,1,2,0,0,0,G,0,0
1553,06.06.2021.,09:25:00,22,24,1,2,0,0,0,G,0,0
1554,06.06.2021.,09:30:00,22,24,1,2,0,0,0,G,0,0
1555,06.06.2021.,09:35:00,22,24,1,2,0,0,0,G,0,0
1556,06.06.2021.,09:40:00,22,24,1,2,0,0,0,G,0,0
1557,06.06.2021.,09:45:00,22,24,1,2,0,0,0,G,0,0
1558,06.06.2021.,09:50:00,22,24,1,2,0,0,0,G,0,0
1559,06.06.2021.,09:55:00,22,24,1,2,0,0,0,G,0,0
1560,06.06.2021.,10:00:00,22,24,1,2,0,0,0,G,0,0
1561,06.06.2021.,10:05:00,22,24,1,2,0,0,0,G,0,0
1562,06.06.2021.,10:10:00,22,24,1,2,0,0,0,G,0,0
1563,06.06.2021.,10:15:00,22,23,1,2,0,0,0,G,0,0
1564,06.06.2021.,10:20:00,22,23,1,2,0,0,0,G,0,0
1565,06.06.2021.,10:25:00,22,23,1,2,0,0,0,G,0,0
1566,06.06.2021.,10:30:00,22,23,1,2,0,0,0,G,0,0
1567,06.06.2021.,10:35:00,22,23,1,2,0,0,0,G,0,0
1568,06.06.2021.,10:40:00,22,23,1,2,0,0,0,G,0,0
1569,06.06.2021.,10:45:00,22,23,1,2,0,0,0,G,0,0
1570,06.06.2021.,10:50:00,22,23,1,1,0,0,0,G,0,0
1571,06.06.2021.,10:55:00,22,23,1,1,0,0,0,G,0,0
1572,06.06.2021.,11:00:00,22,23,1,1,0,0,0,G,0,0
1573,06.06.2021.,11:05:00,22,23,1,1,0,0,0,G,0,0
1574,06.06.2021.,11:10:00,22,23,1,1,0,0,0,G,0,0
1575,06.06.2021.,11:15:00,22,23,1,1,0,0,0,G,0,0
1576,06.06.2021.,11:20:00,22,23,1,1,0,0,0,G,0,0
1577,06.06.2021.,11:25:00,22,23,1,1,0,0,0,G,0,0
1578,06.06.2021.,11:30:00,22,23,1,1,0,0,0,G,0,0
1579,06.06.2021.,11:35:00,22,23,1,1,0,0,0,G,0,0
1580,06.06.2021.,11:40:00,22,23,1,1,0,0,0,G,0,0
1581,06.06.2021.,11:45:00,22,23,1,1,0,0,0,G,0,0
1582,06.06.2021.,11:50:00,22,23,1,1,0,0,0,G,0,0
1583,06.06.2021.,11:55:00,22,23,1,1,0,0,0,G,0,0
1584,06.06.2021.,12:00:00,22,23,1,1,0,0,0,G,0,0
1585,06.06.2021.,12:05:00,22,23,1,1,0,0,0,G,0,0
1586,06.06.2021.,12:10:00,22,23,1,1,0,0,0,G,0,0
1587,06.06.2021.,12:15:00,22,23,1,1,0,0,0,G,0,0
1588,06.06.2021.,12:20:00,22,23,1,1,0,0,0,G,0,0
1589,06.06.2021.,12:25:00,22,23,1,1,0,0,0,G,0,0
1590,06.06.2021.,12:30:00,22,23,1,1,0,0,0,G,0,0
1591,06.06.2021.,12:35:00,22,23,1,1,0,0,0,G,0,0
1592,06.06.2021.,12:40:00,22,23,1,1,0,0,0,G,0,0
1593,06.06.2021.,12:45:00,22,23,1,1,0,0,0,G,0,0
1594,06.06.2021.,12:50:00,22,23,1,1,0,0,0,G,0,0
1595,06.06.2021.,12:55:00,22,23,1,1,0,0,0,G,0,0
1596,06.06.2021.,13:00:00,22,23,1,1,0,0,0,G,0,0
1597,06.06.2021.,13:05:00,22,23,1,1,0,0,0,G,0,0
1598,06.06.2021.,13:10:00,22,23,1,1,0,0,0,G,0,0
1599,06.06.2021.,13:15:00,22,23,1,1,0,0,0,G,0,0
1600,06.06.2021.,13:20:00,22,22,1,1,0,0,0,G,0,0
1601,06.06.2021.,13:25:00,22,22,1,1,0,0,0,G,0,0
1602,06.06.2021.,13:30:00,22,22,1,1,0,0,0,G,0,0
1603,06.06.2021.,13:35:00,22,22,1,1,0,0,0,G,0,0
1604,06.06.2021.,13:40:00,22,22,1,1,0,0,0,G,0,0
1605,06.06.2021.,13:45:00,22,22,1,1,0,0,0,G,0,0
1606,06.06.2021.,13:50:00,22,22,1,1,0,0,0,G,0,0
1607,06.06.2021.,13:55:00,22,22,1,1,0,0,0,G,0,0
1608,06.06.2021.,14:00:00,22,22,1,1,0,0,0,G,0,0
1609,06.06.2021.,14:05:00,22,22,1,0,0,0,0,G,0,0
1610,06.06.2021.,14:10:00,22,22,1,0,0,0,0,G,0,0
1611,06.06.2021.,14:15:00,22,22,1,0,0,0,0,G,0,0
1612,06.06.2021.,14:20:00,22,22,1,0,0,0,0,G,0,0
1613,06.06.2021.,14:25:00,22,22,1,0,0,0,0,G,0,0
1614,06.06.2021.,14:30:00,22,22,1,0,0,0,0,G,0,0
1615,06.06.2021.,14:35:00,22,22,1,0,0,0,0,G,0,0
1616,06.06.2021.,14:40:00,22,22,1,0,0,0,0,G,0,0
1617,06.06.2021.,14:45:00,22,22,1,0,0,0,0,G,0,0
1618,06.06.2021.,14:50:00,22,22,1,0,0,0,0,G,0,0
1619,06.06.2021.,14:55:00,22,22,1,0,0,0,0,G,0,0
1620,06.06.2021.,15:00:00,22,22,1,1,0,0,0,G,0,0
1621,06.06.2021.,15:05:00,22,22,1,1,0,0,0,G,0,0
1622,06.06.2021.,15:10:00,22,22,1,1,0,0,0,G,0,0
1623,06.06.2021.,15:15:00,22,22,1,1,0,0,0,G,0,0
1624,06.06.2021.,15:20:00,22,22,1,1,0,0,0,G,0,0
1625,06.06.2021.,15:25:00,22,22,1,1,0,0,0,G,0,0
1626,06.06.2021.,15:30:00,22,22,1,1,0,0,0,G,0,0
1627,06.06.2021.,15:35:00,22,22,1,1,0,0,0,G,0,0
1628,06.06.2021.,15:40:00,22,22,1,1,0,0,0,G,0,0
1629,06.06.2021.,15:45:00,22,22,1,1,0,0,0,G,0,0
1630,06.06.2021.,15:50:00,22,22,1,0,0,0,0,G,0,0
1631,06.06.2021.,15:55:00,22,22,1,0,0,0,0,G,0,0
1632,06.06.2021.,16:00:00,22,22,1,0,0,0,0,G,0,0
1633,06.06.2021.,16:05:00,22,22,1,0,0,0,0,G,0,0
1634,06.06.2021.,16:10:00,22,22,1,0,0,0,0,G,0,0
1635,06.06.2021.,16:15:00,22,22,1,0,0,0,0,G,0,0
1636,06.06.2021.,16:20:00,22,22,1,0,0,0,0,G,0,0
1637,06.06.2021.,16:25:00,22,22,1,0,0,0,0,G,0,0
1638,06.06.2021.,16:30:00,22,22,1,0,0,0,0,G,0,0
1639,06.06.2021.,16:35:00,22,22,1,0,0,0,0,G,0,0
1640,06.06.2021.,16:40:00,22,22,1,0,0,0,0,G,0,0
1641,06.06.2021.,16:45:00,22,22,1,0,0,0,0,G,0,0
1642,06.06.2021.,16:50:00,22,22,1,0,0,0,0,G,0,0
1643,06.06.2021.,16:55:00,22,22,1,1,0,0,0,G,0,0
1644,06.06.2021.,17:00:00,22,22,1,1,0,0,0,G,0,0
1645,06.06.2021.,17:05:00,22,22,1,1,0,0,0,G,0,0
1646,06.06.2021.,17:10:00,22,22,1,1,0,0,0,G,0,0
1647,06.06.2021.,17:15:00,22,22,1,1,0,0,0,G,0,0
1648,06.06.2021.,17:20:00,22,22,1,1,0,0,0,G,0,0
1649,06.06.2021.,17:25:00,22,22,1,1,0,0,0,G,0,0
1650,06.06.2021.,17:30:00,22,22,1,1,0,0,0,G,0,0
1651,06.06.2021.,17:35:00,22,22,1,1,0,0,0,G,0,0
1652,06.06.2021.,17:40:00,22,22,1,1,0,0,0,G,0,0
1653,06.06.2021.,17:45:00,22,22,1,0,0,0,0,G,0,0
1654,06.06.2021.,17:50:00,22,22,1,0,0,0,0,G,0,0
1655,06.06.2021.,17:55:00,22,22,1,0,0,0,0,G,0,0
1656,06.06.2021.,18:00:00,22,22,1,0,0,0,0,G,0,0
1657,06.06.2021.,18:05:00,22,22,1,0,0,0,0,G,0,0
1658,06.06.2021.,18:10:00,22,22,1,0,0,0,0,G,0,0
1659,06.06.2021.,18:15:00,22,22,1,0,0,0,0,G,0,0
1660,06.06.2021.,18:20:00,22,22,1,0,0,0,0,G,0,0
1661,06.06.2021.,18:25:00,22,22,1,0,0,0,0,G,0,0
1662,06.06.2021.,18:30:00,22,22,1,1,0,0,0,G,0,0
1663,06.06.2021.,18:35:00,22,22,1,1,0,0,0,G,0,0
1664,06.06.2021.,18:40:00,22,22,1,1,0,0,0,G,0,0
1665,06.06.2021.,18:45:00,22,22,1,1,0,0,0,G,0,0
1666,06.06.2021.,18:50:00,22,22,1,1,0,0,0,G,0,0
1667,06.06.2021.,18:55:00,22,22,1,1,0,0,0,G,0,0
1668,06.06.2021.,19:00:00,22,22,1,1,0,0,0,G,0,0
1669,06.06.2021.,19:05:00,22,22,1,0,0,0,0,G,0,0
1670,06.06.2021.,19:10:00,22,22,1,0,0,0,0,G,0,0
1671,06.06.2021.,19:15:00,22,22,1,0,0,0,0,G,0,0
1672,06.06.2021.,19:20:00,22,22,1,0,0,0,0,G,0,0
1673,06.06.2021.,19:25:00,22,22,1,0,0,0,0,G,0,0
1674,06.06.2021.,19:30:00,22,22,1,0,0,0,0,G,0,0
1675,06.06.2021.,19:35:00,22,22,1,0,0,0,0,G,0,0
1676,06.06.2021.,19:40:00,22,22,1,0,0,0,0,G,0,0
1677,06.06.2021.,19:45:00,22,22,1,0,0,0,0,G,0,0
1678,06.06.2021.,19:50:00,22,22,1,0,0,0,0,G,0,0
1679,06.06.2021.,19:55:00,22,22,1,0,0,0,0,G,0,0
1680,06.06.2021.,20:00:00,22,22,1,1,0,0,0,G,0,0
1681,06.06.2021.,20:05:00,22,22,1,1,0,0,0,G,0,0
1682,06.06.2021.,20:10:00,22,22,1,1,0,0,0,G,0,0
1683,06.06.2021.,20:15:00,22,22,1,1,0,0,0,G,0,0
1684,06.06.2021.,20:20:00,22,22,1,1,0,0,0,G,0,0
1685,06.06.2021.,20:25:00,22,22,1,1,0,0,0,G,0,0
1686,06.06.2021.,20:30:00,22,22,1,1,0,0,0,G,0,0
1687,06.06.2021.,20:35:00,22,22,1,1,0,0,0,G,0,0
1688,06.06.2021.,20:40:00,22,22,1,0,0,0,0,G,0,0
1689,06.06.2021.,20:45:00,22,22,1,0,0,0,0,G,0,0
1690,06.06.2021.,20:50:00,22,22,1,0,0,0,0,G,0,0
1691,06.06.2021.,20:55:00,22,22,1,0,0,0,0,G,0,0
1692,06.06.2021.,21:00:00,22,22,1,0,0,0,0,G,0,0
1693,06.06.2021.,21:05:00,22,22,1,0,0,0,0,G,0,0
1694,06.06.2021.,21:10:00,22,22,1,0,0,0,0,G,0,0
1695,06.06.2021.,21:15:00,22,22,1,0,0,0,0,G,0,0
1696,06.06.2021.,21:20:00,22,22,1,0,0,0,0,G,0,0
1697,06.06.2021.,21:25:00,22,22,1,0,0,0,0,G,0,0
1698,06.06.2021.,21:30:00,22,22,1,0,0,0,0,G,0,0
1699,06.06.2021.,21:35:00,22,22,1,0,0,0,0,G,0,0
1700,06.06.2021.,21:40:00,22,22,1,0,0,0,0,G,0,0
1701,06.06.2021.,21:45:00,22,22,1,0,0,0,0,G,0,0
1702,06.06.2021.,21:50:00,22,22,1,0,0,0,0,G,0,0
1703,06.06.2021.,21:55:00,22,22,1,0,0,0,0,G,0,0
1704,06.06.2021.,22:00:00,22,22,1,0,0,0,0,G,0,0
1705,06.06.2021.,22:05:00,22,22,1,0,0,0,0,G,0,0
1706,06.06.2021.,22:10:00,22,22,1,0,0,0,0,G,0,0
1707,06.06.2021.,22:15:00,22,22,1,0,0,0,0,G,0,0
1708,06.06.2021.,22:20:00,22,22,1,0,0,0,0,G,0,0
1709,06.06.2021.,22:25:00,22,22,1,0,0,0,0,G,0,0
1710,06.06.2021.,22:30:00,22,22,1,0,0,0,0,G,0,0
1711,06.06.2021.,22:35:00,22,22,1,0,0,0,0,G,0,0
1712,06.06.2021.,22:40:00,22,22,1,0,0,0,0,G,0,0
1713,06.06.2021.,22:45:00,22,22,1,0,0,0,0,G,0,0
1714,06.06.2021.,22:50:00,22,22,1,0,0,0,0,G,0,0
1715,06.06.2021.,22:55:00,22,22,1,0,0,0,0,G,0,0
1716,06.06.2021.,23:00:00,22,22,1,0,0,0,0,G,0,0
1717,06.06.2021.,23:05:00,22,22,1,0,0,0,0,G,0,0
1718,06.06.2021.,23:10:00,22,22,1,0,0,0,0,G,0,0
1719,06.06.2021.,23:15:00,22,22,1,0,0,0,0,G,0,0
1720,06.06.2021.,23:20:00,22,22,1,0,0,0,0,G,0,0
1721,06.06.2021.,23:25:00,22,22,1,0,0,0,0,G,0,0
1722,06.06.2021.,23:30:00,22,22,1,0,0,0,0,G,0,0
1723,06.06.2021.,23:35:00,22,22,1,1,0,0,0,G,0,0
1724,06.06.2021.,23:40:00,22,22,1,1,0,0,0,G,0,0
1725,06.06.2021.,23:45:00,22,22,1,1,0,0,0,G,0,0
1726,06.06.2021.,23:50:00,22,22,1,1,0,0,0,G,0,0
1727,06.06.2021.,23:55:00,22,22,1,1,0,0,0,G,0,0
1728,07.06.2021.,00:00:00,22,22,1,1,0,0,0,G,0,0
1729,07.06.2021.,00:05:00,22,22,1,0,0,0,0,G,0,0
1730,07.06.2021.,00:10:00,22,22,1,0,0,0,0,G,0,0
1731,07.06.2021.,00:15:00,22,22,1,0,0,0,0,G,0,0
1732,07.06.2021.,00:20:00,22,22,1,0,0,0,0,G,0,0
1733,07.06.2021.,00:25:00,22,22,1,0,0,0,0,G,0,0
1734,07.06.2021.,00:30:00,22,22,1,0,0,0,0,G,0,0
1735,07.06.2021.,00:35:00,22,22,1,0,0,0,0,G,0,0
1736,07.06.2021.,00:40:00,22,22,1,0,0,0,0,G,0,0
1737,07.06.2021.,00:45:00,22,22,1,0,0,0,0,G,0,0
1738,07.06.2021.,00:50:00,22,22,1,0,0,0,0,G,0,0
1739,07.06.2021.,00:55:00,22,22,1,0,0,0,0,G,0,0
1740,07.06.2021.,01:00:00,22,22,1,0,0,0,0,G,0,0
1741,07.06.2021.,01:05:00,22,22,1,0,0,0,0,G,0,0
1742,07.06.2021.,01:10:00,22,22,1,0,0,0,0,G,0,0
1743,07.06.2021.,01:15:00,22,22,1,1,0,0,0,G,0,0
1744,07.06.2021.,01:20:00,22,22,1,1,0,0,0,G,0,0
1745,07.06.2021.,01:25:00,22,22,1,1,0,0,0,G,0,0
1746,07.06.2021.,01:30:00,22,22,1,1,0,0,0,G,0,0
1747,07.06.2021.,01:35:00,22,22,1,0,0,0,0,G,0,0
1748,07.06.2021.,01:40:00,22,22,1,0,0,0,0,G,0,0
1749,07.06.2021.,01:45:00,22,22,1,0,0,0,0,G,0,0
1750,07.06.2021.,01:50:00,22,22,1,0,0,0,0,G,0,0
1751,07.06.2021.,01:55:00,22,22,1,0,0,0,0,G,0,0
1752,07.06.2021.,02:00:00,22,22,1,0,0,0,0,G,0,0
1753,07.06.2021.,02:05:00,22,22,1,0,0,0,0,G,0,0
1754,07.06.2021.,02:10:00,22,22,1,0,0,0,0,G,0,0
1755,07.06.2021.,02:15:00,22,22,1,0,0,0,0,G,0,0
1756,07.06.2021.,02:20:00,22,22,1,0,0,0,0,G,0,0
1757,07.06.2021.,02:25:00,22,22,1,0,0,0,0,G,0,0
1758,07.06.2021.,02:30:00,22,22,1,0,0,0,0,G,0,0
1759,07.06.2021.,02:35:00,22,22,1,0,0,0,0,G,0,0
1760,07.06.2021.,02:40:00,22,22,1,0,0,0,0,G,0,0
1761,07.06.2021.,02:45:00,22,22,1,0,0,0,0,G,0,0
1762,07.06.2021.,02:50:00,22,22,1,0,0,0,0,G,0,0
1763,07.06.2021.,02:55:00,22,22,1,0,0,0,0,G,0,0
1764,07.06.2021.,03:00:00,22,22,1,0,0,0,0,G,0,0
1765,07.06.2021.,03:05:00,22,22,1,0,0,0,0,G,0,0
1766,07.06.2021.,03:10:00,22,22,1,0,0,0,0,G,0,0
1767,07.06.2021.,03:15:00,22,22,1,0,0,0,0,G,0,0
1768,07.06.2021.,03:20:00,22,22,1,0,0,0,0,G,0,0
1769,07.06.2021.,03:25:00,22,22,1,0,0,0,0,G,0,0
1770,07.06.2021.,03:30:00,22,22,1,0,0,0,0,G,0,0
1771,07.06.2021.,03:35:00,22,22,1,0,0,0,0,G,0,0
1772,07.06.2021.,03:40:00,22,22,1,0,0,0,0,G,0,0
1773,07.06.2021.,03:45:00,22,22,1,1,0,0,0,G,0,0
1774,07.06.2021.,03:50:00,22,22,1,1,0,0,0,G,0,0
1775,07.06.2021.,03:55:00,22,22,1,1,0,0,0,G,0,0
1776,07.06.2021.,04:00:00,22,22,1,1,0,0,0,G,0,0
1777,07.06.2021.,04:05:00,22,22,1,0,0,0,0,G,0,0
1778,07.06.2021.,04:10:00,22,22,1,0,0,0,0,G,0,0
1779,07.06.2021.,04:15:00,22,22,1,0,0,0,0,G,0,0
1780,07.06.2021.,04:20:00,22,22,1,0,0,0,0,G,0,0
1781,07.06.2021.,04:25:00,22,22,1,0,0,0,0,G,0,0
1782,07.06.2021.,04:30:00,22,22,1,0,0,0,0,G,0,0
1783,07.06.2021.,04:35:00,22,22,1,0,0,0,0,G,0,0
1784,07.06.2021.,04:40:00,22,22,1,0,0,0,0,G,0,0
1785,07.06.2021.,04:45:00,22,22,1,0,0,0,0,G,0,0
1786,07.06.2021.,04:50:00,22,22,1,0,0,0,0,G,0,0
1787,07.06.2021.,04:55:00,22,22,1,0,0,0,0,G,0,0
1788,07.06.2021.,05:00:00,22,22,1,0,0,0,0,G,0,0
1789,07.06.2021.,05:05:00,22,22,1,0,0,0,0,G,0,0
1790,07.06.2021.,05:10:00,22,22,1,0,0,0,0,G,0,0
1791,07.06.2021.,05:15:00,22,22,1,0,0,0,0,G,0,0
1792,07.06.2021.,05:20:00,22,22,1,0,0,0,0,G,0,0
1793,07.06.2021.,05:25:00,22,22,1,0,0,0,0,G,0,0
1794,07.06.2021.,05:30:00,22,22,1,0,0,0,0,G,0,0
1795,07.06.2021.,05:35:00,22,22,1,0,0,0,0,G,0,0
1796,07.06.2021.,05:40:00,22,22,1,1,0,0,0,G,0,0
1797,07.06.2021.,05:45:00,22,22,1,1,0,0,0,G,0,0
1798,07.06.2021.,05:50:00,22,22,1,1,0,0,0,G,0,0
1799,07.06.2021.,05:55:00,22,22,1,1,0,0,0,G,0,0
1800,07.06.2021.,06:00:00,22,22,1,1,0,0,0,G,0,0
1801,07.06.2021.,06:05:00,22,22,1,1,0,0,0,G,0,0
1802,07.06.2021.,06:10:00,22,22,1,0,0,0,0,G,0,0
1803,07.06.2021.,06:15:00,22,22,1,0,0,0,0,G,0,0
1804,07.06.2021.,06:20:00,22,22,1,0,0,0,0,G,0,0
1805,07.06.2021.,06:25:00,22,22,1,0,0,0,0,G,0,0
1806,07.06.2021.,06:30:00,22,22,1,0,0,0,0,G,0,0
1807,07.06.2021.,06:35:00,22,22,1,0,0,0,0,G,0,0
1808,07.06.2021.,06:40:00,22,22,1,0,0,0,0,G,0,0
1809,07.06.2021.,06:45:00,22,22,1,0,0,0,0,G,0,0
1810,07.06.2021.,06:50:00,22,22,1,0,0,0,0,G,0,0
1811,07.06.2021.,06:55:00,22,22,1,0,0,0,0,G,0,0
1812,07.06.2021.,07:00:00,22,22,1,0,0,0,0,G,0,0
1813,07.06.2021.,07:05:00,22,22,1,0,0,0,0,G,0,0
1814,07.06.2021.,07:10:00,22,22,1,0,0,0,0,G,0,0
1815,07.06.2021.,07:15:00,22,22,1,0,0,0,0,G,0,0
1816,07.06.2021.,07:20:00,22,22,1,0,0,0,0,G,0,0
1817,07.06.2021.,07:25:00,22,22,1,0,0,0,0,G,0,0
1818,07.06.2021.,07:30:00,22,22,1,0,0,0,0,G,0,0
1819,07.06.2021.,07:35:00,22,22,1,0,0,0,0,G,0,0
1820,07.06.2021.,07:40:00,22,22,1,0,0,0,0,G,0,0
1821,07.06.2021.,07:45:00,22,22,1,0,0,0,0,G,0,0
1822,07.06.2021.,07:50:00,22,22,1,0,0,0,0,G,0,0
1823,07.06.2021.,07:55:00,22,22,1,0,0,0,0,G,0,0
1824,07.06.2021.,08:00:00,22,22,1,0,0,0,0,G,0,0
1825,07.06.2021.,08:05:00,22,22,1,0,0,0,0,G,0,0
1826,07.06.2021.,08:10:00,22,22,1,0,0,0,0,G,0,0
1827,07.06.2021.,08:15:00,22,22,1,0,0,0,0,G,0,0
1828,07.06.2021.,08:20:00,22,22,1,0,0,0,0,G,0,0
1829,07.06.2021.,08:25:00,22,22,1,0,0,0,0,G,0,0
1830,07.06.2021.,08:30:00,22,22,1,0,0,0,0,G,0,0
1831,07.06.2021.,08:35:00,22,22,1,0,0,0,0,G,0,0
1832,07.06.2021.,08:40:00,22,22,1,0,0,0,0,G,0,0
1833,07.06.2021.,08:45:00,22,22,1,0,0,0,0,G,0,0
1834,07.06.2021.,08:50:00,22,22,1,0,0,0,0,G,0,0
1835,07.06.2021.,08:55:00,22,22,1,0,0,0,0,G,0,0
1836,07.06.2021.,09:00:00,22,22,1,0,0,0,0,G,0,0
1837,07.06.2021.,09:05:00,22,22,1,0,0,0,0,G,0,0
1838,07.06.2021.,09:10:00,22,22,1,0,0,0,0,G,0,0
1839,07.06.2021.,09:15:00,22,22,1,0,0,0,0,G,0,0
1840,07.06.2021.,09:20:00,22,22,1,0,0,0,0,G,0,0
1841,07.06.2021.,09:25:00,22,22,1,0,0,0,0,G,0,0
1842,07.06.2021.,09:30:00,22,22,1,0,0,0,0,G,0,0
1843,07.06.2021.,09:35:00,22,22,1,0,0,0,0,G,0,0
1844,07.06.2021.,09:40:00,22,22,1,0,0,0,0,G,0,0
1845,07.06.2021.,09:45:00,22,22,1,0,0,0,0,G,0,0
1846,07.06.2021.,09:50:00,22,22,1,0,0,0,0,G,0,0
1847,07.06.2021.,09:55:00,22,22,1,0,0,0,0,G,0,0
1848,07.06.2021.,10:00:00,22,22,1,0,0,0,0,G,0,0
1849,07.06.2021.,10:05:00,22,22,1,0,0,0,0,G,0,0
1850,07.06.2021.,10:10:00,22,22,1,1,0,0,0,G,0,0
1851,07.06.2021.,10:15:00,22,22,1,1,0,0,0,G,0,0
1852,07.06.2021.,10:20:00,22,22,1,1,0,0,0,G,0,0
1853,07.06.2021.,10:25:00,22,22,1,1,0,0,0,G,0,0
1854,07.06.2021.,10:30:00,22,22,1,1,0,0,0,G,0,0
1855,07.06.2021.,10:35:00,22,22,1,1,0,0,0,G,0,0
1856,07.06.2021.,10:40:00,22,22,1,1,0,0,0,G,0,0
1857,07.06.2021.,10:45:00,22,22,1,1,0,0,0,G,0,0
1858,07.06.2021.,10:50:00,22,22,1,1,0,0,0,G,0,0
1859,07.06.2021.,10:55:00,22,22,1,1,0,0,0,G,0,0
1860,07.06.2021.,11:00:00,22,22,1,1,0,0,0,G,0,0
1861,07.06.2021.,11:05:00,22,22,1,1,0,0,0,G,0,0
1862,07.06.2021.,11:10:00,22,22,1,0,0,0,0,G,0,0
1863,07.06.2021.,11:15:00,22,22,1,0,0,0,0,G,0,0
1864,07.06.2021.,11:20:00,22,22,1,0,0,0,0,G,0,0
1865,07.06.2021.,11:25:00,22,22,1,0,0,0,0,G,0,0
1866,07.06.2021.,11:30:00,22,22,1,0,0,0,0,G,0,0
1867,07.06.2021.,11:35:00,22,22,1,0,0,0,0,G,0,0
1868,07.06.2021.,11:40:00,22,22,1,0,0,0,0,G,0,0
1869,07.06.2021.,11:45:00,22,22,1,0,0,0,0,G,0,0
1870,07.06.2021.,11:50:00,22,22,1,0,0,0,0,G,0,0
1871,07.06.2021.,11:55:00,22,22,1,1,0,0,0,G,0,0
1872,07.06.2021.,12:00:00,22,22,1,1,0,0,0,G,0,0
1873,07.06.2021.,12:05:00,22,22,1,1,0,0,0,G,0,0
1874,07.06.2021.,12:10:00,22,22,1,1,0,0,0,G,0,0
1875,07.06.2021.,12:15:00,22,22,1,1,0,0,0,G,0,0
1876,07.06.2021.,12:20:00,22,22,1,1,0,0,0,G,0,0
1877,07.06.2021.,12:25:00,22,22,1,1,0,0,0,G,0,0
1878,07.06.2021.,12:30:00,22,22,1,1,0,0,0,G,0,0
1879,07.06.2021.,12:35:00,22,22,1,1,0,0,0,G,0,0
1880,07.06.2021.,12:40:00,22,22,1,1,0,0,0,G,0,0
1881,07.06.2021.,12:45:00,22,22,1,1,0,0,0,G,0,0
1882,07.06.2021.,12:50:00,22,22,1,1,0,0,0,G,0,0
1883,07.06.2021.,12:55:00,22,22,1,1,0,0,0,G,0,0
1884,07.06.2021.,13:00:00,22,22,1,1,0,0,0,G,0,0
1885,07.06.2021.,13:05:00,22,22,1,0,0,0,0,G,0,0
1886,07.06.2021.,13:10:00,22,22,1,0,0,0,0,G,0,0
1887,07.06.2021.,13:15:00,22,22,1,0,0,0,0,G,0,0
1888,07.06.2021.,13:20:00,22,22,1,0,0,1,0,G,0,0
1889,07.06.2021.,13:25:00,22,22,1,0,0,1,0,G,0,0
1890,07.06.2021.,13:30:00,22,22,1,0,0,1,1,G,0,0
1891,07.06.2021.,13:35:00,22,22,1,0,0,1,1,G,0,0
1892,07.06.2021.,13:40:00,22,22,1,0,0,0,1,G,0,0
1893,07.06.2021.,13:45:00,22,22,1,0,0,1,1,G,0,0
1894,07.06.2021.,13:50:00,22,22,1,0,0,0,1,G,0,0
1895,07.06.2021.,13:55:00,22,22,1,0,0,1,1,G,0,0
1896,07.06.2021.,14:00:00,22,23,1,1,0,1,0,G,0,0
1897,07.06.2021.,14:05:00,22,23,1,1,0,0,0,G,0,0
1898,07.06.2021.,14:10:00,22,23,1,1,0,0,0,G,0,0
1899,07.06.2021.,14:15:00,22,23,1,1,0,0,0,G,0,0
1900,07.06.2021.,14:20:00,22,23,1,1,0,0,0,G,0,0
1901,07.06.2021.,14:25:00,22,23,1,1,0,0,0,G,0,0
1902,07.06.2021.,14:30:00,22,23,1,1,0,0,0,G,0,0
1903,07.06.2021.,14:35:00,22,23,1,1,0,0,0,G,0,0
1904,07.06.2021.,14:40:00,22,23,1,1,0,0,0,G,0,0
1905,07.06.2021.,14:45:00,22,23,1,1,0,0,0,G,0,0
1906,07.06.2021.,14:50:00,22,23,1,1,0,0,0,G,0,0
1907,07.06.2021.,14:55:00,22,23,1,1,0,0,0,G,0,0
1908,07.06.2021.,15:00:00,22,22,1,1,0,1,0,G,0,0
1909,07.06.2021.,15:05:00,22,22,1,1,0,0,0,G,0,0
1910,07.06.2021.,15:10:00,22,22,1,1,0,0,0,G,0,0
1911,07.06.2021.,15:15:00,22,22,1,1,0,0,0,G,0,0
1912,07.06.2021.,15:20:00,22,22,1,1,0,0,0,G,0,0
1913,07.06.2021.,15:25:00,22,22,1,1,0,0,0,G,0,0
1914,07.06.2021.,15:30:00,22,22,1,1,0,0,0,G,0,0
1915,07.06.2021.,15:35:00,22,22,1,1,0,0,0,G,0,0
1916,07.06.2021.,15:40:00,22,22,1,0,0,0,0,G,0,0
1917,07.06.2021.,15:45:00,22,22,1,0,0,0,0,G,0,0
1918,07.06.2021.,15:50:00,22,22,1,0,0,0,0,G,0,0
1919,07.06.2021.,15:55:00,22,22,1,0,0,0,0,G,0,0
1920,07.06.2021.,16:00:00,22,22,1,0,0,0,0,G,0,0
1921,07.06.2021.,16:05:00,22,22,1,0,0,0,0,G,0,0
1922,07.06.2021.,16:10:00,22,22,1,0,0,0,0,G,0,0
1923,07.06.2021.,16:15:00,22,22,1,0,0,0,0,G,0,0
1924,07.06.2021.,16:20:00,22,22,1,0,0,0,0,G,0,0
1925,07.06.2021.,16:25:00,22,22,1,0,0,0,0,G,0,0
1926,07.06.2021.,16:30:00,22,22,1,0,0,0,0,G,0,0
1927,07.06.2021.,16:35:00,22,22,1,0,0,0,0,G,0,0
1928,07.06.2021.,16:40:00,22,22,1,1,0,0,0,G,0,0
1929,07.06.2021.,16:45:00,22,22,1,1,0,0,0,G,0,0
1930,07.06.2021.,16:50:00,22,22,1,1,0,0,0,G,0,0
1931,07.06.2021.,16:55:00,22,22,1,1,0,0,0,G,0,0
1932,07.06.2021.,17:00:00,22,22,1,1,0,0,0,G,0,0
1933,07.06.2021.,17:05:00,22,22,1,1,0,0,0,G,0,0
1934,07.06.2021.,17:10:00,22,22,1,1,0,0,0,G,0,0
1935,07.06.2021.,17:15:00,22,22,1,1,0,0,0,G,0,0
1936,07.06.2021.,17:20:00,22,22,1,0,0,0,0,G,0,0
1937,07.06.2021.,17:25:00,22,22,1,0,0,0,0,G,0,0
1938,07.06.2021.,17:30:00,22,22,1,0,0,0,0,G,0,0
1939,07.06.2021.,17:35:00,22,22,1,0,0,0,0,G,0,0
1940,07.06.2021.,17:40:00,22,22,1,0,0,0,0,G,0,0
1941,07.06.2021.,17:45:00,22,22,1,0,0,0,0,G,0,0
1942,07.06.2021.,17:50:00,22,22,1,0,0,0,0,G,0,0
1943,07.06.2021.,17:55:00,22,22,1,0,0,0,0,G,0,0
1944,07.06.2021.,18:00:00,22,22,1,0,0,0,0,G,0,0
1945,07.06.2021.,18:05:00,22,22,1,0,0,0,0,G,0,0
1946,07.06.2021.,18:10:00,22,22,1,0,0,0,0,G,0,0
1947,07.06.2021.,18:15:00,22,22,1,0,0,0,0,G,0,0
1948,07.06.2021.,18:20:00,22,22,1,0,0,0,0,G,0,0
1949,07.06.2021.,18:25:00,22,22,1,0,0,0,0,G,0,0
1950,07.06.2021.,18:30:00,22,22,1,0,0,0,0,G,0,0
1951,07.06.2021.,18:35:00,22,22,1,1,0,0,0,G,0,0
1952,07.06.2021.,18:40:00,22,22,1,1,0,0,0,G,0,0
1953,07.06.2021.,18:45:00,22,22,1,1,0,0,0,G,0,0
1954,07.06.2021.,18:50:00,22,22,1,1,0,0,0,G,0,0
1955,07.06.2021.,18:55:00,22,22,1,1,0,0,0,G,0,0
1956,07.06.2021.,19:00:00,22,22,1,1,0,0,0,G,0,0
1957,07.06.2021.,19:05:00,22,22,1,1,0,0,0,G,0,0
1958,07.06.2021.,19:10:00,22,22,1,1,0,0,0,G,0,0
1959,07.06.2021.,19:15:00,22,22,1,1,0,0,0,G,0,0
1960,07.06.2021.,19:20:00,22,22,1,0,0,0,0,G,0,0
1961,07.06.2021.,19:25:00,22,22,1,0,0,0,0,G,0,0
1962,07.06.2021.,19:30:00,22,22,1,0,0,0,0,G,0,0
1963,07.06.2021.,19:35:00,22,22,1,0,0,0,0,G,0,0
1964,07.06.2021.,19:40:00,22,22,1,0,0,0,0,G,0,0
1965,07.06.2021.,19:45:00,22,22,1,0,0,0,0,G,0,0
1966,07.06.2021.,19:50:00,22,22,1,0,0,0,0,G,0,0
1967,07.06.2021.,19:55:00,22,22,1,0,0,0,0,G,0,0
1968,07.06.2021.,20:00:00,22,22,1,0,0,0,0,G,0,0
1969,07.06.2021.,20:05:00,22,22,1,0,0,0,0,G,0,0
1970,07.06.2021.,20:10:00,22,22,1,0,0,0,0,G,0,0
1971,07.06.2021.,20:15:00,22,22,1,0,0,0,0,G,0,0
1972,07.06.2021.,20:20:00,22,22,1,0,0,0,0,G,0,0
1973,07.06.2021.,20:25:00,22,22,1,0,0,0,0,G,0,0
1974,07.06.2021.,20:30:00,22,22,1,1,0,0,0,G,0,0
1975,07.06.2021.,20:35:00,22,22,1,1,0,0,0,G,0,0
1976,07.06.2021.,20:40:00,22,22,1,1,0,0,0,G,0,0
1977,07.06.2021.,20:45:00,22,22,1,1,0,0,0,G,0,0
1978,07.06.2021.,20:50:00,22,22,1,1,0,0,0,G,0,0
1979,07.06.2021.,20:55:00,22,22,1,0,0,0,0,G,0,0
1980,07.06.2021.,21:00:00,22,22,1,0,0,0,0,G,0,0
1981,07.06.2021.,21:05:00,22,22,1,0,0,0,0,G,0,0
1982,07.06.2021.,21:10:00,22,22,1,0,0,0,0,G,0,0
1983,07.06.2021.,21:15:00,22,22,1,0,0,0,0,G,0,0
1984,07.06.2021.,21:20:00,22,22,1,0,0,0,0,G,0,0
1985,07.06.2021.,21:25:00,22,22,1,0,0,0,0,G,0,0
1986,07.06.2021.,21:30:00,22,22,1,0,0,0,0,G,0,0
1987,07.06.2021.,21:35:00,22,22,1,0,0,0,0,G,0,0
1988,07.06.2021.,21:40:00,22,22,1,0,0,0,0,G,0,0
1989,07.06.2021.,21:45:00,22,22,1,0,0,0,0,G,0,0
1990,07.06.2021.,21:50:00,22,22,1,0,0,0,0,G,0,0
1991,07.06.2021.,21:55:00,22,22,1,0,0,0,0,G,0,0
1992,07.06.2021.,22:00:00,22,22,1,0,0,0,0,G,0,0
1993,07.06.2021.,22:05:00,22,22,1,0,0,0,0,G,0,0
1994,07.06.2021.,22:10:00,22,22,1,0,0,0,0,G,0,0
1995,07.06.2021.,22:15:00,22,22,1,0,0,0,0,G,0,0
1996,07.06.2021.,22:20:00,22,22,1,0,0,0,0,G,0,0
1997,07.06.2021.,22:25:00,22,22,1,0,0,0,0,G,0,0
1998,07.06.2021.,22:30:00,22,22,1,0,0,0,0,G,0,0
1999,07.06.2021.,22:35:00,22,22,1,0,0,0,0,G,0,0
2000,07.06.2021.,22:40:00,22,22,1,0,0,0,0,G,0,0
2001,07.06.2021.,22:45:00,22,22,1,0,0,0,0,G,0,0
2002,07.06.2021.,22:50:00,22,22,1,0,0,0,0,G,0,0
2003,07.06.2021.,22:55:00,22,22,1,0,0,0,0,G,0,0
2004,07.06.2021.,23:00:00,22,22,1,0,0,0,0,G,0,0
2005,07.06.2021.,23:05:00,22,22,1,0,0,0,0,G,0,0
2006,07.06.2021.,23:10:00,22,22,1,0,0,0,0,G,0,0
2007,07.06.2021.,23:15:00,22,22,1,0,0,0,0,G,0,0
2008,07.06.2021.,23:20:00,22,22,1,0,0,0,0,G,0,0
2009,07.06.2021.,23:25:00,22,22,1,0,0,0,0,G,0,0
2010,07.06.2021.,23:30:00,22,22,1,0,0,0,0,G,0,0
2011,07.06.2021.,23:35:00,22,22,1,0,0,0,0,G,0,0
2012,07.06.2021.,23:40:00,22,22,1,0,0,0,0,G,0,0
2013,07.06.2021.,23:45:00,22,22,1,0,0,0,0,G,0,0
2014,07.06.2021.,23:50:00,22,22,1,0,0,0,0,G,0,0
2015,07.06.2021.,23:55:00,22,22,1,0,0,0,0,G,0,0
2016,08.06.2021.,00:00:00,22,22,1,0,0,0,0,G,0,0
2017,08.06.2021.,00:05:00,22,22,1,0,0,0,0,G,0,0
2018,08.06.2021.,00:10:00,22,22,1,1,0,0,0,G,0,0
2019,08.06.2021.,00:15:00,22,22,1,1,0,0,0,G,0,0
2020,08.06.2021.,00:20:00,22,22,1,1,0,0,0,G,0,0
2021,08.06.2021.,00:25:00,22,22,1,1,0,0,0,G,0,0
2022,08.06.2021.,00:30:00,22,22,1,1,0,0,0,G,0,0
2023,08.06.2021.,00:35:00,22,22,1,1,0,0,0,G,0,0
2024,08.06.2021.,00:40:00,22,22,1,0,0,0,0,G,0,0
2025,08.06.2021.,00:45:00,22,22,1,0,0,0,0,G,0,0
2026,08.06.2021.,00:50:00,22,22,1,0,0,0,0,G,0,0
2027,08.06.2021.,00:55:00,22,22,1,0,0,0,0,G,0,0
2028,08.06.2021.,01:00:00,22,22,1,0,0,0,0,G,0,0
2029,08.06.2021.,01:05:00,22,22,1,0,0,0,0,G,0,0
2030,08.06.2021.,01:10:00,22,22,1,0,0,0,0,G,0,0
2031,08.06.2021.,01:15:00,22,22,1,0,0,0,0,G,0,0
2032,08.06.2021.,01:20:00,22,22,1,0,0,0,0,G,0,0
2033,08.06.2021.,01:25:00,22,22,1,0,0,0,0,G,0,0
2034,08.06.2021.,01:30:00,22,22,1,0,0,0,0,G,0,0
2035,08.06.2021.,01:35:00,22,22,1,0,0,0,0,G,0,0
2036,08.06.2021.,01:40:00,22,22,1,0,0,0,0,G,0,0
2037,08.06.2021.,01:45:00,22,22,1,0,0,0,0,G,0,0
2038,08.06.2021.,01:50:00,22,22,1,0,0,0,0,G,0,0
2039,08.06.2021.,01:55:00,22,22,1,0,0,0,0,G,0,0
2040,08.06.2021.,02:00:00,22,22,1,0,0,0,0,G,0,0
2041,08.06.2021.,02:05:00,22,22,1,0,0,0,0,G,0,0
2042,08.06.2021.,02:10:00,22,22,1,0,0,0,0,G,0,0
2043,08.06.2021.,02:15:00,22,22,1,0,0,0,0,G,0,0
2044,08.06.2021.,02:20:00,22,22,1,0,0,0,0,G,0,0
2045,08.06.2021.,02:25:00,22,22,1,0,0,0,0,G,0,0
2046,08.06.2021.,02:30:00,22,22,1,0,0,0,0,G,0,0
2047,08.06.2021.,02:35:00,22,22,1,0,0,0,0,G,0,0
2048,08.06.2021.,02:40:00,22,22,1,0,0,0,0,G,0,0
2049,08.06.2021.,02:45:00,22,22,1,0,0,0,0,G,0,0
2050,08.06.2021.,02:50:00,22,22,1,0,0,0,0,G,0,0
2051,08.06.2021.,02:55:00,22,22,1,0,0,0,0,G,0,0
2052,08.06.2021.,03:00:00,22,22,1,0,0,0,0,G,0,0
2053,08.06.2021.,03:05:00,22,22,1,0,0,0,0,G,0,0
2054,08.06.2021.,03:10:00,22,22,1,0,0,0,0,G,0,0
2055,08.06.2021.,03:15:00,22,22,1,0,0,0,0,G,0,0
2056,08.06.2021.,03:20:00,22,22,1,0,0,0,0,G,0,0
2057,08.06.2021.,03:25:00,22,22,1,0,0,0,0,G,0,0
2058,08.06.2021.,03:30:00,22,22,1,0,0,0,0,G,0,0
2059,08.06.2021.,03:35:00,22,22,1,0,0,0,0,G,0,0
2060,08.06.2021.,03:40:00,22,22,1,1,0,0,0,G,0,0
2061,08.06.2021.,03:45:00,22,22,1,1,0,0,0,G,0,0
2062,08.06.2021.,03:50:00,22,22,1,1,0,0,0,G,0,0
2063,08.06.2021.,03:55:00,22,22,1,1,0,0,0,G,0,0
2064,08.06.2021.,04:00:00,22,22,1,0,0,0,0,G,0,0
2065,08.06.2021.,04:05:00,22,22,1,0,0,0,0,G,0,0
2066,08.06.2021.,04:10:00,22,22,1,0,0,0,0,G,0,0
2067,08.06.2021.,04:15:00,22,22,1,0,0,0,0,G,0,0
2068,08.06.2021.,04:20:00,22,22,1,0,0,0,0,G,0,0
2069,08.06.2021.,04:25:00,22,22,1,0,0,0,0,G,0,0
2070,08.06.2021.,04:30:00,22,22,1,0,0,0,0,G,0,0
2071,08.06.2021.,04:35:00,22,22,1,0,0,0,0,G,0,0
2072,08.06.2021.,04:40:00,22,22,1,0,0,0,0,G,0,0
2073,08.06.2021.,04:45:00,22,22,1,0,0,0,0,G,0,0
2074,08.06.2021.,04:50:00,22,22,1,0,0,0,0,G,0,0
2075,08.06.2021.,04:55:00,22,22,1,0,0,0,0,G,0,0
2076,08.06.2021.,05:00:00,22,22,1,0,0,0,0,G,0,0
2077,08.06.2021.,05:05:00,22,22,1,0,0,0,0,G,0,0
2078,08.06.2021.,05:10:00,22,22,1,0,0,0,0,G,0,0
2079,08.06.2021.,05:15:00,22,22,1,0,0,0,0,G,0,0
2080,08.06.2021.,05:20:00,22,22,1,0,0,0,0,G,0,0
2081,08.06.2021.,05:25:00,22,22,1,0,0,0,0,G,0,0
2082,08.06.2021.,05:30:00,22,22,1,0,0,0,0,G,0,0
2083,08.06.2021.,05:35:00,22,22,1,0,0,0,0,G,0,0
2084,08.06.2021.,05:40:00,22,22,1,0,0,0,0,G,0,0
2085,08.06.2021.,05:45:00,22,22,1,0,0,0,0,G,0,0
2086,08.06.2021.,05:50:00,22,22,1,0,0,0,0,G,0,0
2087,08.06.2021.,05:55:00,22,22,1,0,0,0,0,G,0,0
2088,08.06.2021.,06:00:00,22,22,1,0,0,0,0,G,0,0
2089,08.06.2021.,06:05:00,22,22,1,0,0,0,0,G,0,0
2090,08.06.2021.,06:10:00,22,22,1,0,0,0,0,G,0,0
2091,08.06.2021.,06:15:00,22,22,1,0,0,0,0,G,0,0
2092,08.06.2021.,06:20:00,22,22,1,0,0,0,0,G,0,0
2093,08.06.2021.,06:25:00,22,22,1,0,0,0,0,G,0,0
2094,08.06.2021.,06:30:00,22,22,1,0,0,0,0,G,0,0
2095,08.06.2021.,06:35:00,22,22,1,0,0,0,0,G,0,0
2096,08.06.2021.,06:40:00,22,22,1,0,0,0,0,G,0,0
2097,08.06.2021.,06:45:00,22,22,1,0,0,0,0,G,0,0
2098,08.06.2021.,06:50:00,22,22,1,0,0,0,0,G,0,0
2099,08.06.2021.,06:55:00,22,22,1,0,0,0,0,G,0,0
2100,08.06.2021.,07:00:00,22,22,1,0,0,0,0,G,0,0
2101,08.06.2021.,07:05:00,22,22,1,0,0,0,0,G,0,0
2102,08.06.2021.,07:10:00,22,22,1,0,0,0,0,G,0,0
2103,08.06.2021.,07:15:00,22,22,1,0,0,0,0,G,0,0
2104,08.06.2021.,07:20:00,22,22,1,0,0,0,0,G,0,0
2105,08.06.2021.,07:25:00,22,22,1,0,0,0,0,G,0,0
2106,08.06.2021.,07:30:00,22,22,1,0,0,0,0,G,0,0
2107,08.06.2021.,07:35:00,22,22,1,0,0,0,0,G,0,0
2108,08.06.2021.,07:40:00,22,22,1,0,0,0,0,G,0,0
2109,08.06.2021.,07:45:00,22,22,1,0,0,0,0,G,0,0
2110,08.06.2021.,07:50:00,22,22,1,0,0,0,0,G,0,0
2111,08.06.2021.,07:55:00,22,22,1,0,0,0,0,G,0,0
2112,08.06.2021.,08:00:00,22,22,1,0,0,0,0,G,0,0
2113,08.06.2021.,08:05:00,22,22,1,0,0,0,0,G,0,0
2114,08.06.2021.,08:10:00,22,22,1,0,0,0,0,G,0,0
2115,08.06.2021.,08:15:00,22,22,1,0,0,0,0,G,0,0
2116,08.06.2021.,08:20:00,22,22,1,0,0,0,0,G,0,0
2117,08.06.2021.,08:25:00,22,22,1,0,0,0,0,G,0,0
2118,08.06.2021.,08:30:00,22,22,1,1,0,0,0,G,0,0
2119,08.06.2021.,08:35:00,22,22,1,1,0,0,0,G,0,0
2120,08.06.2021.,08:40:00,22,22,1,1,0,0,0,G,0,0
2121,08.06.2021.,08:45:00,22,22,1,1,0,0,0,G,0,0
2122,08.06.2021.,08:50:00,22,22,1,1,0,0,0,G,0,0
2123,08.06.2021.,08:55:00,22,22,1,1,0,0,0,G,0,0
2124,08.06.2021.,09:00:00,22,22,1,1,0,0,0,G,0,0
2125,08.06.2021.,09:05:00,22,22,1,1,0,0,0,G,0,0
2126,08.06.2021.,09:10:00,22,22,1,1,0,0,0,G,0,0
2127,08.06.2021.,09:15:00,22,22,1,1,0,0,0,G,0,0
2128,08.06.2021.,09:20:00,22,22,1,1,0,0,0,G,0,0
2129,08.06.2021.,09:25:00,22,22,1,1,0,0,0,G,0,0
2130,08.06.2021.,09:30:00,22,22,1,1,0,0,0,G,0,0
2131,08.06.2021.,09:35:00,22,22,1,1,0,0,0,G,0,0
2132,08.06.2021.,09:40:00,22,22,1,1,0,0,0,G,0,0
2133,08.06.2021.,09:45:00,22,22,1,1,0,0,0,G,0,0
2134,08.06.2021.,09:50:00,22,22,1,1,0,0,0,G,0,0
2135,08.06.2021.,09:55:00,22,22,1,1,0,0,0,G,0,0
2136,08.06.2021.,10:00:00,22,22,1,1,0,0,0,G,0,0
2137,08.06.2021.,10:05:00,22,22,1,1,0,0,0,G,0,0
2138,08.06.2021.,10:10:00,22,22,1,1,0,0,0,G,0,0
2139,08.06.2021.,10:15:00,22,22,1,1,0,0,0,G,0,0
2140,08.06.2021.,10:20:00,22,22,1,1,0,0,0,G,0,0
2141,08.06.2021.,10:25:00,22,22,1,1,0,0,0,G,0,0
2142,08.06.2021.,10:30:00,22,22,1,1,0,0,0,G,0,0
2143,08.06.2021.,10:35:00,22,22,1,1,0,0,0,G,0,0
2144,08.06.2021.,10:40:00,22,22,1,1,0,0,0,G,0,0
2145,08.06.2021.,10:45:00,22,22,1,1,0,0,0,G,0,0
2146,08.06.2021.,10:50:00,22,23,1,1,0,0,0,G,0,0
2147,08.06.2021.,10:55:00,22,23,1,1,0,0,0,G,0,0
2148,08.06.2021.,11:00:00,22,23,1,1,0,0,0,G,0,0
2149,08.06.2021.,11:05:00,22,23,1,1,0,0,0,G,0,0
2150,08.06.2021.,11:10:00,22,23,1,1,0,0,0,G,0,0
2151,08.06.2021.,11:15:00,22,23,1,1,0,0,0,G,0,0
2152,08.06.2021.,11:20:00,22,23,1,1,0,0,0,G,0,0
2153,08.06.2021.,11:25:00,22,23,1,1,0,0,0,G,0,0
2154,08.06.2021.,11:30:00,22,23,1,1,0,0,0,G,0,0
2155,08.06.2021.,11:35:00,22,23,1,1,0,0,0,G,0,0
2156,08.06.2021.,11:40:00,22,23,1,1,0,0,0,G,0,0
2157,08.06.2021.,11:45:00,22,23,1,1,0,0,0,G,0,0
2158,08.06.2021.,11:50:00,22,23,1,1,0,0,0,G,0,0
2159,08.06.2021.,11:55:00,22,23,1,1,0,0,0,G,0,0
2160,08.06.2021.,12:00:00,22,23,1,1,0,0,0,G,0,0
2161,08.06.2021.,12:05:00,22,23,1,1,0,0,0,G,0,0
2162,08.06.2021.,12:10:00,22,23,1,1,0,0,0,G,0,0
2163,08.06.2021.,12:15:00,22,23,1,1,0,0,0,G,0,0
2164,08.06.2021.,12:20:00,22,23,1,1,0,0,0,G,0,0
2165,08.06.2021.,12:25:00,22,23,1,1,0,0,0,G,0,0
2166,08.06.2021.,12:30:00,22,23,1,1,0,0,0,G,0,0
2167,08.06.2021.,12:35:00,22,23,1,1,0,0,0,G,0,0
2168,08.06.2021.,12:40:00,22,23,1,1,0,0,0,G,0,0
2169,08.06.2021.,12:45:00,22,23,1,1,0,0,0,G,0,0
2170,08.06.2021.,12:50:00,22,23,1,1,0,0,0,G,0,0
2171,08.06.2021.,12:55:00,22,23,1,1,0,0,0,G,0,0
2172,08.06.2021.,13:00:00,22,23,1,1,0,0,0,G,0,0
2173,08.06.2021.,13:05:00,22,23,1,1,0,0,0,G,0,0
2174,08.06.2021.,13:10:00,22,23,1,1,0,0,0,G,0,0
2175,08.06.2021.,13:15:00,22,23,1,1,0,0,0,G,0,0
2176,08.06.2021.,13:20:00,22,23,1,1,0,0,0,G,0,0
2177,08.06.2021.,13:25:00,22,23,1,1,0,0,0,G,0,0
2178,08.06.2021.,13:30:00,22,23,1,1,0,0,0,G,0,0
2179,08.06.2021.,13:35:00,22,23,1,1,0,0,0,G,0,0
2180,08.06.2021.,13:40:00,22,23,1,1,0,0,0,G,0,0
2181,08.06.2021.,13:45:00,22,23,1,1,0,0,0,G,0,0
2182,08.06.2021.,13:50:00,22,23,1,1,0,0,0,G,0,0
2183,08.06.2021.,13:55:00,22,23,1,1,0,0,0,G,0,0
2184,08.06.2021.,14:00:00,22,23,1,1,0,0,0,G,0,0
2185,08.06.2021.,14:05:00,22,22,1,1,0,0,0,G,0,0
2186,08.06.2021.,14:10:00,22,22,1,1,0,0,0,G,0,0
2187,08.06.2021.,14:15:00,22,22,1,1,0,0,0,G,0,0
2188,08.06.2021.,14:20:00,22,22,1,1,0,0,0,G,0,0
2189,08.06.2021.,14:25:00,22,22,1,1,0,0,0,G,0,0
2190,08.06.2021.,14:30:00,22,22,1,1,0,0,0,G,0,0
2191,08.06.2021.,14:35:00,22,22,1,1,0,0,0,G,0,0
2192,08.06.2021.,14:40:00,22,22,1,1,0,0,0,G,0,0
2193,08.06.2021.,14:45:00,22,22,1,1,0,0,0,G,0,0
2194,08.06.2021.,14:50:00,22,22,1,1,0,0,0,G,0,0
2195,08.06.2021.,14:55:00,22,22,1,1,0,0,0,G,0,0
2196,08.06.2021.,15:00:00,22,22,1,1,0,0,0,G,0,0
2197,08.06.2021.,15:05:00,22,22,1,0,0,0,0,G,0,0
2198,08.06.2021.,15:10:00,22,22,1,0,0,0,0,G,0,0
2199,08.06.2021.,15:15:00,22,22,1,0,0,0,0,G,0,0
2200,08.06.2021.,15:20:00,22,22,1,0,0,0,0,G,0,0
2201,08.06.2021.,15:25:00,22,22,1,0,0,0,0,G,0,0
2202,08.06.2021.,15:30:00,22,22,1,0,0,0,0,G,0,0
2203,08.06.2021.,15:35:00,22,22,1,1,0,0,0,G,0,0
2204,08.06.2021.,15:40:00,22,22,1,1,0,0,0,G,0,0
2205,08.06.2021.,15:45:00,22,22,1,1,0,0,0,G,0,0
2206,08.06.2021.,15:50:00,22,22,1,1,0,0,0,G,0,0
2207,08.06.2021.,15:55:00,22,22,1,1,0,0,0,G,0,0
2208,08.06.2021.,16:00:00,22,22,1,1,0,0,0,G,0,0
2209,08.06.2021.,16:05:00,22,22,1,1,0,0,0,G,0,0
2210,08.06.2021.,16:10:00,22,22,1,0,0,0,0,G,0,0
2211,08.06.2021.,16:15:00,22,22,1,0,0,0,0,G,0,0
2212,08.06.2021.,16:20:00,22,22,1,0,0,0,0,G,0,0
2213,08.06.2021.,16:25:00,22,22,1,0,0,0,0,G,0,0
2214,08.06.2021.,16:30:00,22,22,1,0,0,0,0,G,0,0
2215,08.06.2021.,16:35:00,22,22,1,0,0,0,0,G,0,0
2216,08.06.2021.,16:40:00,22,22,1,0,0,0,0,G,0,0
2217,08.06.2021.,16:45:00,22,22,1,0,0,0,0,G,0,0
2218,08.06.2021.,16:50:00,22,22,1,0,0,0,0,G,0,0
2219,08.06.2021.,16:55:00,22,22,1,0,0,0,0,G,0,0
2220,08.06.2021.,17:00:00,22,22,1,0,0,0,0,G,0,0
2221,08.06.2021.,17:05:00,22,22,1,0,0,0,0,G,0,0
2222,08.06.2021.,17:10:00,22,22,1,0,0,0,0,G,0,0
2223,08.06.2021.,17:15:00,22,22,1,0,0,0,0,G,0,0
2224,08.06.2021.,17:20:00,22,22,1,0,0,0,0,G,0,0
2225,08.06.2021.,17:25:00,22,22,1,0,0,0,0,G,0,0
2226,08.06.2021.,17:30:00,22,22,1,1,0,0,0,G,0,0
2227,08.06.2021.,17:35:00,22,22,1,1,0,0,0,G,0,0
2228,08.06.2021.,17:40:00,22,22,1,1,0,0,0,G,0,0
2229,08.06.2021.,17:45:00,22,22,1,1,0,0,0,G,0,0
2230,08.06.2021.,17:50:00,22,22,1,1,0,0,0,G,0,0
2231,08.06.2021.,17:55:00,22,22,1,1,0,0,0,G,0,0
2232,08.06.2021.,18:00:00,22,22,1,1,0,0,0,G,0,0
2233,08.06.2021.,18:05:00,22,22,1,1,0,0,0,G,0,0
2234,08.06.2021.,18:10:00,22,22,1,1,0,0,0,G,0,0
2235,08.06.2021.,18:15:00,22,22,1,0,0,0,0,G,0,0
2236,08.06.2021.,18:20:00,22,22,1,0,0,0,0,G,0,0
2237,08.06.2021.,18:25:00,22,22,1,0,0,0,0,G,0,0
2238,08.06.2021.,18:30:00,22,22,1,0,0,0,0,G,0,0
2239,08.06.2021.,18:35:00,22,22,1,0,0,0,0,G,0,0
2240,08.06.2021.,18:40:00,22,22,1,0,0,0,0,G,0,0
2241,08.06.2021.,18:45:00,22,22,1,0,0,0,0,G,0,0
2242,08.06.2021.,18:50:00,22,22,1,0,0,0,0,G,0,0
2243,08.06.2021.,18:55:00,22,22,1,0,0,0,0,G,0,0
2244,08.06.2021.,19:00:00,22,22,1,0,0,0,0,G,0,0
2245,08.06.2021.,19:05:00,22,22,1,0,0,0,0,G,0,0
2246,08.06.2021.,19:10:00,22,22,1,0,0,0,0,G,0,0
2247,08.06.2021.,19:15:00,22,22,1,0,0,0,0,G,0,0
2248,08.06.2021.,19:20:00,22,22,1,0,0,0,0,G,0,0
2249,08.06.2021.,19:25:00,22,22,1,1,0,0,0,G,0,0
2250,08.06.2021.,19:30:00,22,22,1,1,0,0,0,G,0,0
2251,08.06.2021.,19:35:00,22,22,1,1,0,0,0,G,0,0
2252,08.06.2021.,19:40:00,22,22,1,1,0,0,0,G,0,0
2253,08.06.2021.,19:45:00,22,22,1,1,0,0,0,G,0,0
2254,08.06.2021.,19:50:00,22,22,1,1,0,0,0,G,0,0
2255,08.06.2021.,19:55:00,22,22,1,1,0,0,0,G,0,0
2256,08.06.2021.,20:00:00,22,22,1,1,0,0,0,G,0,0
2257,08.06.2021.,20:05:00,22,22,1,0,0,0,0,G,0,0
2258,08.06.2021.,20:10:00,22,22,1,0,0,0,0,G,0,0
2259,08.06.2021.,20:15:00,22,22,1,0,0,0,0,G,0,0
2260,08.06.2021.,20:20:00,22,22,1,0,0,0,0,G,0,0
2261,08.06.2021.,20:25:00,22,22,1,0,0,0,0,G,0,0
2262,08.06.2021.,20:30:00,22,22,1,0,0,0,0,G,0,0
2263,08.06.2021.,20:35:00,22,22,1,0,0,0,0,G,0,0
2264,08.06.2021.,20:40:00,22,22,1,0,0,0,0,G,0,0
2265,08.06.2021.,20:45:00,22,22,1,0,0,0,0,G,0,0
2266,08.06.2021.,20:50:00,22,22,1,0,0,0,0,G,0,0
2267,08.06.2021.,20:55:00,22,22,1,0,0,0,0,G,0,0
2268,08.06.2021.,21:00:00,22,22,1,0,0,0,0,G,0,0
2269,08.06.2021.,21:05:00,22,22,1,0,0,0,0,G,0,0
2270,08.06.2021.,21:10:00,22,22,1,0,0,0,0,G,0,0
2271,08.06.2021.,21:15:00,22,22,1,0,0,0,0,G,0,0
2272,08.06.2021.,21:20:00,22,22,1,0,0,0,0,G,0,0
2273,08.06.2021.,21:25:00,22,22,1,0,0,0,0,G,0,0
2274,08.06.2021.,21:30:00,22,22,1,0,0,0,0,G,0,0
2275,08.06.2021.,21:35:00,22,22,1,0,0,0,0,G,0,0
2276,08.06.2021.,21:40:00,22,22,1,0,0,0,0,G,0,0
2277,08.06.2021.,21:45:00,22,22,1,0,0,0,0,G,0,0
2278,08.06.2021.,21:50:00,22,22,1,0,0,0,0,G,0,0
2279,08.06.2021.,21:55:00,22,22,1,0,0,0,0,G,0,0
2280,08.06.2021.,22:00:00,22,22,1,0,0,0,0,G,0,0
2281,08.06.2021.,22:05:00,22,22,1,0,0,0,0,G,0,0
2282,08.06.2021.,22:10:00,22,22,1,0,0,0,0,G,0,0
2283,08.06.2021.,22:15:00,22,22,1,0,0,0,0,G,0,0
2284,08.06.2021.,22:20:00,22,22,1,0,0,0,0,G,0,0
2285,08.06.2021.,22:25:00,22,22,1,0,0,0,0,G,0,0
2286,08.06.2021.,22:30:00,22,22,1,0,0,0,0,G,0,0
2287,08.06.2021.,22:35:00,22,22,1,0,0,0,0,G,0,0
2288,08.06.2021.,22:40:00,22,22,1,0,0,0,0,G,0,0
2289,08.06.2021.,22:45:00,22,22,1,0,0,0,0,G,0,0
2290,08.06.2021.,22:50:00,22,22,1,0,0,0,0,G,0,0
2291,08.06.2021.,22:55:00,22,22,1,0,0,0,0,G,0,0
2292,08.06.2021.,23:00:00,22,22,1,0,0,0,0,G,0,0
2293,08.06.2021.,23:05:00,22,22,1,0,0,0,0,G,0,0
2294,08.06.2021.,23:10:00,22,22,1,0,0,0,0,G,0,0
2295,08.06.2021.,23:15:00,22,22,1,0,0,0,0,G,0,0
2296,08.06.2021.,23:20:00,22,22,1,0,0,0,0,G,0,0
2297,08.06.2021.,23:25:00,22,22,1,0,0,0,0,G,0,0
2298,08.06.2021.,23:30:00,22,22,1,0,0,0,0,G,0,0
2299,08.06.2021.,23:35:00,22,22,1,0,0,0,0,G,0,0
2300,08.06.2021.,23:40:00,22,22,1,0,0,0,0,G,0,0
2301,08.06.2021.,23:45:00,22,22,1,0,0,0,0,G,0,0
2302,08.06.2021.,23:50:00,22,22,1,0,0,0,0,G,0,0
2303,08.06.2021.,23:55:00,22,22,1,0,0,0,0,G,0,0
2304,09.06.2021.,00:00:00,22,22,1,0,0,0,0,G,0,0
2305,09.06.2021.,00:05:00,22,22,1,1,0,0,0,G,0,0
2306,09.06.2021.,00:10:00,22,22,1,1,0,0,0,G,0,0
2307,09.06.2021.,00:15:00,22,22,1,1,0,0,0,G,0,0
2308,09.06.2021.,00:20:00,22,22,1,1,0,0,0,G,0,0
2309,09.06.2021.,00:25:00,22,22,1,1,0,0,0,G,0,0
2310,09.06.2021.,00:30:00,22,22,1,0,0,0,0,G,0,0
2311,09.06.2021.,00:35:00,22,22,1,0,0,0,0,G,0,0
2312,09.06.2021.,00:40:00,22,22,1,0,0,0,0,G,0,0
2313,09.06.2021.,00:45:00,22,22,1,0,0,0,0,G,0,0
2314,09.06.2021.,00:50:00,22,22,1,0,0,0,0,G,0,0
2315,09.06.2021.,00:55:00,22,22,1,0,0,0,0,G,0,0
2316,09.06.2021.,01:00:00,22,22,1,0,0,0,0,G,0,0
2317,09.06.2021.,01:05:00,22,22,1,0,0,0,0,G,0,0
2318,09.06.2021.,01:10:00,22,22,1,0,0,0,0,G,0,0
2319,09.06.2021.,01:15:00,22,22,1,0,0,0,0,G,0,0
2320,09.06.2021.,01:20:00,22,22,1,0,0,0,0,G,0,0
2321,09.06.2021.,01:25:00,22,22,1,0,0,0,0,G,0,0
2322,09.06.2021.,01:30:00,22,22,1,0,0,0,0,G,0,0
2323,09.06.2021.,01:35:00,22,22,1,0,0,0,0,G,0,0
2324,09.06.2021.,01:40:00,22,22,1,0,0,0,0,G,0,0
2325,09.06.2021.,01:45:00,22,22,1,0,0,0,0,G,0,0
2326,09.06.2021.,01:50:00,22,22,1,0,0,0,0,G,0,0
2327,09.06.2021.,01:55:00,22,22,1,0,0,0,0,G,0,0
2328,09.06.2021.,02:00:00,22,22,1,0,0,0,0,G,0,0
2329,09.06.2021.,02:05:00,22,22,1,0,0,0,0,G,0,0
2330,09.06.2021.,02:10:00,22,22,1,0,0,0,0,G,0,0
2331,09.06.2021.,02:15:00,22,22,1,0,0,0,0,G,0,0
2332,09.06.2021.,02:20:00,22,22,1,0,0,0,0,G,0,0
2333,09.06.2021.,02:25:00,22,22,1,1,0,0,0,G,0,0
2334,09.06.2021.,02:30:00,22,22,1,1,0,0,0,G,0,0
2335,09.06.2021.,02:35:00,22,22,1,1,0,0,0,G,0,0
2336,09.06.2021.,02:40:00,22,22,1,1,0,0,0,G,0,0
2337,09.06.2021.,02:45:00,22,22,1,0,0,0,0,G,0,0
2338,09.06.2021.,02:50:00,22,22,1,0,0,0,0,G,0,0
2339,09.06.2021.,02:55:00,22,22,1,0,0,0,0,G,0,0
2340,09.06.2021.,03:00:00,22,22,1,0,0,0,0,G,0,0
2341,09.06.2021.,03:05:00,22,22,1,0,0,0,0,G,0,0
2342,09.06.2021.,03:10:00,22,22,1,0,0,0,0,G,0,0
2343,09.06.2021.,03:15:00,22,22,1,0,0,0,0,G,0,0
2344,09.06.2021.,03:20:00,22,22,1,0,0,0,0,G,0,0
2345,09.06.2021.,03:25:00,22,22,1,0,0,0,0,G,0,0
2346,09.06.2021.,03:30:00,22,22,1,0,0,0,0,G,0,0
2347,09.06.2021.,03:35:00,22,22,1,0,0,0,0,G,0,0
2348,09.06.2021.,03:40:00,22,22,1,0,0,0,0,G,0,0
2349,09.06.2021.,03:45:00,22,22,1,0,0,0,0,G,0,0
2350,09.06.2021.,03:50:00,22,22,1,0,0,0,0,G,0,0
2351,09.06.2021.,03:55:00,22,22,1,0,0,0,0,G,0,0
2352,09.06.2021.,04:00:00,22,22,1,0,0,0,0,G,0,0
2353,09.06.2021.,04:05:00,22,22,1,0,0,0,0,G,0,0
2354,09.06.2021.,04:10:00,22,22,1,0,0,0,0,G,0,0
2355,09.06.2021.,04:15:00,22,22,1,0,0,0,0,G,0,0
2356,09.06.2021.,04:20:00,22,22,1,0,0,0,0,G,0,0
2357,09.06.2021.,04:25:00,22,22,1,0,0,0,0,G,0,0
2358,09.06.2021.,04:30:00,22,22,1,0,0,0,0,G,0,0
2359,09.06.2021.,04:35:00,22,22,1,0,0,0,0,G,0,0
2360,09.06.2021.,04:40:00,22,22,1,0,0,0,0,G,0,0
2361,09.06.2021.,04:45:00,22,22,1,0,0,0,0,G,0,0
2362,09.06.2021.,04:50:00,22,22,1,0,0,0,0,G,0,0
2363,09.06.2021.,04:55:00,22,22,1,0,0,0,0,G,0,0
2364,09.06.2021.,05:00:00,22,22,1,0,0,0,0,G,0,0
2365,09.06.2021.,05:05:00,22,22,1,0,0,0,0,G,0,0
2366,09.06.2021.,05:10:00,22,22,1,0,0,0,0,G,0,0
2367,09.06.2021.,05:15:00,22,22,1,0,0,0,0,G,0,0
2368,09.06.2021.,05:20:00,22,22,1,0,0,0,0,G,0,0
2369,09.06.2021.,05:25:00,22,22,1,0,0,0,0,G,0,0
2370,09.06.2021.,05:30:00,22,22,1,0,0,0,0,G,0,0
2371,09.06.2021.,05:35:00,22,22,1,0,0,0,0,G,0,0
2372,09.06.2021.,05:40:00,22,22,1,0,0,0,0,G,0,0
2373,09.06.2021.,05:45:00,22,22,1,0,0,0,0,G,0,0
2374,09.06.2021.,05:50:00,22,22,1,0,0,0,0,G,0,0
2375,09.06.2021.,05:55:00,22,22,1,0,0,0,0,G,0,0
2376,09.06.2021.,06:00:00,22,22,1,0,0,0,0,G,0,0
2377,09.06.2021.,06:05:00,22,22,1,0,0,0,0,G,0,0
2378,09.06.2021.,06:10:00,22,22,1,0,0,0,0,G,0,0
2379,09.06.2021.,06:15:00,22,22,1,0,0,0,0,G,0,0
2380,09.06.2021.,06:20:00,22,22,1,0,0,0,0,G,0,0
2381,09.06.2021.,06:25:00,22,22,1,0,0,0,0,G,0,0
2382,09.06.2021.,06:30:00,22,22,1,0,0,0,0,G,0,0
2383,09.06.2021.,06:35:00,22,22,1,0,0,0,0,G,0,0
2384,09.06.2021.,06:40:00,22,22,1,0,0,0,0,G,0,0
2385,09.06.2021.,06:45:00,22,22,1,0,0,0,0,G,0,0
2386,09.06.2021.,06:50:00,22,22,1,0,0,0,0,G,0,0
2387,09.06.2021.,06:55:00,22,22,1,0,0,0,0,G,0,0
2388,09.06.2021.,07:00:00,22,22,1,0,0,0,0,G,0,0
2389,09.06.2021.,07:05:00,22,22,1,0,0,0,0,G,0,0
2390,09.06.2021.,07:10:00,22,22,1,0,0,0,0,G,0,0
2391,09.06.2021.,07:15:00,22,22,1,0,0,0,0,G,0,0
2392,09.06.2021.,07:20:00,22,22,1,0,0,0,0,G,0,0
2393,09.06.2021.,07:25:00,22,22,1,0,0,0,0,G,0,0
2394,09.06.2021.,07:30:00,22,22,1,0,0,0,0,G,0,0
2395,09.06.2021.,07:35:00,22,22,1,0,0,0,0,G,0,0
2396,09.06.2021.,07:40:00,22,22,1,0,0,0,0,G,0,0
2397,09.06.2021.,07:45:00,22,22,1,0,0,0,0,G,0,0
2398,09.06.2021.,07:50:00,22,22,1,0,0,0,0,G,0,0
2399,09.06.2021.,07:55:00,22,22,1,0,0,0,0,G,0,0
2400,09.06.2021.,08:00:00,22,22,1,0,0,0,0,G,0,0
2401,09.06.2021.,08:05:00,22,22,1,0,0,0,0,G,0,0
2402,09.06.2021.,08:10:00,22,22,1,0,0,0,0,G,0,0
2403,09.06.2021.,08:15:00,22,22,1,0,0,0,0,G,0,0
2404,09.06.2021.,08:20:00,22,22,1,0,0,0,0,G,0,0
2405,09.06.2021.,08:25:00,22,22,1,0,0,0,0,G,0,0
2406,09.06.2021.,08:30:00,22,22,1,1,0,0,0,G,0,0
2407,09.06.2021.,08:35:00,22,22,1,1,0,0,0,G,0,0
2408,09.06.2021.,08:40:00,22,22,1,1,0,0,0,G,0,0
2409,09.06.2021.,08:45:00,22,22,1,1,0,0,0,G,0,0
2410,09.06.2021.,08:50:00,22,22,1,1,0,0,0,G,0,0
2411,09.06.2021.,08:55:00,22,22,1,1,0,0,0,G,0,0
2412,09.06.2021.,09:00:00,22,22,1,1,0,0,0,G,0,0
2413,09.06.2021.,09:05:00,22,22,1,1,0,0,0,G,0,0
2414,09.06.2021.,09:10:00,22,22,1,1,0,0,0,G,0,0
2415,09.06.2021.,09:15:00,22,22,1,1,0,0,0,G,0,0
2416,09.06.2021.,09:20:00,22,22,1,1,0,0,0,G,0,0
2417,09.06.2021.,09:25:00,22,22,1,1,0,0,0,G,0,0
2418,09.06.2021.,09:30:00,22,22,1,1,0,0,0,G,0,0
2419,09.06.2021.,09:35:00,22,22,1,1,0,0,0,G,0,0
2420,09.06.2021.,09:40:00,22,22,1,1,0,0,0,G,0,0
2421,09.06.2021.,09:45:00,22,22,1,1,0,0,0,G,0,0
2422,09.06.2021.,09:50:00,22,22,1,1,0,0,0,G,0,0
2423,09.06.2021.,09:55:00,22,22,1,1,0,0,0,G,0,0
2424,09.06.2021.,10:00:00,22,22,1,1,0,0,0,G,0,0
2425,09.06.2021.,10:05:00,22,22,1,1,0,0,0,G,0,0
2426,09.06.2021.,10:10:00,22,22,1,1,0,0,0,G,0,0
2427,09.06.2021.,10:15:00,22,22,1,1,0,0,0,G,0,0
2428,09.06.2021.,10:20:00,22,22,1,1,0,0,0,G,0,0
2429,09.06.2021.,10:25:00,22,22,1,1,0,0,0,G,0,0
2430,09.06.2021.,10:30:00,22,22,1,1,0,0,0,G,0,0
2431,09.06.2021.,10:35:00,22,22,1,1,0,0,0,G,0,0
2432,09.06.2021.,10:40:00,22,22,1,1,0,0,0,G,0,0
2433,09.06.2021.,10:45:00,22,22,1,1,0,0,0,G,0,0
2434,09.06.2021.,10:50:00,22,22,1,1,0,0,0,G,0,0
2435,09.06.2021.,10:55:00,22,22,1,1,0,0,0,G,0,0
2436,09.06.2021.,11:00:00,22,22,1,1,0,0,0,G,0,0
2437,09.06.2021.,11:05:00,22,22,1,1,0,0,0,G,0,0
2438,09.06.2021.,11:10:00,22,22,1,1,0,0,0,G,0,0
2439,09.06.2021.,11:15:00,22,22,1,1,0,0,0,G,0,0
2440,09.06.2021.,11:20:00,22,22,1,1,0,0,0,G,0,0
2441,09.06.2021.,11:25:00,22,22,1,1,0,0,0,G,0,0
2442,09.06.2021.,11:30:00,22,22,1,1,0,0,0,G,0,0
2443,09.06.2021.,11:35:00,22,22,1,1,0,0,0,G,0,0
2444,09.06.2021.,11:40:00,22,22,1,1,0,0,0,G,0,0
2445,09.06.2021.,11:45:00,22,22,1,1,0,0,0,G,0,0
2446,09.06.2021.,11:50:00,22,22,1,1,0,0,0,G,0,0
2447,09.06.2021.,11:55:00,22,22,1,1,0,0,0,G,0,0
2448,09.06.2021.,12:00:00,22,22,1,1,0,0,0,G,0,0
2449,09.06.2021.,12:05:00,22,22,1,1,0,0,0,G,0,0
2450,09.06.2021.,12:10:00,22,22,1,1,0,0,0,G,0,0
2451,09.06.2021.,12:15:00,22,22,1,1,0,0,0,G,0,0
2452,09.06.2021.,12:20:00,22,22,1,1,0,0,0,G,0,0
2453,09.06.2021.,12:25:00,22,22,1,1,0,0,0,G,0,0
2454,09.06.2021.,12:30:00,22,22,1,1,0,0,0,G,0,0
2455,09.06.2021.,12:35:00,22,22,1,1,0,0,0,G,0,0
2456,09.06.2021.,12:40:00,22,22,1,1,0,0,0,G,0,0
2457,09.06.2021.,12:45:00,22,22,1,1,0,0,0,G,0,0
2458,09.06.2021.,12:50:00,22,22,1,1,0,0,0,G,0,0
2459,09.06.2021.,12:55:00,22,22,1,1,0,0,0,G,0,0
2460,09.06.2021.,13:00:00,22,22,1,1,0,0,0,G,0,0
2461,09.06.2021.,13:05:00,22,22,1,1,0,0,0,G,0,0
2462,09.06.2021.,13:10:00,22,22,1,1,0,0,0,G,0,0
2463,09.06.2021.,13:15:00,22,22,1,1,0,0,0,G,0,0
2464,09.06.2021.,13:20:00,22,22,1,1,0,0,0,G,0,0
2465,09.06.2021.,13:25:00,22,22,1,1,0,0,0,G,0,0
2466,09.06.2021.,13:30:00,22,22,1,1,0,0,0,G,0,0
2467,09.06.2021.,13:35:00,22,22,1,1,0,0,0,G,0,0
2468,09.06.2021.,13:40:00,22,22,1,1,0,0,0,G,0,0
2469,09.06.2021.,13:45:00,22,22,1,1,0,0,0,G,0,0
2470,09.06.2021.,13:50:00,22,22,1,1,0,0,0,G,0,0
2471,09.06.2021.,13:55:00,22,22,1,1,0,0,0,G,0,0
2472,09.06.2021.,14:00:00,22,22,1,1,0,0,0,G,0,0
2473,09.06.2021.,14:05:00,22,22,1,1,0,0,0,G,0,0
2474,09.06.2021.,14:10:00,22,22,1,1,0,0,0,G,0,0
2475,09.06.2021.,14:15:00,22,22,1,1,0,0,0,G,0,0
2476,09.06.2021.,14:20:00,22,22,1,1,0,0,0,G,0,0
2477,09.06.2021.,14:25:00,22,22,1,1,0,0,0,G,0,0
2478,09.06.2021.,14:30:00,22,22,1,1,0,0,0,G,0,0
2479,09.06.2021.,14:35:00,22,22,1,1,0,0,0,G,0,0
2480,09.06.2021.,14:40:00,22,22,1,1,0,0,0,G,0,0
2481,09.06.2021.,14:45:00,22,22,1,0,0,0,0,G,0,0
2482,09.06.2021.,14:50:00,22,22,1,0,0,0,0,G,0,0
2483,09.06.2021.,14:55:00,22,22,1,0,0,0,0,G,0,0
2484,09.06.2021.,15:00:00,22,22,1,0,0,0,0,G,0,0
2485,09.06.2021.,15:05:00,22,22,1,0,0,0,0,G,0,0
2486,09.06.2021.,15:10:00,22,22,1,0,0,0,0,G,0,0
2487,09.06.2021.,15:15:00,22,22,1,0,0,0,0,G,0,0
2488,09.06.2021.,15:20:00,22,22,1,0,0,0,0,G,0,0
2489,09.06.2021.,15:25:00,22,22,1,0,0,0,0,G,0,0
2490,09.06.2021.,15:30:00,22,22,1,1,0,0,0,G,0,0
2491,09.06.2021.,15:35:00,22,22,1,1,0,0,0,G,0,0
2492,09.06.2021.,15:40:00,22,22,1,1,0,0,0,G,0,0
2493,09.06.2021.,15:45:00,22,22,1,1,0,0,0,G,0,0
2494,09.06.2021.,15:50:00,22,22,1,1,0,0,0,G,0,0
2495,09.06.2021.,15:55:00,22,22,1,1,0,0,0,G,0,0
2496,09.06.2021.,16:00:00,22,22,1,1,0,0,0,G,0,0
2497,09.06.2021.,16:05:00,22,22,1,1,0,0,0,G,0,0
2498,09.06.2021.,16:10:00,22,22,1,1,0,0,0,G,0,0
2499,09.06.2021.,16:15:00,22,22,1,1,0,0,0,G,0,0
2500,09.06.2021.,16:20:00,22,22,1,1,0,0,0,G,0,0
2501,09.06.2021.,16:25:00,22,22,1,0,0,0,0,G,0,0
2502,09.06.2021.,16:30:00,22,22,1,0,0,0,0,G,0,0
2503,09.06.2021.,16:35:00,22,22,1,0,0,0,0,G,0,0
2504,09.06.2021.,16:40:00,22,22,1,0,0,0,0,G,0,0
2505,09.06.2021.,16:45:00,22,22,1,0,0,0,0,G,0,0
2506,09.06.2021.,16:50:00,22,22,1,0,0,0,0,G,0,0
2507,09.06.2021.,16:55:00,22,22,1,0,0,0,0,G,0,0
2508,09.06.2021.,17:00:00,22,22,1,0,0,0,0,G,0,0
2509,09.06.2021.,17:05:00,22,22,1,0,0,0,0,G,0,0
2510,09.06.2021.,17:10:00,22,22,1,0,0,0,0,G,0,0
2511,09.06.2021.,17:15:00,22,22,1,0,0,0,0,G,0,0
2512,09.06.2021.,17:20:00,22,22,1,0,0,0,0,G,0,0
2513,09.06.2021.,17:25:00,22,22,1,0,0,0,0,G,0,0
2514,09.06.2021.,17:30:00,22,22,1,0,0,0,0,G,0,0
2515,09.06.2021.,17:35:00,22,22,1,0,0,0,0,G,0,0
2516,09.06.2021.,17:40:00,22,22,1,1,0,0,0,G,0,0
2517,09.06.2021.,17:45:00,22,22,1,1,0,0,0,G,0,0
2518,09.06.2021.,17:50:00,22,22,1,1,0,0,0,G,0,0
2519,09.06.2021.,17:55:00,22,22,1,1,0,0,0,G,0,0
2520,09.06.2021.,18:00:00,22,22,1,1,0,0,0,G,0,0
2521,09.06.2021.,18:05:00,22,22,1,1,0,0,0,G,0,0
2522,09.06.2021.,18:10:00,22,22,1,1,0,0,0,G,0,0
2523,09.06.2021.,18:15:00,22,22,1,1,0,0,0,G,0,0
2524,09.06.2021.,18:20:00,22,22,1,0,0,0,0,G,0,0
2525,09.06.2021.,18:25:00,22,22,1,0,0,0,0,G,0,0
2526,09.06.2021.,18:30:00,22,22,1,0,0,0,0,G,0,0
2527,09.06.2021.,18:35:00,22,22,1,0,0,0,0,G,0,0
2528,09.06.2021.,18:40:00,22,22,1,0,0,0,0,G,0,0
2529,09.06.2021.,18:45:00,22,22,1,0,0,0,0,G,0,0
2530,09.06.2021.,18:50:00,22,22,1,0,0,0,0,G,0,0
2531,09.06.2021.,18:55:00,22,22,1,0,0,0,0,G,0,0
2532,09.06.2021.,19:00:00,22,22,1,0,0,0,0,G,0,0
2533,09.06.2021.,19:05:00,22,22,1,0,0,0,0,G,0,0
2534,09.06.2021.,19:10:00,22,22,1,0,0,0,0,G,0,0
2535,09.06.2021.,19:15:00,22,22,1,0,0,0,0,G,0,0
2536,09.06.2021.,19:20:00,22,22,1,1,0,0,0,G,0,0
2537,09.06.2021.,19:25:00,22,22,1,1,0,0,0,G,0,0
2538,09.06.2021.,19:30:00,22,22,1,1,0,0,0,G,0,0
2539,09.06.2021.,19:35:00,22,22,1,1,0,0,0,G,0,0
2540,09.06.2021.,19:40:00,22,22,1,1,0,0,0,G,0,0
2541,09.06.2021.,19:45:00,22,22,1,1,0,0,0,G,0,0
2542,09.06.2021.,19:50:00,22,22,1,0,0,0,0,G,0,0
2543,09.06.2021.,19:55:00,22,22,1,0,0,0,0,G,0,0
2544,09.06.2021.,20:00:00,22,22,1,0,0,0,0,G,0,0
2545,09.06.2021.,20:05:00,22,22,1,0,0,0,0,G,0,0
2546,09.06.2021.,20:10:00,22,22,1,0,0,0,0,G,0,0
2547,09.06.2021.,20:15:00,22,22,1,0,0,0,0,G,0,0
2548,09.06.2021.,20:20:00,22,22,1,0,0,0,0,G,0,0
2549,09.06.2021.,20:25:00,22,22,1,0,0,0,0,G,0,0
2550,09.06.2021.,20:30:00,22,22,1,0,0,0,0,G,0,0
2551,09.06.2021.,20:35:00,22,22,1,0,0,0,0,G,0,0
2552,09.06.2021.,20:40:00,22,22,1,0,0,0,0,G,0,0
2553,09.06.2021.,20:45:00,22,22,1,0,0,0,0,G,0,0
2554,09.06.2021.,20:50:00,22,22,1,0,0,0,0,G,0,0
2555,09.06.2021.,20:55:00,22,22,1,0,0,0,0,G,0,0
2556,09.06.2021.,21:00:00,22,22,1,0,0,0,0,G,0,0
2557,09.06.2021.,21:05:00,22,22,1,0,0,0,0,G,0,0
2558,09.06.2021.,21:10:00,22,22,1,0,0,0,0,G,0,0
2559,09.06.2021.,21:15:00,22,22,1,0,0,0,0,G,0,0
2560,09.06.2021.,21:20:00,22,22,1,0,0,0,0,G,0,0
2561,09.06.2021.,21:25:00,22,22,1,0,0,0,0,G,0,0
2562,09.06.2021.,21:30:00,22,22,1,0,0,0,0,G,0,0
2563,09.06.2021.,21:35:00,22,22,1,0,0,0,0,G,0,0
2564,09.06.2021.,21:40:00,22,22,1,0,0,0,0,G,0,0
2565,09.06.2021.,21:45:00,22,22,1,0,0,0,0,G,0,0
2566,09.06.2021.,21:50:00,22,22,1,0,0,0,0,G,0,0
2567,09.06.2021.,21:55:00,22,22,1,0,0,0,0,G,0,0
2568,09.06.2021.,22:00:00,22,22,1,0,0,0,0,G,0,0
2569,09.06.2021.,22:05:00,22,22,1,0,0,0,0,G,0,0
2570,09.06.2021.,22:10:00,22,22,1,0,0,0,0,G,0,0
2571,09.06.2021.,22:15:00,22,22,1,0,0,0,0,G,0,0
2572,09.06.2021.,22:20:00,22,22,1,0,0,0,0,G,0,0
2573,09.06.2021.,22:25:00,22,22,1,0,0,0,0,G,0,0
2574,09.06.2021.,22:30:00,22,22,1,0,0,0,0,G,0,0
2575,09.06.2021.,22:35:00,22,22,1,0,0,0,0,G,0,0
2576,09.06.2021.,22:40:00,22,22,1,0,0,0,0,G,0,0
2577,09.06.2021.,22:45:00,22,22,1,0,0,0,0,G,0,0
2578,09.06.2021.,22:50:00,22,22,1,0,0,0,0,G,0,0
2579,09.06.2021.,22:55:00,22,22,1,0,0,0,0,G,0,0
2580,09.06.2021.,23:00:00,22,22,1,0,0,0,0,G,0,0
2581,09.06.2021.,23:05:00,22,22,1,0,0,0,0,G,0,0
2582,09.06.2021.,23:10:00,22,22,1,1,0,0,0,G,0,0
2583,09.06.2021.,23:15:00,22,22,1,1,0,0,0,G,0,0
2584,09.06.2021.,23:20:00,22,22,0,0,0,1,0,G,0,0
2585,09.06.2021.,23:25:00,22,22,0,0,0,1,0,G,0,0
2586,09.06.2021.,23:30:00,22,22,0,0,0,1,0,G,0,0
2587,09.06.2021.,23:35:00,22,22,0,0,0,1,0,G,0,0
2588,09.06.2021.,23:40:00,22,22,0,0,0,1,0,G,0,0
2589,09.06.2021.,23:45:00,22,22,0,0,0,1,0,G,0,0
2590,09.06.2021.,23:50:00,22,22,0,0,0,1,0,G,0,0
2591,09.06.2021.,23:55:00,22,22,0,0,0,1,0,G,0,0
2592,10.06.2021.,00:00:00,22,22,0,0,0,1,0,G,0,0
2593,10.06.2021.,00:05:00,22,22,0,0,0,1,0,G,0,0
2594,10.06.2021.,00:10:00,22,22,0,0,0,1,0,G,0,0
2595,10.06.2021.,00:15:00,22,22,0,0,0,1,0,G,0,0
2596,10.06.2021.,00:20:00,22,22,0,0,0,1,0,G,0,0
2597,10.06.2021.,00:25:00,22,22,0,0,0,1,0,G,0,0
2598,10.06.2021.,00:30:00,22,22,0,0,0,1,0,G,0,0
2599,10.06.2021.,00:35:00,22,23,0,0,0,1,0,G,0,0
2600,10.06.2021.,00:40:00,22,23,0,0,0,1,0,G,0,0
2601,10.06.2021.,00:45:00,22,23,0,0,0,1,0,G,0,0
2602,10.06.2021.,00:50:00,22,23,0,0,0,1,0,G,0,0
2603,10.06.2021.,00:55:00,22,23,0,0,0,0,0,G,0,0
2604,10.06.2021.,01:00:00,22,23,0,0,0,0,0,G,0,0
2605,10.06.2021.,01:05:00,22,23,0,0,0,0,0,G,0,0
2606,10.06.2021.,01:10:00,22,23,0,0,0,0,0,G,0,0
2607,10.06.2021.,01:15:00,22,23,0,0,0,0,0,G,0,0
2608,10.06.2021.,01:20:00,22,23,0,0,0,0,0,G,0,0
2609,10.06.2021.,01:25:00,22,23,0,0,0,0,0,G,0,0
2610,10.06.2021.,01:30:00,22,23,0,0,0,0,0,G,0,0
2611,10.06.2021.,01:35:00,22,23,0,0,0,0,0,G,0,0
2612,10.06.2021.,01:40:00,22,23,0,0,0,0,0,G,0,0
2613,10.06.2021.,01:45:00,22,23,0,0,0,0,0,G,0,0
2614,10.06.2021.,01:50:00,22,23,0,0,0,0,0,G,0,0
2615,10.06.2021.,01:55:00,22,23,0,0,0,1,0,G,0,0
2616,10.06.2021.,02:00:00,22,23,0,0,0,1,0,G,0,0
2617,10.06.2021.,02:05:00,22,23,0,0,0,1,0,G,0,0
2618,10.06.2021.,02:10:00,22,23,0,0,0,1,0,G,0,0
2619,10.06.2021.,02:15:00,22,23,0,0,0,1,0,G,0,0
2620,10.06.2021.,02:20:00,22,23,0,0,0,1,0,G,0,0
2621,10.06.2021.,02:25:00,22,23,0,0,0,1,0,G,0,0
2622,10.06.2021.,02:30:00,22,23,0,0,0,1,0,G,0,0
2623,10.06.2021.,02:35:00,22,23,0,0,0,1,0,G,0,0
2624,10.06.2021.,02:40:00,22,23,0,0,0,1,0,G,0,0
2625,10.06.2021.,02:45:00,22,23,0,0,0,1,0,G,0,0
2626,10.06.2021.,02:50:00,22,23,0,0,0,1,0,G,0,0
2627,10.06.2021.,02:55:00,22,23,0,0,0,1,0,G,0,0
2628,10.06.2021.,03:00:00,22,23,0,0,0,1,0,G,0,0
2629,10.06.2021.,03:05:00,22,23,0,0,0,1,0,G,0,0
2630,10.06.2021.,03:10:00,22,23,0,0,0,1,0,G,0,0
2631,10.06.2021.,03:15:00,22,23,0,0,0,1,0,G,0,0
2632,10.06.2021.,03:20:00,22,23,0,0,0,1,0,G,0,0
2633,10.06.2021.,03:25:00,22,23,0,0,0,1,0,G,0,0
2634,10.06.2021.,03:30:00,22,23,0,0,0,1,0,G,0,0
2635,10.06.2021.,03:35:00,22,23,0,0,0,1,0,G,0,0
2636,10.06.2021.,03:40:00,22,23,0,0,0,1,0,G,0,0
2637,10.06.2021.,03:45:00,22,23,0,0,0,1,0,G,0,0
2638,10.06.2021.,03:50:00,22,23,0,0,0,1,0,G,0,0
2639,10.06.2021.,03:55:00,22,23,0,0,0,1,0,G,0,0
2640,10.06.2021.,04:00:00,22,23,0,0,0,1,0,G,0,0
2641,10.06.2021.,04:05:00,22,23,0,0,0,1,0,G,0,0
2642,10.06.2021.,04:10:00,22,23,0,0,0,1,0,G,0,0
2643,10.06.2021.,04:15:00,22,23,0,0,0,1,0,G,0,0
2644,10.06.2021.,04:20:00,22,23,0,0,0,1,0,G,0,0
2645,10.06.2021.,04:25:00,22,23,0,0,0,1,0,G,0,0
2646,10.06.2021.,04:30:00,22,23,0,0,0,1,0,G,0,0
2647,10.06.2021.,04:35:00,22,23,0,0,0,1,0,G,0,0
2648,10.06.2021.,04:40:00,22,23,0,0,0,1,0,G,0,0
2649,10.06.2021.,04:45:00,22,23,0,0,0,1,0,G,0,0
2650,10.06.2021.,04:50:00,22,23,0,0,0,1,0,G,0,0
2651,10.06.2021.,04:55:00,22,23,0,0,0,1,0,G,0,0
2652,10.06.2021.,05:00:00,22,23,0,0,0,1,0,G,0,0
2653,10.06.2021.,05:05:00,22,23,0,0,0,1,0,G,0,0
2654,10.06.2021.,05:10:00,22,23,0,0,0,1,0,G,0,0
2655,10.06.2021.,05:15:00,22,23,0,0,0,1,0,G,0,0
2656,10.06.2021.,05:20:00,22,23,0,0,0,1,0,G,0,0
2657,10.06.2021.,05:25:00,22,23,0,0,0,1,0,G,0,0
2658,10.06.2021.,05:30:00,22,23,1,1,0,1,0,G,0,0
2659,10.06.2021.,05:35:00,22,23,1,1,0,1,0,G,0,0
2660,10.06.2021.,05:40:00,22,23,1,2,0,1,0,G,0,0
2661,10.06.2021.,05:45:00,22,23,1,2,0,1,0,G,0,0
2662,10.06.2021.,05:50:00,22,23,1,2,0,1,0,G,0,0
2663,10.06.2021.,05:55:00,22,23,1,2,0,1,0,G,0,0
2664,10.06.2021.,06:00:00,22,23,1,2,0,1,0,G,0,0
2665,10.06.2021.,06:05:00,22,23,1,2,0,1,0,G,0,0
2666,10.06.2021.,06:10:00,22,23,1,2,0,1,0,G,0,0
2667,10.06.2021.,06:15:00,22,23,1,2,0,1,0,G,0,0
2668,10.06.2021.,06:20:00,22,23,1,2,0,1,0,G,0,0
2669,10.06.2021.,06:25:00,22,23,1,2,0,1,0,G,0,0
2670,10.06.2021.,06:30:00,22,23,1,2,0,1,0,G,0,0
2671,10.06.2021.,06:35:00,22,23,1,2,0,1,0,G,0,0
2672,10.06.2021.,06:40:00,22,23,1,2,0,1,0,G,0,0
2673,10.06.2021.,06:45:00,22,23,1,2,0,1,0,G,0,0
2674,10.06.2021.,06:50:00,22,23,1,2,0,1,0,G,0,0
2675,10.06.2021.,06:55:00,22,23,1,2,0,1,0,G,0,0
2676,10.06.2021.,07:00:00,22,22,1,2,0,1,0,G,0,0
2677,10.06.2021.,07:05:00,22,22,1,2,0,1,0,G,0,0
2678,10.06.2021.,07:10:00,22,22,1,2,0,1,0,G,0,0
2679,10.06.2021.,07:15:00,22,22,1,2,0,1,0,G,0,0
2680,10.06.2021.,07:20:00,22,22,1,0,0,1,0,G,0,0
2681,10.06.2021.,07:25:00,22,22,1,0,0,1,0,G,0,0
2682,10.06.2021.,07:30:00,22,22,1,0,0,1,0,G,0,0
2683,10.06.2021.,07:35:00,22,22,1,0,0,1,0,G,0,0
2684,10.06.2021.,07:40:00,22,22,1,0,0,1,0,G,0,0
2685,10.06.2021.,07:45:00,22,22,1,0,0,1,0,G,0,0
2686,10.06.2021.,07:50:00,22,22,1,2,0,0,0,G,0,0
2687,10.06.2021.,07:55:00,22,22,1,2,0,0,0,G,0,0
2688,10.06.2021.,08:00:00,22,22,1,2,0,0,0,G,0,0
2689,10.06.2021.,08:05:00,22,22,1,2,0,0,0,G,0,0
2690,10.06.2021.,08:10:00,22,22,1,2,0,0,0,G,0,0
2691,10.06.2021.,08:15:00,22,22,1,2,0,0,0,G,0,0
2692,10.06.2021.,08:20:00,22,22,1,2,0,0,0,G,0,0
2693,10.06.2021.,08:25:00,22,22,1,2,0,0,0,G,0,0
2694,10.06.2021.,08:30:00,22,22,1,2,0,0,0,G,0,0
2695,10.06.2021.,08:35:00,22,22,1,2,0,0,0,G,0,0
2696,10.06.2021.,08:40:00,22,22,1,2,0,0,0,G,0,0
2697,10.06.2021.,08:45:00,22,22,1,2,0,0,0,G,0,0
2698,10.06.2021.,08:50:00,22,22,1,2,0,0,0,G,0,0
2699,10.06.2021.,08:55:00,22,22,1,2,0,0,0,G,0,0
2700,10.06.2021.,09:00:00,22,22,1,2,0,0,0,G,0,0
2701,10.06.2021.,09:05:00,22,22,1,2,0,0,0,G,0,0
2702,10.06.2021.,09:10:00,22,22,1,2,0,0,0,G,0,0
2703,10.06.2021.,09:15:00,22,22,1,2,0,0,0,G,0,0
2704,10.06.2021.,09:20:00,22,22,1,2,0,0,0,G,0,0
2705,10.06.2021.,09:25:00,22,22,1,2,0,0,0,G,0,0
2706,10.06.2021.,09:30:00,22,22,1,2,0,0,0,G,0,0
2707,10.06.2021.,09:35:00,22,22,1,1,0,0,0,G,0,0
2708,10.06.2021.,09:40:00,22,22,1,1,0,0,0,G,0,0
2709,10.06.2021.,09:45:00,22,22,1,1,0,0,0,G,0,0
2710,10.06.2021.,09:50:00,22,22,1,0,0,0,0,G,0,0
2711,10.06.2021.,09:55:00,22,22,1,0,0,0,0,G,0,0
2712,10.06.2021.,10:00:00,22,22,1,0,0,0,0,G,0,0
2713,10.06.2021.,10:05:00,22,22,1,0,0,0,0,G,0,0
2714,10.06.2021.,10:10:00,22,22,1,0,0,0,0,G,0,0
2715,10.06.2021.,10:15:00,22,22,1,0,0,0,0,G,0,0
2716,10.06.2021.,10:20:00,22,22,1,0,0,0,0,G,0,0
2717,10.06.2021.,10:25:00,22,22,1,0,0,0,0,G,0,0
2718,10.06.2021.,10:30:00,22,22,1,0,0,0,0,G,0,0
2719,10.06.2021.,10:35:00,22,22,1,1,0,0,0,G,0,0
2720,10.06.2021.,10:40:00,22,22,1,1,0,0,0,G,0,0
2721,10.06.2021.,10:45:00,22,22,1,1,0,0,0,G,0,0
2722,10.06.2021.,10:50:00,22,22,1,1,0,0,0,G,0,0
2723,10.06.2021.,10:55:00,22,22,1,1,0,0,0,G,0,0
2724,10.06.2021.,11:00:00,22,22,1,1,0,0,0,G,0,0
2725,10.06.2021.,11:05:00,22,22,1,1,0,0,0,G,0,0
2726,10.06.2021.,11:10:00,22,22,1,1,0,0,0,G,0,0
2727,10.06.2021.,11:15:00,22,22,1,1,0,0,0,G,0,0
2728,10.06.2021.,11:20:00,22,22,1,1,0,0,0,G,0,0
2729,10.06.2021.,11:25:00,22,22,1,1,0,0,0,G,0,0
2730,10.06.2021.,11:30:00,22,22,1,1,0,0,0,G,0,0
2731,10.06.2021.,11:35:00,22,22,1,1,0,0,0,G,0,0
2732,10.06.2021.,11:40:00,22,22,1,1,0,0,0,G,0,0
2733,10.06.2021.,11:45:00,22,22,1,1,0,0,0,G,0,0
2734,10.06.2021.,11:50:00,22,22,1,1,0,0,0,G,0,0
2735,10.06.2021.,11:55:00,22,22,1,1,0,0,0,G,0,0
2736,10.06.2021.,12:00:00,22,22,1,1,0,0,0,G,0,0
2737,10.06.2021.,12:05:00,22,22,1,1,0,0,0,G,0,0
2738,10.06.2021.,12:10:00,22,22,1,0,0,0,0,G,0,0
2739,10.06.2021.,12:15:00,22,22,1,0,0,0,0,G,0,0
2740,10.06.2021.,12:20:00,22,22,1,0,0,0,0,G,0,0
2741,10.06.2021.,12:25:00,22,22,1,0,0,0,0,G,0,0
2742,10.06.2021.,12:30:00,22,22,1,0,0,0,0,G,0,0
2743,10.06.2021.,12:35:00,22,22,1,0,0,0,0,G,0,0
2744,10.06.2021.,12:40:00,22,22,1,0,0,0,0,G,0,0
2745,10.06.2021.,12:45:00,22,22,1,0,0,0,0,G,0,0
2746,10.06.2021.,12:50:00,22,22,1,0,0,0,0,G,0,0
2747,10.06.2021.,12:55:00,22,22,1,0,0,0,0,G,0,0
2748,10.06.2021.,13:00:00,22,22,1,0,0,0,0,G,0,0
2749,10.06.2021.,13:05:00,22,22,1,1,0,0,0,G,0,0
2750,10.06.2021.,13:10:00,22,22,1,1,0,0,0,G,0,0
2751,10.06.2021.,13:15:00,22,22,1,1,0,0,0,G,0,0
2752,10.06.2021.,13:20:00,22,22,1,1,0,0,0,G,0,0
2753,10.06.2021.,13:25:00,22,22,1,1,0,0,0,G,0,0
2754,10.06.2021.,13:30:00,22,22,1,1,0,0,0,G,0,0
2755,10.06.2021.,13:35:00,22,22,1,1,0,0,0,G,0,0
2756,10.06.2021.,13:40:00,22,22,1,1,0,0,0,G,0,0
2757,10.06.2021.,13:45:00,22,22,1,1,0,0,0,G,0,0
2758,10.06.2021.,13:50:00,22,22,1,1,0,0,0,G,0,0
2759,10.06.2021.,13:55:00,22,22,1,0,0,0,0,G,0,0
2760,10.06.2021.,14:00:00,22,22,1,0,0,0,0,G,0,0
2761,10.06.2021.,14:05:00,22,22,1,0,0,0,0,G,0,0
2762,10.06.2021.,14:10:00,22,22,1,0,0,0,0,G,0,0
2763,10.06.2021.,14:15:00,22,22,1,0,0,0,0,G,0,0
2764,10.06.2021.,14:20:00,22,22,1,0,0,0,0,G,0,0
2765,10.06.2021.,14:25:00,22,22,1,0,0,0,0,G,0,0
2766,10.06.2021.,14:30:00,22,22,1,0,0,0,0,G,0,0
2767,10.06.2021.,14:35:00,22,22,1,0,0,0,0,G,0,0
2768,10.06.2021.,14:40:00,22,22,1,0,0,0,0,G,0,0
2769,10.06.2021.,14:45:00,22,22,1,0,0,0,0,G,0,0
2770,10.06.2021.,14:50:00,22,22,1,0,0,0,0,G,0,0
2771,10.06.2021.,14:55:00,22,22,1,0,0,0,0,G,0,0
2772,10.06.2021.,15:00:00,22,22,1,0,0,0,0,G,0,0
2773,10.06.2021.,15:05:00,22,22,1,1,0,0,0,G,0,0
2774,10.06.2021.,15:10:00,22,22,1,1,0,0,0,G,0,0
2775,10.06.2021.,15:15:00,22,22,1,1,0,0,0,G,0,0
2776,10.06.2021.,15:20:00,22,22,1,1,0,0,0,G,0,0
2777,10.06.2021.,15:25:00,22,22,1,1,0,0,0,G,0,0
2778,10.06.2021.,15:30:00,22,22,1,1,0,0,0,G,0,0
2779,10.06.2021.,15:35:00,22,22,1,1,0,0,0,G,0,0
2780,10.06.2021.,15:40:00,22,22,1,1,0,0,0,G,0,0
2781,10.06.2021.,15:45:00,22,22,1,1,0,0,0,G,0,0
2782,10.06.2021.,15:50:00,22,22,1,1,0,0,0,G,0,0
2783,10.06.2021.,15:55:00,22,22,1,0,0,0,0,G,0,0
2784,10.06.2021.,16:00:00,22,22,1,0,0,0,0,G,0,0
2785,10.06.2021.,16:05:00,22,22,1,0,0,0,0,G,0,0
2786,10.06.2021.,16:10:00,22,22,1,0,0,0,0,G,0,0
2787,10.06.2021.,16:15:00,22,22,1,0,0,0,0,G,0,0
2788,10.06.2021.,16:20:00,22,22,1,0,0,0,0,G,0,0
2789,10.06.2021.,16:25:00,22,22,1,0,0,0,0,G,0,0
2790,10.06.2021.,16:30:00,22,22,1,0,0,0,0,G,0,0
2791,10.06.2021.,16:35:00,22,22,1,0,0,0,0,G,0,0
2792,10.06.2021.,16:40:00,22,22,1,0,0,0,0,G,0,0
2793,10.06.2021.,16:45:00,22,22,1,0,0,0,0,G,0,0
2794,10.06.2021.,16:50:00,22,22,1,0,0,0,0,G,0,0
2795,10.06.2021.,16:55:00,22,22,1,0,0,0,0,G,0,0
2796,10.06.2021.,17:00:00,22,22,1,0,0,0,0,G,0,0
2797,10.06.2021.,17:05:00,22,22,1,0,0,0,0,G,0,0
2798,10.06.2021.,17:10:00,22,22,1,0,0,0,0,G,0,0
2799,10.06.2021.,17:15:00,22,22,1,0,0,0,0,G,0,0
2800,10.06.2021.,17:20:00,22,22,1,0,0,0,0,G,0,0
2801,10.06.2021.,17:25:00,22,22,1,1,0,0,0,G,0,0
2802,10.06.2021.,17:30:00,22,22,1,1,0,0,0,G,0,0
2803,10.06.2021.,17:35:00,22,22,1,1,0,0,0,G,0,0
2804,10.06.2021.,17:40:00,22,22,1,1,0,0,0,G,0,0
2805,10.06.2021.,17:45:00,22,22,1,1,0,0,0,G,0,0
2806,10.06.2021.,17:50:00,22,22,1,1,0,0,0,G,0,0
2807,10.06.2021.,17:55:00,22,22,1,1,0,0,0,G,0,0
2808,10.06.2021.,18:00:00,22,22,1,1,0,0,0,G,0,0
2809,10.06.2021.,18:05:00,22,22,1,0,0,0,0,G,0,0
2810,10.06.2021.,18:10:00,22,22,1,0,0,0,0,G,0,0
2811,10.06.2021.,18:15:00,22,22,1,0,0,0,0,G,0,0
2812,10.06.2021.,18:20:00,22,22,1,0,0,0,0,G,0,0
2813,10.06.2021.,18:25:00,22,22,1,0,0,0,0,G,0,0
2814,10.06.2021.,18:30:00,22,22,1,0,0,0,0,G,0,0
2815,10.06.2021.,18:35:00,22,22,1,0,0,0,0,G,0,0
2816,10.06.2021.,18:40:00,22,22,1,0,0,0,0,G,0,0
2817,10.06.2021.,18:45:00,22,22,1,0,0,0,0,G,0,0
2818,10.06.2021.,18:50:00,22,22,1,0,0,0,0,G,0,0
2819,10.06.2021.,18:55:00,22,22,1,0,0,0,0,G,0,0
2820,10.06.2021.,19:00:00,22,22,1,0,0,0,0,G,0,0
2821,10.06.2021.,19:05:00,22,22,1,0,0,0,0,G,0,0
2822,10.06.2021.,19:10:00,22,22,1,0,0,0,0,G,0,0
2823,10.06.2021.,19:15:00,22,22,1,0,0,0,0,G,0,0
2824,10.06.2021.,19:20:00,22,22,1,1,0,0,0,G,0,0
2825,10.06.2021.,19:25:00,22,22,1,1,0,0,0,G,0,0
2826,10.06.2021.,19:30:00,22,22,1,1,0,0,0,G,0,0
2827,10.06.2021.,19:35:00,22,22,1,1,0,0,0,G,0,0
2828,10.06.2021.,19:40:00,22,22,1,1,0,0,0,G,0,0
2829,10.06.2021.,19:45:00,22,22,1,1,0,0,0,G,0,0
2830,10.06.2021.,19:50:00,22,22,1,1,0,0,0,G,0,0
2831,10.06.2021.,19:55:00,22,22,1,0,0,0,0,G,0,0
2832,10.06.2021.,20:00:00,22,22,1,0,0,0,0,G,0,0
2833,10.06.2021.,20:05:00,22,22,1,0,0,0,0,G,0,0
2834,10.06.2021.,20:10:00,22,22,1,0,0,0,0,G,0,0
2835,10.06.2021.,20:15:00,22,22,1,0,0,0,0,G,0,0
2836,10.06.2021.,20:20:00,22,22,1,0,0,0,0,G,0,0
2837,10.06.2021.,20:25:00,22,22,1,0,0,0,0,G,0,0
2838,10.06.2021.,20:30:00,22,22,1,0,0,0,0,G,0,0
2839,10.06.2021.,20:35:00,22,22,1,0,0,0,0,G,0,0
2840,10.06.2021.,20:40:00,22,22,1,0,0,0,0,G,0,0
2841,10.06.2021.,20:45:00,22,22,1,0,0,0,0,G,0,0
2842,10.06.2021.,20:50:00,22,22,1,0,0,0,0,G,0,0
2843,10.06.2021.,20:55:00,22,22,1,0,0,0,0,G,0,0
2844,10.06.2021.,21:00:00,22,22,1,0,0,0,0,G,0,0
2845,10.06.2021.,21:05:00,22,22,1,0,0,0,0,G,0,0
2846,10.06.2021.,21:10:00,22,22,1,0,0,0,0,G,0,0
2847,10.06.2021.,21:15:00,22,22,1,0,0,0,0,G,0,0
2848,10.06.2021.,21:20:00,22,22,1,0,0,0,0,G,0,0
2849,10.06.2021.,21:25:00,22,22,1,0,0,0,0,G,0,0
2850,10.06.2021.,21:30:00,22,22,1,0,0,0,0,G,0,0
2851,10.06.2021.,21:35:00,22,22,1,0,0,0,0,G,0,0
2852,10.06.2021.,21:40:00,22,22,1,0,0,0,0,G,0,0
2853,10.06.2021.,21:45:00,22,22,1,0,0,0,0,G,0,0
2854,10.06.2021.,21:50:00,22,22,1,0,0,0,0,G,0,0
2855,10.06.2021.,21:55:00,22,22,1,0,0,0,0,G,0,0
2856,10.06.2021.,22:00:00,22,22,1,0,0,0,0,G,0,0
2857,10.06.2021.,22:05:00,22,22,1,0,0,0,0,G,0,0
2858,10.06.2021.,22:10:00,22,22,1,0,0,0,0,G,0,0
2859,10.06.2021.,22:15:00,22,22,1,0,0,0,0,G,0,0
2860,10.06.2021.,22:20:00,22,22,1,0,0,0,0,G,0,0
2861,10.06.2021.,22:25:00,22,22,1,0,0,0,0,G,0,0
2862,10.06.2021.,22:30:00,22,22,1,0,0,0,0,G,0,0
2863,10.06.2021.,22:35:00,22,22,1,0,0,0,0,G,0,0
2864,10.06.2021.,22:40:00,22,22,1,0,0,0,0,G,0,0
2865,10.06.2021.,22:45:00,22,22,1,0,0,0,0,G,0,0
2866,10.06.2021.,22:50:00,22,22,1,0,0,0,0,G,0,0
2867,10.06.2021.,22:55:00,22,22,1,0,0,0,0,G,0,0
2868,10.06.2021.,23:00:00,22,22,1,0,0,0,0,G,0,0
2869,10.06.2021.,23:05:00,22,22,1,0,0,0,0,G,0,0
2870,10.06.2021.,23:10:00,22,22,1,0,0,0,0,G,0,0
2871,10.06.2021.,23:15:00,22,22,1,0,0,0,0,G,0,0
2872,10.06.2021.,23:20:00,22,22,1,0,0,0,0,G,0,0
2873,10.06.2021.,23:25:00,22,22,1,0,0,0,0,G,0,0
2874,10.06.2021.,23:30:00,22,22,1,0,0,0,0,G,0,0
2875,10.06.2021.,23:35:00,22,22,1,0,0,0,0,G,0,0
2876,10.06.2021.,23:40:00,22,22,1,0,0,0,0,G,0,0
2877,10.06.2021.,23:45:00,22,22,1,0,0,0,0,G,0,0
2878,10.06.2021.,23:50:00,22,22,1,0,0,0,0,G,0,0
2879,10.06.2021.,23:55:00,22,22,1,0,0,0,0,G,0,0
2880,11.06.2021.,00:00:00,22,22,1,0,0,0,0,G,0,0
2881,11.06.2021.,00:05:00,22,22,1,0,0,0,0,G,0,0
2882,11.06.2021.,00:10:00,22,22,1,0,0,0,0,G,0,0
2883,11.06.2021.,00:15:00,22,22,1,0,0,0,0,G,0,0
2884,11.06.2021.,00:20:00,22,22,1,0,0,0,0,G,0,0
2885,11.06.2021.,00:25:00,22,22,1,0,0,0,0,G,0,0
2886,11.06.2021.,00:30:00,22,22,1,0,0,0,0,G,0,0
2887,11.06.2021.,00:35:00,22,22,1,0,0,0,0,G,0,0
2888,11.06.2021.,00:40:00,22,22,1,0,0,0,0,G,0,0
2889,11.06.2021.,00:45:00,22,22,1,0,0,0,0,G,0,0
2890,11.06.2021.,00:50:00,22,22,1,0,0,0,0,G,0,0
2891,11.06.2021.,00:55:00,22,22,1,1,0,0,0,G,0,0
2892,11.06.2021.,01:00:00,22,22,1,1,0,0,0,G,0,0
2893,11.06.2021.,01:05:00,22,22,1,1,0,0,0,G,0,0
2894,11.06.2021.,01:10:00,22,22,1,1,0,0,0,G,0,0
2895,11.06.2021.,01:15:00,22,22,1,1,0,0,0,G,0,0
2896,11.06.2021.,01:20:00,22,22,1,1,0,0,0,G,0,0
2897,11.06.2021.,01:25:00,22,22,1,0,0,0,0,G,0,0
2898,11.06.2021.,01:30:00,22,22,1,0,0,0,0,G,0,0
2899,11.06.2021.,01:35:00,22,22,1,0,0,0,0,G,0,0
2900,11.06.2021.,01:40:00,22,22,1,0,0,0,0,G,0,0
2901,11.06.2021.,01:45:00,22,22,1,0,0,0,0,G,0,0
2902,11.06.2021.,01:50:00,22,22,1,0,0,0,0,G,0,0
2903,11.06.2021.,01:55:00,22,22,1,0,0,0,0,G,0,0
2904,11.06.2021.,02:00:00,22,22,1,0,0,0,0,G,0,0
2905,11.06.2021.,02:05:00,22,22,1,0,0,0,0,G,0,0
2906,11.06.2021.,02:10:00,22,22,1,0,0,0,0,G,0,0
2907,11.06.2021.,02:15:00,22,22,1,0,0,0,0,G,0,0
2908,11.06.2021.,02:20:00,22,22,1,0,0,0,0,G,0,0
2909,11.06.2021.,02:25:00,22,22,1,0,0,0,0,G,0,0
2910,11.06.2021.,02:30:00,22,22,1,0,0,0,0,G,0,0
2911,11.06.2021.,02:35:00,22,22,1,0,0,0,0,G,0,0
2912,11.06.2021.,02:40:00,22,22,1,0,0,0,0,G,0,0
2913,11.06.2021.,02:45:00,22,22,1,0,0,0,0,G,0,0
2914,11.06.2021.,02:50:00,22,22,1,0,0,0,0,G,0,0
2915,11.06.2021.,02:55:00,22,22,1,0,0,0,0,G,0,0
2916,11.06.2021.,03:00:00,22,22,1,0,0,0,0,G,0,0
2917,11.06.2021.,03:05:00,22,22,1,0,0,0,0,G,0,0
2918,11.06.2021.,03:10:00,22,22,1,0,0,0,0,G,0,0
2919,11.06.2021.,03:15:00,22,22,1,0,0,0,0,G,0,0
2920,11.06.2021.,03:20:00,22,22,1,0,0,0,0,G,0,0
2921,11.06.2021.,03:25:00,22,22,1,0,0,0,0,G,0,0
2922,11.06.2021.,03:30:00,22,22,1,0,0,0,0,G,0,0
2923,11.06.2021.,03:35:00,22,22,1,0,0,0,0,G,0,0
2924,11.06.2021.,03:40:00,22,22,1,0,0,0,0,G,0,0
2925,11.06.2021.,03:45:00,22,22,1,0,0,0,0,G,0,0
2926,11.06.2021.,03:50:00,22,22,1,0,0,0,0,G,0,0
2927,11.06.2021.,03:55:00,22,22,1,0,0,0,0,G,0,0
2928,11.06.2021.,04:00:00,22,22,1,0,0,0,0,G,0,0
2929,11.06.2021.,04:05:00,22,22,1,0,0,0,0,G,0,0
2930,11.06.2021.,04:10:00,22,22,1,0,0,0,0,G,0,0
2931,11.06.2021.,04:15:00,22,22,1,0,0,0,0,G,0,0
2932,11.06.2021.,04:20:00,22,22,1,0,0,0,0,G,0,0
2933,11.06.2021.,04:25:00,22,22,1,0,0,0,0,G,0,0
2934,11.06.2021.,04:30:00,22,22,1,0,0,0,0,G,0,0
2935,11.06.2021.,04:35:00,22,22,1,0,0,0,0,G,0,0
2936,11.06.2021.,04:40:00,22,22,1,0,0,0,0,G,0,0
2937,11.06.2021.,04:45:00,22,22,1,0,0,0,0,G,0,0
2938,11.06.2021.,04:50:00,22,22,1,0,0,0,0,G,0,0
2939,11.06.2021.,04:55:00,22,22,1,0,0,0,0,G,0,0
2940,11.06.2021.,05:00:00,22,22,1,0,0,0,0,G,0,0
2941,11.06.2021.,05:05:00,22,22,1,0,0,0,0,G,0,0
2942,11.06.2021.,05:10:00,22,22,1,0,0,0,0,G,0,0
2943,11.06.2021.,05:15:00,22,22,1,0,0,0,0,G,0,0
2944,11.06.2021.,05:20:00,22,22,1,0,0,0,0,G,0,0
2945,11.06.2021.,05:25:00,22,22,1,0,0,0,0,G,0,0
2946,11.06.2021.,05:30:00,22,22,1,0,0,0,0,G,0,0
2947,11.06.2021.,05:35:00,22,22,1,0,0,0,0,G,0,0
2948,11.06.2021.,05:40:00,22,22,1,0,0,0,0,G,0,0
2949,11.06.2021.,05:45:00,22,22,1,0,0,0,0,G,0,0
2950,11.06.2021.,05:50:00,22,22,1,1,0,0,0,G,0,0
2951,11.06.2021.,05:55:00,22,22,1,1,0,0,0,G,0,0
2952,11.06.2021.,06:00:00,22,22,1,1,0,0,0,G,0,0
2953,11.06.2021.,06:05:00,22,22,1,1,0,0,0,G,0,0
2954,11.06.2021.,06:10:00,22,22,1,1,0,0,0,G,0,0
2955,11.06.2021.,06:15:00,22,22,1,0,0,0,0,G,0,0
2956,11.06.2021.,06:20:00,22,22,1,0,0,0,0,G,0,0
2957,11.06.2021.,06:25:00,22,22,1,0,0,0,0,G,0,0
2958,11.06.2021.,06:30:00,22,22,1,0,0,0,0,G,0,0
2959,11.06.2021.,06:35:00,22,22,1,0,0,0,0,G,0,0
2960,11.06.2021.,06:40:00,22,22,1,0,0,0,0,G,0,0
2961,11.06.2021.,06:45:00,22,22,1,0,0,0,0,G,0,0
2962,11.06.2021.,06:50:00,22,22,1,0,0,0,0,G,0,0
2963,11.06.2021.,06:55:00,22,22,1,0,0,0,0,G,0,0
2964,11.06.2021.,07:00:00,22,22,1,0,0,0,0,G,0,0
2965,11.06.2021.,07:05:00,22,22,1,0,0,0,0,G,0,0
2966,11.06.2021.,07:10:00,22,22,1,0,0,0,0,G,0,0
2967,11.06.2021.,07:15:00,22,22,1,0,0,0,0,G,0,0
2968,11.06.2021.,07:20:00,22,22,1,0,0,0,0,G,0,0
2969,11.06.2021.,07:25:00,22,22,1,0,0,0,0,G,0,0
2970,11.06.2021.,07:30:00,22,22,1,0,0,0,0,G,0,0
2971,11.06.2021.,07:35:00,22,22,1,0,0,0,0,G,0,0
2972,11.06.2021.,07:40:00,22,22,1,0,0,0,0,G,0,0
2973,11.06.2021.,07:45:00,22,22,1,0,0,0,0,G,0,0
2974,11.06.2021.,07:50:00,22,22,1,0,0,0,0,G,0,0
2975,11.06.2021.,07:55:00,22,22,1,0,0,0,0,G,0,0
2976,11.06.2021.,08:00:00,22,22,1,0,0,0,0,G,0,0
2977,11.06.2021.,08:05:00,22,22,1,0,0,0,0,G,0,0
2978,11.06.2021.,08:10:00,22,22,1,0,0,0,0,G,0,0
2979,11.06.2021.,08:15:00,22,22,1,0,0,0,0,G,0,0
2980,11.06.2021.,08:20:00,22,22,1,0,0,0,0,G,0,0
2981,11.06.2021.,08:25:00,22,22,1,0,0,0,0,G,0,0
2982,11.06.2021.,08:30:00,22,22,1,0,0,0,0,G,0,0
2983,11.06.2021.,08:35:00,22,22,1,0,0,0,0,G,0,0
2984,11.06.2021.,08:40:00,22,22,1,0,0,0,0,G,0,0
2985,11.06.2021.,08:45:00,22,22,1,0,0,0,0,G,0,0
2986,11.06.2021.,08:50:00,22,22,1,0,0,0,0,G,0,0
2987,11.06.2021.,08:55:00,22,22,1,0,0,0,0,G,0,0
2988,11.06.2021.,09:00:00,22,22,1,0,0,0,0,G,0,0
2989,11.06.2021.,09:05:00,22,22,1,0,0,0,0,G,0,0
2990,11.06.2021.,09:10:00,22,22,1,0,0,0,0,G,0,0
2991,11.06.2021.,09:15:00,22,22,1,0,0,0,0,G,0,0
2992,11.06.2021.,09:20:00,22,22,1,1,0,0,0,G,0,0
2993,11.06.2021.,09:25:00,22,22,1,1,0,0,0,G,0,0
2994,11.06.2021.,09:30:00,22,22,1,1,0,0,0,G,0,0
2995,11.06.2021.,09:35:00,22,22,1,1,0,0,0,G,0,0
2996,11.06.2021.,09:40:00,22,22,1,1,0,0,0,G,0,0
2997,11.06.2021.,09:45:00,22,22,1,1,0,0,0,G,0,0
2998,11.06.2021.,09:50:00,22,22,1,1,0,0,0,G,0,0
2999,11.06.2021.,09:55:00,22,22,1,1,0,0,0,G,0,0
3000,11.06.2021.,10:00:00,22,22,1,1,0,0,0,G,0,0
3001,11.06.2021.,10:05:00,22,22,1,1,0,0,0,G,0,0
3002,11.06.2021.,10:10:00,22,22,1,1,0,0,0,G,0,0
3003,11.06.2021.,10:15:00,22,22,1,1,0,0,0,G,0,0
3004,11.06.2021.,10:20:00,22,22,1,1,0,0,0,G,0,0
3005,11.06.2021.,10:25:00,22,22,1,1,0,0,0,G,0,0
3006,11.06.2021.,10:30:00,22,22,1,1,0,0,0,G,0,0
3007,11.06.2021.,10:35:00,22,22,1,1,0,0,0,G,0,0
3008,11.06.2021.,10:40:00,22,22,1,1,0,0,0,G,0,0
3009,11.06.2021.,10:45:00,22,22,1,1,0,0,0,G,0,0
3010,11.06.2021.,10:50:00,22,22,1,1,0,0,0,G,0,0
3011,11.06.2021.,10:55:00,22,22,1,1,0,0,0,G,0,0
3012,11.06.2021.,11:00:00,22,22,1,1,0,0,0,G,0,0
3013,11.06.2021.,11:05:00,22,22,1,1,0,0,0,G,0,0
3014,11.06.2021.,11:10:00,22,22,1,1,0,0,0,G,0,0
3015,11.06.2021.,11:15:00,22,22,1,1,0,0,0,G,0,0
3016,11.06.2021.,11:20:00,22,22,1,1,0,0,0,G,0,0
3017,11.06.2021.,11:25:00,22,22,1,1,0,0,0,G,0,0
3018,11.06.2021.,11:30:00,22,22,1,1,0,0,0,G,0,0
3019,11.06.2021.,11:35:00,22,22,1,1,0,0,0,G,0,0
3020,11.06.2021.,11:40:00,22,22,1,1,0,0,0,G,0,0
3021,11.06.2021.,11:45:00,22,22,1,1,0,0,0,G,0,0
3022,11.06.2021.,11:50:00,22,22,1,1,0,0,0,G,0,0
3023,11.06.2021.,11:55:00,22,22,1,1,0,0,0,G,0,0
3024,11.06.2021.,12:00:00,22,22,1,1,0,0,0,G,0,0
3025,11.06.2021.,12:05:00,22,22,1,1,0,0,0,G,0,0
3026,11.06.2021.,12:10:00,22,22,1,1,0,0,0,G,0,0
3027,11.06.2021.,12:15:00,22,22,1,1,0,0,0,G,0,0
3028,11.06.2021.,12:20:00,22,22,1,1,0,0,0,G,0,0
3029,11.06.2021.,12:25:00,22,22,1,1,0,0,0,G,0,0
3030,11.06.2021.,12:30:00,22,22,1,1,0,0,0,G,0,0
3031,11.06.2021.,12:35:00,22,22,1,1,0,0,0,G,0,0
3032,11.06.2021.,12:40:00,22,22,1,1,0,0,0,G,0,0
3033,11.06.2021.,12:45:00,22,22,1,1,0,0,0,G,0,0
3034,11.06.2021.,12:50:00,22,22,1,1,0,0,0,G,0,0
3035,11.06.2021.,12:55:00,22,22,1,1,0,0,0,G,0,0
3036,11.06.2021.,13:00:00,22,22,1,1,0,0,0,G,0,0
3037,11.06.2021.,13:05:00,22,22,1,1,0,0,0,G,0,0
3038,11.06.2021.,13:10:00,22,22,1,1,0,0,0,G,0,0
3039,11.06.2021.,13:15:00,22,22,1,1,0,0,0,G,0,0
3040,11.06.2021.,13:20:00,22,22,1,1,0,0,0,G,0,0
3041,11.06.2021.,13:25:00,22,22,1,1,0,0,0,G,0,0
3042,11.06.2021.,13:30:00,22,22,1,1,0,0,0,G,0,0
3043,11.06.2021.,13:35:00,22,22,1,1,0,0,0,G,0,0
3044,11.06.2021.,13:40:00,22,22,1,1,0,0,0,G,0,0
3045,11.06.2021.,13:45:00,22,22,1,1,0,0,0,G,0,0
3046,11.06.2021.,13:50:00,22,22,1,1,0,0,0,G,0,0
3047,11.06.2021.,13:55:00,22,22,1,1,0,0,0,G,0,0
3048,11.06.2021.,14:00:00,22,22,1,1,0,0,0,G,0,0
3049,11.06.2021.,14:05:00,22,22,1,1,0,0,0,G,0,0
3050,11.06.2021.,14:10:00,22,22,1,1,0,0,0,G,0,0
3051,11.06.2021.,14:15:00,22,22,1,1,0,0,0,G,0,0
3052,11.06.2021.,14:20:00,22,22,1,1,0,0,0,G,0,0
3053,11.06.2021.,14:25:00,22,22,1,0,0,0,0,G,0,0
3054,11.06.2021.,14:30:00,22,22,1,0,0,0,0,G,0,0
3055,11.06.2021.,14:35:00,22,22,1,0,0,0,0,G,0,0
3056,11.06.2021.,14:40:00,22,22,1,0,0,0,0,G,0,0
3057,11.06.2021.,14:45:00,22,22,1,0,0,0,0,G,0,0
3058,11.06.2021.,14:50:00,22,22,1,0,0,0,0,G,0,0
3059,11.06.2021.,14:55:00,22,22,1,0,0,0,0,G,0,0
3060,11.06.2021.,15:00:00,22,22,1,0,0,0,0,G,0,0
3061,11.06.2021.,15:05:00,22,22,1,0,0,0,0,G,0,0
3062,11.06.2021.,15:10:00,22,22,1,0,0,0,0,G,0,0
3063,11.06.2021.,15:15:00,22,22,1,1,0,0,0,G,0,0
3064,11.06.2021.,15:20:00,22,22,1,1,0,0,0,G,0,0
3065,11.06.2021.,15:25:00,22,22,1,1,0,0,0,G,0,0
3066,11.06.2021.,15:30:00,22,22,1,1,0,0,0,G,0,0
3067,11.06.2021.,15:35:00,22,22,1,1,0,0,0,G,0,0
3068,11.06.2021.,15:40:00,22,22,1,1,0,0,0,G,0,0
3069,11.06.2021.,15:45:00,22,22,1,1,0,0,0,G,0,0
3070,11.06.2021.,15:50:00,22,22,1,1,0,0,0,G,0,0
3071,11.06.2021.,15:55:00,22,22,1,1,0,0,0,G,0,0
3072,11.06.2021.,16:00:00,22,22,1,1,0,0,0,G,0,0
3073,11.06.2021.,16:05:00,22,22,1,0,0,0,0,G,0,0
3074,11.06.2021.,16:10:00,22,22,1,0,0,0,0,G,0,0
3075,11.06.2021.,16:15:00,22,22,1,0,0,0,0,G,0,0
3076,11.06.2021.,16:20:00,22,22,1,0,0,0,0,G,0,0
3077,11.06.2021.,16:25:00,22,22,1,0,0,0,0,G,0,0
3078,11.06.2021.,16:30:00,22,22,1,0,0,0,0,G,0,0
3079,11.06.2021.,16:35:00,22,22,1,0,0,0,0,G,0,0
3080,11.06.2021.,16:40:00,22,22,1,0,0,0,0,G,0,0
3081,11.06.2021.,16:45:00,22,22,1,0,0,0,0,G,0,0
3082,11.06.2021.,16:50:00,22,22,1,0,0,0,0,G,0,0
3083,11.06.2021.,16:55:00,22,22,1,0,0,0,0,G,0,0
3084,11.06.2021.,17:00:00,22,22,1,0,0,0,0,G,0,0
3085,11.06.2021.,17:05:00,22,22,1,0,0,0,0,G,0,0
3086,11.06.2021.,17:10:00,22,22,1,0,0,0,0,G,0,0
3087,11.06.2021.,17:15:00,22,22,1,0,0,0,0,G,0,0
3088,11.06.2021.,17:20:00,22,22,1,0,0,0,0,G,0,0
3089,11.06.2021.,17:25:00,22,22,1,0,0,0,0,G,0,0
3090,11.06.2021.,17:30:00,22,22,1,0,0,0,0,G,0,0
3091,11.06.2021.,17:35:00,22,22,1,1,0,0,0,G,0,0
3092,11.06.2021.,17:40:00,22,22,1,1,0,0,0,G,0,0
3093,11.06.2021.,17:45:00,22,22,1,1,0,0,0,G,0,0
3094,11.06.2021.,17:50:00,22,22,1,1,0,0,0,G,0,0
3095,11.06.2021.,17:55:00,22,22,1,1,0,0,0,G,0,0
3096,11.06.2021.,18:00:00,22,22,1,1,0,0,0,G,0,0
3097,11.06.2021.,18:05:00,22,22,1,0,0,0,0,G,0,0
3098,11.06.2021.,18:10:00,22,22,1,0,0,0,0,G,0,0
3099,11.06.2021.,18:15:00,22,22,1,0,0,0,0,G,0,0
3100,11.06.2021.,18:20:00,22,22,1,0,0,0,0,G,0,0
3101,11.06.2021.,18:25:00,22,22,1,0,0,0,0,G,0,0
3102,11.06.2021.,18:30:00,22,22,1,0,0,0,0,G,0,0
3103,11.06.2021.,18:35:00,22,22,1,0,0,0,0,G,0,0
3104,11.06.2021.,18:40:00,22,22,1,0,0,0,0,G,0,0
3105,11.06.2021.,18:45:00,22,22,1,0,0,0,0,G,0,0
3106,11.06.2021.,18:50:00,22,22,1,0,0,0,0,G,0,0
3107,11.06.2021.,18:55:00,22,22,1,0,0,0,0,G,0,0
3108,11.06.2021.,19:00:00,22,22,1,0,0,0,0,G,0,0
3109,11.06.2021.,19:05:00,22,22,1,0,0,0,0,G,0,0
3110,11.06.2021.,19:10:00,22,22,1,0,0,0,0,G,0,0
3111,11.06.2021.,19:15:00,22,22,1,0,0,0,0,G,0,0
3112,11.06.2021.,19:20:00,22,22,1,0,0,0,0,G,0,0
3113,11.06.2021.,19:25:00,22,22,1,0,0,0,0,G,0,0
3114,11.06.2021.,19:30:00,22,22,1,0,0,0,0,G,0,0
3115,11.06.2021.,19:35:00,22,22,1,0,0,0,0,G,0,0
3116,11.06.2021.,19:40:00,22,22,1,0,0,0,0,G,0,0
3117,11.06.2021.,19:45:00,22,22,1,1,0,0,0,G,0,0
3118,11.06.2021.,19:50:00,22,22,1,1,0,0,0,G,0,0
3119,11.06.2021.,19:55:00,22,22,1,1,0,0,0,G,0,0
3120,11.06.2021.,20:00:00,22,22,1,1,0,0,0,G,0,0
3121,11.06.2021.,20:05:00,22,22,1,1,0,0,0,G,0,0
3122,11.06.2021.,20:10:00,22,22,1,1,0,0,0,G,0,0
3123,11.06.2021.,20:15:00,22,22,1,0,0,0,0,G,0,0
3124,11.06.2021.,20:20:00,22,22,1,0,0,0,0,G,0,0
3125,11.06.2021.,20:25:00,22,22,1,0,0,0,0,G,0,0
3126,11.06.2021.,20:30:00,22,22,1,0,0,0,0,G,0,0
3127,11.06.2021.,20:35:00,22,22,1,0,0,0,0,G,0,0
3128,11.06.2021.,20:40:00,22,22,1,0,0,0,0,G,0,0
3129,11.06.2021.,20:45:00,22,22,1,0,0,0,0,G,0,0
3130,11.06.2021.,20:50:00,22,22,1,0,0,0,0,G,0,0
3131,11.06.2021.,20:55:00,22,22,1,0,0,0,0,G,0,0
3132,11.06.2021.,21:00:00,22,22,1,0,0,0,0,G,0,0
3133,11.06.2021.,21:05:00,22,22,1,0,0,0,0,G,0,0
3134,11.06.2021.,21:10:00,22,22,1,0,0,0,0,G,0,0
3135,11.06.2021.,21:15:00,22,22,1,0,0,0,0,G,0,0
3136,11.06.2021.,21:20:00,22,22,1,0,0,0,0,G,0,0
3137,11.06.2021.,21:25:00,22,22,1,0,0,0,0,G,0,0
3138,11.06.2021.,21:30:00,22,22,1,0,0,0,0,G,0,0
3139,11.06.2021.,21:35:00,22,22,1,0,0,0,0,G,0,0
3140,11.06.2021.,21:40:00,22,22,1,0,0,0,0,G,0,0
3141,11.06.2021.,21:45:00,22,22,1,0,0,0,0,G,0,0
3142,11.06.2021.,21:50:00,22,22,1,0,0,0,0,G,0,0
3143,11.06.2021.,21:55:00,22,22,1,0,0,0,0,G,0,0
3144,11.06.2021.,22:00:00,22,22,1,0,0,0,0,G,0,0
3145,11.06.2021.,22:05:00,22,22,1,0,0,0,0,G,0,0
3146,11.06.2021.,22:10:00,22,22,1,0,0,0,0,G,0,0
3147,11.06.2021.,22:15:00,22,22,1,0,0,0,0,G,0,0
3148,11.06.2021.,22:20:00,22,22,1,0,0,0,0,G,0,0
3149,11.06.2021.,22:25:00,22,22,1,0,0,0,0,G,0,0
3150,11.06.2021.,22:30:00,22,22,1,0,0,0,0,G,0,0
3151,11.06.2021.,22:35:00,22,22,1,0,0,0,0,G,0,0
3152,11.06.2021.,22:40:00,22,22,1,0,0,0,0,G,0,0
3153,11.06.2021.,22:45:00,22,22,1,0,0,0,0,G,0,0
3154,11.06.2021.,22:50:00,22,22,1,0,0,0,0,G,0,0
3155,11.06.2021.,22:55:00,22,22,1,0,0,0,0,G,0,0
3156,11.06.2021.,23:00:00,22,22,1,0,0,0,0,G,0,0
3157,11.06.2021.,23:05:00,22,22,1,0,0,0,0,G,0,0
3158,11.06.2021.,23:10:00,22,22,1,0,0,0,0,G,0,0
3159,11.06.2021.,23:15:00,22,22,1,0,0,0,0,G,0,0
3160,11.06.2021.,23:20:00,22,22,1,0,0,0,0,G,0,0
3161,11.06.2021.,23:25:00,22,22,1,0,0,0,0,G,0,0
3162,11.06.2021.,23:30:00,22,22,1,0,0,0,0,G,0,0
3163,11.06.2021.,23:35:00,22,22,1,0,0,0,0,G,0,0
3164,11.06.2021.,23:40:00,22,22,1,0,0,0,0,G,0,0
3165,11.06.2021.,23:45:00,22,22,1,0,0,0,0,G,0,0
3166,11.06.2021.,23:50:00,22,22,1,0,0,0,0,G,0,0
3167,11.06.2021.,23:55:00,22,22,1,0,0,0,0,G,0,0
3168,12.06.2021.,00:00:00,22,22,1,0,0,0,0,G,0,0
3169,12.06.2021.,00:05:00,22,22,1,0,0,0,0,G,0,0
3170,12.06.2021.,00:10:00,22,22,1,0,0,0,0,G,0,0
3171,12.06.2021.,00:15:00,22,22,1,0,0,0,0,G,0,0
3172,12.06.2021.,00:20:00,22,22,1,0,0,0,0,G,0,0
3173,12.06.2021.,00:25:00,22,22,1,0,0,0,0,G,0,0
3174,12.06.2021.,00:30:00,22,22,1,0,0,0,0,G,0,0
3175,12.06.2021.,00:35:00,22,22,1,0,0,0,0,G,0,0
3176,12.06.2021.,00:40:00,22,22,1,0,0,0,0,G,0,0
3177,12.06.2021.,00:45:00,22,22,1,0,0,0,0,G,0,0
3178,12.06.2021.,00:50:00,22,22,1,0,0,0,0,G,0,0
3179,12.06.2021.,00:55:00,22,22,1,0,0,0,0,G,0,0
3180,12.06.2021.,01:00:00,22,22,1,0,0,0,0,G,0,0
3181,12.06.2021.,01:05:00,22,22,1,1,0,0,0,G,0,0
3182,12.06.2021.,01:10:00,22,22,1,1,0,0,0,G,0,0
3183,12.06.2021.,01:15:00,22,22,1,1,0,0,0,G,0,0
3184,12.06.2021.,01:20:00,22,22,1,1,0,0,0,G,0,0
3185,12.06.2021.,01:25:00,22,22,1,0,0,0,0,G,0,0
3186,12.06.2021.,01:30:00,22,22,1,0,0,0,0,G,0,0
3187,12.06.2021.,01:35:00,22,22,1,0,0,0,0,G,0,0
3188,12.06.2021.,01:40:00,22,22,1,0,0,0,0,G,0,0
3189,12.06.2021.,01:45:00,22,22,1,0,0,0,0,G,0,0
3190,12.06.2021.,01:50:00,22,22,1,0,0,0,0,G,0,0
3191,12.06.2021.,01:55:00,22,22,1,0,0,0,0,G,0,0
3192,12.06.2021.,02:00:00,22,22,1,0,0,0,0,G,0,0
3193,12.06.2021.,02:05:00,22,22,1,0,0,0,0,G,0,0
3194,12.06.2021.,02:10:00,22,22,1,0,0,0,0,G,0,0
3195,12.06.2021.,02:15:00,22,22,1,0,0,0,0,G,0,0
3196,12.06.2021.,02:20:00,22,22,1,0,0,0,0,G,0,0
3197,12.06.2021.,02:25:00,22,22,1,0,0,0,0,G,0,0
3198,12.06.2021.,02:30:00,22,22,1,0,0,0,0,G,0,0
3199,12.06.2021.,02:35:00,22,22,1,0,0,0,0,G,0,0
3200,12.06.2021.,02:40:00,22,22,1,0,0,0,0,G,0,0
3201,12.06.2021.,02:45:00,22,22,1,0,0,0,0,G,0,0
3202,12.06.2021.,02:50:00,22,22,1,0,0,0,0,G,0,0
3203,12.06.2021.,02:55:00,22,22,1,0,0,0,0,G,0,0
3204,12.06.2021.,03:00:00,22,22,1,0,0,0,0,G,0,0
3205,12.06.2021.,03:05:00,22,22,1,0,0,0,0,G,0,0
3206,12.06.2021.,03:10:00,22,22,1,0,0,0,0,G,0,0
3207,12.06.2021.,03:15:00,22,22,1,0,0,0,0,G,0,0
3208,12.06.2021.,03:20:00,22,22,1,0,0,0,0,G,0,0
3209,12.06.2021.,03:25:00,22,22,1,0,0,0,0,G,0,0
3210,12.06.2021.,03:30:00,22,22,1,0,0,0,0,G,0,0
3211,12.06.2021.,03:35:00,22,22,1,0,0,0,0,G,0,0
3212,12.06.2021.,03:40:00,22,22,1,0,0,0,0,G,0,0
3213,12.06.2021.,03:45:00,22,22,1,0,0,0,0,G,0,0
3214,12.06.2021.,03:50:00,22,22,1,0,0,0,0,G,0,0
3215,12.06.2021.,03:55:00,22,22,1,0,0,0,0,G,0,0
3216,12.06.2021.,04:00:00,22,22,1,0,0,0,0,G,0,0
3217,12.06.2021.,04:05:00,22,22,1,0,0,0,0,G,0,0
3218,12.06.2021.,04:10:00,22,22,1,0,0,0,0,G,0,0
3219,12.06.2021.,04:15:00,22,22,1,0,0,0,0,G,0,0
3220,12.06.2021.,04:20:00,22,22,1,0,0,0,0,G,0,0
3221,12.06.2021.,04:25:00,22,22,1,0,0,0,0,G,0,0
3222,12.06.2021.,04:30:00,22,22,1,0,0,0,0,G,0,0
3223,12.06.2021.,04:35:00,22,22,1,0,0,0,0,G,0,0
3224,12.06.2021.,04:40:00,22,22,1,0,0,0,0,G,0,0
3225,12.06.2021.,04:45:00,22,22,1,0,0,0,0,G,0,0
3226,12.06.2021.,04:50:00,22,22,1,0,0,0,0,G,0,0
3227,12.06.2021.,04:55:00,22,22,1,0,0,0,0,G,0,0
3228,12.06.2021.,05:00:00,22,22,1,0,0,0,0,G,0,0
3229,12.06.2021.,05:05:00,22,22,1,0,0,0,0,G,0,0
3230,12.06.2021.,05:10:00,22,22,1,0,0,0,0,G,0,0
3231,12.06.2021.,05:15:00,22,22,1,0,0,0,0,G,0,0
3232,12.06.2021.,05:20:00,22,22,1,0,0,0,0,G,0,0
3233,12.06.2021.,05:25:00,22,22,1,0,0,0,0,G,0,0
3234,12.06.2021.,05:30:00,22,22,1,0,0,0,0,G,0,0
3235,12.06.2021.,05:35:00,22,22,1,0,0,0,0,G,0,0
3236,12.06.2021.,05:40:00,22,22,1,0,0,0,0,G,0,0
3237,12.06.2021.,05:45:00,22,22,1,0,0,0,0,G,0,0
3238,12.06.2021.,05:50:00,22,22,1,0,0,0,0,G,0,0
3239,12.06.2021.,05:55:00,22,22,1,0,0,0,0,G,0,0
3240,12.06.2021.,06:00:00,22,22,1,0,0,0,0,G,0,0
3241,12.06.2021.,06:05:00,22,22,1,1,0,0,0,G,0,0
3242,12.06.2021.,06:10:00,22,22,1,1,0,0,0,G,0,0
3243,12.06.2021.,06:15:00,22,22,1,1,0,0,0,G,0,0
3244,12.06.2021.,06:20:00,22,22,1,0,0,0,0,G,0,0
3245,12.06.2021.,06:25:00,22,22,1,0,0,0,0,G,0,0
3246,12.06.2021.,06:30:00,22,22,1,0,0,0,0,G,0,0
3247,12.06.2021.,06:35:00,22,22,1,0,0,0,0,G,0,0
3248,12.06.2021.,06:40:00,22,22,1,0,0,0,0,G,0,0
3249,12.06.2021.,06:45:00,22,22,1,0,0,0,0,G,0,0
3250,12.06.2021.,06:50:00,22,22,1,0,0,0,0,G,0,0
3251,12.06.2021.,06:55:00,22,22,1,0,0,0,0,G,0,0
3252,12.06.2021.,07:00:00,22,22,1,0,0,0,0,G,0,0
3253,12.06.2021.,07:05:00,22,22,1,0,0,0,0,G,0,0
3254,12.06.2021.,07:10:00,22,22,1,0,0,0,0,G,0,0
3255,12.06.2021.,07:15:00,22,22,1,0,0,0,0,G,0,0
3256,12.06.2021.,07:20:00,22,22,1,0,0,0,0,G,0,0
3257,12.06.2021.,07:25:00,22,22,1,0,0,0,0,G,0,0
3258,12.06.2021.,07:30:00,22,22,1,0,0,0,0,G,0,0
3259,12.06.2021.,07:35:00,22,22,1,0,0,0,0,G,0,0
3260,12.06.2021.,07:40:00,22,22,1,0,0,0,0,G,0,0
3261,12.06.2021.,07:45:00,22,22,1,0,0,0,0,G,0,0
3262,12.06.2021.,07:50:00,22,22,1,0,0,0,0,G,0,0
3263,12.06.2021.,07:55:00,22,22,1,0,0,0,0,G,0,0
3264,12.06.2021.,08:00:00,22,22,1,0,0,0,0,G,0,0
3265,12.06.2021.,08:05:00,22,22,1,0,0,0,0,G,0,0
3266,12.06.2021.,08:10:00,22,22,1,0,0,0,0,G,0,0
3267,12.06.2021.,08:15:00,22,22,1,0,0,0,0,G,0,0
3268,12.06.2021.,08:20:00,22,22,1,0,0,0,0,G,0,0
3269,12.06.2021.,08:25:00,22,22,1,0,0,0,0,G,0,0
3270,12.06.2021.,08:30:00,22,22,1,0,0,0,0,G,0,0
3271,12.06.2021.,08:35:00,22,22,1,0,0,0,0,G,0,0
3272,12.06.2021.,08:40:00,22,22,1,0,0,0,0,G,0,0
3273,12.06.2021.,08:45:00,22,22,1,0,0,0,0,G,0,0
3274,12.06.2021.,08:50:00,22,22,1,1,0,0,0,G,0,0
3275,12.06.2021.,08:55:00,22,22,1,1,0,0,0,G,0,0
3276,12.06.2021.,09:00:00,22,22,1,1,0,0,0,G,0,0
3277,12.06.2021.,09:05:00,22,22,1,1,0,0,0,G,0,0
3278,12.06.2021.,09:10:00,22,22,1,1,0,0,0,G,0,0
3279,12.06.2021.,09:15:00,22,22,1,1,0,0,0,G,0,0
3280,12.06.2021.,09:20:00,22,22,1,1,0,0,0,G,0,0
3281,12.06.2021.,09:25:00,22,22,1,1,0,0,0,G,0,0
3282,12.06.2021.,09:30:00,22,22,1,1,0,0,0,G,0,0
3283,12.06.2021.,09:35:00,22,22,1,1,0,0,0,G,0,0
3284,12.06.2021.,09:40:00,22,22,1,1,0,0,0,G,0,0
3285,12.06.2021.,09:45:00,22,22,1,1,0,0,0,G,0,0
3286,12.06.2021.,09:50:00,22,22,1,1,0,0,0,G,0,0
3287,12.06.2021.,09:55:00,22,22,1,1,0,0,0,G,0,0
3288,12.06.2021.,10:00:00,22,22,1,1,0,0,0,G,0,0
3289,12.06.2021.,10:05:00,22,22,1,1,0,0,0,G,0,0
3290,12.06.2021.,10:10:00,22,22,1,1,0,0,0,G,0,0
3291,12.06.2021.,10:15:00,22,22,1,1,0,0,0,G,0,0
3292,12.06.2021.,10:20:00,22,22,1,1,0,0,0,G,0,0
3293,12.06.2021.,10:25:00,22,22,1,1,0,0,0,G,0,0
3294,12.06.2021.,10:30:00,22,22,1,1,0,0,0,G,0,0
3295,12.06.2021.,10:35:00,22,22,1,1,0,0,0,G,0,0
3296,12.06.2021.,10:40:00,22,22,1,1,0,0,0,G,0,0
3297,12.06.2021.,10:45:00,22,23,1,1,0,0,0,G,0,0
3298,12.06.2021.,10:50:00,22,23,1,1,0,0,0,G,0,0
3299,12.06.2021.,10:55:00,22,23,1,1,0,0,0,G,0,0
3300,12.06.2021.,11:00:00,22,23,1,1,0,0,0,G,0,0
3301,12.06.2021.,11:05:00,22,23,1,1,0,0,0,G,0,0
3302,12.06.2021.,11:10:00,22,23,1,1,0,0,0,G,0,0
3303,12.06.2021.,11:15:00,22,23,1,1,0,0,0,G,0,0
3304,12.06.2021.,11:20:00,22,23,1,1,0,0,0,G,0,0
3305,12.06.2021.,11:25:00,22,23,1,1,0,0,0,G,0,0
3306,12.06.2021.,11:30:00,22,23,1,1,0,0,0,G,0,0
3307,12.06.2021.,11:35:00,22,23,1,1,0,0,0,G,0,0
3308,12.06.2021.,11:40:00,22,23,1,1,0,0,0,G,0,0
3309,12.06.2021.,11:45:00,22,23,1,1,0,0,0,G,0,0
3310,12.06.2021.,11:50:00,22,23,1,1,0,0,0,G,0,0
3311,12.06.2021.,11:55:00,22,23,1,1,0,0,0,G,0,0
3312,12.06.2021.,12:00:00,22,23,1,1,0,0,0,G,0,0
3313,12.06.2021.,12:05:00,22,23,1,1,0,0,0,G,0,0
3314,12.06.2021.,12:10:00,22,23,1,1,0,0,0,G,0,0
3315,12.06.2021.,12:15:00,22,23,1,1,0,0,0,G,0,0
3316,12.06.2021.,12:20:00,22,23,1,1,0,0,0,G,0,0
3317,12.06.2021.,12:25:00,22,23,1,1,0,0,0,G,0,0
3318,12.06.2021.,12:30:00,22,23,1,1,0,0,0,G,0,0
3319,12.06.2021.,12:35:00,22,23,1,1,0,0,0,G,0,0
3320,12.06.2021.,12:40:00,22,23,1,1,0,0,0,G,0,0
3321,12.06.2021.,12:45:00,22,23,1,1,0,0,0,G,0,0
3322,12.06.2021.,12:50:00,22,23,1,1,0,0,0,G,0,0
3323,12.06.2021.,12:55:00,22,23,1,1,0,0,0,G,0,0
3324,12.06.2021.,13:00:00,22,23,1,1,0,0,0,G,0,0
3325,12.06.2021.,13:05:00,22,23,1,1,0,0,0,G,0,0
3326,12.06.2021.,13:10:00,22,23,1,1,0,0,0,G,0,0
3327,12.06.2021.,13:15:00,22,23,1,1,0,0,0,G,0,0
3328,12.06.2021.,13:20:00,22,23,1,1,0,0,0,G,0,0
3329,12.06.2021.,13:25:00,22,23,1,1,0,0,0,G,0,0
3330,12.06.2021.,13:30:00,22,23,1,1,0,0,0,G,0,0
3331,12.06.2021.,13:35:00,22,23,1,1,0,0,0,G,0,0
3332,12.06.2021.,13:40:00,22,23,1,1,0,0,0,G,0,0
3333,12.06.2021.,13:45:00,22,22,1,1,0,0,0,G,0,0
3334,12.06.2021.,13:50:00,22,22,1,1,0,0,0,G,0,0
3335,12.06.2021.,13:55:00,22,22,1,1,0,0,0,G,0,0
3336,12.06.2021.,14:00:00,22,22,1,1,0,0,0,G,0,0
3337,12.06.2021.,14:05:00,22,22,1,1,0,0,0,G,0,0
3338,12.06.2021.,14:10:00,22,22,1,1,0,0,0,G,0,0
3339,12.06.2021.,14:15:00,22,22,1,1,0,0,0,G,0,0
3340,12.06.2021.,14:20:00,22,22,1,1,0,0,0,G,0,0
3341,12.06.2021.,14:25:00,22,22,1,1,0,0,0,G,0,0
3342,12.06.2021.,14:30:00,22,22,1,1,0,0,0,G,0,0
3343,12.06.2021.,14:35:00,22,22,1,1,0,0,0,G,0,0
3344,12.06.2021.,14:40:00,22,22,1,1,0,0,0,G,0,0
3345,12.06.2021.,14:45:00,22,22,1,0,0,0,0,G,0,0
3346,12.06.2021.,14:50:00,22,22,1,0,0,0,0,G,0,0
3347,12.06.2021.,14:55:00,22,22,1,0,0,0,0,G,0,0
3348,12.06.2021.,15:00:00,22,22,1,0,0,0,0,G,0,0
3349,12.06.2021.,15:05:00,22,22,1,0,0,0,0,G,0,0
3350,12.06.2021.,15:10:00,22,22,1,0,0,0,0,G,0,0
3351,12.06.2021.,15:15:00,22,22,1,0,0,0,0,G,0,0
3352,12.06.2021.,15:20:00,22,22,1,0,0,0,0,G,0,0
3353,12.06.2021.,15:25:00,22,22,1,0,0,0,0,G,0,0
3354,12.06.2021.,15:30:00,22,22,1,0,0,0,0,G,0,0
3355,12.06.2021.,15:35:00,22,22,1,0,0,0,0,G,0,0
3356,12.06.2021.,15:40:00,22,22,1,1,0,0,0,G,0,0
3357,12.06.2021.,15:45:00,22,22,1,1,0,0,0,G,0,0
3358,12.06.2021.,15:50:00,22,22,1,1,0,0,0,G,0,0
3359,12.06.2021.,15:55:00,22,22,1,1,0,0,0,G,0,0
3360,12.06.2021.,16:00:00,22,22,1,1,0,0,0,G,0,0
3361,12.06.2021.,16:05:00,22,22,1,1,0,0,0,G,0,0
3362,12.06.2021.,16:10:00,22,22,1,1,0,0,0,G,0,0
3363,12.06.2021.,16:15:00,22,22,1,1,0,0,0,G,0,0
3364,12.06.2021.,16:20:00,22,22,1,1,0,0,0,G,0,0
3365,12.06.2021.,16:25:00,22,22,1,1,0,0,0,G,0,0
3366,12.06.2021.,16:30:00,22,22,1,1,0,0,0,G,0,0
3367,12.06.2021.,16:35:00,22,22,1,0,0,0,0,G,0,0
3368,12.06.2021.,16:40:00,22,22,1,0,0,0,0,G,0,0
3369,12.06.2021.,16:45:00,22,22,1,0,0,0,0,G,0,0
3370,12.06.2021.,16:50:00,22,22,1,0,0,0,0,G,0,0
3371,12.06.2021.,16:55:00,22,22,1,0,0,0,0,G,0,0
3372,12.06.2021.,17:00:00,22,22,1,0,0,0,0,G,0,0
3373,12.06.2021.,17:05:00,22,22,1,0,0,0,0,G,0,0
3374,12.06.2021.,17:10:00,22,22,1,0,0,0,0,G,0,0
3375,12.06.2021.,17:15:00,22,22,1,0,0,0,0,G,0,0
3376,12.06.2021.,17:20:00,22,22,1,0,0,0,0,G,0,0
3377,12.06.2021.,17:25:00,22,22,1,0,0,0,0,G,0,0
3378,12.06.2021.,17:30:00,22,22,1,0,0,0,0,G,0,0
3379,12.06.2021.,17:35:00,22,22,1,0,0,0,0,G,0,0
3380,12.06.2021.,17:40:00,22,22,1,0,0,0,0,G,0,0
3381,12.06.2021.,17:45:00,22,22,1,0,0,0,0,G,0,0
3382,12.06.2021.,17:50:00,22,22,1,0,0,0,0,G,0,0
3383,12.06.2021.,17:55:00,22,22,1,1,0,0,0,G,0,0
3384,12.06.2021.,18:00:00,22,22,1,1,0,0,0,G,0,0
3385,12.06.2021.,18:05:00,22,22,1,1,0,0,0,G,0,0
3386,12.06.2021.,18:10:00,22,22,1,1,0,0,0,G,0,0
3387,12.06.2021.,18:15:00,22,22,1,1,0,0,0,G,0,0
3388,12.06.2021.,18:20:00,22,22,1,1,0,0,0,G,0,0
3389,12.06.2021.,18:25:00,22,22,1,1,0,0,0,G,0,0
3390,12.06.2021.,18:30:00,22,22,1,1,0,0,0,G,0,0
3391,12.06.2021.,18:35:00,22,22,1,0,0,0,0,G,0,0
3392,12.06.2021.,18:40:00,22,22,1,0,0,0,0,G,0,0
3393,12.06.2021.,18:45:00,22,22,1,0,0,0,0,G,0,0
3394,12.06.2021.,18:50:00,22,22,1,0,0,0,0,G,0,0
3395,12.06.2021.,18:55:00,22,22,1,0,0,0,0,G,0,0
3396,12.06.2021.,19:00:00,22,22,1,0,0,0,0,G,0,0
3397,12.06.2021.,19:05:00,22,22,1,0,0,0,0,G,0,0
3398,12.06.2021.,19:10:00,22,22,1,0,0,0,0,G,0,0
3399,12.06.2021.,19:15:00,22,22,1,0,0,0,0,G,0,0
3400,12.06.2021.,19:20:00,22,22,1,0,0,0,0,G,0,0
3401,12.06.2021.,19:25:00,22,22,1,0,0,0,0,G,0,0
3402,12.06.2021.,19:30:00,22,22,1,1,0,0,0,G,0,0
3403,12.06.2021.,19:35:00,22,22,1,1,0,0,0,G,0,0
3404,12.06.2021.,19:40:00,22,22,1,1,0,0,0,G,0,0
3405,12.06.2021.,19:45:00,22,22,1,1,0,0,0,G,0,0
3406,12.06.2021.,19:50:00,22,22,1,1,0,0,0,G,0,0
3407,12.06.2021.,19:55:00,22,22,1,1,0,0,0,G,0,0
3408,12.06.2021.,20:00:00,22,22,1,1,0,0,0,G,0,0
3409,12.06.2021.,20:05:00,22,22,1,0,0,0,0,G,0,0
3410,12.06.2021.,20:10:00,22,22,1,0,0,0,0,G,0,0
3411,12.06.2021.,20:15:00,22,22,1,0,0,0,0,G,0,0
3412,12.06.2021.,20:20:00,22,22,1,0,0,0,0,G,0,0
3413,12.06.2021.,20:25:00,22,22,1,0,0,0,0,G,0,0
3414,12.06.2021.,20:30:00,22,22,1,0,0,0,0,G,0,0
3415,12.06.2021.,20:35:00,22,22,1,0,0,0,0,G,0,0
3416,12.06.2021.,20:40:00,22,22,1,0,0,0,0,G,0,0
3417,12.06.2021.,20:45:00,22,22,1,0,0,0,0,G,0,0
3418,12.06.2021.,20:50:00,22,22,1,0,0,0,0,G,0,0
3419,12.06.2021.,20:55:00,22,22,1,0,0,0,0,G,0,0
3420,12.06.2021.,21:00:00,22,22,1,0,0,0,0,G,0,0
3421,12.06.2021.,21:05:00,22,22,1,0,0,0,0,G,0,0
3422,12.06.2021.,21:10:00,22,22,1,0,0,0,0,G,0,0
3423,12.06.2021.,21:15:00,22,22,1,0,0,0,0,G,0,0
3424,12.06.2021.,21:20:00,22,22,1,0,0,0,0,G,0,0
3425,12.06.2021.,21:25:00,22,22,1,0,0,0,0,G,0,0
3426,12.06.2021.,21:30:00,22,22,1,0,0,0,0,G,0,0
3427,12.06.2021.,21:35:00,22,22,1,0,0,0,0,G,0,0
3428,12.06.2021.,21:40:00,22,22,1,0,0,0,0,G,0,0
3429,12.06.2021.,21:45:00,22,22,1,0,0,0,0,G,0,0
3430,12.06.2021.,21:50:00,22,22,1,0,0,0,0,G,0,0
3431,12.06.2021.,21:55:00,22,22,1,0,0,0,0,G,0,0
3432,12.06.2021.,22:00:00,22,22,1,0,0,0,0,G,0,0
3433,12.06.2021.,22:05:00,22,22,1,0,0,0,0,G,0,0
3434,12.06.2021.,22:10:00,22,22,1,0,0,0,0,G,0,0
3435,12.06.2021.,22:15:00,22,22,1,0,0,0,0,G,0,0
3436,12.06.2021.,22:20:00,22,22,1,0,0,0,0,G,0,0
3437,12.06.2021.,22:25:00,22,22,1,0,0,0,0,G,0,0
3438,12.06.2021.,22:30:00,22,22,1,0,0,0,0,G,0,0
3439,12.06.2021.,22:35:00,22,22,1,0,0,0,0,G,0,0
3440,12.06.2021.,22:40:00,22,22,1,0,0,0,0,G,0,0
3441,12.06.2021.,22:45:00,22,22,1,0,0,0,0,G,0,0
3442,12.06.2021.,22:50:00,22,22,1,0,0,0,0,G,0,0
3443,12.06.2021.,22:55:00,22,22,1,0,0,0,0,G,0,0
3444,12.06.2021.,23:00:00,22,22,1,0,0,0,0,G,0,0
3445,12.06.2021.,23:05:00,22,22,1,0,0,0,0,G,0,0
3446,12.06.2021.,23:10:00,22,22,1,0,0,0,0,G,0,0
3447,12.06.2021.,23:15:00,22,22,1,0,0,0,0,G,0,0
3448,12.06.2021.,23:20:00,22,22,1,0,0,0,0,G,0,0
3449,12.06.2021.,23:25:00,22,22,1,0,0,0,0,G,0,0
3450,12.06.2021.,23:30:00,22,22,1,0,0,0,0,G,0,0
3451,12.06.2021.,23:35:00,22,22,1,0,0,0,0,G,0,0
3452,12.06.2021.,23:40:00,22,22,1,0,0,0,0,G,0,0
3453,12.06.2021.,23:45:00,22,22,1,0,0,0,0,G,0,0
3454,12.06.2021.,23:50:00,22,22,1,0,0,0,0,G,0,0
3455,12.06.2021.,23:55:00,22,22,1,0,0,0,0,G,0,0
3456,13.06.2021.,00:00:00,22,22,1,0,0,0,0,G,0,0
3457,13.06.2021.,00:05:00,22,22,1,1,0,0,0,G,0,0
3458,13.06.2021.,00:10:00,22,22,1,1,0,0,0,G,0,0
3459,13.06.2021.,00:15:00,22,22,1,1,0,0,0,G,0,0
3460,13.06.2021.,00:20:00,22,22,1,1,0,0,0,G,0,0
3461,13.06.2021.,00:25:00,22,22,1,1,0,0,0,G,0,0
3462,13.06.2021.,00:30:00,22,22,1,0,0,0,0,G,0,0
3463,13.06.2021.,00:35:00,22,22,1,0,0,0,0,G,0,0
3464,13.06.2021.,00:40:00,22,22,1,0,0,0,0,G,0,0
3465,13.06.2021.,00:45:00,22,22,1,0,0,0,0,G,0,0
3466,13.06.2021.,00:50:00,22,22,1,0,0,0,0,G,0,0
3467,13.06.2021.,00:55:00,22,22,1,0,0,0,0,G,0,0
3468,13.06.2021.,01:00:00,22,22,1,0,0,0,0,G,0,0
3469,13.06.2021.,01:05:00,22,22,1,0,0,0,0,G,0,0
3470,13.06.2021.,01:10:00,22,22,1,0,0,0,0,G,0,0
3471,13.06.2021.,01:15:00,22,22,1,0,0,0,0,G,0,0
3472,13.06.2021.,01:20:00,22,22,1,0,0,0,0,G,0,0
3473,13.06.2021.,01:25:00,22,22,1,0,0,0,0,G,0,0
3474,13.06.2021.,01:30:00,22,22,1,0,0,0,0,G,0,0
3475,13.06.2021.,01:35:00,22,22,1,0,0,0,0,G,0,0
3476,13.06.2021.,01:40:00,22,22,1,0,0,0,0,G,0,0
3477,13.06.2021.,01:45:00,22,22,1,0,0,0,0,G,0,0
3478,13.06.2021.,01:50:00,22,22,1,0,0,0,0,G,0,0
3479,13.06.2021.,01:55:00,22,22,1,0,0,0,0,G,0,0
3480,13.06.2021.,02:00:00,22,22,1,0,0,0,0,G,0,0
3481,13.06.2021.,02:05:00,22,22,1,0,0,0,0,G,0,0
3482,13.06.2021.,02:10:00,22,22,1,0,0,0,0,G,0,0
3483,13.06.2021.,02:15:00,22,22,1,0,0,0,0,G,0,0
3484,13.06.2021.,02:20:00,22,22,1,0,0,0,0,G,0,0
3485,13.06.2021.,02:25:00,22,22,1,0,0,0,0,G,0,0
3486,13.06.2021.,02:30:00,22,22,1,0,0,0,0,G,0,0
3487,13.06.2021.,02:35:00,22,22,1,0,0,0,0,G,0,0
3488,13.06.2021.,02:40:00,22,22,1,0,0,0,0,G,0,0
3489,13.06.2021.,02:45:00,22,22,1,0,0,0,0,G,0,0
3490,13.06.2021.,02:50:00,22,22,1,0,0,0,0,G,0,0
3491,13.06.2021.,02:55:00,22,22,1,0,0,0,0,G,0,0
3492,13.06.2021.,03:00:00,22,22,1,0,0,0,0,G,0,0
3493,13.06.2021.,03:05:00,22,22,1,0,0,0,0,G,0,0
3494,13.06.2021.,03:10:00,22,22,1,0,0,0,0,G,0,0
3495,13.06.2021.,03:15:00,22,22,1,0,0,0,0,G,0,0
3496,13.06.2021.,03:20:00,22,22,1,0,0,0,0,G,0,0
3497,13.06.2021.,03:25:00,22,22,1,0,0,0,0,G,0,0
3498,13.06.2021.,03:30:00,22,22,1,0,0,0,0,G,0,0
3499,13.06.2021.,03:35:00,22,22,1,0,0,0,0,G,0,0
3500,13.06.2021.,03:40:00,22,22,1,0,0,0,0,G,0,0
3501,13.06.2021.,03:45:00,22,22,1,0,0,0,0,G,0,0
3502,13.06.2021.,03:50:00,22,22,1,0,0,0,0,G,0,0
3503,13.06.2021.,03:55:00,22,22,1,0,0,0,0,G,0,0
3504,13.06.2021.,04:00:00,22,22,1,0,0,0,0,G,0,0
3505,13.06.2021.,04:05:00,22,22,1,0,0,0,0,G,0,0
3506,13.06.2021.,04:10:00,22,22,1,0,0,0,0,G,0,0
3507,13.06.2021.,04:15:00,22,22,1,0,0,0,0,G,0,0
3508,13.06.2021.,04:20:00,22,22,1,0,0,0,0,G,0,0
3509,13.06.2021.,04:25:00,22,22,1,0,0,0,0,G,0,0
3510,13.06.2021.,04:30:00,22,22,1,0,0,0,0,G,0,0
3511,13.06.2021.,04:35:00,22,22,1,0,0,0,0,G,0,0
3512,13.06.2021.,04:40:00,22,22,1,0,0,0,0,G,0,0
3513,13.06.2021.,04:45:00,22,22,1,0,0,0,0,G,0,0
3514,13.06.2021.,04:50:00,22,22,1,0,0,0,0,G,0,0
3515,13.06.2021.,04:55:00,22,22,1,0,0,0,0,G,0,0
3516,13.06.2021.,05:00:00,22,22,1,0,0,0,0,G,0,0
3517,13.06.2021.,05:05:00,22,22,1,1,0,0,0,G,0,0
3518,13.06.2021.,05:10:00,22,22,1,1,0,0,0,G,0,0
3519,13.06.2021.,05:15:00,22,22,1,1,0,0,0,G,0,0
3520,13.06.2021.,05:20:00,22,22,1,1,0,0,0,G,0,0
3521,13.06.2021.,05:25:00,22,22,1,1,0,0,0,G,0,0
3522,13.06.2021.,05:30:00,22,22,1,1,0,0,0,G,0,0
3523,13.06.2021.,05:35:00,22,22,1,0,0,0,0,G,0,0
3524,13.06.2021.,05:40:00,22,22,1,0,0,0,0,G,0,0
3525,13.06.2021.,05:45:00,22,22,1,0,0,0,0,G,0,0
3526,13.06.2021.,05:50:00,22,22,1,0,0,0,0,G,0,0
3527,13.06.2021.,05:55:00,22,22,1,0,0,0,0,G,0,0
3528,13.06.2021.,06:00:00,22,22,1,0,0,0,0,G,0,0
3529,13.06.2021.,06:05:00,22,22,1,0,0,0,0,G,0,0
3530,13.06.2021.,06:10:00,22,22,1,0,0,0,0,G,0,0
3531,13.06.2021.,06:15:00,22,22,1,0,0,0,0,G,0,0
3532,13.06.2021.,06:20:00,22,22,1,0,0,0,0,G,0,0
3533,13.06.2021.,06:25:00,22,22,1,0,0,0,0,G,0,0
3534,13.06.2021.,06:30:00,22,22,1,0,0,0,0,G,0,0
3535,13.06.2021.,06:35:00,22,22,1,0,0,0,0,G,0,0
3536,13.06.2021.,06:40:00,22,22,1,0,0,0,0,G,0,0
3537,13.06.2021.,06:45:00,22,22,1,0,0,0,0,G,0,0
3538,13.06.2021.,06:50:00,22,22,1,0,0,0,0,G,0,0
3539,13.06.2021.,06:55:00,22,22,1,0,0,0,0,G,0,0
3540,13.06.2021.,07:00:00,22,22,1,0,0,0,0,G,0,0
3541,13.06.2021.,07:05:00,22,22,1,0,0,0,0,G,0,0
3542,13.06.2021.,07:10:00,22,22,1,0,0,0,0,G,0,0
3543,13.06.2021.,07:15:00,22,22,1,0,0,0,0,G,0,0
3544,13.06.2021.,07:20:00,22,22,1,0,0,0,0,G,0,0
3545,13.06.2021.,07:25:00,22,22,1,0,0,0,0,G,0,0
3546,13.06.2021.,07:30:00,22,22,1,0,0,0,0,G,0,0
3547,13.06.2021.,07:35:00,22,22,1,0,0,0,0,G,0,0
3548,13.06.2021.,07:40:00,22,22,1,0,0,0,0,G,0,0
3549,13.06.2021.,07:45:00,22,22,1,0,0,0,0,G,0,0
3550,13.06.2021.,07:50:00,22,22,1,0,0,0,0,G,0,0
3551,13.06.2021.,07:55:00,22,22,1,0,0,0,0,G,0,0
3552,13.06.2021.,08:00:00,22,22,1,0,0,0,0,G,0,0
3553,13.06.2021.,08:05:00,22,22,1,0,0,0,0,G,0,0
3554,13.06.2021.,08:10:00,22,22,1,0,0,0,0,G,0,0
3555,13.06.2021.,08:15:00,22,22,1,0,0,0,0,G,0,0
3556,13.06.2021.,08:20:00,22,22,1,0,0,0,0,G,0,0
3557,13.06.2021.,08:25:00,22,22,1,0,0,0,0,G,0,0
3558,13.06.2021.,08:30:00,22,22,1,0,0,0,0,G,0,0
3559,13.06.2021.,08:35:00,22,22,1,0,0,0,0,G,0,0
3560,13.06.2021.,08:40:00,22,22,1,0,0,0,0,G,0,0
3561,13.06.2021.,08:45:00,22,22,1,0,0,0,0,G,0,0
3562,13.06.2021.,08:50:00,22,22,1,0,0,0,0,G,0,0
3563,13.06.2021.,08:55:00,22,22,1,1,0,0,0,G,0,0
3564,13.06.2021.,09:00:00,22,22,1,1,0,0,0,G,0,0
3565,13.06.2021.,09:05:00,22,22,1,1,0,0,0,G,0,0
3566,13.06.2021.,09:10:00,22,22,1,1,0,0,0,G,0,0
3567,13.06.2021.,09:15:00,22,22,1,1,0,0,0,G,0,0
3568,13.06.2021.,09:20:00,22,22,1,1,0,0,0,G,0,0
3569,13.06.2021.,09:25:00,22,22,1,1,0,0,0,G,0,0
3570,13.06.2021.,09:30:00,22,22,1,1,0,0,0,G,0,0
3571,13.06.2021.,09:35:00,22,22,1,1,0,0,0,G,0,0
3572,13.06.2021.,09:40:00,22,22,1,1,0,0,0,G,0,0
3573,13.06.2021.,09:45:00,22,22,1,1,0,0,0,G,0,0
3574,13.06.2021.,09:50:00,22,22,1,1,0,0,0,G,0,0
3575,13.06.2021.,09:55:00,22,22,1,0,0,0,0,G,0,0
3576,13.06.2021.,10:00:00,22,22,1,0,0,0,0,G,0,0
3577,13.06.2021.,10:05:00,22,22,1,0,0,0,0,G,0,0
3578,13.06.2021.,10:10:00,22,22,1,0,0,0,0,G,0,0
3579,13.06.2021.,10:15:00,22,22,1,0,0,0,0,G,0,0
3580,13.06.2021.,10:20:00,22,22,1,0,0,0,0,G,0,0
3581,13.06.2021.,10:25:00,22,22,1,0,0,0,0,G,0,0
3582,13.06.2021.,10:30:00,22,22,1,0,0,0,0,G,0,0
3583,13.06.2021.,10:35:00,22,22,1,0,0,0,0,G,0,0
3584,13.06.2021.,10:40:00,22,22,1,0,0,0,0,G,0,0
3585,13.06.2021.,10:45:00,22,22,1,1,0,0,0,G,0,0
3586,13.06.2021.,10:50:00,22,22,1,1,0,0,0,G,0,0
3587,13.06.2021.,10:55:00,22,22,1,1,0,0,0,G,0,0
3588,13.06.2021.,11:00:00,22,22,1,1,0,0,0,G,0,0
3589,13.06.2021.,11:05:00,22,22,1,1,0,0,0,G,0,0
3590,13.06.2021.,11:10:00,22,22,1,1,0,0,0,G,0,0
3591,13.06.2021.,11:15:00,22,22,1,1,0,0,0,G,0,0
3592,13.06.2021.,11:20:00,22,22,1,1,0,0,0,G,0,0
3593,13.06.2021.,11:25:00,22,22,1,1,0,0,0,G,0,0
3594,13.06.2021.,11:30:00,22,22,1,1,0,0,0,G,0,0
3595,13.06.2021.,11:35:00,22,22,1,1,0,0,0,G,0,0
3596,13.06.2021.,11:40:00,22,22,1,1,0,0,0,G,0,0
3597,13.06.2021.,11:45:00,22,22,1,1,0,0,0,G,0,0
3598,13.06.2021.,11:50:00,22,22,1,1,0,0,0,G,0,0
3599,13.06.2021.,11:55:00,22,22,1,1,0,0,0,G,0,0
3600,13.06.2021.,12:00:00,22,22,1,0,0,0,0,G,0,0
3601,13.06.2021.,12:05:00,22,22,1,0,0,0,0,G,0,0
3602,13.06.2021.,12:10:00,22,22,1,0,0,0,0,G,0,0
3603,13.06.2021.,12:15:00,22,22,1,0,0,0,0,G,0,0
3604,13.06.2021.,12:20:00,22,22,1,0,0,0,0,G,0,0
3605,13.06.2021.,12:25:00,22,22,1,0,0,0,0,G,0,0
3606,13.06.2021.,12:30:00,22,22,1,0,0,0,0,G,0,0
3607,13.06.2021.,12:35:00,22,22,1,0,0,0,0,G,0,0
3608,13.06.2021.,12:40:00,22,22,1,0,0,0,0,G,0,0
3609,13.06.2021.,12:45:00,22,22,1,0,0,0,0,G,0,0
3610,13.06.2021.,12:50:00,22,22,1,0,0,0,0,G,0,0
3611,13.06.2021.,12:55:00,22,22,1,1,0,0,0,G,0,0
3612,13.06.2021.,13:00:00,22,22,1,1,0,0,0,G,0,0
3613,13.06.2021.,13:05:00,22,22,1,1,0,0,0,G,0,0
3614,13.06.2021.,13:10:00,22,22,1,1,0,0,0,G,0,0
3615,13.06.2021.,13:15:00,22,22,1,1,0,0,0,G,0,0
3616,13.06.2021.,13:20:00,22,22,1,1,0,0,0,G,0,0
3617,13.06.2021.,13:25:00,22,22,1,1,0,0,0,G,0,0
3618,13.06.2021.,13:30:00,22,22,1,1,0,0,0,G,0,0
3619,13.06.2021.,13:35:00,22,22,1,0,0,0,0,G,0,0
3620,13.06.2021.,13:40:00,22,22,1,0,0,0,0,G,0,0
3621,13.06.2021.,13:45:00,22,22,1,0,0,0,0,G,0,0
3622,13.06.2021.,13:50:00,22,22,1,0,0,0,0,G,0,0
3623,13.06.2021.,13:55:00,22,22,1,0,0,0,0,G,0,0
3624,13.06.2021.,14:00:00,22,22,1,0,0,0,0,G,0,0
3625,13.06.2021.,14:05:00,22,22,1,0,0,0,0,G,0,0
3626,13.06.2021.,14:10:00,22,22,1,0,0,0,0,G,0,0
3627,13.06.2021.,14:15:00,22,22,1,0,0,0,0,G,0,0
3628,13.06.2021.,14:20:00,22,22,1,0,0,0,0,G,0,0
3629,13.06.2021.,14:25:00,22,22,1,0,0,0,0,G,0,0
3630,13.06.2021.,14:30:00,22,22,1,0,0,0,0,G,0,0
3631,13.06.2021.,14:35:00,22,22,1,0,0,0,0,G,0,0
3632,13.06.2021.,14:40:00,22,22,1,0,0,0,0,G,0,0
3633,13.06.2021.,14:45:00,22,22,1,0,0,0,0,G,0,0
3634,13.06.2021.,14:50:00,22,22,1,1,0,0,0,G,0,0
3635,13.06.2021.,14:55:00,22,22,1,1,0,0,0,G,0,0
3636,13.06.2021.,15:00:00,22,22,1,1,0,0,0,G,0,0
3637,13.06.2021.,15:05:00,22,22,1,1,0,0,0,G,0,0
3638,13.06.2021.,15:10:00,22,22,1,1,0,0,0,G,0,0
3639,13.06.2021.,15:15:00,22,22,1,1,0,0,0,G,0,0
3640,13.06.2021.,15:20:00,22,22,1,1,0,0,0,G,0,0
3641,13.06.2021.,15:25:00,22,22,1,1,0,0,0,G,0,0
3642,13.06.2021.,15:30:00,22,22,1,0,0,0,0,G,0,0
3643,13.06.2021.,15:35:00,22,22,1,0,0,0,0,G,0,0
3644,13.06.2021.,15:40:00,22,22,1,0,0,0,0,G,0,0
3645,13.06.2021.,15:45:00,22,22,1,0,0,0,0,G,0,0
3646,13.06.2021.,15:50:00,22,22,1,0,0,0,0,G,0,0
3647,13.06.2021.,15:55:00,22,22,1,0,0,0,0,G,0,0
3648,13.06.2021.,16:00:00,22,22,1,0,0,0,0,G,0,0
3649,13.06.2021.,16:05:00,22,22,1,0,0,0,0,G,0,0
3650,13.06.2021.,16:10:00,22,22,1,0,0,0,0,G,0,0
3651,13.06.2021.,16:15:00,22,22,1,0,0,0,0,G,0,0
3652,13.06.2021.,16:20:00,22,22,1,0,0,0,0,G,0,0
3653,13.06.2021.,16:25:00,22,22,1,0,0,0,0,G,0,0
3654,13.06.2021.,16:30:00,22,22,1,0,0,0,0,G,0,0
3655,13.06.2021.,16:35:00,22,22,1,0,0,0,0,G,0,0
3656,13.06.2021.,16:40:00,22,22,1,0,0,0,0,G,0,0
3657,13.06.2021.,16:45:00,22,22,1,0,0,0,0,G,0,0
3658,13.06.2021.,16:50:00,22,22,1,0,0,0,0,G,0,0
3659,13.06.2021.,16:55:00,22,22,1,0,0,0,0,G,0,0
3660,13.06.2021.,17:00:00,22,22,1,0,0,0,0,G,0,0
3661,13.06.2021.,17:05:00,22,22,1,0,0,0,0,G,0,0
3662,13.06.2021.,17:10:00,22,22,1,0,0,0,0,G,0,0
3663,13.06.2021.,17:15:00,22,22,1,0,0,0,0,G,0,0
3664,13.06.2021.,17:20:00,22,22,1,0,0,0,0,G,0,0
3665,13.06.2021.,17:25:00,22,22,1,0,0,0,0,G,0,0
3666,13.06.2021.,17:30:00,22,22,1,0,0,0,0,G,0,0
3667,13.06.2021.,17:35:00,22,22,1,0,0,0,0,G,0,0
3668,13.06.2021.,17:40:00,22,22,1,0,0,0,0,G,0,0
3669,13.06.2021.,17:45:00,22,22,1,1,0,0,0,G,0,0
3670,13.06.2021.,17:50:00,22,22,1,1,0,0,0,G,0,0
3671,13.06.2021.,17:55:00,22,22,1,1,0,0,0,G,0,0
3672,13.06.2021.,18:00:00,22,22,1,1,0,0,0,G,0,0
3673,13.06.2021.,18:05:00,22,22,1,1,0,0,0,G,0,0
3674,13.06.2021.,18:10:00,22,22,1,1,0,0,0,G,0,0
3675,13.06.2021.,18:15:00,22,22,1,1,0,0,0,G,0,0
3676,13.06.2021.,18:20:00,22,22,1,0,0,0,0,G,0,0
3677,13.06.2021.,18:25:00,22,22,1,0,0,0,0,G,0,0
3678,13.06.2021.,18:30:00,22,22,1,0,0,0,0,G,0,0
3679,13.06.2021.,18:35:00,22,22,1,0,0,0,0,G,0,0
3680,13.06.2021.,18:40:00,22,22,1,0,0,0,0,G,0,0
3681,13.06.2021.,18:45:00,22,22,1,0,0,0,0,G,0,0
3682,13.06.2021.,18:50:00,22,22,1,0,0,0,0,G,0,0
3683,13.06.2021.,18:55:00,22,22,1,0,0,0,0,G,0,0
3684,13.06.2021.,19:00:00,22,22,1,0,0,0,0,G,0,0
3685,13.06.2021.,19:05:00,22,22,1,0,0,0,0,G,0,0
3686,13.06.2021.,19:10:00,22,22,1,0,0,0,0,G,0,0
3687,13.06.2021.,19:15:00,22,22,1,0,0,0,0,G,0,0
3688,13.06.2021.,19:20:00,22,22,1,1,0,0,0,G,0,0
3689,13.06.2021.,19:25:00,22,22,1,1,0,0,0,G,0,0
3690,13.06.2021.,19:30:00,22,22,1,1,0,0,0,G,0,0
3691,13.06.2021.,19:35:00,22,22,1,1,0,0,0,G,0,0
3692,13.06.2021.,19:40:00,22,22,1,1,0,0,0,G,0,0
3693,13.06.2021.,19:45:00,22,22,1,1,0,0,0,G,0,0
3694,13.06.2021.,19:50:00,22,22,1,0,0,0,0,G,0,0
3695,13.06.2021.,19:55:00,22,22,1,0,0,0,0,G,0,0
3696,13.06.2021.,20:00:00,22,22,1,0,0,0,0,G,0,0
3697,13.06.2021.,20:05:00,22,22,1,0,0,0,0,G,0,0
3698,13.06.2021.,20:10:00,22,22,1,0,0,0,0,G,0,0
3699,13.06.2021.,20:15:00,22,22,1,0,0,0,0,G,0,0
3700,13.06.2021.,20:20:00,22,22,1,0,0,0,0,G,0,0
3701,13.06.2021.,20:25:00,22,22,1,0,0,0,0,G,0,0
3702,13.06.2021.,20:30:00,22,22,1,0,0,0,0,G,0,0
3703,13.06.2021.,20:35:00,22,22,1,0,0,0,0,G,0,0
3704,13.06.2021.,20:40:00,22,22,1,0,0,0,0,G,0,0
3705,13.06.2021.,20:45:00,22,22,1,0,0,0,0,G,0,0
3706,13.06.2021.,20:50:00,22,22,1,0,0,0,0,G,0,0
3707,13.06.2021.,20:55:00,22,22,1,0,0,0,0,G,0,0
3708,13.06.2021.,21:00:00,22,22,1,0,0,0,0,G,0,0
3709,13.06.2021.,21:05:00,22,22,1,0,0,0,0,G,0,0
3710,13.06.2021.,21:10:00,22,22,1,0,0,0,0,G,0,0
3711,13.06.2021.,21:15:00,22,22,1,0,0,0,0,G,0,0
3712,13.06.2021.,21:20:00,22,22,1,0,0,0,0,G,0,0
3713,13.06.2021.,21:25:00,22,22,1,0,0,0,0,G,0,0
3714,13.06.2021.,21:30:00,22,22,1,0,0,0,0,G,0,0
3715,13.06.2021.,21:35:00,22,22,1,0,0,0,0,G,0,0
3716,13.06.2021.,21:40:00,22,22,1,0,0,0,0,G,0,0
3717,13.06.2021.,21:45:00,22,22,1,0,0,0,0,G,0,0
3718,13.06.2021.,21:50:00,22,22,1,0,0,0,0,G,0,0
3719,13.06.2021.,21:55:00,22,22,1,0,0,0,0,G,0,0
3720,13.06.2021.,22:00:00,22,22,1,0,0,0,0,G,0,0
3721,13.06.2021.,22:05:00,22,22,1,0,0,0,0,G,0,0
3722,13.06.2021.,22:10:00,22,22,1,0,0,0,0,G,0,0
3723,13.06.2021.,22:15:00,22,22,1,0,0,0,0,G,0,0
3724,13.06.2021.,22:20:00,22,22,1,0,0,0,0,G,0,0
3725,13.06.2021.,22:25:00,22,22,1,0,0,0,0,G,0,0
3726,13.06.2021.,22:30:00,22,22,1,0,0,0,0,G,0,0
3727,13.06.2021.,22:35:00,22,22,1,0,0,0,0,G,0,0
3728,13.06.2021.,22:40:00,22,22,1,0,0,0,0,G,0,0
3729,13.06.2021.,22:45:00,22,22,1,0,0,0,0,G,0,0
3730,13.06.2021.,22:50:00,22,22,1,0,0,0,0,G,0,0
3731,13.06.2021.,22:55:00,22,22,1,0,0,0,0,G,0,0
3732,13.06.2021.,23:00:00,22,22,1,0,0,0,0,G,0,0
3733,13.06.2021.,23:05:00,22,22,1,0,0,0,0,G,0,0
3734,13.06.2021.,23:10:00,22,22,1,0,0,0,0,G,0,0
3735,13.06.2021.,23:15:00,22,22,1,0,0,0,0,G,0,0
3736,13.06.2021.,23:20:00,22,22,1,0,0,0,0,G,0,0
3737,13.06.2021.,23:25:00,22,22,1,0,0,0,0,G,0,0
3738,13.06.2021.,23:30:00,22,22,1,0,0,0,0,G,0,0
3739,13.06.2021.,23:35:00,22,22,1,0,0,0,0,G,0,0
3740,13.06.2021.,23:40:00,22,22,1,0,0,0,0,G,0,0
3741,13.06.2021.,23:45:00,22,22,1,0,0,0,0,G,0,0
3742,13.06.2021.,23:50:00,22,22,1,0,0,0,0,G,0,0
3743,13.06.2021.,23:55:00,22,22,1,0,0,0,0,G,0,0
3744,14.06.2021.,00:00:00,22,22,1,0,0,0,0,G,0,0
3745,14.06.2021.,00:05:00,22,22,1,0,0,0,0,G,0,0
3746,14.06.2021.,00:10:00,22,22,1,0,0,0,0,G,0,0
3747,14.06.2021.,00:15:00,22,22,1,0,0,0,0,G,0,0
3748,14.06.2021.,00:20:00,22,22,1,0,0,0,0,G,0,0
3749,14.06.2021.,00:25:00,22,22,1,0,0,0,0,G,0,0
3750,14.06.2021.,00:30:00,22,22,1,0,0,0,0,G,0,0
3751,14.06.2021.,00:35:00,22,22,1,0,0,0,0,G,0,0
3752,14.06.2021.,00:40:00,22,22,1,0,0,0,0,G,0,0
3753,14.06.2021.,00:45:00,22,22,1,0,0,0,0,G,0,0
3754,14.06.2021.,00:50:00,22,22,1,0,0,0,0,G,0,0
3755,14.06.2021.,00:55:00,22,22,1,0,0,0,0,G,0,0
3756,14.06.2021.,01:00:00,22,22,1,1,0,0,0,G,0,0
3757,14.06.2021.,01:05:00,22,22,1,1,0,0,0,G,0,0
3758,14.06.2021.,01:10:00,22,22,1,1,0,0,0,G,0,0
3759,14.06.2021.,01:15:00,22,22,1,1,0,0,0,G,0,0
3760,14.06.2021.,01:20:00,22,22,1,0,0,0,0,G,0,0
3761,14.06.2021.,01:25:00,22,22,1,0,0,0,0,G,0,0
3762,14.06.2021.,01:30:00,22,22,1,0,0,0,0,G,0,0
3763,14.06.2021.,01:35:00,22,22,1,0,0,0,0,G,0,0
3764,14.06.2021.,01:40:00,22,22,1,0,0,0,0,G,0,0
3765,14.06.2021.,01:45:00,22,22,1,0,0,0,0,G,0,0
3766,14.06.2021.,01:50:00,22,22,1,0,0,0,0,G,0,0
3767,14.06.2021.,01:55:00,22,22,1,0,0,0,0,G,0,0
3768,14.06.2021.,02:00:00,22,22,1,0,0,0,0,G,0,0
3769,14.06.2021.,02:05:00,22,22,1,0,0,0,0,G,0,0
3770,14.06.2021.,02:10:00,22,22,1,0,0,0,0,G,0,0
3771,14.06.2021.,02:15:00,22,22,1,0,0,0,0,G,0,0
3772,14.06.2021.,02:20:00,22,22,1,0,0,0,0,G,0,0
3773,14.06.2021.,02:25:00,22,22,1,0,0,0,0,G,0,0
3774,14.06.2021.,02:30:00,22,22,1,0,0,0,0,G,0,0
3775,14.06.2021.,02:35:00,22,22,1,0,0,0,0,G,0,0
3776,14.06.2021.,02:40:00,22,22,1,0,0,0,0,G,0,0
3777,14.06.2021.,02:45:00,22,22,1,0,0,0,0,G,0,0
3778,14.06.2021.,02:50:00,22,22,1,0,0,0,0,G,0,0
3779,14.06.2021.,02:55:00,22,22,1,0,0,0,0,G,0,0
3780,14.06.2021.,03:00:00,22,22,1,0,0,0,0,G,0,0
3781,14.06.2021.,03:05:00,22,22,1,0,0,0,0,G,0,0
3782,14.06.2021.,03:10:00,22,22,1,0,0,0,0,G,0,0
3783,14.06.2021.,03:15:00,22,22,1,0,0,0,0,G,0,0
3784,14.06.2021.,03:20:00,22,22,1,0,0,0,0,G,0,0
3785,14.06.2021.,03:25:00,22,22,1,0,0,0,0,G,0,0
3786,14.06.2021.,03:30:00,22,22,1,0,0,0,0,G,0,0
3787,14.06.2021.,03:35:00,22,22,1,0,0,0,0,G,0,0
3788,14.06.2021.,03:40:00,22,22,1,0,0,0,0,G,0,0
3789,14.06.2021.,03:45:00,22,22,1,0,0,0,0,G,0,0
3790,14.06.2021.,03:50:00,22,22,1,0,0,0,0,G,0,0
3791,14.06.2021.,03:55:00,22,22,1,0,0,0,0,G,0,0
3792,14.06.2021.,04:00:00,22,22,1,0,0,0,0,G,0,0
3793,14.06.2021.,04:05:00,22,22,1,0,0,0,0,G,0,0
3794,14.06.2021.,04:10:00,22,22,1,0,0,0,0,G,0,0
3795,14.06.2021.,04:15:00,22,22,1,0,0,0,0,G,0,0
3796,14.06.2021.,04:20:00,22,22,1,0,0,0,0,G,0,0
3797,14.06.2021.,04:25:00,22,22,1,0,0,0,0,G,0,0
3798,14.06.2021.,04:30:00,22,22,1,0,0,0,0,G,0,0
3799,14.06.2021.,04:35:00,22,22,1,0,0,0,0,G,0,0
3800,14.06.2021.,04:40:00,22,22,1,0,0,0,0,G,0,0
3801,14.06.2021.,04:45:00,22,22,1,0,0,0,0,G,0,0
3802,14.06.2021.,04:50:00,22,22,1,0,0,0,0,G,0,0
3803,14.06.2021.,04:55:00,22,22,1,0,0,0,0,G,0,0
3804,14.06.2021.,05:00:00,22,22,1,0,0,0,0,G,0,0
3805,14.06.2021.,05:05:00,22,22,1,0,0,0,0,G,0,0
3806,14.06.2021.,05:10:00,22,22,1,0,0,0,0,G,0,0
3807,14.06.2021.,05:15:00,22,22,1,0,0,0,0,G,0,0
3808,14.06.2021.,05:20:00,22,22,1,0,0,0,0,G,0,0
3809,14.06.2021.,05:25:00,22,22,1,0,0,0,0,G,0,0
3810,14.06.2021.,05:30:00,22,22,1,0,0,0,0,G,0,0
3811,14.06.2021.,05:35:00,22,22,1,0,0,0,0,G,0,0
3812,14.06.2021.,05:40:00,22,22,1,0,0,0,0,G,0,0
3813,14.06.2021.,05:45:00,22,22,1,0,0,0,0,G,0,0
3814,14.06.2021.,05:50:00,22,22,1,0,0,0,0,G,0,0
3815,14.06.2021.,05:55:00,22,22,1,0,0,0,0,G,0,0
3816,14.06.2021.,06:00:00,22,22,1,0,0,0,0,G,0,0
3817,14.06.2021.,06:05:00,22,22,1,0,0,0,0,G,0,0
3818,14.06.2021.,06:10:00,22,22,1,0,0,0,0,G,0,0
3819,14.06.2021.,06:15:00,22,22,1,0,0,0,0,G,0,0
3820,14.06.2021.,06:20:00,22,22,1,0,0,0,0,G,0,0
3821,14.06.2021.,06:25:00,22,22,1,0,0,0,0,G,0,0
3822,14.06.2021.,06:30:00,22,22,1,0,0,0,0,G,0,0
3823,14.06.2021.,06:35:00,22,22,1,0,0,0,0,G,0,0
3824,14.06.2021.,06:40:00,22,22,1,0,0,0,0,G,0,0
3825,14.06.2021.,06:45:00,22,22,1,0,0,0,0,G,0,0
3826,14.06.2021.,06:50:00,22,22,1,0,0,0,0,G,0,0
3827,14.06.2021.,06:55:00,22,22,1,0,0,0,0,G,0,0
3828,14.06.2021.,07:00:00,22,22,1,0,0,0,0,G,0,0
3829,14.06.2021.,07:05:00,22,22,1,0,0,0,0,G,0,0
3830,14.06.2021.,07:10:00,22,22,1,0,0,0,0,G,0,0
3831,14.06.2021.,07:15:00,22,22,1,0,0,0,0,G,0,0
3832,14.06.2021.,07:20:00,22,22,1,0,0,0,0,G,0,0
3833,14.06.2021.,07:25:00,22,22,1,0,0,0,0,G,0,0
3834,14.06.2021.,07:30:00,22,22,1,0,0,0,0,G,0,0
3835,14.06.2021.,07:35:00,22,22,1,0,0,0,0,G,0,0
3836,14.06.2021.,07:40:00,22,22,1,0,0,0,0,G,0,0
3837,14.06.2021.,07:45:00,22,22,1,0,0,0,0,G,0,0
3838,14.06.2021.,07:50:00,22,22,1,0,0,0,0,G,0,0
3839,14.06.2021.,07:55:00,22,22,1,0,0,0,0,G,0,0
3840,14.06.2021.,08:00:00,22,22,1,0,0,0,0,G,0,0
3841,14.06.2021.,08:05:00,22,22,1,0,0,0,0,G,0,0
3842,14.06.2021.,08:10:00,22,22,1,0,0,0,0,G,0,0
3843,14.06.2021.,08:15:00,22,22,1,0,0,0,0,G,0,0
3844,14.06.2021.,08:20:00,22,22,1,0,0,0,0,G,0,0
3845,14.06.2021.,08:25:00,22,22,1,0,0,0,0,G,0,0
3846,14.06.2021.,08:30:00,22,22,1,0,0,0,0,G,0,0
3847,14.06.2021.,08:35:00,22,22,1,0,0,0,0,G,0,0
3848,14.06.2021.,08:40:00,22,22,1,0,0,0,0,G,0,0
3849,14.06.2021.,08:45:00,22,22,1,0,0,0,0,G,0,0
3850,14.06.2021.,08:50:00,22,22,1,0,0,0,0,G,0,0
3851,14.06.2021.,08:55:00,22,22,1,0,0,0,0,G,0,0
3852,14.06.2021.,09:00:00,22,22,1,1,0,0,0,G,0,0
3853,14.06.2021.,09:05:00,22,22,1,1,0,0,0,G,0,0
3854,14.06.2021.,09:10:00,22,22,1,1,0,0,0,G,0,0
3855,14.06.2021.,09:15:00,22,22,1,1,0,0,0,G,0,0
3856,14.06.2021.,09:20:00,22,22,1,1,0,0,0,G,0,0
3857,14.06.2021.,09:25:00,22,22,1,1,0,0,0,G,0,0
3858,14.06.2021.,09:30:00,22,22,1,1,0,0,0,G,0,0
3859,14.06.2021.,09:35:00,22,22,1,1,0,0,0,G,0,0
3860,14.06.2021.,09:40:00,22,22,1,1,0,0,0,G,0,0
3861,14.06.2021.,09:45:00,22,22,1,1,0,0,0,G,0,0
3862,14.06.2021.,09:50:00,22,22,1,1,0,0,0,G,0,0
3863,14.06.2021.,09:55:00,22,22,1,1,0,0,0,G,0,0
3864,14.06.2021.,10:00:00,22,22,1,1,0,0,0,G,0,0
3865,14.06.2021.,10:05:00,22,22,1,1,0,0,0,G,0,0
3866,14.06.2021.,10:10:00,22,22,1,1,0,0,0,G,0,0
3867,14.06.2021.,10:15:00,22,22,1,1,0,0,0,G,0,0
3868,14.06.2021.,10:20:00,22,22,1,1,0,0,0,G,0,0
3869,14.06.2021.,10:25:00,22,22,1,1,0,0,0,G,0,0
3870,14.06.2021.,10:30:00,22,22,1,1,0,0,0,G,0,0
3871,14.06.2021.,10:35:00,22,22,1,1,0,0,0,G,0,0
3872,14.06.2021.,10:40:00,22,22,1,1,0,0,0,G,0,0
3873,14.06.2021.,10:45:00,22,22,1,1,0,0,0,G,0,0
3874,14.06.2021.,10:50:00,22,22,1,1,0,0,0,G,0,0
3875,14.06.2021.,10:55:00,22,22,1,1,0,0,0,G,0,0
3876,14.06.2021.,11:00:00,22,22,1,1,0,0,0,G,0,0
3877,14.06.2021.,11:05:00,22,22,1,1,0,0,0,G,0,0
3878,14.06.2021.,11:10:00,22,22,1,1,0,0,0,G,0,0
3879,14.06.2021.,11:15:00,22,22,1,1,0,0,0,G,0,0
3880,14.06.2021.,11:20:00,22,22,1,1,0,0,0,G,0,0
3881,14.06.2021.,11:25:00,22,22,1,1,0,0,0,G,0,0
3882,14.06.2021.,11:30:00,22,22,1,1,0,0,0,G,0,0
3883,14.06.2021.,11:35:00,22,22,1,1,0,0,0,G,0,0
3884,14.06.2021.,11:40:00,22,22,1,1,0,0,0,G,0,0
3885,14.06.2021.,11:45:00,22,22,1,1,0,0,0,G,0,0
3886,14.06.2021.,11:50:00,22,22,1,1,0,0,0,G,0,0
3887,14.06.2021.,11:55:00,22,22,1,1,0,0,0,G,0,0
3888,14.06.2021.,12:00:00,22,22,1,1,0,0,0,G,0,0
3889,14.06.2021.,12:05:00,22,22,1,1,0,0,0,G,0,0
3890,14.06.2021.,12:10:00,22,22,1,1,0,0,0,G,0,0
3891,14.06.2021.,12:15:00,22,22,1,1,0,0,0,G,0,0
3892,14.06.2021.,12:20:00,22,22,1,1,0,0,0,G,0,0
3893,14.06.2021.,12:25:00,22,22,1,1,0,0,0,G,0,0
3894,14.06.2021.,12:30:00,22,22,1,1,0,0,0,G,0,0
3895,14.06.2021.,12:35:00,22,22,1,1,0,0,0,G,0,0
3896,14.06.2021.,12:40:00,22,22,1,1,0,0,0,G,0,0
3897,14.06.2021.,12:45:00,22,22,1,1,0,0,0,G,0,0
3898,14.06.2021.,12:50:00,22,22,1,1,0,0,0,G,0,0
3899,14.06.2021.,12:55:00,22,22,1,1,0,0,0,G,0,0
3900,14.06.2021.,13:00:00,22,22,1,0,0,0,0,G,0,0
3901,14.06.2021.,13:05:00,22,22,1,0,0,0,0,G,0,0
3902,14.06.2021.,13:10:00,22,22,1,0,0,0,0,G,0,0
3903,14.06.2021.,13:15:00,22,22,1,0,0,0,0,G,0,0
3904,14.06.2021.,13:20:00,22,22,1,0,0,0,0,G,0,0
3905,14.06.2021.,13:25:00,22,22,1,0,0,0,0,G,0,0
3906,14.06.2021.,13:30:00,22,22,1,0,0,0,0,G,0,0
3907,14.06.2021.,13:35:00,22,22,1,0,0,0,0,G,0,0
3908,14.06.2021.,13:40:00,22,22,1,0,0,0,0,G,0,0
3909,14.06.2021.,13:45:00,22,22,1,0,0,0,0,G,0,0
3910,14.06.2021.,13:50:00,22,22,1,0,0,0,0,G,0,0
3911,14.06.2021.,13:55:00,22,22,1,0,0,0,0,G,0,0
3912,14.06.2021.,14:00:00,22,22,1,0,0,0,0,G,0,0
3913,14.06.2021.,14:05:00,22,22,1,0,0,0,0,G,0,0
3914,14.06.2021.,14:10:00,22,22,1,1,0,0,0,G,0,0
3915,14.06.2021.,14:15:00,22,22,1,1,0,0,0,G,0,0
3916,14.06.2021.,14:20:00,22,22,1,1,0,0,0,G,0,0
3917,14.06.2021.,14:25:00,22,22,1,1,0,0,0,G,0,0
3918,14.06.2021.,14:30:00,22,22,1,1,0,0,0,G,0,0
3919,14.06.2021.,14:35:00,22,22,1,1,0,0,0,G,0,0
3920,14.06.2021.,14:40:00,22,22,1,1,0,0,0,G,0,0
3921,14.06.2021.,14:45:00,22,22,1,1,0,0,0,G,0,0
3922,14.06.2021.,14:50:00,22,22,1,0,0,0,0,G,0,0
3923,14.06.2021.,14:55:00,22,22,1,0,0,0,0,G,0,0
3924,14.06.2021.,15:00:00,22,22,1,0,0,0,0,G,0,0
3925,14.06.2021.,15:05:00,22,22,1,0,0,0,0,G,0,0
3926,14.06.2021.,15:10:00,22,22,1,0,0,0,0,G,0,0
3927,14.06.2021.,15:15:00,22,22,1,0,0,0,0,G,0,0
3928,14.06.2021.,15:20:00,22,22,1,0,0,0,0,G,0,0
3929,14.06.2021.,15:25:00,22,22,1,0,0,0,0,G,0,0
3930,14.06.2021.,15:30:00,22,22,1,0,0,0,0,G,0,0
3931,14.06.2021.,15:35:00,22,22,1,0,0,0,0,G,0,0
3932,14.06.2021.,15:40:00,22,22,1,0,0,0,0,G,0,0
3933,14.06.2021.,15:45:00,22,22,1,0,0,0,0,G,0,0
3934,14.06.2021.,15:50:00,22,22,1,0,0,0,0,G,0,0
3935,14.06.2021.,15:55:00,22,22,1,0,0,0,0,G,0,0
3936,14.06.2021.,16:00:00,22,22,1,0,0,0,0,G,0,0
3937,14.06.2021.,16:05:00,22,22,1,0,0,0,0,G,0,0
3938,14.06.2021.,16:10:00,22,22,1,0,0,0,0,G,0,0
3939,14.06.2021.,16:15:00,22,22,1,0,0,0,0,G,0,0
3940,14.06.2021.,16:20:00,22,22,1,0,0,0,0,G,0,0
3941,14.06.2021.,16:25:00,22,22,1,0,0,0,0,G,0,0
3942,14.06.2021.,16:30:00,22,22,1,0,0,0,0,G,0,0
3943,14.06.2021.,16:35:00,22,22,1,0,0,0,0,G,0,0
3944,14.06.2021.,16:40:00,22,22,1,0,0,0,0,G,0,0
3945,14.06.2021.,16:45:00,22,22,1,0,0,0,0,G,0,0
3946,14.06.2021.,16:50:00,22,22,1,0,0,0,0,G,0,0
3947,14.06.2021.,16:55:00,22,22,1,0,0,0,0,G,0,0
3948,14.06.2021.,17:00:00,22,22,1,0,0,0,0,G,0,0
3949,14.06.2021.,17:05:00,22,22,1,0,0,0,0,G,0,0
3950,14.06.2021.,17:10:00,22,22,1,0,0,0,0,G,0,0
3951,14.06.2021.,17:15:00,22,22,1,0,0,0,0,G,0,0
3952,14.06.2021.,17:20:00,22,22,1,0,0,0,0,G,0,0
3953,14.06.2021.,17:25:00,22,22,1,0,0,0,0,G,0,0
3954,14.06.2021.,17:30:00,22,22,1,0,0,0,0,G,0,0
3955,14.06.2021.,17:35:00,22,22,1,0,0,0,0,G,0,0
3956,14.06.2021.,17:40:00,22,22,1,0,0,0,0,G,0,0
3957,14.06.2021.,17:45:00,22,22,1,0,0,0,0,G,0,0
3958,14.06.2021.,17:50:00,22,22,1,0,0,0,0,G,0,0
3959,14.06.2021.,17:55:00,22,22,1,0,0,0,0,G,0,0
3960,14.06.2021.,18:00:00,22,22,1,0,0,0,0,G,0,0
3961,14.06.2021.,18:05:00,22,22,1,0,0,0,0,G,0,0
3962,14.06.2021.,18:10:00,22,22,1,0,0,0,0,G,0,0
3963,14.06.2021.,18:15:00,22,22,1,0,0,0,0,G,0,0
3964,14.06.2021.,18:20:00,22,22,1,0,0,0,0,G,0,0
3965,14.06.2021.,18:25:00,22,22,1,0,0,0,0,G,0,0
3966,14.06.2021.,18:30:00,22,22,1,0,0,0,0,G,0,0
3967,14.06.2021.,18:35:00,22,22,1,0,0,0,0,G,0,0
3968,14.06.2021.,18:40:00,22,22,1,0,0,0,0,G,0,0
3969,14.06.2021.,18:45:00,22,22,1,1,0,0,0,G,0,0
3970,14.06.2021.,18:50:00,22,22,1,1,0,0,0,G,0,0
3971,14.06.2021.,18:55:00,22,22,1,1,0,0,0,G,0,0
3972,14.06.2021.,19:00:00,22,22,1,1,0,0,0,G,0,0
3973,14.06.2021.,19:05:00,22,22,1,1,0,0,0,G,0,0
3974,14.06.2021.,19:10:00,22,22,1,1,0,0,0,G,0,0
3975,14.06.2021.,19:15:00,22,22,1,0,0,0,0,G,0,0
3976,14.06.2021.,19:20:00,22,22,1,0,0,0,0,G,0,0
3977,14.06.2021.,19:25:00,22,22,1,0,0,0,0,G,0,0
3978,14.06.2021.,19:30:00,22,22,1,0,0,0,0,G,0,0
3979,14.06.2021.,19:35:00,22,22,1,0,0,0,0,G,0,0
3980,14.06.2021.,19:40:00,22,22,1,0,0,0,0,G,0,0
3981,14.06.2021.,19:45:00,22,22,1,0,0,0,0,G,0,0
3982,14.06.2021.,19:50:00,22,22,1,0,0,0,0,G,0,0
3983,14.06.2021.,19:55:00,22,22,1,0,0,0,0,G,0,0
3984,14.06.2021.,20:00:00,22,22,1,0,0,0,0,G,0,0
3985,14.06.2021.,20:05:00,22,22,1,0,0,0,0,G,0,0
3986,14.06.2021.,20:10:00,22,22,1,0,0,0,0,G,0,0
3987,14.06.2021.,20:15:00,22,22,1,0,0,0,0,G,0,0
3988,14.06.2021.,20:20:00,22,22,1,0,0,0,0,G,0,0
3989,14.06.2021.,20:25:00,22,22,1,0,0,0,0,G,0,0
3990,14.06.2021.,20:30:00,22,22,1,0,0,0,0,G,0,0
3991,14.06.2021.,20:35:00,22,22,1,0,0,0,0,G,0,0
3992,14.06.2021.,20:40:00,22,22,1,0,0,0,0,G,0,0
3993,14.06.2021.,20:45:00,22,22,1,0,0,0,0,G,0,0
3994,14.06.2021.,20:50:00,22,22,1,0,0,0,0,G,0,0
3995,14.06.2021.,20:55:00,22,22,1,0,0,0,0,G,0,0
3996,14.06.2021.,21:00:00,22,22,1,0,0,0,0,G,0,0
3997,14.06.2021.,21:05:00,22,22,1,0,0,0,0,G,0,0
3998,14.06.2021.,21:10:00,22,22,1,0,0,0,0,G,0,0
3999,14.06.2021.,21:15:00,22,22,1,0,0,0,0,G,0,0
4000,14.06.2021.,21:20:00,22,22,1,0,0,0,0,G,0,0
4001,14.06.2021.,21:25:00,22,22,1,0,0,0,0,G,0,0
4002,14.06.2021.,21:30:00,22,22,1,0,0,0,0,G,0,0
4003,14.06.2021.,21:35:00,22,22,1,0,0,0,0,G,0,0
4004,14.06.2021.,21:40:00,22,22,1,0,0,0,0,G,0,0
4005,14.06.2021.,21:45:00,22,22,1,0,0,0,0,G,0,0
4006,14.06.2021.,21:50:00,22,22,1,0,0,0,0,G,0,0
4007,14.06.2021.,21:55:00,22,22,1,0,0,0,0,G,0,0
4008,14.06.2021.,22:00:00,22,22,1,0,0,0,0,G,0,0
4009,14.06.2021.,22:05:00,22,22,1,0,0,0,0,G,0,0
4010,14.06.2021.,22:10:00,22,22,1,0,0,0,0,G,0,0
4011,14.06.2021.,22:15:00,22,22,1,0,0,0,0,G,0,0
4012,14.06.2021.,22:20:00,22,22,1,0,0,0,0,G,0,0
4013,14.06.2021.,22:25:00,22,22,1,0,0,0,0,G,0,0
4014,14.06.2021.,22:30:00,22,22,1,0,0,0,0,G,0,0
4015,14.06.2021.,22:35:00,22,22,1,0,0,0,0,G,0,0
4016,14.06.2021.,22:40:00,22,22,1,0,0,0,0,G,0,0
4017,14.06.2021.,22:45:00,22,22,1,0,0,0,0,G,0,0
4018,14.06.2021.,22:50:00,22,22,1,0,0,0,0,G,0,0
4019,14.06.2021.,22:55:00,22,22,1,0,0,0,0,G,0,0
4020,14.06.2021.,23:00:00,22,22,1,0,0,0,0,G,0,0
4021,14.06.2021.,23:05:00,22,22,1,0,0,0,0,G,0,0
4022,14.06.2021.,23:10:00,22,22,1,0,0,0,0,G,0,0
4023,14.06.2021.,23:15:00,22,22,1,0,0,0,0,G,0,0
4024,14.06.2021.,23:20:00,22,22,1,0,0,0,0,G,0,0
4025,14.06.2021.,23:25:00,22,22,1,0,0,0,0,G,0,0
4026,14.06.2021.,23:30:00,22,22,1,0,0,0,0,G,0,0
4027,14.06.2021.,23:35:00,22,22,1,0,0,0,0,G,0,0
4028,14.06.2021.,23:40:00,22,22,1,0,0,0,0,G,0,0
4029,14.06.2021.,23:45:00,22,22,1,0,0,0,0,G,0,0
4030,14.06.2021.,23:50:00,22,22,1,0,0,0,0,G,0,0
4031,14.06.2021.,23:55:00,22,22,1,0,0,0,0,G,0,0
4032,15.06.2021.,00:00:00,22,22,1,0,0,0,0,G,0,0
4033,15.06.2021.,00:05:00,22,22,1,0,0,0,0,G,0,0
4034,15.06.2021.,00:10:00,22,22,1,0,0,0,0,G,0,0
4035,15.06.2021.,00:15:00,22,22,1,0,0,0,0,G,0,0
4036,15.06.2021.,00:20:00,22,22,1,0,0,0,0,G,0,0
4037,15.06.2021.,00:25:00,22,22,1,0,0,0,0,G,0,0
4038,15.06.2021.,00:30:00,22,22,1,0,0,0,0,G,0,0
4039,15.06.2021.,00:35:00,22,22,1,0,0,0,0,G,0,0
4040,15.06.2021.,00:40:00,22,22,1,0,0,0,0,G,0,0
4041,15.06.2021.,00:45:00,22,22,1,0,0,0,0,G,0,0
4042,15.06.2021.,00:50:00,22,22,1,0,0,0,0,G,0,0
4043,15.06.2021.,00:55:00,22,22,1,0,0,0,0,G,0,0
4044,15.06.2021.,01:00:00,22,22,1,0,0,0,0,G,0,0
4045,15.06.2021.,01:05:00,22,22,1,0,0,0,0,G,0,0
4046,15.06.2021.,01:10:00,22,22,1,0,0,0,0,G,0,0
4047,15.06.2021.,01:15:00,22,22,1,0,0,0,0,G,0,0
4048,15.06.2021.,01:20:00,22,22,1,0,0,0,0,G,0,0
4049,15.06.2021.,01:25:00,22,22,1,0,0,0,0,G,0,0
4050,15.06.2021.,01:30:00,22,22,1,0,0,0,0,G,0,0
4051,15.06.2021.,01:35:00,22,22,1,0,0,0,0,G,0,0
4052,15.06.2021.,01:40:00,22,22,1,0,0,0,0,G,0,0
4053,15.06.2021.,01:45:00,22,22,1,0,0,0,0,G,0,0
4054,15.06.2021.,01:50:00,22,22,1,0,0,0,0,G,0,0
4055,15.06.2021.,01:55:00,22,22,1,0,0,0,0,G,0,0
4056,15.06.2021.,02:00:00,22,22,1,0,0,0,0,G,0,0
4057,15.06.2021.,02:05:00,22,22,1,0,0,0,0,G,0,0
4058,15.06.2021.,02:10:00,22,22,1,0,0,0,0,G,0,0
4059,15.06.2021.,02:15:00,22,22,1,0,0,0,0,G,0,0
4060,15.06.2021.,02:20:00,22,22,1,0,0,0,0,G,0,0
4061,15.06.2021.,02:25:00,22,22,1,0,0,0,0,G,0,0
4062,15.06.2021.,02:30:00,22,22,1,0,0,0,0,G,0,0
4063,15.06.2021.,02:35:00,22,22,1,0,0,0,0,G,0,0
4064,15.06.2021.,02:40:00,22,22,1,0,0,0,0,G,0,0
4065,15.06.2021.,02:45:00,22,22,1,0,0,0,0,G,0,0
4066,15.06.2021.,02:50:00,22,22,1,0,0,0,0,G,0,0
4067,15.06.2021.,02:55:00,22,22,1,0,0,0,0,G,0,0
4068,15.06.2021.,03:00:00,22,22,1,0,0,0,0,G,0,0
4069,15.06.2021.,03:05:00,22,22,1,0,0,0,0,G,0,0
4070,15.06.2021.,03:10:00,22,22,1,0,0,0,0,G,0,0
4071,15.06.2021.,03:15:00,22,22,1,0,0,0,0,G,0,0
4072,15.06.2021.,03:20:00,22,22,1,0,0,0,0,G,0,0
4073,15.06.2021.,03:25:00,22,22,1,0,0,0,0,G,0,0
4074,15.06.2021.,03:30:00,22,22,1,0,0,0,0,G,0,0
4075,15.06.2021.,03:35:00,22,22,1,0,0,0,0,G,0,0
4076,15.06.2021.,03:40:00,22,22,1,0,0,0,0,G,0,0
4077,15.06.2021.,03:45:00,22,22,1,0,0,0,0,G,0,0
4078,15.06.2021.,03:50:00,22,22,1,0,0,0,0,G,0,0
4079,15.06.2021.,03:55:00,22,22,1,0,0,0,0,G,0,0
4080,15.06.2021.,04:00:00,22,22,1,0,0,0,0,G,0,0
4081,15.06.2021.,04:05:00,22,22,1,0,0,0,0,G,0,0
4082,15.06.2021.,04:10:00,22,22,1,0,0,0,0,G,0,0
4083,15.06.2021.,04:15:00,22,22,1,0,0,0,0,G,0,0
4084,15.06.2021.,04:20:00,22,22,1,0,0,0,0,G,0,0
4085,15.06.2021.,04:25:00,22,22,1,0,0,0,0,G,0,0
4086,15.06.2021.,04:30:00,22,22,1,0,0,0,0,G,0,0
4087,15.06.2021.,04:35:00,22,22,1,0,0,0,0,G,0,0
4088,15.06.2021.,04:40:00,22,22,1,0,0,0,0,G,0,0
4089,15.06.2021.,04:45:00,22,22,1,0,0,0,0,G,0,0
4090,15.06.2021.,04:50:00,22,22,1,0,0,0,0,G,0,0
4091,15.06.2021.,04:55:00,22,22,1,0,0,0,0,G,0,0
4092,15.06.2021.,05:00:00,22,22,1,0,0,0,0,G,0,0
4093,15.06.2021.,05:05:00,22,22,1,0,0,0,0,G,0,0
4094,15.06.2021.,05:10:00,22,22,1,0,0,0,0,G,0,0
4095,15.06.2021.,05:15:00,22,22,1,0,0,0,0,G,0,0
4096,15.06.2021.,05:20:00,22,22,1,0,0,0,0,G,0,0
4097,15.06.2021.,05:25:00,22,22,1,0,0,0,0,G,0,0
4098,15.06.2021.,05:30:00,22,22,1,0,0,0,0,G,0,0
4099,15.06.2021.,05:35:00,22,22,1,0,0,0,0,G,0,0
4100,15.06.2021.,05:40:00,22,22,1,0,0,0,0,G,0,0
4101,15.06.2021.,05:45:00,22,22,1,0,0,0,0,G,0,0
4102,15.06.2021.,05:50:00,22,22,1,0,0,0,0,G,0,0
4103,15.06.2021.,05:55:00,22,22,1,0,0,0,0,G,0,0
4104,15.06.2021.,06:00:00,22,22,1,0,0,0,0,G,0,0
4105,15.06.2021.,06:05:00,22,22,1,0,0,0,0,G,0,0
4106,15.06.2021.,06:10:00,22,22,1,0,0,0,0,G,0,0
4107,15.06.2021.,06:15:00,22,22,1,0,0,0,0,G,0,0
4108,15.06.2021.,06:20:00,22,22,1,0,0,0,0,G,0,0
4109,15.06.2021.,06:25:00,22,22,1,0,0,0,0,G,0,0
4110,15.06.2021.,06:30:00,22,22,1,0,0,0,0,G,0,0
4111,15.06.2021.,06:35:00,22,22,1,0,0,0,0,G,0,0
4112,15.06.2021.,06:40:00,22,22,1,0,0,0,0,G,0,0
4113,15.06.2021.,06:45:00,22,22,1,0,0,0,0,G,0,0
4114,15.06.2021.,06:50:00,22,22,1,0,0,0,0,G,0,0
4115,15.06.2021.,06:55:00,22,22,1,0,0,0,0,G,0,0
4116,15.06.2021.,07:00:00,22,22,1,0,0,0,0,G,0,0
4117,15.06.2021.,07:05:00,22,22,1,0,0,0,0,G,0,0
4118,15.06.2021.,07:10:00,22,22,1,0,0,0,0,G,0,0
4119,15.06.2021.,07:15:00,22,22,1,0,0,0,0,G,0,0
4120,15.06.2021.,07:20:00,22,22,1,0,0,0,0,G,0,0
4121,15.06.2021.,07:25:00,22,22,1,0,0,0,0,G,0,0
4122,15.06.2021.,07:30:00,22,22,1,0,0,0,0,G,0,0
4123,15.06.2021.,07:35:00,22,22,1,0,0,0,0,G,0,0
4124,15.06.2021.,07:40:00,22,22,1,0,0,0,0,G,0,0
4125,15.06.2021.,07:45:00,22,22,1,0,0,0,0,G,0,0
4126,15.06.2021.,07:50:00,22,22,1,0,0,0,0,G,0,0
4127,15.06.2021.,07:55:00,22,22,1,0,0,0,0,G,0,0
4128,15.06.2021.,08:00:00,22,22,1,0,0,0,0,G,0,0
4129,15.06.2021.,08:05:00,22,22,1,0,0,0,0,G,0,0
4130,15.06.2021.,08:10:00,22,22,1,0,0,0,0,G,0,0
4131,15.06.2021.,08:15:00,22,22,1,0,0,0,0,G,0,0
4132,15.06.2021.,08:20:00,22,22,1,0,0,0,0,G,0,0
4133,15.06.2021.,08:25:00,22,22,1,0,0,0,0,G,0,0
4134,15.06.2021.,08:30:00,22,22,1,0,0,0,0,G,0,0
4135,15.06.2021.,08:35:00,22,22,1,0,0,0,0,G,0,0
4136,15.06.2021.,08:40:00,22,22,1,0,0,0,0,G,0,0
4137,15.06.2021.,08:45:00,22,22,1,0,0,0,0,G,0,0
4138,15.06.2021.,08:50:00,22,22,1,1,0,0,0,G,0,0
4139,15.06.2021.,08:55:00,22,22,1,1,0,0,0,G,0,0
4140,15.06.2021.,09:00:00,22,22,1,1,0,0,0,G,0,0
4141,15.06.2021.,09:05:00,22,22,1,1,0,0,0,G,0,0
4142,15.06.2021.,09:10:00,22,22,1,1,0,0,0,G,0,0
4143,15.06.2021.,09:15:00,22,22,1,1,0,0,0,G,0,0
4144,15.06.2021.,09:20:00,22,22,1,1,0,0,0,G,0,0
4145,15.06.2021.,09:25:00,22,22,1,1,0,0,0,G,0,0
4146,15.06.2021.,09:30:00,22,22,1,1,0,0,0,G,0,0
4147,15.06.2021.,09:35:00,22,22,1,1,0,0,0,G,0,0
4148,15.06.2021.,09:40:00,22,22,1,1,0,0,0,G,0,0
4149,15.06.2021.,09:45:00,22,22,1,1,0,0,0,G,0,0
4150,15.06.2021.,09:50:00,22,22,1,1,0,0,0,G,0,0
4151,15.06.2021.,09:55:00,22,22,1,1,0,0,0,G,0,0
4152,15.06.2021.,10:00:00,22,22,1,1,0,0,0,G,0,0
4153,15.06.2021.,10:05:00,22,22,1,1,0,0,0,G,0,0
4154,15.06.2021.,10:10:00,22,22,1,1,0,0,0,G,0,0
4155,15.06.2021.,10:15:00,22,22,1,1,0,0,0,G,0,0
4156,15.06.2021.,10:20:00,22,22,1,1,0,0,0,G,0,0
4157,15.06.2021.,10:25:00,22,22,1,1,0,0,0,G,0,0
4158,15.06.2021.,10:30:00,22,22,1,1,0,0,0,G,0,0
4159,15.06.2021.,10:35:00,22,22,1,1,0,0,0,G,0,0
4160,15.06.2021.,10:40:00,22,22,1,1,0,0,0,G,0,0
4161,15.06.2021.,10:45:00,22,22,1,1,0,0,0,G,0,0
4162,15.06.2021.,10:50:00,22,22,1,1,0,0,0,G,0,0
4163,15.06.2021.,10:55:00,22,22,1,1,0,0,0,G,0,0
4164,15.06.2021.,11:00:00,22,23,1,1,0,0,0,G,0,0
4165,15.06.2021.,11:05:00,22,23,1,1,0,0,0,G,0,0
4166,15.06.2021.,11:10:00,22,23,1,1,0,0,0,G,0,0
4167,15.06.2021.,11:15:00,22,23,1,1,0,0,0,G,0,0
4168,15.06.2021.,11:20:00,22,23,1,1,0,0,0,G,0,0
4169,15.06.2021.,11:25:00,22,23,1,1,0,0,0,G,0,0
4170,15.06.2021.,11:30:00,22,23,1,1,0,0,0,G,0,0
4171,15.06.2021.,11:35:00,22,23,1,1,0,0,0,G,0,0
4172,15.06.2021.,11:40:00,22,23,1,1,0,0,0,G,0,0
4173,15.06.2021.,11:45:00,22,23,1,1,0,0,0,G,0,0
4174,15.06.2021.,11:50:00,22,23,1,1,0,0,0,G,0,0
4175,15.06.2021.,11:55:00,22,23,1,1,0,0,0,G,0,0
4176,15.06.2021.,12:00:00,22,23,1,1,0,0,0,G,0,0
4177,15.06.2021.,12:05:00,22,23,1,1,0,0,0,G,0,0
4178,15.06.2021.,12:10:00,22,23,1,1,0,0,0,G,0,0
4179,15.06.2021.,12:15:00,22,23,1,1,0,0,0,G,0,0
4180,15.06.2021.,12:20:00,22,23,1,1,0,0,0,G,0,0
4181,15.06.2021.,12:25:00,22,23,1,1,0,0,0,G,0,0
4182,15.06.2021.,12:30:00,22,23,1,1,0,0,0,G,0,0
4183,15.06.2021.,12:35:00,22,23,1,1,0,0,0,G,0,0
4184,15.06.2021.,12:40:00,22,23,1,1,0,0,0,G,0,0
4185,15.06.2021.,12:45:00,22,23,1,1,0,0,0,G,0,0
4186,15.06.2021.,12:50:00,22,23,1,1,0,0,0,G,0,0
4187,15.06.2021.,12:55:00,22,23,1,1,0,0,0,G,0,0
4188,15.06.2021.,13:00:00,22,23,1,1,0,0,0,G,0,0
4189,15.06.2021.,13:05:00,22,23,1,1,0,0,0,G,0,0
4190,15.06.2021.,13:10:00,22,23,1,1,0,0,0,G,0,0
4191,15.06.2021.,13:15:00,22,22,1,1,0,0,0,G,0,0
4192,15.06.2021.,13:20:00,22,22,1,1,0,0,0,G,0,0
4193,15.06.2021.,13:25:00,22,22,1,1,0,0,0,G,0,0
4194,15.06.2021.,13:30:00,22,22,1,1,0,0,0,G,0,0
4195,15.06.2021.,13:35:00,22,22,1,1,0,0,0,G,0,0
4196,15.06.2021.,13:40:00,22,22,1,1,0,0,0,G,0,0
4197,15.06.2021.,13:45:00,22,22,1,1,0,0,0,G,0,0
4198,15.06.2021.,13:50:00,22,22,1,1,0,0,0,G,0,0
4199,15.06.2021.,13:55:00,22,22,1,1,0,0,0,G,0,0
4200,15.06.2021.,14:00:00,22,22,1,0,0,0,0,G,0,0
4201,15.06.2021.,14:05:00,22,22,1,0,0,0,0,G,0,0
4202,15.06.2021.,14:10:00,22,22,1,0,0,0,0,G,0,0
4203,15.06.2021.,14:15:00,22,22,1,0,0,0,0,G,0,0
4204,15.06.2021.,14:20:00,22,22,1,0,0,0,0,G,0,0
4205,15.06.2021.,14:25:00,22,22,1,0,0,0,0,G,0,0
4206,15.06.2021.,14:30:00,22,22,1,0,0,0,0,G,0,0
4207,15.06.2021.,14:35:00,22,22,1,0,0,0,0,G,0,0
4208,15.06.2021.,14:40:00,22,22,1,0,0,0,0,G,0,0
4209,15.06.2021.,14:45:00,22,22,1,0,0,0,0,G,0,0
4210,15.06.2021.,14:50:00,22,22,1,0,0,0,0,G,0,0
4211,15.06.2021.,14:55:00,22,22,1,0,0,0,0,G,0,0
4212,15.06.2021.,15:00:00,22,22,1,1,0,0,0,G,0,0
4213,15.06.2021.,15:05:00,22,22,1,1,0,0,0,G,0,0
4214,15.06.2021.,15:10:00,22,22,1,1,0,0,0,G,0,0
4215,15.06.2021.,15:15:00,22,22,1,1,0,0,0,G,0,0
4216,15.06.2021.,15:20:00,22,22,1,1,0,0,0,G,0,0
4217,15.06.2021.,15:25:00,22,22,1,1,0,0,0,G,0,0
4218,15.06.2021.,15:30:00,22,22,1,1,0,0,0,G,0,0
4219,15.06.2021.,15:35:00,22,22,1,1,0,1,0,G,0,0
4220,15.06.2021.,15:40:00,22,22,1,0,0,1,0,G,0,0
4221,15.06.2021.,15:45:00,22,22,1,0,0,1,0,G,0,0
4222,15.06.2021.,15:50:00,22,22,1,0,0,1,0,G,0,0
4223,15.06.2021.,15:55:00,22,22,1,0,0,0,0,G,0,0
4224,15.06.2021.,16:00:00,22,22,1,0,0,0,0,G,0,0
4225,15.06.2021.,16:05:00,22,22,1,1,0,0,0,G,0,0
4226,15.06.2021.,16:10:00,22,22,1,1,0,0,0,G,0,0
4227,15.06.2021.,16:15:00,22,22,1,1,0,0,0,G,0,0
4228,15.06.2021.,16:20:00,22,22,1,1,0,0,0,G,0,0
4229,15.06.2021.,16:25:00,22,22,1,1,0,0,0,G,0,0
4230,15.06.2021.,16:30:00,22,22,1,1,0,0,0,G,0,0
4231,15.06.2021.,16:35:00,22,22,1,1,0,0,0,G,0,0
4232,15.06.2021.,16:40:00,22,22,1,0,0,0,0,G,0,0
4233,15.06.2021.,16:45:00,22,22,1,0,0,0,0,G,0,0
4234,15.06.2021.,16:50:00,22,22,1,0,0,0,0,G,0,0
4235,15.06.2021.,16:55:00,22,22,1,0,0,0,0,G,0,0
4236,15.06.2021.,17:00:00,22,22,1,0,0,0,0,G,0,0
4237,15.06.2021.,17:05:00,22,22,1,0,0,0,0,G,0,0
4238,15.06.2021.,17:10:00,22,22,1,0,0,0,0,G,0,0
4239,15.06.2021.,17:15:00,22,22,1,0,0,0,0,G,0,0
4240,15.06.2021.,17:20:00,22,22,1,0,0,0,0,G,0,0
4241,15.06.2021.,17:25:00,22,22,1,0,0,0,0,G,0,0
4242,15.06.2021.,17:30:00,22,22,1,0,0,0,0,G,0,0
4243,15.06.2021.,17:35:00,22,22,1,0,0,0,0,G,0,0
4244,15.06.2021.,17:40:00,22,22,1,0,0,0,0,G,0,0
4245,15.06.2021.,17:45:00,22,22,1,0,0,0,0,G,0,0
4246,15.06.2021.,17:50:00,22,22,1,0,0,0,0,G,0,0
4247,15.06.2021.,17:55:00,22,22,1,0,0,0,0,G,0,0
4248,15.06.2021.,18:00:00,22,22,1,0,0,0,0,G,0,0
4249,15.06.2021.,18:05:00,22,22,1,0,0,0,0,G,0,0
4250,15.06.2021.,18:10:00,22,22,1,0,0,0,0,G,0,0
4251,15.06.2021.,18:15:00,22,22,1,0,0,0,0,G,0,0
4252,15.06.2021.,18:20:00,22,22,1,0,0,0,0,G,0,0
4253,15.06.2021.,18:25:00,22,22,1,0,0,0,0,G,0,0
4254,15.06.2021.,18:30:00,22,22,1,1,0,0,0,G,0,0
4255,15.06.2021.,18:35:00,22,22,1,1,0,0,0,G,0,0
4256,15.06.2021.,18:40:00,22,22,1,1,0,0,0,G,0,0
4257,15.06.2021.,18:45:00,22,22,1,1,0,0,0,G,0,0
4258,15.06.2021.,18:50:00,22,22,1,1,0,0,0,G,0,0
4259,15.06.2021.,18:55:00,22,22,1,1,0,0,0,G,0,0
4260,15.06.2021.,19:00:00,22,22,1,1,0,0,0,G,0,0
4261,15.06.2021.,19:05:00,22,22,1,0,0,0,0,G,0,0
4262,15.06.2021.,19:10:00,22,22,1,0,0,0,0,G,0,0
4263,15.06.2021.,19:15:00,22,22,1,0,0,0,0,G,0,0
4264,15.06.2021.,19:20:00,22,22,1,0,0,0,0,G,0,0
4265,15.06.2021.,19:25:00,22,22,1,0,0,0,0,G,0,0
4266,15.06.2021.,19:30:00,22,22,1,0,0,0,0,G,0,0
4267,15.06.2021.,19:35:00,22,22,1,0,0,0,0,G,0,0
4268,15.06.2021.,19:40:00,22,22,1,0,0,0,0,G,0,0
4269,15.06.2021.,19:45:00,22,22,1,0,0,0,0,G,0,0
4270,15.06.2021.,19:50:00,22,22,1,0,0,0,0,G,0,0
4271,15.06.2021.,19:55:00,22,22,1,0,0,0,0,G,0,0
4272,15.06.2021.,20:00:00,22,22,1,0,0,0,0,G,0,0
4273,15.06.2021.,20:05:00,22,22,1,0,0,0,0,G,0,0
4274,15.06.2021.,20:10:00,22,22,1,0,0,0,0,G,0,0
4275,15.06.2021.,20:15:00,22,22,1,0,0,0,0,G,0,0
4276,15.06.2021.,20:20:00,22,22,1,0,0,0,0,G,0,0
4277,15.06.2021.,20:25:00,22,22,1,0,0,0,0,G,0,0
4278,15.06.2021.,20:30:00,22,22,1,0,0,0,0,G,0,0
4279,15.06.2021.,20:35:00,22,22,1,0,0,0,0,G,0,0
4280,15.06.2021.,20:40:00,22,22,1,0,0,0,0,G,0,0
4281,15.06.2021.,20:45:00,22,22,1,0,0,0,0,G,0,0
4282,15.06.2021.,20:50:00,22,22,1,0,0,0,0,G,0,0
4283,15.06.2021.,20:55:00,22,22,1,0,0,0,0,G,0,0
4284,15.06.2021.,21:00:00,22,22,1,0,0,0,0,G,0,0
4285,15.06.2021.,21:05:00,22,22,1,0,0,0,0,G,0,0
4286,15.06.2021.,21:10:00,22,22,1,0,0,0,0,G,0,0
4287,15.06.2021.,21:15:00,22,22,1,0,0,0,0,G,0,0
4288,15.06.2021.,21:20:00,22,22,1,0,0,0,0,G,0,0
4289,15.06.2021.,21:25:00,22,22,1,0,0,0,0,G,0,0
4290,15.06.2021.,21:30:00,22,22,1,0,0,0,0,G,0,0
4291,15.06.2021.,21:35:00,22,22,1,0,0,0,0,G,0,0
4292,15.06.2021.,21:40:00,22,22,1,0,0,0,0,G,0,0
4293,15.06.2021.,21:45:00,22,22,1,0,0,0,0,G,0,0
4294,15.06.2021.,21:50:00,22,22,1,0,0,0,0,G,0,0
4295,15.06.2021.,21:55:00,22,22,1,0,0,0,0,G,0,0
4296,15.06.2021.,22:00:00,22,22,1,0,0,0,0,G,0,0
4297,15.06.2021.,22:05:00,22,22,1,0,0,0,0,G,0,0
4298,15.06.2021.,22:10:00,22,22,1,0,0,0,0,G,0,0
4299,15.06.2021.,22:15:00,22,22,1,0,0,0,0,G,0,0
4300,15.06.2021.,22:20:00,22,22,1,0,0,0,0,G,0,0
4301,15.06.2021.,22:25:00,22,22,1,0,0,0,0,G,0,0
4302,15.06.2021.,22:30:00,22,22,1,0,0,0,0,G,0,0
4303,15.06.2021.,22:35:00,22,22,1,0,0,0,0,G,0,0
4304,15.06.2021.,22:40:00,22,22,1,0,0,0,0,G,0,0
4305,15.06.2021.,22:45:00,22,22,1,0,0,0,0,G,0,0
4306,15.06.2021.,22:50:00,22,22,1,0,0,0,0,G,0,0
4307,15.06.2021.,22:55:00,22,22,1,0,0,0,0,G,0,0
4308,15.06.2021.,23:00:00,22,22,1,0,0,0,0,G,0,0
4309,15.06.2021.,23:05:00,22,22,1,0,0,0,0,G,0,0
4310,15.06.2021.,23:10:00,22,22,1,0,0,0,0,G,0,0
4311,15.06.2021.,23:15:00,22,22,1,0,0,0,0,G,0,0
4312,15.06.2021.,23:20:00,22,22,1,0,0,0,0,G,0,0
4313,15.06.2021.,23:25:00,22,22,1,0,0,0,0,G,0,0
4314,15.06.2021.,23:30:00,22,22,1,0,0,0,0,G,0,0
4315,15.06.2021.,23:35:00,22,22,1,0,0,0,0,G,0,0
4316,15.06.2021.,23:40:00,22,22,1,0,0,0,0,G,0,0
4317,15.06.2021.,23:45:00,22,22,1,0,0,0,0,G,0,0
4318,15.06.2021.,23:50:00,22,22,1,0,0,0,0,G,0,0
4319,15.06.2021.,23:55:00,22,22,1,0,0,0,0,G,0,0
4320,16.06.2021.,00:00:00,22,22,1,1,0,0,0,G,0,0
4321,16.06.2021.,00:05:00,22,22,1,1,0,0,0,G,0,0
4322,16.06.2021.,00:10:00,22,22,1,1,0,0,0,G,0,0
4323,16.06.2021.,00:15:00,22,22,1,1,0,0,0,G,0,0
4324,16.06.2021.,00:20:00,22,22,1,1,0,0,0,G,0,0
4325,16.06.2021.,00:25:00,22,22,1,0,0,0,0,G,0,0
4326,16.06.2021.,00:30:00,22,22,1,0,0,0,0,G,0,0
4327,16.06.2021.,00:35:00,22,22,1,0,0,0,0,G,0,0
4328,16.06.2021.,00:40:00,22,22,1,0,0,0,0,G,0,0
4329,16.06.2021.,00:45:00,22,22,1,0,0,0,0,G,0,0
4330,16.06.2021.,00:50:00,22,22,1,0,0,0,0,G,0,0
4331,16.06.2021.,00:55:00,22,22,1,0,0,0,0,G,0,0
4332,16.06.2021.,01:00:00,22,22,1,0,0,0,0,G,0,0
4333,16.06.2021.,01:05:00,22,22,1,0,0,0,0,G,0,0
4334,16.06.2021.,01:10:00,22,22,1,0,0,0,0,G,0,0
4335,16.06.2021.,01:15:00,22,22,1,0,0,0,0,G,0,0
4336,16.06.2021.,01:20:00,22,22,1,0,0,0,0,G,0,0
4337,16.06.2021.,01:25:00,22,22,1,0,0,0,0,G,0,0
4338,16.06.2021.,01:30:00,22,22,1,0,0,0,0,G,0,0
4339,16.06.2021.,01:35:00,22,22,1,0,0,0,0,G,0,0
4340,16.06.2021.,01:40:00,22,22,1,0,0,0,0,G,0,0
4341,16.06.2021.,01:45:00,22,22,1,0,0,0,0,G,0,0
4342,16.06.2021.,01:50:00,22,22,1,0,0,0,0,G,0,0
4343,16.06.2021.,01:55:00,22,22,1,0,0,0,0,G,0,0
4344,16.06.2021.,02:00:00,22,22,1,0,0,0,0,G,0,0
4345,16.06.2021.,02:05:00,22,22,1,0,0,0,0,G,0,0
4346,16.06.2021.,02:10:00,22,22,1,0,0,0,0,G,0,0
4347,16.06.2021.,02:15:00,22,22,1,0,0,0,0,G,0,0
4348,16.06.2021.,02:20:00,22,22,1,0,0,0,0,G,0,0
4349,16.06.2021.,02:25:00,22,22,1,0,0,0,0,G,0,0
4350,16.06.2021.,02:30:00,22,22,1,0,0,0,0,G,0,0
4351,16.06.2021.,02:35:00,22,22,1,0,0,0,0,G,0,0
4352,16.06.2021.,02:40:00,22,22,1,0,0,0,0,G,0,0
4353,16.06.2021.,02:45:00,22,22,1,0,0,0,0,G,0,0
4354,16.06.2021.,02:50:00,22,22,1,0,0,0,0,G,0,0
4355,16.06.2021.,02:55:00,22,22,1,0,0,0,0,G,0,0
4356,16.06.2021.,03:00:00,22,22,1,0,0,0,0,G,0,0
4357,16.06.2021.,03:05:00,22,22,1,0,0,0,0,G,0,0
4358,16.06.2021.,03:10:00,22,22,1,0,0,0,0,G,0,0
4359,16.06.2021.,03:15:00,22,22,1,0,0,0,0,G,0,0
4360,16.06.2021.,03:20:00,22,22,1,0,0,0,0,G,0,0
4361,16.06.2021.,03:25:00,22,22,1,0,0,0,0,G,0,0
4362,16.06.2021.,03:30:00,22,22,1,0,0,0,0,G,0,0
4363,16.06.2021.,03:35:00,22,22,1,0,0,0,0,G,0,0
4364,16.06.2021.,03:40:00,22,22,1,0,0,0,0,G,0,0
4365,16.06.2021.,03:45:00,22,22,1,0,0,0,0,G,0,0
4366,16.06.2021.,03:50:00,22,22,1,0,0,0,0,G,0,0
4367,16.06.2021.,03:55:00,22,22,1,0,0,0,0,G,0,0
4368,16.06.2021.,04:00:00,22,22,1,0,0,0,0,G,0,0
4369,16.06.2021.,04:05:00,22,22,1,0,0,0,0,G,0,0
4370,16.06.2021.,04:10:00,22,22,1,0,0,0,0,G,0,0
4371,16.06.2021.,04:15:00,22,22,1,0,0,0,0,G,0,0
4372,16.06.2021.,04:20:00,22,22,1,0,0,0,0,G,0,0
4373,16.06.2021.,04:25:00,22,22,1,0,0,0,0,G,0,0
4374,16.06.2021.,04:30:00,22,22,1,0,0,0,0,G,0,0
4375,16.06.2021.,04:35:00,22,22,1,0,0,0,0,G,0,0
4376,16.06.2021.,04:40:00,22,22,1,0,0,0,0,G,0,0
4377,16.06.2021.,04:45:00,22,22,1,0,0,0,0,G,0,0
4378,16.06.2021.,04:50:00,22,22,1,0,0,0,0,G,0,0
4379,16.06.2021.,04:55:00,22,22,1,0,0,0,0,G,0,0
4380,16.06.2021.,05:00:00,22,22,1,0,0,0,0,G,0,0
4381,16.06.2021.,05:05:00,22,22,1,0,0,0,0,G,0,0
4382,16.06.2021.,05:10:00,22,22,1,0,0,0,0,G,0,0
4383,16.06.2021.,05:15:00,22,22,1,0,0,0,0,G,0,0
4384,16.06.2021.,05:20:00,22,22,1,0,0,0,0,G,0,0
4385,16.06.2021.,05:25:00,22,22,1,0,0,0,0,G,0,0
4386,16.06.2021.,05:30:00,22,22,1,0,0,0,0,G,0,0
4387,16.06.2021.,05:35:00,22,22,1,0,0,0,0,G,0,0
4388,16.06.2021.,05:40:00,22,22,1,0,0,0,0,G,0,0
4389,16.06.2021.,05:45:00,22,22,1,0,0,0,0,G,0,0
4390,16.06.2021.,05:50:00,22,22,1,0,0,0,0,G,0,0
4391,16.06.2021.,05:55:00,22,22,1,0,0,0,0,G,0,0
4392,16.06.2021.,06:00:00,22,22,1,0,0,0,0,G,0,0
4393,16.06.2021.,06:05:00,22,22,1,0,0,0,0,G,0,0
4394,16.06.2021.,06:10:00,22,22,1,0,0,0,0,G,0,0
4395,16.06.2021.,06:15:00,22,22,1,0,0,0,0,G,0,0
4396,16.06.2021.,06:20:00,22,22,1,0,0,0,0,G,0,0
4397,16.06.2021.,06:25:00,22,22,1,0,0,0,0,G,0,0
4398,16.06.2021.,06:30:00,22,22,1,0,0,0,0,G,0,0
4399,16.06.2021.,06:35:00,22,22,1,0,0,0,0,G,0,0
4400,16.06.2021.,06:40:00,22,22,1,0,0,0,0,G,0,0
4401,16.06.2021.,06:45:00,22,22,1,0,0,0,0,G,0,0
4402,16.06.2021.,06:50:00,22,22,1,0,0,0,0,G,0,0
4403,16.06.2021.,06:55:00,22,22,1,0,0,0,0,G,0,0
4404,16.06.2021.,07:00:00,22,22,1,0,0,0,0,G,0,0
4405,16.06.2021.,07:05:00,22,22,1,0,0,0,0,G,0,0
4406,16.06.2021.,07:10:00,22,22,1,0,0,0,0,G,0,0
4407,16.06.2021.,07:15:00,22,22,1,0,0,0,0,G,0,0
4408,16.06.2021.,07:20:00,22,22,1,0,0,0,0,G,0,0
4409,16.06.2021.,07:25:00,22,22,1,0,0,0,0,G,0,0
4410,16.06.2021.,07:30:00,22,22,1,0,0,0,0,G,0,0
4411,16.06.2021.,07:35:00,22,22,1,0,0,0,0,G,0,0
4412,16.06.2021.,07:40:00,22,22,1,0,0,0,0,G,0,0
4413,16.06.2021.,07:45:00,22,22,1,0,0,0,0,G,0,0
4414,16.06.2021.,07:50:00,22,22,1,0,0,0,0,G,0,0
4415,16.06.2021.,07:55:00,22,22,1,0,0,0,0,G,0,0
4416,16.06.2021.,08:00:00,22,22,1,0,0,0,0,G,0,0
4417,16.06.2021.,08:05:00,22,22,1,0,0,0,0,G,0,0
4418,16.06.2021.,08:10:00,22,22,1,0,0,0,0,G,0,0
4419,16.06.2021.,08:15:00,22,22,1,0,0,0,0,G,0,0
4420,16.06.2021.,08:20:00,22,22,1,0,0,0,0,G,0,0
4421,16.06.2021.,08:25:00,22,22,1,0,0,0,0,G,0,0
4422,16.06.2021.,08:30:00,22,22,1,0,0,0,0,G,0,0
4423,16.06.2021.,08:35:00,22,22,1,0,0,0,0,G,0,0
4424,16.06.2021.,08:40:00,22,22,1,0,0,0,0,G,0,0
4425,16.06.2021.,08:45:00,22,22,1,1,0,0,0,G,0,0
4426,16.06.2021.,08:50:00,22,22,1,1,0,0,0,G,0,0
4427,16.06.2021.,08:55:00,22,22,1,1,0,0,0,G,0,0
4428,16.06.2021.,09:00:00,22,22,1,1,0,0,0,G,0,0
4429,16.06.2021.,09:05:00,22,22,1,1,0,0,0,G,0,0
4430,16.06.2021.,09:10:00,22,22,1,1,0,0,0,G,0,0
4431,16.06.2021.,09:15:00,22,22,1,1,0,0,0,G,0,0
4432,16.06.2021.,09:20:00,22,22,1,1,0,0,0,G,0,0
4433,16.06.2021.,09:25:00,22,22,1,1,0,0,0,G,0,0
4434,16.06.2021.,09:30:00,22,22,1,1,0,0,0,G,0,0
4435,16.06.2021.,09:35:00,22,22,1,1,0,0,0,G,0,0
4436,16.06.2021.,09:40:00,22,22,1,1,0,0,0,G,0,0
4437,16.06.2021.,09:45:00,22,22,1,1,0,0,0,G,0,0
4438,16.06.2021.,09:50:00,22,22,1,1,0,0,0,G,0,0
4439,16.06.2021.,09:55:00,22,22,1,1,0,0,0,G,0,0
4440,16.06.2021.,10:00:00,22,22,1,1,0,0,0,G,0,0
4441,16.06.2021.,10:05:00,22,22,1,1,0,0,0,G,0,0
4442,16.06.2021.,10:10:00,22,22,1,1,0,0,0,G,0,0
4443,16.06.2021.,10:15:00,22,22,1,1,0,0,0,G,0,0
4444,16.06.2021.,10:20:00,22,22,1,1,0,0,0,G,0,0
4445,16.06.2021.,10:25:00,22,22,1,1,0,0,0,G,0,0
4446,16.06.2021.,10:30:00,22,22,1,1,0,0,0,G,0,0
4447,16.06.2021.,10:35:00,22,22,1,1,0,0,0,G,0,0
4448,16.06.2021.,10:40:00,22,22,1,1,0,0,0,G,0,0
4449,16.06.2021.,10:45:00,22,22,1,1,0,0,0,G,0,0
4450,16.06.2021.,10:50:00,22,22,1,1,0,0,0,G,0,0
4451,16.06.2021.,10:55:00,22,22,1,1,0,0,0,G,0,0
4452,16.06.2021.,11:00:00,22,22,1,1,0,0,0,G,0,0
4453,16.06.2021.,11:05:00,22,22,1,1,0,0,0,G,0,0
4454,16.06.2021.,11:10:00,22,22,1,1,0,0,0,G,0,0
4455,16.06.2021.,11:15:00,22,22,1,1,0,0,0,G,0,0
4456,16.06.2021.,11:20:00,22,22,1,1,0,0,0,G,0,0
4457,16.06.2021.,11:25:00,22,22,1,1,0,0,0,G,0,0
4458,16.06.2021.,11:30:00,22,22,1,1,0,0,0,G,0,0
4459,16.06.2021.,11:35:00,22,22,1,1,0,0,0,G,0,0
4460,16.06.2021.,11:40:00,22,22,1,1,0,0,0,G,0,0
4461,16.06.2021.,11:45:00,22,22,1,1,0,0,0,G,0,0
4462,16.06.2021.,11:50:00,22,22,1,1,0,0,0,G,0,0
4463,16.06.2021.,11:55:00,22,22,1,1,0,0,0,G,0,0
4464,16.06.2021.,12:00:00,22,22,1,1,0,0,0,G,0,0
4465,16.06.2021.,12:05:00,22,22,1,1,0,0,0,G,0,0
4466,16.06.2021.,12:10:00,22,22,1,1,0,0,0,G,0,0
4467,16.06.2021.,12:15:00,22,22,1,1,0,0,0,G,0,0
4468,16.06.2021.,12:20:00,22,22,1,1,0,0,0,G,0,0
4469,16.06.2021.,12:25:00,22,22,1,1,0,0,0,G,0,0
4470,16.06.2021.,12:30:00,22,22,1,1,0,0,0,G,0,0
4471,16.06.2021.,12:35:00,22,22,1,1,0,0,0,G,0,0
4472,16.06.2021.,12:40:00,22,22,1,1,0,0,0,G,0,0
4473,16.06.2021.,12:45:00,22,22,1,1,0,0,0,G,0,0
4474,16.06.2021.,12:50:00,22,22,1,1,0,0,0,G,0,0
4475,16.06.2021.,12:55:00,22,22,1,1,0,0,0,G,0,0
4476,16.06.2021.,13:00:00,22,22,1,1,0,0,0,G,0,0
4477,16.06.2021.,13:05:00,22,22,1,1,0,0,0,G,0,0
4478,16.06.2021.,13:10:00,22,22,1,1,0,0,0,G,0,0
4479,16.06.2021.,13:15:00,22,22,1,1,0,0,0,G,0,0
4480,16.06.2021.,13:20:00,22,22,1,1,0,0,0,G,0,0
4481,16.06.2021.,13:25:00,22,22,1,1,0,0,0,G,0,0
4482,16.06.2021.,13:30:00,22,22,1,1,0,0,0,G,0,0
4483,16.06.2021.,13:35:00,22,22,1,1,0,0,0,G,0,0
4484,16.06.2021.,13:40:00,22,22,1,1,0,0,0,G,0,0
4485,16.06.2021.,13:45:00,22,22,1,1,0,0,0,G,0,0
4486,16.06.2021.,13:50:00,22,22,1,1,0,0,0,G,0,0
4487,16.06.2021.,13:55:00,22,22,1,1,0,0,0,G,0,0
4488,16.06.2021.,14:00:00,22,22,1,0,0,0,0,G,0,0
4489,16.06.2021.,14:05:00,22,22,1,0,0,0,0,G,0,0
4490,16.06.2021.,14:10:00,22,22,1,0,0,0,0,G,0,0
4491,16.06.2021.,14:15:00,22,22,1,0,0,0,0,G,0,0
4492,16.06.2021.,14:20:00,22,22,1,0,0,0,0,G,0,0
4493,16.06.2021.,14:25:00,22,22,1,0,0,0,0,G,0,0
4494,16.06.2021.,14:30:00,22,22,1,0,0,0,0,G,0,0
4495,16.06.2021.,14:35:00,22,22,1,0,0,0,0,G,0,0
4496,16.06.2021.,14:40:00,22,22,1,0,0,0,0,G,0,0
4497,16.06.2021.,14:45:00,22,22,1,0,0,0,0,G,0,0
4498,16.06.2021.,14:50:00,22,22,1,0,0,0,0,G,0,0
4499,16.06.2021.,14:55:00,22,22,1,1,0,0,0,G,0,0
4500,16.06.2021.,15:00:00,22,22,1,1,0,0,0,G,0,0
4501,16.06.2021.,15:05:00,22,22,1,1,0,0,0,G,0,0
4502,16.06.2021.,15:10:00,22,22,1,1,0,0,0,G,0,0
4503,16.06.2021.,15:15:00,22,22,1,1,0,0,0,G,0,0
4504,16.06.2021.,15:20:00,22,22,1,1,0,0,0,G,0,0
4505,16.06.2021.,15:25:00,22,22,1,1,0,0,0,G,0,0
4506,16.06.2021.,15:30:00,22,22,1,1,0,0,0,G,0,0
4507,16.06.2021.,15:35:00,22,22,1,1,0,0,0,G,0,0
4508,16.06.2021.,15:40:00,22,22,1,1,0,0,0,G,0,0
4509,16.06.2021.,15:45:00,22,22,1,1,0,0,0,G,0,0
4510,16.06.2021.,15:50:00,22,22,1,1,0,0,0,G,0,0
4511,16.06.2021.,15:55:00,22,22,1,1,0,0,0,G,0,0
4512,16.06.2021.,16:00:00,22,22,1,0,0,0,0,G,0,0
4513,16.06.2021.,16:05:00,22,22,1,0,0,0,0,G,0,0
4514,16.06.2021.,16:10:00,22,22,1,0,0,0,0,G,0,0
4515,16.06.2021.,16:15:00,22,22,1,0,0,0,0,G,0,0
4516,16.06.2021.,16:20:00,22,22,1,0,0,0,0,G,0,0
4517,16.06.2021.,16:25:00,22,22,1,0,0,0,0,G,0,0
4518,16.06.2021.,16:30:00,22,22,1,0,0,0,0,G,0,0
4519,16.06.2021.,16:35:00,22,22,1,0,0,0,0,G,0,0
4520,16.06.2021.,16:40:00,22,22,1,0,0,0,0,G,0,0
4521,16.06.2021.,16:45:00,22,22,1,0,0,0,0,G,0,0
4522,16.06.2021.,16:50:00,22,22,1,0,0,0,0,G,0,0
4523,16.06.2021.,16:55:00,22,22,1,0,0,0,0,G,0,0
4524,16.06.2021.,17:00:00,22,22,1,0,0,0,0,G,0,0
4525,16.06.2021.,17:05:00,22,22,1,0,0,0,0,G,0,0
4526,16.06.2021.,17:10:00,22,22,1,0,0,0,0,G,0,0
4527,16.06.2021.,17:15:00,22,22,1,0,0,0,0,G,0,0
4528,16.06.2021.,17:20:00,22,22,1,1,0,0,0,G,0,0
4529,16.06.2021.,17:25:00,22,22,1,1,0,0,0,G,0,0
4530,16.06.2021.,17:30:00,22,22,1,1,0,0,0,G,0,0
4531,16.06.2021.,17:35:00,22,22,1,1,0,0,0,G,0,0
4532,16.06.2021.,17:40:00,22,22,1,1,0,0,0,G,0,0
4533,16.06.2021.,17:45:00,22,22,1,1,0,0,0,G,0,0
4534,16.06.2021.,17:50:00,22,22,1,1,0,0,0,G,0,0
4535,16.06.2021.,17:55:00,22,22,1,1,0,0,0,G,0,0
4536,16.06.2021.,18:00:00,22,22,1,0,0,0,0,G,0,0
4537,16.06.2021.,18:05:00,22,22,1,0,0,0,0,G,0,0
4538,16.06.2021.,18:10:00,22,22,1,0,0,0,0,G,0,0
4539,16.06.2021.,18:15:00,22,22,1,0,0,0,0,G,0,0
4540,16.06.2021.,18:20:00,22,22,1,0,0,0,0,G,0,0
4541,16.06.2021.,18:25:00,22,22,1,0,0,0,0,G,0,0
4542,16.06.2021.,18:30:00,22,22,1,0,0,0,0,G,0,0
4543,16.06.2021.,18:35:00,22,22,1,0,0,0,0,G,0,0
4544,16.06.2021.,18:40:00,22,22,1,0,0,0,0,G,0,0
4545,16.06.2021.,18:45:00,22,22,1,0,0,0,0,G,0,0
4546,16.06.2021.,18:50:00,22,22,1,0,0,0,0,G,0,0
4547,16.06.2021.,18:55:00,22,22,1,0,0,0,0,G,0,0
4548,16.06.2021.,19:00:00,22,22,1,1,0,0,0,G,0,0
4549,16.06.2021.,19:05:00,22,22,1,1,0,0,0,G,0,0
4550,16.06.2021.,19:10:00,22,22,1,1,0,0,0,G,0,0
4551,16.06.2021.,19:15:00,22,22,1,1,0,0,0,G,0,0
4552,16.06.2021.,19:20:00,22,22,1,1,0,0,0,G,0,0
4553,16.06.2021.,19:25:00,22,22,1,1,0,0,0,G,0,0
4554,16.06.2021.,19:30:00,22,22,1,1,0,0,0,G,0,0
4555,16.06.2021.,19:35:00,22,22,1,0,0,0,0,G,0,0
4556,16.06.2021.,19:40:00,22,22,1,0,0,0,0,G,0,0
4557,16.06.2021.,19:45:00,22,22,1,0,0,0,0,G,0,0
4558,16.06.2021.,19:50:00,22,22,1,0,0,0,0,G,0,0
4559,16.06.2021.,19:55:00,22,22,1,0,0,0,0,G,0,0
4560,16.06.2021.,20:00:00,22,22,1,0,0,0,0,G,0,0
4561,16.06.2021.,20:05:00,22,22,1,0,0,0,0,G,0,0
4562,16.06.2021.,20:10:00,22,22,1,0,0,0,0,G,0,0
4563,16.06.2021.,20:15:00,22,22,1,0,0,0,0,G,0,0
4564,16.06.2021.,20:20:00,22,22,1,0,0,0,0,G,0,0
4565,16.06.2021.,20:25:00,22,22,1,0,0,0,0,G,0,0
4566,16.06.2021.,20:30:00,22,22,1,0,0,0,0,G,0,0
4567,16.06.2021.,20:35:00,22,22,1,0,0,0,0,G,0,0
4568,16.06.2021.,20:40:00,22,22,1,0,0,0,0,G,0,0
4569,16.06.2021.,20:45:00,22,22,1,0,0,0,0,G,0,0
4570,16.06.2021.,20:50:00,22,22,1,0,0,0,0,G,0,0
4571,16.06.2021.,20:55:00,22,22,1,0,0,0,0,G,0,0
4572,16.06.2021.,21:00:00,22,22,1,0,0,0,0,G,0,0
4573,16.06.2021.,21:05:00,22,22,1,0,0,0,0,G,0,0
4574,16.06.2021.,21:10:00,22,22,1,0,0,0,0,G,0,0
4575,16.06.2021.,21:15:00,22,22,1,0,0,0,0,G,0,0
4576,16.06.2021.,21:20:00,22,22,1,0,0,0,0,G,0,0
4577,16.06.2021.,21:25:00,22,22,1,0,0,0,0,G,0,0
4578,16.06.2021.,21:30:00,22,22,1,0,0,0,0,G,0,0
4579,16.06.2021.,21:35:00,22,22,1,0,0,0,0,G,0,0
4580,16.06.2021.,21:40:00,22,22,1,0,0,0,0,G,0,0
4581,16.06.2021.,21:45:00,22,22,1,0,0,0,0,G,0,0
4582,16.06.2021.,21:50:00,22,22,1,0,0,0,0,G,0,0
4583,16.06.2021.,21:55:00,22,22,1,0,0,0,0,G,0,0
4584,16.06.2021.,22:00:00,22,22,1,0,0,0,0,G,0,0
4585,16.06.2021.,22:05:00,22,22,1,0,0,0,0,G,0,0
4586,16.06.2021.,22:10:00,22,22,1,0,0,0,0,G,0,0
4587,16.06.2021.,22:15:00,22,22,1,0,0,0,0,G,0,0
4588,16.06.2021.,22:20:00,22,22,1,0,0,0,0,G,0,0
4589,16.06.2021.,22:25:00,22,22,1,0,0,0,0,G,0,0
4590,16.06.2021.,22:30:00,22,22,1,0,0,0,0,G,0,0
4591,16.06.2021.,22:35:00,22,22,1,0,0,0,0,G,0,0
4592,16.06.2021.,22:40:00,22,22,1,0,0,0,0,G,0,0
4593,16.06.2021.,22:45:00,22,22,1,0,0,0,0,G,0,0
4594,16.06.2021.,22:50:00,22,22,1,0,0,0,0,G,0,0
4595,16.06.2021.,22:55:00,22,22,1,0,0,0,0,G,0,0
4596,16.06.2021.,23:00:00,22,22,1,0,0,0,0,G,0,0
4597,16.06.2021.,23:05:00,22,22,1,0,0,0,0,G,0,0
4598,16.06.2021.,23:10:00,22,22,1,0,0,0,0,G,0,0
4599,16.06.2021.,23:15:00,22,22,1,0,0,0,0,G,0,0
4600,16.06.2021.,23:20:00,22,22,1,0,0,0,0,G,0,0
4601,16.06.2021.,23:25:00,22,22,1,0,0,0,0,G,0,0
4602,16.06.2021.,23:30:00,22,22,1,0,0,0,0,G,0,0
4603,16.06.2021.,23:35:00,22,22,1,0,0,0,0,G,0,0
4604,16.06.2021.,23:40:00,22,22,1,0,0,0,0,G,0,0
4605,16.06.2021.,23:45:00,22,22,1,0,0,0,0,G,0,0
4606,16.06.2021.,23:50:00,22,22,1,0,0,0,0,G,0,0
4607,16.06.2021.,23:55:00,22,22,1,0,0,0,0,G,0,0
4608,17.06.2021.,00:00:00,22,22,1,1,0,0,0,G,0,0
4609,17.06.2021.,00:05:00,22,22,1,1,0,0,0,G,0,0
4610,17.06.2021.,00:10:00,22,22,1,1,0,0,0,G,0,0
4611,17.06.2021.,00:15:00,22,22,1,1,0,0,0,G,0,0
4612,17.06.2021.,00:20:00,22,22,1,1,0,0,0,G,0,0
4613,17.06.2021.,00:25:00,22,22,1,0,0,0,0,G,0,0
4614,17.06.2021.,00:30:00,22,22,1,0,0,0,0,G,0,0
4615,17.06.2021.,00:35:00,22,22,1,0,0,0,0,G,0,0
4616,17.06.2021.,00:40:00,22,22,1,0,0,0,0,G,0,0
4617,17.06.2021.,00:45:00,22,22,1,0,0,0,0,G,0,0
4618,17.06.2021.,00:50:00,22,22,1,0,0,0,0,G,0,0
4619,17.06.2021.,00:55:00,22,22,1,0,0,0,0,G,0,0
4620,17.06.2021.,01:00:00,22,22,1,0,0,0,0,G,0,0
4621,17.06.2021.,01:05:00,22,22,1,0,0,0,0,G,0,0
4622,17.06.2021.,01:10:00,22,22,1,0,0,0,0,G,0,0
4623,17.06.2021.,01:15:00,22,22,1,0,0,0,0,G,0,0
4624,17.06.2021.,01:20:00,22,22,1,0,0,0,0,G,0,0
4625,17.06.2021.,01:25:00,22,22,1,0,0,0,0,G,0,0
4626,17.06.2021.,01:30:00,22,22,1,0,0,0,0,G,0,0
4627,17.06.2021.,01:35:00,22,22,1,0,0,0,0,G,0,0
4628,17.06.2021.,01:40:00,22,22,1,0,0,0,0,G,0,0
4629,17.06.2021.,01:45:00,22,22,1,0,0,0,0,G,0,0
4630,17.06.2021.,01:50:00,22,22,1,0,0,0,0,G,0,0
4631,17.06.2021.,01:55:00,22,22,1,0,0,0,0,G,0,0
4632,17.06.2021.,02:00:00,22,22,1,0,0,0,0,G,0,0
4633,17.06.2021.,02:05:00,22,22,1,0,0,0,0,G,0,0
4634,17.06.2021.,02:10:00,22,22,1,0,0,0,0,G,0,0
4635,17.06.2021.,02:15:00,22,22,1,0,0,0,0,G,0,0
4636,17.06.2021.,02:20:00,22,22,1,0,0,0,0,G,0,0
4637,17.06.2021.,02:25:00,22,22,1,0,0,0,0,G,0,0
4638,17.06.2021.,02:30:00,22,22,1,0,0,0,0,G,0,0
4639,17.06.2021.,02:35:00,22,22,1,0,0,0,0,G,0,0
4640,17.06.2021.,02:40:00,22,22,1,0,0,0,0,G,0,0
4641,17.06.2021.,02:45:00,22,22,1,1,0,0,0,G,0,0
4642,17.06.2021.,02:50:00,22,22,1,1,0,0,0,G,0,0
4643,17.06.2021.,02:55:00,22,22,1,1,0,0,0,G,0,0
4644,17.06.2021.,03:00:00,22,22,1,0,0,0,0,G,0,0
4645,17.06.2021.,03:05:00,22,22,1,0,0,0,0,G,0,0
4646,17.06.2021.,03:10:00,22,22,1,0,0,0,0,G,0,0
4647,17.06.2021.,03:15:00,22,22,1,0,0,0,0,G,0,0
4648,17.06.2021.,03:20:00,22,22,1,0,0,0,0,G,0,0
4649,17.06.2021.,03:25:00,22,22,1,0,0,0,0,G,0,0
4650,17.06.2021.,03:30:00,22,22,1,0,0,0,0,G,0,0
4651,17.06.2021.,03:35:00,22,22,1,0,0,0,0,G,0,0
4652,17.06.2021.,03:40:00,22,22,1,0,0,0,0,G,0,0
4653,17.06.2021.,03:45:00,22,22,1,0,0,0,0,G,0,0
4654,17.06.2021.,03:50:00,22,22,1,0,0,0,0,G,0,0
4655,17.06.2021.,03:55:00,22,22,1,0,0,0,0,G,0,0
4656,17.06.2021.,04:00:00,22,22,1,0,0,0,0,G,0,0
4657,17.06.2021.,04:05:00,22,22,1,0,0,0,0,G,0,0
4658,17.06.2021.,04:10:00,22,22,1,0,0,0,0,G,0,0
4659,17.06.2021.,04:15:00,22,22,1,0,0,0,0,G,0,0
4660,17.06.2021.,04:20:00,22,22,1,0,0,0,0,G,0,0
4661,17.06.2021.,04:25:00,22,22,1,0,0,0,0,G,0,0
4662,17.06.2021.,04:30:00,22,22,1,0,0,0,0,G,0,0
4663,17.06.2021.,04:35:00,22,22,1,0,0,0,0,G,0,0
4664,17.06.2021.,04:40:00,22,22,1,0,0,0,0,G,0,0
4665,17.06.2021.,04:45:00,22,22,1,0,0,0,0,G,0,0
4666,17.06.2021.,04:50:00,22,22,1,0,0,0,0,G,0,0
4667,17.06.2021.,04:55:00,22,22,1,0,0,0,0,G,0,0
4668,17.06.2021.,05:00:00,22,22,1,0,0,0,0,G,0,0
4669,17.06.2021.,05:05:00,22,22,1,0,0,0,0,G,0,0
4670,17.06.2021.,05:10:00,22,22,1,0,0,0,0,G,0,0
4671,17.06.2021.,05:15:00,22,22,1,0,0,0,0,G,0,0
4672,17.06.2021.,05:20:00,22,22,1,0,0,0,0,G,0,0
4673,17.06.2021.,05:25:00,22,22,1,0,0,0,0,G,0,0
4674,17.06.2021.,05:30:00,22,22,1,0,0,0,0,G,0,0
4675,17.06.2021.,05:35:00,22,22,1,0,0,0,0,G,0,0
4676,17.06.2021.,05:40:00,22,22,1,0,0,0,0,G,0,0
4677,17.06.2021.,05:45:00,22,22,1,0,0,0,0,G,0,0
4678,17.06.2021.,05:50:00,22,22,1,0,0,0,0,G,0,0
4679,17.06.2021.,05:55:00,22,22,1,0,0,0,0,G,0,0
4680,17.06.2021.,06:00:00,22,22,1,0,0,0,0,G,0,0
4681,17.06.2021.,06:05:00,22,22,1,0,0,0,0,G,0,0
4682,17.06.2021.,06:10:00,22,22,1,0,0,0,0,G,0,0
4683,17.06.2021.,06:15:00,22,22,1,0,0,0,0,G,0,0
4684,17.06.2021.,06:20:00,22,22,1,0,0,0,0,G,0,0
4685,17.06.2021.,06:25:00,22,22,1,0,0,0,0,G,0,0
4686,17.06.2021.,06:30:00,22,22,1,0,0,0,0,G,0,0
4687,17.06.2021.,06:35:00,22,22,1,0,0,0,0,G,0,0
4688,17.06.2021.,06:40:00,22,22,1,0,0,0,0,G,0,0
4689,17.06.2021.,06:45:00,22,22,1,0,0,0,0,G,0,0
4690,17.06.2021.,06:50:00,22,22,1,0,0,0,0,G,0,0
4691,17.06.2021.,06:55:00,22,22,1,0,0,0,0,G,0,0
4692,17.06.2021.,07:00:00,22,22,1,0,0,0,0,G,0,0
4693,17.06.2021.,07:05:00,22,22,1,0,0,0,0,G,0,0
4694,17.06.2021.,07:10:00,22,22,1,0,0,0,0,G,0,0
4695,17.06.2021.,07:15:00,22,22,1,0,0,0,0,G,0,0
4696,17.06.2021.,07:20:00,22,22,1,0,0,0,0,G,0,0
4697,17.06.2021.,07:25:00,22,22,1,0,0,0,0,G,0,0
4698,17.06.2021.,07:30:00,22,22,1,0,0,0,0,G,0,0
4699,17.06.2021.,07:35:00,22,22,1,0,0,0,0,G,0,0
4700,17.06.2021.,07:40:00,22,22,1,0,0,0,0,G,0,0
4701,17.06.2021.,07:45:00,22,22,1,0,0,0,0,G,0,0
4702,17.06.2021.,07:50:00,22,22,1,0,0,0,0,G,0,0
4703,17.06.2021.,07:55:00,22,22,1,0,0,0,0,G,0,0
4704,17.06.2021.,08:00:00,22,22,1,0,0,0,0,G,0,0
4705,17.06.2021.,08:05:00,22,22,1,0,0,0,0,G,0,0
4706,17.06.2021.,08:10:00,22,22,1,0,0,0,0,G,0,0
4707,17.06.2021.,08:15:00,22,22,1,0,0,0,0,G,0,0
4708,17.06.2021.,08:20:00,22,22,1,0,0,0,0,G,0,0
4709,17.06.2021.,08:25:00,22,22,1,0,0,0,0,G,0,0
4710,17.06.2021.,08:30:00,22,22,1,0,0,0,0,G,0,0
4711,17.06.2021.,08:35:00,22,22,1,1,0,0,0,G,0,0
4712,17.06.2021.,08:40:00,22,22,1,1,0,0,0,G,0,0
4713,17.06.2021.,08:45:00,22,22,1,1,0,0,0,G,0,0
4714,17.06.2021.,08:50:00,22,22,1,1,0,0,0,G,0,0
4715,17.06.2021.,08:55:00,22,22,1,1,0,0,0,G,0,0
4716,17.06.2021.,09:00:00,22,22,1,1,0,0,0,G,0,0
4717,17.06.2021.,09:05:00,22,22,1,1,0,0,0,G,0,0
4718,17.06.2021.,09:10:00,22,22,1,1,0,0,0,G,0,0
4719,17.06.2021.,09:15:00,22,22,1,1,0,0,0,G,0,0
4720,17.06.2021.,09:20:00,22,22,1,1,0,0,0,G,0,0
4721,17.06.2021.,09:25:00,22,22,1,1,0,0,0,G,0,0
4722,17.06.2021.,09:30:00,22,22,1,1,0,0,0,G,0,0
4723,17.06.2021.,09:35:00,22,22,1,1,0,0,0,G,0,0
4724,17.06.2021.,09:40:00,22,22,1,1,0,0,0,G,0,0
4725,17.06.2021.,09:45:00,22,22,1,1,0,0,0,G,0,0
4726,17.06.2021.,09:50:00,22,22,1,1,0,0,0,G,0,0
4727,17.06.2021.,09:55:00,22,22,1,1,0,0,0,G,0,0
4728,17.06.2021.,10:00:00,22,22,1,1,0,0,0,G,0,0
4729,17.06.2021.,10:05:00,22,22,1,1,0,0,0,G,0,0
4730,17.06.2021.,10:10:00,22,22,1,1,0,0,0,G,0,0
4731,17.06.2021.,10:15:00,22,22,1,1,0,0,0,G,0,0
4732,17.06.2021.,10:20:00,22,22,1,1,0,0,0,G,0,0
4733,17.06.2021.,10:25:00,22,22,1,1,0,0,0,G,0,0
4734,17.06.2021.,10:30:00,22,22,1,1,0,0,0,G,0,0
4735,17.06.2021.,10:35:00,22,23,1,1,0,0,0,G,0,0
4736,17.06.2021.,10:40:00,22,23,1,1,0,0,0,G,0,0
4737,17.06.2021.,10:45:00,22,23,1,1,0,0,0,G,0,0
4738,17.06.2021.,10:50:00,22,23,1,1,0,0,0,G,0,0
4739,17.06.2021.,10:55:00,22,23,1,1,0,0,0,G,0,0
4740,17.06.2021.,11:00:00,22,23,1,1,0,0,0,G,0,0
4741,17.06.2021.,11:05:00,22,23,1,1,0,0,0,G,0,0
4742,17.06.2021.,11:10:00,22,23,1,1,0,0,0,G,0,0
4743,17.06.2021.,11:15:00,22,23,1,1,0,0,0,G,0,0
4744,17.06.2021.,11:20:00,22,23,1,1,0,0,0,G,0,0
4745,17.06.2021.,11:25:00,22,23,1,1,0,0,0,G,0,0
4746,17.06.2021.,11:30:00,22,23,1,1,0,0,0,G,0,0
4747,17.06.2021.,11:35:00,22,23,1,1,0,0,0,G,0,0
4748,17.06.2021.,11:40:00,22,23,1,1,0,0,0,G,0,0
4749,17.06.2021.,11:45:00,22,23,1,1,0,0,0,G,0,0
4750,17.06.2021.,11:50:00,22,23,1,1,0,0,0,G,0,0
4751,17.06.2021.,11:55:00,22,23,1,1,0,0,0,G,0,0
4752,17.06.2021.,12:00:00,22,23,1,1,0,0,0,G,0,0
4753,17.06.2021.,12:05:00,22,23,1,1,0,0,0,G,0,0
4754,17.06.2021.,12:10:00,22,23,1,1,0,0,0,G,0,0
4755,17.06.2021.,12:15:00,22,23,1,1,0,0,0,G,0,0
4756,17.06.2021.,12:20:00,22,23,1,1,0,0,0,G,0,0
4757,17.06.2021.,12:25:00,22,23,1,1,0,0,0,G,0,0
4758,17.06.2021.,12:30:00,22,23,1,1,0,0,0,G,0,0
4759,17.06.2021.,12:35:00,22,23,1,1,0,0,0,G,0,0
4760,17.06.2021.,12:40:00,22,23,1,1,0,0,0,G,0,0
4761,17.06.2021.,12:45:00,22,23,1,1,0,0,0,G,0,0
4762,17.06.2021.,12:50:00,22,23,1,1,0,0,0,G,0,0
4763,17.06.2021.,12:55:00,22,23,1,1,0,0,0,G,0,0
4764,17.06.2021.,13:00:00,22,23,1,1,0,0,0,G,0,0
4765,17.06.2021.,13:05:00,22,23,1,1,0,0,0,G,0,0
4766,17.06.2021.,13:10:00,22,23,1,1,0,0,0,G,0,0
4767,17.06.2021.,13:15:00,22,23,1,1,0,0,0,G,0,0
4768,17.06.2021.,13:20:00,22,23,1,1,0,0,0,G,0,0
4769,17.06.2021.,13:25:00,22,23,1,1,0,0,0,G,0,0
4770,17.06.2021.,13:30:00,22,23,1,1,0,0,0,G,0,0
4771,17.06.2021.,13:35:00,22,23,1,1,0,0,0,G,0,0
4772,17.06.2021.,13:40:00,22,23,1,1,0,0,0,G,0,0
4773,17.06.2021.,13:45:00,22,23,1,1,0,0,0,G,0,0
4774,17.06.2021.,13:50:00,22,23,1,1,0,0,0,G,0,0
4775,17.06.2021.,13:55:00,22,23,1,1,0,0,0,G,0,0
4776,17.06.2021.,14:00:00,22,23,1,1,0,0,0,G,0,0
4777,17.06.2021.,14:05:00,22,23,1,1,0,0,0,G,0,0
4778,17.06.2021.,14:10:00,22,23,1,1,0,0,0,G,0,0
4779,17.06.2021.,14:15:00,22,23,1,1,0,0,0,G,0,0
4780,17.06.2021.,14:20:00,22,23,1,1,0,0,0,G,0,0
4781,17.06.2021.,14:25:00,22,23,1,1,0,0,0,G,0,0
4782,17.06.2021.,14:30:00,22,23,1,1,0,0,0,G,0,0
4783,17.06.2021.,14:35:00,22,22,1,1,0,0,0,G,0,0
4784,17.06.2021.,14:40:00,22,22,1,1,0,0,0,G,0,0
4785,17.06.2021.,14:45:00,22,22,1,1,0,0,0,G,0,0
4786,17.06.2021.,14:50:00,22,22,1,1,0,0,0,G,0,0
4787,17.06.2021.,14:55:00,22,22,1,1,0,0,0,G,0,0
4788,17.06.2021.,15:00:00,22,22,1,1,0,0,0,G,0,0
4789,17.06.2021.,15:05:00,22,22,1,1,0,0,0,G,0,0
4790,17.06.2021.,15:10:00,22,22,1,1,0,0,0,G,0,0
4791,17.06.2021.,15:15:00,22,22,1,1,0,0,0,G,0,0
4792,17.06.2021.,15:20:00,22,22,1,1,0,0,0,G,0,0
4793,17.06.2021.,15:25:00,22,22,1,1,0,0,0,G,0,0
4794,17.06.2021.,15:30:00,22,22,1,1,0,0,0,G,0,0
4795,17.06.2021.,15:35:00,22,22,1,0,0,0,0,G,0,0
4796,17.06.2021.,15:40:00,22,22,1,0,0,0,0,G,0,0
4797,17.06.2021.,15:45:00,22,22,1,0,0,0,0,G,0,0
4798,17.06.2021.,15:50:00,22,22,1,0,0,0,0,G,0,0
4799,17.06.2021.,15:55:00,22,22,1,0,0,0,0,G,0,0
4800,17.06.2021.,16:00:00,22,22,1,0,0,0,0,G,0,0
4801,17.06.2021.,16:05:00,22,22,1,0,0,0,0,G,0,0
4802,17.06.2021.,16:10:00,22,22,1,0,0,0,0,G,0,0
4803,17.06.2021.,16:15:00,22,22,1,0,0,0,0,G,0,0
4804,17.06.2021.,16:20:00,22,22,1,1,0,0,0,G,0,0
4805,17.06.2021.,16:25:00,22,22,1,1,0,0,0,G,0,0
4806,17.06.2021.,16:30:00,22,22,1,1,0,0,0,G,0,0
4807,17.06.2021.,16:35:00,22,22,1,1,0,0,0,G,0,0
4808,17.06.2021.,16:40:00,22,22,1,1,0,0,0,G,0,0
4809,17.06.2021.,16:45:00,22,22,1,1,0,0,0,G,0,0
4810,17.06.2021.,16:50:00,22,22,1,1,0,0,0,G,0,0
4811,17.06.2021.,16:55:00,22,22,1,1,0,0,0,G,0,0
4812,17.06.2021.,17:00:00,22,22,1,1,0,0,0,G,0,0
4813,17.06.2021.,17:05:00,22,22,1,1,0,0,0,G,0,0
4814,17.06.2021.,17:10:00,22,22,1,0,0,0,0,G,0,0
4815,17.06.2021.,17:15:00,22,22,1,0,0,0,0,G,0,0
4816,17.06.2021.,17:20:00,22,22,1,0,0,0,0,G,0,0
4817,17.06.2021.,17:25:00,22,22,1,0,0,0,0,G,0,0
4818,17.06.2021.,17:30:00,22,22,1,0,0,0,0,G,0,0
4819,17.06.2021.,17:35:00,22,22,1,0,0,0,0,G,0,0
4820,17.06.2021.,17:40:00,22,22,1,0,0,0,0,G,0,0
4821,17.06.2021.,17:45:00,22,22,1,0,0,0,0,G,0,0
4822,17.06.2021.,17:50:00,22,22,1,0,0,0,0,G,0,0
4823,17.06.2021.,17:55:00,22,22,1,0,0,0,0,G,0,0
4824,17.06.2021.,18:00:00,22,22,1,0,0,0,0,G,0,0
4825,17.06.2021.,18:05:00,22,22,1,0,0,0,0,G,0,0
4826,17.06.2021.,18:10:00,22,22,1,0,0,0,0,G,0,0
4827,17.06.2021.,18:15:00,22,22,1,0,0,0,0,G,0,0
4828,17.06.2021.,18:20:00,22,22,1,1,0,0,0,G,0,0
4829,17.06.2021.,18:25:00,22,22,1,1,0,0,0,G,0,0
4830,17.06.2021.,18:30:00,22,22,1,1,0,0,0,G,0,0
4831,17.06.2021.,18:35:00,22,22,1,1,0,0,0,G,0,0
4832,17.06.2021.,18:40:00,22,22,1,1,0,0,0,G,0,0
4833,17.06.2021.,18:45:00,22,22,1,1,0,0,0,G,0,0
4834,17.06.2021.,18:50:00,22,22,1,1,0,0,0,G,0,0
4835,17.06.2021.,18:55:00,22,22,1,1,0,0,0,G,0,0
4836,17.06.2021.,19:00:00,22,22,1,1,0,0,0,G,0,0
4837,17.06.2021.,19:05:00,22,22,1,1,0,0,0,G,0,0
4838,17.06.2021.,19:10:00,22,22,1,0,0,0,0,G,0,0
4839,17.06.2021.,19:15:00,22,22,1,0,0,0,0,G,0,0
4840,17.06.2021.,19:20:00,22,22,1,0,0,0,0,G,0,0
4841,17.06.2021.,19:25:00,22,22,1,0,0,0,0,G,0,0
4842,17.06.2021.,19:30:00,22,22,1,0,0,0,0,G,0,0
4843,17.06.2021.,19:35:00,22,22,1,0,0,0,0,G,0,0
4844,17.06.2021.,19:40:00,22,22,1,0,0,0,0,G,0,0
4845,17.06.2021.,19:45:00,22,22,1,0,0,0,0,G,0,0
4846,17.06.2021.,19:50:00,22,22,1,0,0,0,0,G,0,0
4847,17.06.2021.,19:55:00,22,22,1,0,0,0,0,G,0,0
4848,17.06.2021.,20:00:00,22,22,1,0,0,0,0,G,0,0
4849,17.06.2021.,20:05:00,22,22,1,0,0,0,0,G,0,0
4850,17.06.2021.,20:10:00,22,22,1,0,0,0,0,G,0,0
4851,17.06.2021.,20:15:00,22,22,1,1,0,0,0,G,0,0
4852,17.06.2021.,20:20:00,22,22,1,1,0,0,0,G,0,0
4853,17.06.2021.,20:25:00,22,22,1,1,0,0,0,G,0,0
4854,17.06.2021.,20:30:00,22,22,1,1,0,0,0,G,0,0
4855,17.06.2021.,20:35:00,22,22,1,1,0,0,0,G,0,0
4856,17.06.2021.,20:40:00,22,22,1,1,0,0,0,G,0,0
4857,17.06.2021.,20:45:00,22,22,1,1,0,0,0,G,0,0
4858,17.06.2021.,20:50:00,22,22,1,1,0,0,0,G,0,0
4859,17.06.2021.,20:55:00,22,22,1,0,0,0,0,G,0,0
4860,17.06.2021.,21:00:00,22,22,1,0,0,0,0,G,0,0
4861,17.06.2021.,21:05:00,22,22,1,0,0,0,0,G,0,0
4862,17.06.2021.,21:10:00,22,22,1,0,0,0,0,G,0,0
4863,17.06.2021.,21:15:00,22,22,1,0,0,0,0,G,0,0
4864,17.06.2021.,21:20:00,22,22,1,0,0,0,0,G,0,0
4865,17.06.2021.,21:25:00,22,22,1,0,0,0,0,G,0,0
4866,17.06.2021.,21:30:00,22,22,1,0,0,0,0,G,0,0
4867,17.06.2021.,21:35:00,22,22,1,0,0,0,0,G,0,0
4868,17.06.2021.,21:40:00,22,22,1,0,0,0,0,G,0,0
4869,17.06.2021.,21:45:00,22,22,1,0,0,0,0,G,0,0
4870,17.06.2021.,21:50:00,22,22,1,0,0,0,0,G,0,0
4871,17.06.2021.,21:55:00,22,22,1,0,0,0,0,G,0,0
4872,17.06.2021.,22:00:00,22,22,1,0,0,0,0,G,0,0
4873,17.06.2021.,22:05:00,22,22,1,0,0,0,0,G,0,0
4874,17.06.2021.,22:10:00,22,22,1,0,0,0,0,G,0,0
4875,17.06.2021.,22:15:00,22,22,1,0,0,0,0,G,0,0
4876,17.06.2021.,22:20:00,22,22,1,0,0,0,0,G,0,0
4877,17.06.2021.,22:25:00,22,22,1,0,0,0,0,G,0,0
4878,17.06.2021.,22:30:00,22,22,1,0,0,0,0,G,0,0
4879,17.06.2021.,22:35:00,22,22,1,0,0,0,0,G,0,0
4880,17.06.2021.,22:40:00,22,22,1,0,0,0,0,G,0,0
4881,17.06.2021.,22:45:00,22,22,1,0,0,0,0,G,0,0
4882,17.06.2021.,22:50:00,22,22,1,0,0,0,0,G,0,0
4883,17.06.2021.,22:55:00,22,22,1,0,0,0,0,G,0,0
4884,17.06.2021.,23:00:00,22,22,1,0,0,0,0,G,0,0
4885,17.06.2021.,23:05:00,22,22,1,0,0,0,0,G,0,0
4886,17.06.2021.,23:10:00,22,22,1,0,0,0,0,G,0,0
4887,17.06.2021.,23:15:00,22,22,1,0,0,0,0,G,0,0
4888,17.06.2021.,23:20:00,22,22,1,0,0,0,0,G,0,0
4889,17.06.2021.,23:25:00,22,22,1,0,0,0,0,G,0,0
4890,17.06.2021.,23:30:00,22,22,1,0,0,0,0,G,0,0
4891,17.06.2021.,23:35:00,22,22,1,1,0,0,0,G,0,0
4892,17.06.2021.,23:40:00,22,22,1,1,0,0,0,G,0,0
4893,17.06.2021.,23:45:00,22,22,1,1,0,0,0,G,0,0
4894,17.06.2021.,23:50:00,22,22,1,1,0,0,0,G,0,0
4895,17.06.2021.,23:55:00,22,22,1,1,0,0,0,G,0,0
4896,18.06.2021.,00:00:00,22,22,1,1,0,0,0,G,0,0
4897,18.06.2021.,00:05:00,22,22,1,0,0,0,0,G,0,0
4898,18.06.2021.,00:10:00,22,22,1,0,0,0,0,G,0,0
4899,18.06.2021.,00:15:00,22,22,1,0,0,0,0,G,0,0
4900,18.06.2021.,00:20:00,22,22,1,0,0,0,0,G,0,0
4901,18.06.2021.,00:25:00,22,22,1,0,0,0,0,G,0,0
4902,18.06.2021.,00:30:00,22,22,1,0,0,0,0,G,0,0
4903,18.06.2021.,00:35:00,22,22,1,0,0,0,0,G,0,0
4904,18.06.2021.,00:40:00,22,22,1,0,0,0,0,G,0,0
4905,18.06.2021.,00:45:00,22,22,1,0,0,0,0,G,0,0
4906,18.06.2021.,00:50:00,22,22,1,0,0,0,0,G,0,0
4907,18.06.2021.,00:55:00,22,22,1,0,0,0,0,G,0,0
4908,18.06.2021.,01:00:00,22,22,1,0,0,0,0,G,0,0
4909,18.06.2021.,01:05:00,22,22,1,0,0,0,0,G,0,0
4910,18.06.2021.,01:10:00,22,22,1,0,0,0,0,G,0,0
4911,18.06.2021.,01:15:00,22,22,1,0,0,0,0,G,0,0
4912,18.06.2021.,01:20:00,22,22,1,0,0,0,0,G,0,0
4913,18.06.2021.,01:25:00,22,22,1,0,0,0,0,G,0,0
4914,18.06.2021.,01:30:00,22,22,1,0,0,0,0,G,0,0
4915,18.06.2021.,01:35:00,22,22,1,0,0,0,0,G,0,0
4916,18.06.2021.,01:40:00,22,22,1,0,0,0,0,G,0,0
4917,18.06.2021.,01:45:00,22,22,1,0,0,0,0,G,0,0
4918,18.06.2021.,01:50:00,22,22,1,0,0,0,0,G,0,0
4919,18.06.2021.,01:55:00,22,22,1,0,0,0,0,G,0,0
4920,18.06.2021.,02:00:00,22,22,1,0,0,0,0,G,0,0
4921,18.06.2021.,02:05:00,22,22,1,0,0,0,0,G,0,0
4922,18.06.2021.,02:10:00,22,22,1,0,0,0,0,G,0,0
4923,18.06.2021.,02:15:00,22,22,1,0,0,0,0,G,0,0
4924,18.06.2021.,02:20:00,22,22,1,0,0,0,0,G,0,0
4925,18.06.2021.,02:25:00,22,22,1,0,0,0,0,G,0,0
4926,18.06.2021.,02:30:00,22,22,1,0,0,0,0,G,0,0
4927,18.06.2021.,02:35:00,22,22,1,0,0,0,0,G,0,0
4928,18.06.2021.,02:40:00,22,22,1,0,0,0,0,G,0,0
4929,18.06.2021.,02:45:00,22,22,1,0,0,0,0,G,0,0
4930,18.06.2021.,02:50:00,22,22,1,0,0,0,0,G,0,0
4931,18.06.2021.,02:55:00,22,22,1,0,0,0,0,G,0,0
4932,18.06.2021.,03:00:00,22,22,1,0,0,0,0,G,0,0
4933,18.06.2021.,03:05:00,22,22,1,0,0,0,0,G,0,0
4934,18.06.2021.,03:10:00,22,22,1,0,0,0,0,G,0,0
4935,18.06.2021.,03:15:00,22,22,1,0,0,0,0,G,0,0
4936,18.06.2021.,03:20:00,22,22,1,0,0,0,0,G,0,0
4937,18.06.2021.,03:25:00,22,22,1,0,0,0,0,G,0,0
4938,18.06.2021.,03:30:00,22,22,1,0,0,0,0,G,0,0
4939,18.06.2021.,03:35:00,22,22,1,0,0,0,0,G,0,0
4940,18.06.2021.,03:40:00,22,22,1,0,0,0,0,G,0,0
4941,18.06.2021.,03:45:00,22,22,1,0,0,0,0,G,0,0
4942,18.06.2021.,03:50:00,22,22,1,0,0,0,0,G,0,0
4943,18.06.2021.,03:55:00,22,22,1,0,0,0,0,G,0,0
4944,18.06.2021.,04:00:00,22,22,1,1,0,0,0,G,0,0
4945,18.06.2021.,04:05:00,22,22,1,1,0,0,0,G,0,0
4946,18.06.2021.,04:10:00,22,22,1,1,0,0,0,G,0,0
4947,18.06.2021.,04:15:00,22,22,1,1,0,0,0,G,0,0
4948,18.06.2021.,04:20:00,22,22,1,1,0,0,0,G,0,0
4949,18.06.2021.,04:25:00,22,22,1,1,0,0,0,G,0,0
4950,18.06.2021.,04:30:00,22,22,1,0,0,0,0,G,0,0
4951,18.06.2021.,04:35:00,22,22,1,0,0,0,0,G,0,0
4952,18.06.2021.,04:40:00,22,22,1,0,0,0,0,G,0,0
4953,18.06.2021.,04:45:00,22,22,1,0,0,0,0,G,0,0
4954,18.06.2021.,04:50:00,22,22,1,0,0,0,0,G,0,0
4955,18.06.2021.,04:55:00,22,22,1,0,0,0,0,G,0,0
4956,18.06.2021.,05:00:00,22,22,1,0,0,0,0,G,0,0
4957,18.06.2021.,05:05:00,22,22,1,0,0,0,0,G,0,0
4958,18.06.2021.,05:10:00,22,22,1,0,0,0,0,G,0,0
4959,18.06.2021.,05:15:00,22,22,1,0,0,0,0,G,0,0
4960,18.06.2021.,05:20:00,22,22,1,0,0,0,0,G,0,0
4961,18.06.2021.,05:25:00,22,22,1,0,0,0,0,G,0,0
4962,18.06.2021.,05:30:00,22,22,1,0,0,0,0,G,0,0
4963,18.06.2021.,05:35:00,22,22,1,0,0,0,0,G,0,0
4964,18.06.2021.,05:40:00,22,22,1,0,0,0,0,G,0,0
4965,18.06.2021.,05:45:00,22,22,1,0,0,0,0,G,0,0
4966,18.06.2021.,05:50:00,22,22,1,0,0,0,0,G,0,0
4967,18.06.2021.,05:55:00,22,22,1,0,0,0,0,G,0,0
4968,18.06.2021.,06:00:00,22,22,1,0,0,0,0,G,0,0
4969,18.06.2021.,06:05:00,22,22,1,0,0,0,0,G,0,0
4970,18.06.2021.,06:10:00,22,22,1,1,0,0,0,G,0,0
4971,18.06.2021.,06:15:00,22,22,1,1,0,0,0,G,0,0
4972,18.06.2021.,06:20:00,22,22,1,1,0,0,0,G,0,0
4973,18.06.2021.,06:25:00,22,22,1,1,0,0,0,G,0,0
4974,18.06.2021.,06:30:00,22,22,1,1,0,0,0,G,0,0
4975,18.06.2021.,06:35:00,22,22,1,0,0,0,0,G,0,0
4976,18.06.2021.,06:40:00,22,22,1,0,0,0,0,G,0,0
4977,18.06.2021.,06:45:00,22,22,1,0,0,0,0,G,0,0
4978,18.06.2021.,06:50:00,22,22,1,0,0,0,0,G,0,0
4979,18.06.2021.,06:55:00,22,22,1,0,0,0,0,G,0,0
4980,18.06.2021.,07:00:00,22,22,1,0,0,0,0,G,0,0
4981,18.06.2021.,07:05:00,22,22,1,0,0,0,0,G,0,0
4982,18.06.2021.,07:10:00,22,22,1,0,0,0,0,G,0,0
4983,18.06.2021.,07:15:00,22,22,1,0,0,0,0,G,0,0
4984,18.06.2021.,07:20:00,22,22,1,0,0,0,0,G,0,0
4985,18.06.2021.,07:25:00,22,22,1,0,0,0,0,G,0,0
4986,18.06.2021.,07:30:00,22,22,1,0,0,0,0,G,0,0
4987,18.06.2021.,07:35:00,22,22,1,0,0,0,0,G,0,0
4988,18.06.2021.,07:40:00,22,22,1,0,0,0,0,G,0,0
4989,18.06.2021.,07:45:00,22,22,1,0,0,0,0,G,0,0
4990,18.06.2021.,07:50:00,22,22,1,0,0,0,0,G,0,0
4991,18.06.2021.,07:55:00,22,22,1,0,0,0,0,G,0,0
4992,18.06.2021.,08:00:00,22,22,1,0,0,0,0,G,0,0
4993,18.06.2021.,08:05:00,22,22,1,0,0,0,0,G,0,0
4994,18.06.2021.,08:10:00,22,22,1,0,0,0,0,G,0,0
4995,18.06.2021.,08:15:00,22,22,1,0,0,0,0,G,0,0
4996,18.06.2021.,08:20:00,22,22,1,0,0,0,0,G,0,0
4997,18.06.2021.,08:25:00,22,22,1,0,0,0,0,G,0,0
4998,18.06.2021.,08:30:00,22,22,1,0,0,0,0,G,0,0
4999,18.06.2021.,08:35:00,22,22,1,0,0,0,0,G,0,0
5000,18.06.2021.,08:40:00,22,22,1,0,0,0,0,G,0,0
5001,18.06.2021.,08:45:00,22,22,1,1,0,0,0,G,0,0
5002,18.06.2021.,08:50:00,22,22,1,1,0,0,0,G,0,0
5003,18.06.2021.,08:55:00,22,22,1,1,0,0,0,G,0,0
5004,18.06.2021.,09:00:00,22,22,1,1,0,0,0,G,0,0
5005,18.06.2021.,09:05:00,22,22,1,1,0,0,0,G,0,0
5006,18.06.2021.,09:10:00,22,22,1,1,0,0,0,G,0,0
5007,18.06.2021.,09:15:00,22,22,1,1,0,0,0,G,0,0
5008,18.06.2021.,09:20:00,22,22,1,1,0,0,0,G,0,0
5009,18.06.2021.,09:25:00,22,22,1,1,0,0,0,G,0,0
5010,18.06.2021.,09:30:00,22,22,1,1,0,0,0,G,0,0
5011,18.06.2021.,09:35:00,22,22,1,1,0,0,0,G,0,0
5012,18.06.2021.,09:40:00,22,22,1,1,0,0,0,G,0,0
5013,18.06.2021.,09:45:00,22,22,1,1,0,0,0,G,0,0
5014,18.06.2021.,09:50:00,22,22,1,1,0,0,0,G,0,0
5015,18.06.2021.,09:55:00,22,22,1,1,0,0,0,G,0,0
5016,18.06.2021.,10:00:00,22,22,1,1,0,0,0,G,0,0
5017,18.06.2021.,10:05:00,22,22,1,1,0,0,0,G,0,0
5018,18.06.2021.,10:10:00,22,22,1,1,0,0,0,G,0,0
5019,18.06.2021.,10:15:00,22,22,1,1,0,0,0,G,0,0
5020,18.06.2021.,10:20:00,22,22,1,1,0,0,0,G,0,0
5021,18.06.2021.,10:25:00,22,22,1,1,0,0,0,G,0,0
5022,18.06.2021.,10:30:00,22,22,1,1,0,0,0,G,0,0
5023,18.06.2021.,10:35:00,22,22,1,1,0,0,0,G,0,0
5024,18.06.2021.,10:40:00,22,22,1,1,0,0,0,G,0,0
5025,18.06.2021.,10:45:00,22,22,1,1,0,0,0,G,0,0
5026,18.06.2021.,10:50:00,22,22,1,1,0,0,0,G,0,0
5027,18.06.2021.,10:55:00,22,22,1,1,0,0,0,G,0,0
5028,18.06.2021.,11:00:00,22,22,1,1,0,0,0,G,0,0
5029,18.06.2021.,11:05:00,22,22,1,1,0,0,0,G,0,0
5030,18.06.2021.,11:10:00,22,23,1,1,0,0,0,G,0,0
5031,18.06.2021.,11:15:00,22,23,1,1,0,0,0,G,0,0
5032,18.06.2021.,11:20:00,22,23,1,1,0,0,0,G,0,0
5033,18.06.2021.,11:25:00,22,23,1,1,0,0,0,G,0,0
5034,18.06.2021.,11:30:00,22,23,1,1,0,0,0,G,0,0
5035,18.06.2021.,11:35:00,22,23,1,1,0,0,0,G,0,0
5036,18.06.2021.,11:40:00,22,23,1,1,0,0,0,G,0,0
5037,18.06.2021.,11:45:00,22,23,1,1,0,0,0,G,0,0
5038,18.06.2021.,11:50:00,22,23,1,1,0,0,0,G,0,0
5039,18.06.2021.,11:55:00,22,23,1,1,0,0,0,G,0,0
5040,18.06.2021.,12:00:00,22,23,1,1,0,0,0,G,0,0
5041,18.06.2021.,12:05:00,22,23,1,1,0,0,0,G,0,0
5042,18.06.2021.,12:10:00,22,23,1,1,0,0,0,G,0,0
5043,18.06.2021.,12:15:00,22,23,1,1,0,0,0,G,0,0
5044,18.06.2021.,12:20:00,22,23,1,1,0,0,0,G,0,0
5045,18.06.2021.,12:25:00,22,23,1,1,0,0,0,G,0,0
5046,18.06.2021.,12:30:00,22,23,1,1,0,0,0,G,0,0
5047,18.06.2021.,12:35:00,22,23,1,1,0,0,0,G,0,0
5048,18.06.2021.,12:40:00,22,23,1,1,0,0,0,G,0,0
5049,18.06.2021.,12:45:00,22,23,1,1,0,0,0,G,0,0
5050,18.06.2021.,12:50:00,22,23,1,1,0,0,0,G,0,0
5051,18.06.2021.,12:55:00,22,23,1,1,0,0,0,G,0,0
5052,18.06.2021.,13:00:00,22,23,1,1,0,0,0,G,0,0
5053,18.06.2021.,13:05:00,22,23,1,1,0,0,0,G,0,0
5054,18.06.2021.,13:10:00,22,23,1,1,0,0,0,G,0,0
5055,18.06.2021.,13:15:00,22,23,1,1,0,0,0,G,0,0
5056,18.06.2021.,13:20:00,22,23,1,1,0,0,0,G,0,0
5057,18.06.2021.,13:25:00,22,23,1,1,0,0,0,G,0,0
5058,18.06.2021.,13:30:00,22,23,1,1,0,0,0,G,0,0
5059,18.06.2021.,13:35:00,22,23,1,1,0,0,0,G,0,0
5060,18.06.2021.,13:40:00,22,23,1,1,0,0,0,G,0,0
5061,18.06.2021.,13:45:00,22,23,1,1,0,0,0,G,0,0
5062,18.06.2021.,13:50:00,22,23,1,1,0,0,0,G,0,0
5063,18.06.2021.,13:55:00,22,23,1,1,0,0,0,G,0,0
5064,18.06.2021.,14:00:00,22,23,1,1,0,0,0,G,0,0
5065,18.06.2021.,14:05:00,22,23,1,1,0,0,0,G,0,0
5066,18.06.2021.,14:10:00,22,23,1,1,0,0,0,G,0,0
5067,18.06.2021.,14:15:00,22,23,1,1,0,0,0,G,0,0
5068,18.06.2021.,14:20:00,22,23,1,1,0,0,0,G,0,0
5069,18.06.2021.,14:25:00,22,23,1,1,0,0,0,G,0,0
5070,18.06.2021.,14:30:00,22,23,1,1,0,0,0,G,0,0
5071,18.06.2021.,14:35:00,22,22,1,1,0,0,0,G,0,0
5072,18.06.2021.,14:40:00,22,22,1,1,0,0,0,G,0,0
5073,18.06.2021.,14:45:00,22,22,1,1,0,0,0,G,0,0
5074,18.06.2021.,14:50:00,22,22,1,1,0,0,0,G,0,0
5075,18.06.2021.,14:55:00,22,22,1,1,0,0,0,G,0,0
5076,18.06.2021.,15:00:00,22,22,1,1,0,0,0,G,0,0
5077,18.06.2021.,15:05:00,22,22,1,1,0,0,0,G,0,0
5078,18.06.2021.,15:10:00,22,22,1,1,0,0,0,G,0,0
5079,18.06.2021.,15:15:00,22,22,1,1,0,0,0,G,0,0
5080,18.06.2021.,15:20:00,22,22,1,1,0,0,0,G,0,0
5081,18.06.2021.,15:25:00,22,22,1,1,0,0,0,G,0,0
5082,18.06.2021.,15:30:00,22,22,1,1,0,0,0,G,0,0
5083,18.06.2021.,15:35:00,22,22,1,1,0,0,0,G,0,0
5084,18.06.2021.,15:40:00,22,22,1,1,0,0,0,G,0,0
5085,18.06.2021.,15:45:00,22,22,1,0,0,0,0,G,0,0
5086,18.06.2021.,15:50:00,22,22,1,0,0,0,0,G,0,0
5087,18.06.2021.,15:55:00,22,22,1,0,0,0,0,G,0,0
5088,18.06.2021.,16:00:00,22,22,1,0,0,0,0,G,0,0
5089,18.06.2021.,16:05:00,22,22,1,0,0,0,0,G,0,0
5090,18.06.2021.,16:10:00,22,22,1,0,0,0,0,G,0,0
5091,18.06.2021.,16:15:00,22,22,1,0,0,0,0,G,0,0
5092,18.06.2021.,16:20:00,22,22,1,0,0,0,0,G,0,0
5093,18.06.2021.,16:25:00,22,22,1,0,0,0,0,G,0,0
5094,18.06.2021.,16:30:00,22,22,1,0,0,0,0,G,0,0
5095,18.06.2021.,16:35:00,22,22,1,0,0,0,0,G,0,0
5096,18.06.2021.,16:40:00,22,22,1,0,0,0,0,G,0,0
5097,18.06.2021.,16:45:00,22,22,1,0,0,0,0,G,0,0
5098,18.06.2021.,16:50:00,22,22,1,1,0,0,0,G,0,0
5099,18.06.2021.,16:55:00,22,22,1,1,0,0,0,G,0,0
5100,18.06.2021.,17:00:00,22,22,1,1,0,0,0,G,0,0
5101,18.06.2021.,17:05:00,22,22,1,1,0,0,0,G,0,0
5102,18.06.2021.,17:10:00,22,22,1,1,0,0,0,G,0,0
5103,18.06.2021.,17:15:00,22,22,1,1,0,0,0,G,0,0
5104,18.06.2021.,17:20:00,22,22,1,1,0,0,0,G,0,0
5105,18.06.2021.,17:25:00,22,22,1,1,0,0,0,G,0,0
5106,18.06.2021.,17:30:00,22,22,1,1,0,0,0,G,0,0
5107,18.06.2021.,17:35:00,22,22,1,1,0,0,0,G,0,0
5108,18.06.2021.,17:40:00,22,22,1,1,0,0,0,G,0,0
5109,18.06.2021.,17:45:00,22,22,1,0,0,0,0,G,0,0
5110,18.06.2021.,17:50:00,22,22,1,0,0,0,0,G,0,0
5111,18.06.2021.,17:55:00,22,22,1,0,0,0,0,G,0,0
5112,18.06.2021.,18:00:00,22,22,1,0,0,0,0,G,0,0
5113,18.06.2021.,18:05:00,22,22,1,0,0,0,0,G,0,0
5114,18.06.2021.,18:10:00,22,22,1,0,0,0,0,G,0,0
5115,18.06.2021.,18:15:00,22,22,1,0,0,0,0,G,0,0
5116,18.06.2021.,18:20:00,22,22,1,0,0,0,0,G,0,0
5117,18.06.2021.,18:25:00,22,22,1,0,0,0,0,G,0,0
5118,18.06.2021.,18:30:00,22,22,1,0,0,0,0,G,0,0
5119,18.06.2021.,18:35:00,22,22,1,0,0,0,0,G,0,0
5120,18.06.2021.,18:40:00,22,22,1,0,0,0,0,G,0,0
5121,18.06.2021.,18:45:00,22,22,1,0,0,0,0,G,0,0
5122,18.06.2021.,18:50:00,22,22,1,1,0,0,0,G,0,0
5123,18.06.2021.,18:55:00,22,22,1,1,0,0,0,G,0,0
5124,18.06.2021.,19:00:00,22,22,1,1,0,0,0,G,0,0
5125,18.06.2021.,19:05:00,22,22,1,1,0,0,0,G,0,0
5126,18.06.2021.,19:10:00,22,22,1,1,0,0,0,G,0,0
5127,18.06.2021.,19:15:00,22,22,1,1,0,0,0,G,0,0
5128,18.06.2021.,19:20:00,22,22,1,1,0,0,0,G,0,0
5129,18.06.2021.,19:25:00,22,22,1,1,0,0,0,G,0,0
5130,18.06.2021.,19:30:00,22,22,1,1,0,0,0,G,0,0
5131,18.06.2021.,19:35:00,22,22,1,1,0,0,0,G,0,0
5132,18.06.2021.,19:40:00,22,22,1,0,0,0,0,G,0,0
5133,18.06.2021.,19:45:00,22,22,1,0,0,0,0,G,0,0
5134,18.06.2021.,19:50:00,22,22,1,0,0,0,0,G,0,0
5135,18.06.2021.,19:55:00,22,22,1,0,0,0,0,G,0,0
5136,18.06.2021.,20:00:00,22,22,1,0,0,0,0,G,0,0
5137,18.06.2021.,20:05:00,22,22,1,0,0,0,0,G,0,0
5138,18.06.2021.,20:10:00,22,22,1,0,0,0,0,G,0,0
5139,18.06.2021.,20:15:00,22,22,1,0,0,0,0,G,0,0
5140,18.06.2021.,20:20:00,22,22,1,0,0,0,0,G,0,0
5141,18.06.2021.,20:25:00,22,22,1,0,0,0,0,G,0,0
5142,18.06.2021.,20:30:00,22,22,1,0,0,0,0,G,0,0
5143,18.06.2021.,20:35:00,22,22,1,0,0,0,0,G,0,0
5144,18.06.2021.,20:40:00,22,22,1,0,0,0,0,G,0,0
5145,18.06.2021.,20:45:00,22,22,1,0,0,0,0,G,0,0
5146,18.06.2021.,20:50:00,22,22,1,0,0,0,0,G,0,0
5147,18.06.2021.,20:55:00,22,22,1,0,0,0,0,G,0,0
5148,18.06.2021.,21:00:00,22,22,1,0,0,0,0,G,0,0
5149,18.06.2021.,21:05:00,22,22,1,0,0,0,0,G,0,0
5150,18.06.2021.,21:10:00,22,22,1,0,0,0,0,G,0,0
5151,18.06.2021.,21:15:00,22,22,1,0,0,0,0,G,0,0
5152,18.06.2021.,21:20:00,22,22,1,0,0,0,0,G,0,0
5153,18.06.2021.,21:25:00,22,22,1,0,0,0,0,G,0,0
5154,18.06.2021.,21:30:00,22,22,1,0,0,0,0,G,0,0
5155,18.06.2021.,21:35:00,22,22,1,1,0,0,0,G,0,0
5156,18.06.2021.,21:40:00,22,22,1,1,0,0,0,G,0,0
5157,18.06.2021.,21:45:00,22,22,1,1,0,0,0,G,0,0
5158,18.06.2021.,21:50:00,22,22,1,1,0,0,0,G,0,0
5159,18.06.2021.,21:55:00,22,22,1,1,0,0,0,G,0,0
5160,18.06.2021.,22:00:00,22,22,1,1,0,0,0,G,0,0
5161,18.06.2021.,22:05:00,22,22,1,1,0,0,0,G,0,0
5162,18.06.2021.,22:10:00,22,22,1,1,0,0,0,G,0,0
5163,18.06.2021.,22:15:00,22,22,1,0,0,0,0,G,0,0
5164,18.06.2021.,22:20:00,22,22,1,0,0,0,0,G,0,0
5165,18.06.2021.,22:25:00,22,22,1,0,0,0,0,G,0,0
5166,18.06.2021.,22:30:00,22,22,1,0,0,0,0,G,0,0
5167,18.06.2021.,22:35:00,22,22,1,0,0,0,0,G,0,0
5168,18.06.2021.,22:40:00,22,22,1,0,0,0,0,G,0,0
5169,18.06.2021.,22:45:00,22,22,1,0,0,0,0,G,0,0
5170,18.06.2021.,22:50:00,22,22,1,0,0,0,0,G,0,0
5171,18.06.2021.,22:55:00,22,22,1,0,0,0,0,G,0,0
5172,18.06.2021.,23:00:00,22,22,1,0,0,0,0,G,0,0
5173,18.06.2021.,23:05:00,22,22,1,0,0,0,0,G,0,0
5174,18.06.2021.,23:10:00,22,22,1,0,0,0,0,G,0,0
5175,18.06.2021.,23:15:00,22,22,1,0,0,0,0,G,0,0
5176,18.06.2021.,23:20:00,22,22,1,0,0,0,0,G,0,0
5177,18.06.2021.,23:25:00,22,22,1,0,0,0,0,G,0,0
5178,18.06.2021.,23:30:00,22,22,1,0,0,0,0,G,0,0
5179,18.06.2021.,23:35:00,22,22,1,0,0,0,0,G,0,0
5180,18.06.2021.,23:40:00,22,22,1,0,0,0,0,G,0,0
5181,18.06.2021.,23:45:00,22,22,1,0,0,0,0,G,0,0
5182,18.06.2021.,23:50:00,22,22,1,1,0,0,0,G,0,0
5183,18.06.2021.,23:55:00,22,22,1,1,0,0,0,G,0,0
5184,19.06.2021.,00:00:00,22,22,1,1,0,0,0,G,0,0
5185,19.06.2021.,00:05:00,22,22,1,1,0,0,0,G,0,0
5186,19.06.2021.,00:10:00,22,22,1,1,0,0,0,G,0,0
5187,19.06.2021.,00:15:00,22,22,1,1,0,0,0,G,0,0
5188,19.06.2021.,00:20:00,22,22,1,0,0,0,0,G,0,0
5189,19.06.2021.,00:25:00,22,22,1,0,0,0,0,G,0,0
5190,19.06.2021.,00:30:00,22,22,1,0,0,0,0,G,0,0
5191,19.06.2021.,00:35:00,22,22,1,0,0,0,0,G,0,0
5192,19.06.2021.,00:40:00,22,22,1,0,0,0,0,G,0,0
5193,19.06.2021.,00:45:00,22,22,1,0,0,0,0,G,0,0
5194,19.06.2021.,00:50:00,22,22,1,0,0,0,0,G,0,0
5195,19.06.2021.,00:55:00,22,22,1,0,0,0,0,G,0,0
5196,19.06.2021.,01:00:00,22,22,1,0,0,0,0,G,0,0
5197,19.06.2021.,01:05:00,22,22,1,0,0,0,0,G,0,0
5198,19.06.2021.,01:10:00,22,22,1,0,0,0,0,G,0,0
5199,19.06.2021.,01:15:00,22,22,1,0,0,0,0,G,0,0
5200,19.06.2021.,01:20:00,22,22,1,0,0,0,0,G,0,0
5201,19.06.2021.,01:25:00,22,22,1,0,0,0,0,G,0,0
5202,19.06.2021.,01:30:00,22,22,1,0,0,0,0,G,0,0
5203,19.06.2021.,01:35:00,22,22,1,0,0,0,0,G,0,0
5204,19.06.2021.,01:40:00,22,22,1,0,0,0,0,G,0,0
5205,19.06.2021.,01:45:00,22,22,1,0,0,0,0,G,0,0
5206,19.06.2021.,01:50:00,22,22,1,0,0,0,0,G,0,0
5207,19.06.2021.,01:55:00,22,22,1,1,0,0,0,G,0,0
5208,19.06.2021.,02:00:00,22,22,1,1,0,0,0,G,0,0
5209,19.06.2021.,02:05:00,22,22,1,1,0,0,0,G,0,0
5210,19.06.2021.,02:10:00,22,22,1,1,0,0,0,G,0,0
5211,19.06.2021.,02:15:00,22,22,1,0,0,0,0,G,0,0
5212,19.06.2021.,02:20:00,22,22,1,0,0,0,0,G,0,0
5213,19.06.2021.,02:25:00,22,22,1,0,0,0,0,G,0,0
5214,19.06.2021.,02:30:00,22,22,1,0,0,0,0,G,0,0
5215,19.06.2021.,02:35:00,22,22,1,0,0,0,0,G,0,0
5216,19.06.2021.,02:40:00,22,22,1,0,0,0,0,G,0,0
5217,19.06.2021.,02:45:00,22,22,1,0,0,0,0,G,0,0
5218,19.06.2021.,02:50:00,22,22,1,0,0,0,0,G,0,0
5219,19.06.2021.,02:55:00,22,22,1,0,0,0,0,G,0,0
5220,19.06.2021.,03:00:00,22,22,1,0,0,0,0,G,0,0
5221,19.06.2021.,03:05:00,22,22,1,0,0,0,0,G,0,0
5222,19.06.2021.,03:10:00,22,22,1,0,0,0,0,G,0,0
5223,19.06.2021.,03:15:00,22,22,1,0,0,0,0,G,0,0
5224,19.06.2021.,03:20:00,22,22,1,0,0,0,0,G,0,0
5225,19.06.2021.,03:25:00,22,22,1,0,0,0,0,G,0,0
5226,19.06.2021.,03:30:00,22,22,1,0,0,0,0,G,0,0
5227,19.06.2021.,03:35:00,22,22,1,0,0,0,0,G,0,0
5228,19.06.2021.,03:40:00,22,22,1,0,0,0,0,G,0,0
5229,19.06.2021.,03:45:00,22,22,1,0,0,0,0,G,0,0
5230,19.06.2021.,03:50:00,22,22,1,0,0,0,0,G,0,0
5231,19.06.2021.,03:55:00,22,22,1,0,0,0,0,G,0,0
5232,19.06.2021.,04:00:00,22,22,1,0,0,0,0,G,0,0
5233,19.06.2021.,04:05:00,22,22,1,0,0,0,0,G,0,0
5234,19.06.2021.,04:10:00,22,22,1,0,0,0,0,G,0,0
5235,19.06.2021.,04:15:00,22,22,1,0,0,0,0,G,0,0
5236,19.06.2021.,04:20:00,22,22,1,0,0,0,0,G,0,0
5237,19.06.2021.,04:25:00,22,22,1,0,0,0,0,G,0,0
5238,19.06.2021.,04:30:00,22,22,1,0,0,0,0,G,0,0
5239,19.06.2021.,04:35:00,22,22,1,0,0,0,0,G,0,0
5240,19.06.2021.,04:40:00,22,22,1,0,0,0,0,G,0,0
5241,19.06.2021.,04:45:00,22,22,1,0,0,0,0,G,0,0
5242,19.06.2021.,04:50:00,22,22,1,0,0,0,0,G,0,0
5243,19.06.2021.,04:55:00,22,22,1,0,0,0,0,G,0,0
5244,19.06.2021.,05:00:00,22,22,1,0,0,0,0,G,0,0
5245,19.06.2021.,05:05:00,22,22,1,0,0,0,0,G,0,0
5246,19.06.2021.,05:10:00,22,22,1,0,0,0,0,G,0,0
5247,19.06.2021.,05:15:00,22,22,1,0,0,0,0,G,0,0
5248,19.06.2021.,05:20:00,22,22,1,1,0,0,0,G,0,0
5249,19.06.2021.,05:25:00,22,22,1,1,0,0,0,G,0,0
5250,19.06.2021.,05:30:00,22,22,1,1,0,0,0,G,0,0
5251,19.06.2021.,05:35:00,22,22,1,1,0,0,0,G,0,0
5252,19.06.2021.,05:40:00,22,22,1,1,0,0,0,G,0,0
5253,19.06.2021.,05:45:00,22,22,1,0,0,0,0,G,0,0
5254,19.06.2021.,05:50:00,22,22,1,0,0,0,0,G,0,0
5255,19.06.2021.,05:55:00,22,22,1,0,0,0,0,G,0,0
5256,19.06.2021.,06:00:00,22,22,1,0,0,0,0,G,0,0
5257,19.06.2021.,06:05:00,22,22,1,0,0,0,0,G,0,0
5258,19.06.2021.,06:10:00,22,22,1,0,0,0,0,G,0,0
5259,19.06.2021.,06:15:00,22,22,1,0,0,0,0,G,0,0
5260,19.06.2021.,06:20:00,22,22,1,0,0,0,0,G,0,0
5261,19.06.2021.,06:25:00,22,22,1,0,0,0,0,G,0,0
5262,19.06.2021.,06:30:00,22,22,1,0,0,0,0,G,0,0
5263,19.06.2021.,06:35:00,22,22,1,0,0,0,0,G,0,0
5264,19.06.2021.,06:40:00,22,22,1,0,0,0,0,G,0,0
5265,19.06.2021.,06:45:00,22,22,1,0,0,0,0,G,0,0
5266,19.06.2021.,06:50:00,22,22,1,0,0,0,0,G,0,0
5267,19.06.2021.,06:55:00,22,22,1,0,0,0,0,G,0,0
5268,19.06.2021.,07:00:00,22,22,1,0,0,0,0,G,0,0
5269,19.06.2021.,07:05:00,22,22,1,0,0,0,0,G,0,0
5270,19.06.2021.,07:10:00,22,22,1,0,0,0,0,G,0,0
5271,19.06.2021.,07:15:00,22,22,1,0,0,0,0,G,0,0
5272,19.06.2021.,07:20:00,22,22,1,0,0,0,0,G,0,0
5273,19.06.2021.,07:25:00,22,22,1,0,0,0,0,G,0,0
5274,19.06.2021.,07:30:00,22,22,1,0,0,0,0,G,0,0
5275,19.06.2021.,07:35:00,22,22,1,0,0,0,0,G,0,0
5276,19.06.2021.,07:40:00,22,22,1,0,0,0,0,G,0,0
5277,19.06.2021.,07:45:00,22,22,1,0,0,0,0,G,0,0
5278,19.06.2021.,07:50:00,22,22,1,0,0,0,0,G,0,0
5279,19.06.2021.,07:55:00,22,22,1,0,0,0,0,G,0,0
5280,19.06.2021.,08:00:00,22,22,1,0,0,0,0,G,0,0
5281,19.06.2021.,08:05:00,22,22,1,0,0,0,0,G,0,0
5282,19.06.2021.,08:10:00,22,22,1,0,0,0,0,G,0,0
5283,19.06.2021.,08:15:00,22,22,1,0,0,0,0,G,0,0
5284,19.06.2021.,08:20:00,22,22,1,1,0,0,0,G,0,0
5285,19.06.2021.,08:25:00,22,22,1,1,0,0,0,G,0,0
5286,19.06.2021.,08:30:00,22,22,1,1,0,0,0,G,0,0
5287,19.06.2021.,08:35:00,22,22,1,1,0,0,0,G,0,0
5288,19.06.2021.,08:40:00,22,22,1,1,0,0,0,G,0,0
5289,19.06.2021.,08:45:00,22,22,1,1,0,0,0,G,0,0
5290,19.06.2021.,08:50:00,22,22,1,1,0,0,0,G,0,0
5291,19.06.2021.,08:55:00,22,22,1,1,0,0,0,G,0,0
5292,19.06.2021.,09:00:00,22,22,1,1,0,0,0,G,0,0
5293,19.06.2021.,09:05:00,22,22,1,1,0,0,0,G,0,0
5294,19.06.2021.,09:10:00,22,22,1,1,0,0,0,G,0,0
5295,19.06.2021.,09:15:00,22,22,1,1,0,0,0,G,0,0
5296,19.06.2021.,09:20:00,22,22,1,1,0,0,0,G,0,0
5297,19.06.2021.,09:25:00,22,22,1,1,0,0,0,G,0,0
5298,19.06.2021.,09:30:00,22,22,1,1,0,0,0,G,0,0
5299,19.06.2021.,09:35:00,22,22,1,1,0,0,0,G,0,0
5300,19.06.2021.,09:40:00,22,22,1,1,0,0,0,G,0,0
5301,19.06.2021.,09:45:00,22,22,1,1,0,0,0,G,0,0
5302,19.06.2021.,09:50:00,22,22,1,1,0,0,0,G,0,0
5303,19.06.2021.,09:55:00,22,22,1,1,0,0,0,G,0,0
5304,19.06.2021.,10:00:00,22,22,1,1,0,0,0,G,0,0
5305,19.06.2021.,10:05:00,22,22,1,1,0,0,0,G,0,0
5306,19.06.2021.,10:10:00,22,22,1,1,0,0,0,G,0,0
5307,19.06.2021.,10:15:00,22,22,1,1,0,0,0,G,0,0
5308,19.06.2021.,10:20:00,22,22,1,1,0,0,0,G,0,0
5309,19.06.2021.,10:25:00,22,22,1,1,0,0,0,G,0,0
5310,19.06.2021.,10:30:00,22,22,1,1,0,0,0,G,0,0
5311,19.06.2021.,10:35:00,22,22,1,1,0,0,0,G,0,0
5312,19.06.2021.,10:40:00,22,23,1,1,0,0,0,G,0,0
5313,19.06.2021.,10:45:00,22,23,1,1,0,0,0,G,0,0
5314,19.06.2021.,10:50:00,22,23,1,1,0,0,0,G,0,0
5315,19.06.2021.,10:55:00,22,23,1,1,0,0,0,G,0,0
5316,19.06.2021.,11:00:00,22,23,1,1,0,0,0,G,0,0
5317,19.06.2021.,11:05:00,22,23,1,1,0,0,0,G,0,0
5318,19.06.2021.,11:10:00,22,23,1,1,0,0,0,G,0,0
5319,19.06.2021.,11:15:00,22,23,1,1,0,0,0,G,0,0
5320,19.06.2021.,11:20:00,22,23,1,1,0,0,0,G,0,0
5321,19.06.2021.,11:25:00,22,23,1,1,0,0,0,G,0,0
5322,19.06.2021.,11:30:00,22,23,1,1,0,0,0,G,0,0
5323,19.06.2021.,11:35:00,22,23,1,1,0,0,0,G,0,0
5324,19.06.2021.,11:40:00,22,23,1,1,0,0,0,G,0,0
5325,19.06.2021.,11:45:00,22,23,1,1,0,0,0,G,0,0
5326,19.06.2021.,11:50:00,22,23,1,1,0,0,0,G,0,0
5327,19.06.2021.,11:55:00,22,23,1,1,0,0,0,G,0,0
5328,19.06.2021.,12:00:00,22,23,1,1,0,0,0,G,0,0
5329,19.06.2021.,12:05:00,22,23,1,1,0,0,0,G,0,0
5330,19.06.2021.,12:10:00,22,23,1,1,0,0,0,G,0,0
5331,19.06.2021.,12:15:00,22,23,1,1,0,0,0,G,0,0
5332,19.06.2021.,12:20:00,22,23,1,1,0,0,0,G,0,0
5333,19.06.2021.,12:25:00,22,23,1,1,0,0,0,G,0,0
5334,19.06.2021.,12:30:00,22,23,1,1,0,0,0,G,0,0
5335,19.06.2021.,12:35:00,22,23,1,1,0,0,0,G,0,0
5336,19.06.2021.,12:40:00,22,23,1,1,0,0,0,G,0,0
5337,19.06.2021.,12:45:00,22,23,1,1,0,0,0,G,0,0
5338,19.06.2021.,12:50:00,22,23,1,1,0,0,0,G,0,0
5339,19.06.2021.,12:55:00,22,23,1,1,0,0,0,G,0,0
5340,19.06.2021.,13:00:00,22,23,1,1,0,0,0,G,0,0
5341,19.06.2021.,13:05:00,22,23,1,1,0,0,0,G,0,0
5342,19.06.2021.,13:10:00,22,23,1,1,0,0,0,G,0,0
5343,19.06.2021.,13:15:00,22,23,1,1,0,0,0,G,0,0
5344,19.06.2021.,13:20:00,22,23,1,1,0,0,0,G,0,0
5345,19.06.2021.,13:25:00,22,23,1,1,0,0,0,G,0,0
5346,19.06.2021.,13:30:00,22,23,1,1,0,0,0,G,0,0
5347,19.06.2021.,13:35:00,22,23,1,1,0,0,0,G,0,0
5348,19.06.2021.,13:40:00,22,23,1,1,0,0,0,G,0,0
5349,19.06.2021.,13:45:00,22,23,1,1,0,0,0,G,0,0
5350,19.06.2021.,13:50:00,22,23,1,1,0,0,0,G,0,0
5351,19.06.2021.,13:55:00,22,23,1,1,0,0,0,G,0,0
5352,19.06.2021.,14:00:00,22,23,1,1,0,0,0,G,0,0
5353,19.06.2021.,14:05:00,22,23,1,1,0,0,0,G,0,0
5354,19.06.2021.,14:10:00,22,23,1,1,0,0,0,G,0,0
5355,19.06.2021.,14:15:00,22,23,1,1,0,0,0,G,0,0
5356,19.06.2021.,14:20:00,22,23,1,1,0,0,0,G,0,0
5357,19.06.2021.,14:25:00,22,23,1,1,0,0,0,G,0,0
5358,19.06.2021.,14:30:00,22,23,1,1,0,0,0,G,0,0
5359,19.06.2021.,14:35:00,22,23,1,1,0,0,0,G,0,0
5360,19.06.2021.,14:40:00,22,23,1,1,0,0,0,G,0,0
5361,19.06.2021.,14:45:00,22,23,1,1,0,0,0,G,0,0
5362,19.06.2021.,14:50:00,22,23,1,1,0,0,0,G,0,0
5363,19.06.2021.,14:55:00,22,23,1,1,0,0,0,G,0,0
5364,19.06.2021.,15:00:00,22,23,1,1,0,0,0,G,0,0
5365,19.06.2021.,15:05:00,22,23,1,1,0,0,0,G,0,0
5366,19.06.2021.,15:10:00,22,23,1,1,0,0,0,G,0,0
5367,19.06.2021.,15:15:00,22,22,1,1,0,0,0,G,0,0
5368,19.06.2021.,15:20:00,22,22,1,1,0,0,0,G,0,0
5369,19.06.2021.,15:25:00,22,22,1,1,0,0,0,G,0,0
5370,19.06.2021.,15:30:00,22,22,1,1,0,0,0,G,0,0
5371,19.06.2021.,15:35:00,22,22,1,1,0,0,0,G,0,0
5372,19.06.2021.,15:40:00,22,22,1,1,0,0,0,G,0,0
5373,19.06.2021.,15:45:00,22,22,1,1,0,0,0,G,0,0
5374,19.06.2021.,15:50:00,22,22,1,1,0,0,0,G,0,0
5375,19.06.2021.,15:55:00,22,22,1,1,0,0,0,G,0,0
5376,19.06.2021.,16:00:00,22,22,1,1,0,0,0,G,0,0
5377,19.06.2021.,16:05:00,22,22,1,1,0,0,0,G,0,0
5378,19.06.2021.,16:10:00,22,22,1,1,0,0,0,G,0,0
5379,19.06.2021.,16:15:00,22,22,1,1,0,0,0,G,0,0
5380,19.06.2021.,16:20:00,22,22,1,1,0,0,0,G,0,0
5381,19.06.2021.,16:25:00,22,22,1,0,0,0,0,G,0,0
5382,19.06.2021.,16:30:00,22,22,1,0,0,0,0,G,0,0
5383,19.06.2021.,16:35:00,22,22,1,0,0,0,0,G,0,0
5384,19.06.2021.,16:40:00,22,22,1,0,0,0,0,G,0,0
5385,19.06.2021.,16:45:00,22,22,1,0,0,0,0,G,0,0
5386,19.06.2021.,16:50:00,22,22,1,0,0,0,0,G,0,0
5387,19.06.2021.,16:55:00,22,22,1,0,0,0,0,G,0,0
5388,19.06.2021.,17:00:00,22,22,1,1,0,0,0,G,0,0
5389,19.06.2021.,17:05:00,22,22,1,1,0,0,0,G,0,0
5390,19.06.2021.,17:10:00,22,22,1,1,0,0,0,G,0,0
5391,19.06.2021.,17:15:00,22,22,1,1,0,0,0,G,0,0
5392,19.06.2021.,17:20:00,22,22,1,1,0,0,0,G,0,0
5393,19.06.2021.,17:25:00,22,22,1,1,0,0,0,G,0,0
5394,19.06.2021.,17:30:00,22,22,1,1,0,0,0,G,0,0
5395,19.06.2021.,17:35:00,22,22,1,1,0,0,0,G,0,0
5396,19.06.2021.,17:40:00,22,22,1,1,0,0,0,G,0,0
5397,19.06.2021.,17:45:00,22,22,1,1,0,0,0,G,0,0
5398,19.06.2021.,17:50:00,22,22,1,1,0,0,0,G,0,0
5399,19.06.2021.,17:55:00,22,22,1,1,0,0,0,G,0,0
5400,19.06.2021.,18:00:00,22,22,1,1,0,0,0,G,0,0
5401,19.06.2021.,18:05:00,22,22,1,1,0,0,0,G,0,0
5402,19.06.2021.,18:10:00,22,22,1,0,0,0,0,G,0,0
5403,19.06.2021.,18:15:00,22,22,1,0,0,0,0,G,0,0
5404,19.06.2021.,18:20:00,22,22,1,0,0,0,0,G,0,0
5405,19.06.2021.,18:25:00,22,22,1,0,0,0,0,G,0,0
5406,19.06.2021.,18:30:00,22,22,1,0,0,0,0,G,0,0
5407,19.06.2021.,18:35:00,22,22,1,0,0,0,0,G,0,0
5408,19.06.2021.,18:40:00,22,22,1,1,0,0,0,G,0,0
5409,19.06.2021.,18:45:00,22,22,1,1,0,0,0,G,0,0
5410,19.06.2021.,18:50:00,22,22,1,1,0,0,0,G,0,0
5411,19.06.2021.,18:55:00,22,22,1,1,0,0,0,G,0,0
5412,19.06.2021.,19:00:00,22,22,1,1,0,0,0,G,0,0
5413,19.06.2021.,19:05:00,22,22,1,1,0,0,0,G,0,0
5414,19.06.2021.,19:10:00,22,22,1,1,0,0,0,G,0,0
5415,19.06.2021.,19:15:00,22,22,1,1,0,0,0,G,0,0
5416,19.06.2021.,19:20:00,22,22,1,1,0,0,0,G,0,0
5417,19.06.2021.,19:25:00,22,22,1,0,0,0,0,G,0,0
5418,19.06.2021.,19:30:00,22,22,1,0,0,0,0,G,0,0
5419,19.06.2021.,19:35:00,22,22,1,0,0,0,0,G,0,0
5420,19.06.2021.,19:40:00,22,22,1,0,0,0,0,G,0,0
5421,19.06.2021.,19:45:00,22,22,1,0,0,0,0,G,0,0
5422,19.06.2021.,19:50:00,22,22,1,0,0,0,0,G,0,0
5423,19.06.2021.,19:55:00,22,22,1,0,0,0,0,G,0,0
5424,19.06.2021.,20:00:00,22,22,1,0,0,0,0,G,0,0
5425,19.06.2021.,20:05:00,22,22,1,0,0,0,0,G,0,0
5426,19.06.2021.,20:10:00,22,22,1,0,0,0,0,G,0,0
5427,19.06.2021.,20:15:00,22,22,1,0,0,0,0,G,0,0
5428,19.06.2021.,20:20:00,22,22,1,0,0,0,0,G,0,0
5429,19.06.2021.,20:25:00,22,22,1,1,0,0,0,G,0,0
5430,19.06.2021.,20:30:00,22,22,1,1,0,0,0,G,0,0
5431,19.06.2021.,20:35:00,22,22,1,1,0,0,0,G,0,0
5432,19.06.2021.,20:40:00,22,22,1,1,0,0,0,G,0,0
5433,19.06.2021.,20:45:00,22,22,1,1,0,0,0,G,0,0
5434,19.06.2021.,20:50:00,22,22,1,1,0,0,0,G,0,0
5435,19.06.2021.,20:55:00,22,22,1,1,0,0,0,G,0,0
5436,19.06.2021.,21:00:00,22,22,1,1,0,0,0,G,0,0
5437,19.06.2021.,21:05:00,22,22,1,1,0,0,0,G,0,0
5438,19.06.2021.,21:10:00,22,22,1,0,0,0,0,G,0,0
5439,19.06.2021.,21:15:00,22,22,1,0,0,0,0,G,0,0
5440,19.06.2021.,21:20:00,22,22,1,0,0,0,0,G,0,0
5441,19.06.2021.,21:25:00,22,22,1,0,0,0,0,G,0,0
5442,19.06.2021.,21:30:00,22,22,1,0,0,0,0,G,0,0
5443,19.06.2021.,21:35:00,22,22,1,0,0,0,0,G,0,0
5444,19.06.2021.,21:40:00,22,22,1,0,0,0,0,G,0,0
5445,19.06.2021.,21:45:00,22,22,1,0,0,0,0,G,0,0
5446,19.06.2021.,21:50:00,22,22,1,0,0,0,0,G,0,0
5447,19.06.2021.,21:55:00,22,22,1,0,0,0,0,G,0,0
5448,19.06.2021.,22:00:00,22,22,1,0,0,0,0,G,0,0
5449,19.06.2021.,22:05:00,22,22,1,0,0,0,0,G,0,0
5450,19.06.2021.,22:10:00,22,22,1,0,0,0,0,G,0,0
5451,19.06.2021.,22:15:00,22,22,1,0,0,0,0,G,0,0
5452,19.06.2021.,22:20:00,22,22,1,0,0,0,0,G,0,0
5453,19.06.2021.,22:25:00,22,22,1,0,0,0,0,G,0,0
5454,19.06.2021.,22:30:00,22,22,1,0,0,0,0,G,0,0
5455,19.06.2021.,22:35:00,22,22,1,0,0,0,0,G,0,0
5456,19.06.2021.,22:40:00,22,22,1,0,0,0,0,G,0,0
5457,19.06.2021.,22:45:00,22,22,1,0,0,0,0,G,0,0
5458,19.06.2021.,22:50:00,22,22,1,0,0,0,0,G,0,0
5459,19.06.2021.,22:55:00,22,22,1,0,0,0,0,G,0,0
5460,19.06.2021.,23:00:00,22,22,1,0,0,0,0,G,0,0
5461,19.06.2021.,23:05:00,22,22,1,0,0,0,0,G,0,0
5462,19.06.2021.,23:10:00,22,22,1,0,0,0,0,G,0,0
5463,19.06.2021.,23:15:00,22,22,1,0,0,0,0,G,0,0
5464,19.06.2021.,23:20:00,22,22,1,0,0,0,0,G,0,0
5465,19.06.2021.,23:25:00,22,22,1,0,0,0,0,G,0,0
5466,19.06.2021.,23:30:00,22,22,1,0,0,0,0,G,0,0
5467,19.06.2021.,23:35:00,22,22,1,0,0,0,0,G,0,0
5468,19.06.2021.,23:40:00,22,22,1,0,0,0,0,G,0,0
5469,19.06.2021.,23:45:00,22,22,1,1,0,0,0,G,0,0
5470,19.06.2021.,23:50:00,22,22,1,1,0,0,0,G,0,0
5471,19.06.2021.,23:55:00,22,22,1,1,0,0,0,G,0,0
5472,20.06.2021.,00:00:00,22,22,1,1,0,0,0,G,0,0
5473,20.06.2021.,00:05:00,22,22,1,1,0,0,0,G,0,0
5474,20.06.2021.,00:10:00,22,22,1,1,0,0,0,G,0,0
5475,20.06.2021.,00:15:00,22,22,1,1,0,0,0,G,0,0
5476,20.06.2021.,00:20:00,22,22,1,1,0,0,0,G,0,0
5477,20.06.2021.,00:25:00,22,22,1,1,0,0,0,G,0,0
5478,20.06.2021.,00:30:00,22,22,1,0,0,0,0,G,0,0
5479,20.06.2021.,00:35:00,22,22,1,0,0,0,0,G,0,0
5480,20.06.2021.,00:40:00,22,22,1,0,0,0,0,G,0,0
5481,20.06.2021.,00:45:00,22,22,1,0,0,0,0,G,0,0
5482,20.06.2021.,00:50:00,22,22,1,0,0,0,0,G,0,0
5483,20.06.2021.,00:55:00,22,22,1,0,0,0,0,G,0,0
5484,20.06.2021.,01:00:00,22,22,1,0,0,0,0,G,0,0
5485,20.06.2021.,01:05:00,22,22,1,0,0,0,0,G,0,0
5486,20.06.2021.,01:10:00,22,22,1,0,0,0,0,G,0,0
5487,20.06.2021.,01:15:00,22,22,1,0,0,0,0,G,0,0
5488,20.06.2021.,01:20:00,22,22,1,0,0,0,0,G,0,0
5489,20.06.2021.,01:25:00,22,22,1,0,0,0,0,G,0,0
5490,20.06.2021.,01:30:00,22,22,1,1,0,0,0,G,0,0
5491,20.06.2021.,01:35:00,22,22,1,1,0,0,0,G,0,0
5492,20.06.2021.,01:40:00,22,22,1,1,0,0,0,G,0,0
5493,20.06.2021.,01:45:00,22,22,1,1,0,0,0,G,0,0
5494,20.06.2021.,01:50:00,22,22,1,0,0,0,0,G,0,0
5495,20.06.2021.,01:55:00,22,22,1,0,0,0,0,G,0,0
5496,20.06.2021.,02:00:00,22,22,1,0,0,0,0,G,0,0
5497,20.06.2021.,02:05:00,22,22,1,0,0,0,0,G,0,0
5498,20.06.2021.,02:10:00,22,22,1,0,0,0,0,G,0,0
5499,20.06.2021.,02:15:00,22,22,1,0,0,0,0,G,0,0
5500,20.06.2021.,02:20:00,22,22,1,0,0,0,0,G,0,0
5501,20.06.2021.,02:25:00,22,22,1,0,0,0,0,G,0,0
5502,20.06.2021.,02:30:00,22,22,1,0,0,0,0,G,0,0
5503,20.06.2021.,02:35:00,22,22,1,0,0,0,0,G,0,0
5504,20.06.2021.,02:40:00,22,22,1,0,0,0,0,G,0,0
5505,20.06.2021.,02:45:00,22,22,1,0,0,0,0,G,0,0
5506,20.06.2021.,02:50:00,22,22,1,0,0,0,0,G,0,0
5507,20.06.2021.,02:55:00,22,22,1,0,0,0,0,G,0,0
5508,20.06.2021.,03:00:00,22,22,1,0,0,0,0,G,0,0
5509,20.06.2021.,03:05:00,22,22,1,0,0,0,0,G,0,0
5510,20.06.2021.,03:10:00,22,22,1,0,0,0,0,G,0,0
5511,20.06.2021.,03:15:00,22,22,1,0,0,0,0,G,0,0
5512,20.06.2021.,03:20:00,22,22,1,0,0,0,0,G,0,0
5513,20.06.2021.,03:25:00,22,22,1,0,0,0,0,G,0,0
5514,20.06.2021.,03:30:00,22,22,1,1,0,0,0,G,0,0
5515,20.06.2021.,03:35:00,22,22,1,1,0,0,0,G,0,0
5516,20.06.2021.,03:40:00,22,22,1,1,0,0,0,G,0,0
5517,20.06.2021.,03:45:00,22,22,1,1,0,0,0,G,0,0
5518,20.06.2021.,03:50:00,22,22,1,0,0,0,0,G,0,0
5519,20.06.2021.,03:55:00,22,22,1,0,0,0,0,G,0,0
5520,20.06.2021.,04:00:00,22,22,1,0,0,0,0,G,0,0
5521,20.06.2021.,04:05:00,22,22,1,0,0,0,0,G,0,0
5522,20.06.2021.,04:10:00,22,22,1,0,0,0,0,G,0,0
5523,20.06.2021.,04:15:00,22,22,1,0,0,0,0,G,0,0
5524,20.06.2021.,04:20:00,22,22,1,0,0,0,0,G,0,0
5525,20.06.2021.,04:25:00,22,22,1,0,0,0,0,G,0,0
5526,20.06.2021.,04:30:00,22,22,1,0,0,0,0,G,0,0
5527,20.06.2021.,04:35:00,22,22,1,0,0,0,0,G,0,0
5528,20.06.2021.,04:40:00,22,22,1,0,0,0,0,G,0,0
5529,20.06.2021.,04:45:00,22,22,1,0,0,0,0,G,0,0
5530,20.06.2021.,04:50:00,22,22,1,0,0,0,0,G,0,0
5531,20.06.2021.,04:55:00,22,22,1,0,0,0,0,G,0,0
5532,20.06.2021.,05:00:00,22,22,1,0,0,0,0,G,0,0
5533,20.06.2021.,05:05:00,22,22,1,0,0,0,0,G,0,0
5534,20.06.2021.,05:10:00,22,22,1,0,0,0,0,G,0,0
5535,20.06.2021.,05:15:00,22,22,1,0,0,0,0,G,0,0
5536,20.06.2021.,05:20:00,22,22,1,0,0,0,0,G,0,0
5537,20.06.2021.,05:25:00,22,22,1,0,0,0,0,G,0,0
5538,20.06.2021.,05:30:00,22,22,1,0,0,0,0,G,0,0
5539,20.06.2021.,05:35:00,22,22,1,0,0,0,0,G,0,0
5540,20.06.2021.,05:40:00,22,22,1,0,0,0,0,G,0,0
5541,20.06.2021.,05:45:00,22,22,1,0,0,0,0,G,0,0
5542,20.06.2021.,05:50:00,22,22,1,0,0,0,0,G,0,0
5543,20.06.2021.,05:55:00,22,22,1,0,0,0,0,G,0,0
5544,20.06.2021.,06:00:00,22,22,1,0,0,0,0,G,0,0
5545,20.06.2021.,06:05:00,22,22,1,0,0,0,0,G,0,0
5546,20.06.2021.,06:10:00,22,22,1,1,0,0,0,G,0,0
5547,20.06.2021.,06:15:00,22,22,1,1,0,0,0,G,0,0
5548,20.06.2021.,06:20:00,22,22,1,1,0,0,0,G,0,0
5549,20.06.2021.,06:25:00,22,22,1,1,0,0,0,G,0,0
5550,20.06.2021.,06:30:00,22,22,1,1,0,0,0,G,0,0
5551,20.06.2021.,06:35:00,22,22,1,1,0,0,0,G,0,0
5552,20.06.2021.,06:40:00,22,22,1,1,0,0,0,G,0,0
5553,20.06.2021.,06:45:00,22,22,1,0,0,0,0,G,0,0
5554,20.06.2021.,06:50:00,22,22,1,0,0,0,0,G,0,0
5555,20.06.2021.,06:55:00,22,22,1,0,0,0,0,G,0,0
5556,20.06.2021.,07:00:00,22,22,1,0,0,0,0,G,0,0
5557,20.06.2021.,07:05:00,22,22,1,0,0,0,0,G,0,0
5558,20.06.2021.,07:10:00,22,22,1,0,0,0,0,G,0,0
5559,20.06.2021.,07:15:00,22,22,1,0,0,0,0,G,0,0
5560,20.06.2021.,07:20:00,22,22,1,0,0,0,0,G,0,0
5561,20.06.2021.,07:25:00,22,22,1,0,0,0,0,G,0,0
5562,20.06.2021.,07:30:00,22,22,1,0,0,0,0,G,0,0
5563,20.06.2021.,07:35:00,22,22,1,0,0,0,0,G,0,0
5564,20.06.2021.,07:40:00,22,22,1,0,0,0,0,G,0,0
5565,20.06.2021.,07:45:00,22,22,1,0,0,0,0,G,0,0
5566,20.06.2021.,07:50:00,22,22,1,0,0,0,0,G,0,0
5567,20.06.2021.,07:55:00,22,22,1,0,0,0,0,G,0,0
5568,20.06.2021.,08:00:00,22,22,1,0,0,0,0,G,0,0
5569,20.06.2021.,08:05:00,22,22,1,0,0,0,0,G,0,0
5570,20.06.2021.,08:10:00,22,22,1,0,0,0,0,G,0,0
5571,20.06.2021.,08:15:00,22,22,1,0,0,0,0,G,0,0
5572,20.06.2021.,08:20:00,22,22,1,0,0,0,0,G,0,0
5573,20.06.2021.,08:25:00,22,22,1,0,0,0,0,G,0,0
5574,20.06.2021.,08:30:00,22,22,1,1,0,0,0,G,0,0
5575,20.06.2021.,08:35:00,22,22,1,1,0,0,0,G,0,0
5576,20.06.2021.,08:40:00,22,22,1,1,0,0,0,G,0,0
5577,20.06.2021.,08:45:00,22,22,1,1,0,0,0,G,0,0
5578,20.06.2021.,08:50:00,22,22,1,1,0,0,0,G,0,0
5579,20.06.2021.,08:55:00,22,22,1,1,0,0,0,G,0,0
5580,20.06.2021.,09:00:00,22,22,1,1,0,0,0,G,0,0
5581,20.06.2021.,09:05:00,22,22,1,1,0,0,0,G,0,0
5582,20.06.2021.,09:10:00,22,22,1,1,0,0,0,G,0,0
5583,20.06.2021.,09:15:00,22,22,1,1,0,0,0,G,0,0
5584,20.06.2021.,09:20:00,22,22,1,1,0,0,0,G,0,0
5585,20.06.2021.,09:25:00,22,22,1,1,0,0,0,G,0,0
5586,20.06.2021.,09:30:00,22,22,1,1,0,0,0,G,0,0
5587,20.06.2021.,09:35:00,22,22,1,1,0,0,0,G,0,0
5588,20.06.2021.,09:40:00,22,22,1,1,0,0,0,G,0,0
5589,20.06.2021.,09:45:00,22,22,1,1,0,0,0,G,0,0
5590,20.06.2021.,09:50:00,22,22,1,1,0,0,0,G,0,0
5591,20.06.2021.,09:55:00,22,22,1,1,0,0,0,G,0,0
5592,20.06.2021.,10:00:00,22,22,1,1,0,0,0,G,0,0
5593,20.06.2021.,10:05:00,22,22,1,1,0,0,0,G,0,0
5594,20.06.2021.,10:10:00,22,22,1,1,0,0,0,G,0,0
5595,20.06.2021.,10:15:00,22,22,1,1,0,0,0,G,0,0
5596,20.06.2021.,10:20:00,22,22,1,1,0,0,0,G,0,0
5597,20.06.2021.,10:25:00,22,22,1,1,0,0,0,G,0,0
5598,20.06.2021.,10:30:00,22,22,1,1,0,0,0,G,0,0
5599,20.06.2021.,10:35:00,22,22,1,1,0,0,0,G,0,0
5600,20.06.2021.,10:40:00,22,22,1,1,0,0,0,G,0,0
5601,20.06.2021.,10:45:00,22,22,1,1,0,0,0,G,0,0
5602,20.06.2021.,10:50:00,22,22,1,1,0,0,0,G,0,0
5603,20.06.2021.,10:55:00,22,22,1,1,0,0,0,G,0,0
5604,20.06.2021.,11:00:00,22,22,1,1,0,0,0,G,0,0
5605,20.06.2021.,11:05:00,22,22,1,1,0,0,0,G,0,0
5606,20.06.2021.,11:10:00,22,23,1,1,0,0,0,G,0,0
5607,20.06.2021.,11:15:00,22,23,1,1,0,0,0,G,0,0
5608,20.06.2021.,11:20:00,22,23,1,1,0,0,0,G,0,0
5609,20.06.2021.,11:25:00,22,23,1,1,0,0,0,G,0,0
5610,20.06.2021.,11:30:00,22,23,1,1,0,0,0,G,0,0
5611,20.06.2021.,11:35:00,22,23,1,1,0,0,0,G,0,0
5612,20.06.2021.,11:40:00,22,23,1,1,0,0,0,G,0,0
5613,20.06.2021.,11:45:00,22,23,1,1,0,0,0,G,0,0
5614,20.06.2021.,11:50:00,22,23,1,1,0,0,0,G,0,0
5615,20.06.2021.,11:55:00,22,23,1,1,0,0,0,G,0,0
5616,20.06.2021.,12:00:00,22,23,1,1,0,0,0,G,0,0
5617,20.06.2021.,12:05:00,22,23,1,1,0,0,0,G,0,0
5618,20.06.2021.,12:10:00,22,23,1,1,0,0,0,G,0,0
5619,20.06.2021.,12:15:00,22,23,1,1,0,0,0,G,0,0
5620,20.06.2021.,12:20:00,22,23,1,1,0,0,0,G,0,0
5621,20.06.2021.,12:25:00,22,23,1,1,0,0,0,G,0,0
5622,20.06.2021.,12:30:00,22,23,1,1,0,0,0,G,0,0
5623,20.06.2021.,12:35:00,22,23,1,1,0,0,0,G,0,0
5624,20.06.2021.,12:40:00,22,23,1,1,0,0,0,G,0,0
5625,20.06.2021.,12:45:00,22,23,1,1,0,0,0,G,0,0
5626,20.06.2021.,12:50:00,22,23,1,1,0,0,0,G,0,0
5627,20.06.2021.,12:55:00,22,23,1,1,0,0,0,G,0,0
5628,20.06.2021.,13:00:00,22,23,1,1,0,0,0,G,0,0
5629,20.06.2021.,13:05:00,22,23,1,1,0,0,0,G,0,0
5630,20.06.2021.,13:10:00,22,23,1,1,0,0,0,G,0,0
5631,20.06.2021.,13:15:00,22,23,1,1,0,0,0,G,0,0
5632,20.06.2021.,13:20:00,22,23,1,1,0,0,0,G,0,0
5633,20.06.2021.,13:25:00,22,23,1,1,0,0,0,G,0,0
5634,20.06.2021.,13:30:00,22,23,1,1,0,0,0,G,0,0
5635,20.06.2021.,13:35:00,22,23,1,1,0,0,0,G,0,0
5636,20.06.2021.,13:40:00,22,23,1,1,0,0,0,G,0,0
5637,20.06.2021.,13:45:00,22,23,1,1,0,0,0,G,0,0
5638,20.06.2021.,13:50:00,22,23,1,1,0,0,0,G,0,0
5639,20.06.2021.,13:55:00,22,23,1,1,0,0,0,G,0,0
5640,20.06.2021.,14:00:00,22,23,1,1,0,0,0,G,0,0
5641,20.06.2021.,14:05:00,22,23,1,1,0,0,0,G,0,0
5642,20.06.2021.,14:10:00,22,23,1,1,0,0,0,G,0,0
5643,20.06.2021.,14:15:00,22,23,1,1,0,0,0,G,0,0
5644,20.06.2021.,14:20:00,22,23,1,1,0,0,0,G,0,0
5645,20.06.2021.,14:25:00,22,23,1,1,0,0,0,G,0,0
5646,20.06.2021.,14:30:00,22,23,1,1,0,0,0,G,0,0
5647,20.06.2021.,14:35:00,22,23,1,1,0,0,0,G,0,0
5648,20.06.2021.,14:40:00,22,23,1,1,0,0,0,G,0,0
5649,20.06.2021.,14:45:00,22,23,1,1,0,0,0,G,0,0
5650,20.06.2021.,14:50:00,22,23,1,1,0,0,0,G,0,0
5651,20.06.2021.,14:55:00,22,23,1,1,0,0,0,G,0,0
5652,20.06.2021.,15:00:00,22,23,1,1,0,0,0,G,0,0
5653,20.06.2021.,15:05:00,22,23,1,1,0,0,0,G,0,0
5654,20.06.2021.,15:10:00,22,23,1,1,0,0,0,G,0,0
5655,20.06.2021.,15:15:00,22,23,1,1,0,0,0,G,0,0
5656,20.06.2021.,15:20:00,22,23,1,1,0,0,0,G,0,0
5657,20.06.2021.,15:25:00,22,23,1,1,0,0,0,G,0,0
5658,20.06.2021.,15:30:00,22,22,1,1,0,0,0,G,0,0
5659,20.06.2021.,15:35:00,22,22,1,1,0,0,0,G,0,0
5660,20.06.2021.,15:40:00,22,22,1,1,0,0,0,G,0,0
5661,20.06.2021.,15:45:00,22,22,1,1,0,0,0,G,0,0
5662,20.06.2021.,15:50:00,22,22,1,1,0,0,0,G,0,0
5663,20.06.2021.,15:55:00,22,22,1,1,0,0,0,G,0,0
5664,20.06.2021.,16:00:00,22,22,1,1,0,0,0,G,0,0
5665,20.06.2021.,16:05:00,22,22,1,1,0,0,0,G,0,0
5666,20.06.2021.,16:10:00,22,22,1,1,0,0,0,G,0,0
5667,20.06.2021.,16:15:00,22,22,1,1,0,0,0,G,0,0
5668,20.06.2021.,16:20:00,22,22,1,1,0,0,0,G,0,0
5669,20.06.2021.,16:25:00,22,22,1,1,0,0,0,G,0,0
5670,20.06.2021.,16:30:00,22,22,1,1,0,0,0,G,0,0
5671,20.06.2021.,16:35:00,22,22,1,1,0,0,0,G,0,0
5672,20.06.2021.,16:40:00,22,22,1,1,0,0,0,G,0,0
5673,20.06.2021.,16:45:00,22,22,1,1,0,0,0,G,0,0
5674,20.06.2021.,16:50:00,22,22,1,0,0,0,0,G,0,0
5675,20.06.2021.,16:55:00,22,22,1,0,0,0,0,G,0,0
5676,20.06.2021.,17:00:00,22,22,1,0,0,0,0,G,0,0
5677,20.06.2021.,17:05:00,22,22,1,0,0,0,0,G,0,0
5678,20.06.2021.,17:10:00,22,22,1,0,0,0,0,G,0,0
5679,20.06.2021.,17:15:00,22,22,1,0,0,0,0,G,0,0
5680,20.06.2021.,17:20:00,22,22,1,0,0,0,0,G,0,0
5681,20.06.2021.,17:25:00,22,22,1,0,0,0,0,G,0,0
5682,20.06.2021.,17:30:00,22,22,1,0,0,0,0,G,0,0
5683,20.06.2021.,17:35:00,22,22,1,0,0,0,0,G,0,0
5684,20.06.2021.,17:40:00,22,22,1,1,0,0,0,G,0,0
5685,20.06.2021.,17:45:00,22,22,1,1,0,0,0,G,0,0
5686,20.06.2021.,17:50:00,22,22,1,1,0,0,0,G,0,0
5687,20.06.2021.,17:55:00,22,22,1,1,0,0,0,G,0,0
5688,20.06.2021.,18:00:00,22,22,1,1,0,0,0,G,0,0
5689,20.06.2021.,18:05:00,22,22,1,1,0,0,0,G,0,0
5690,20.06.2021.,18:10:00,22,22,1,1,0,0,0,G,0,0
5691,20.06.2021.,18:15:00,22,22,1,1,0,0,0,G,0,0
5692,20.06.2021.,18:20:00,22,22,1,1,0,0,0,G,0,0
5693,20.06.2021.,18:25:00,22,22,1,1,0,0,0,G,0,0
5694,20.06.2021.,18:30:00,22,22,1,1,0,0,0,G,0,0
5695,20.06.2021.,18:35:00,22,22,1,1,0,0,0,G,0,0
5696,20.06.2021.,18:40:00,22,22,1,1,0,0,0,G,0,0
5697,20.06.2021.,18:45:00,22,22,1,0,0,0,0,G,0,0
5698,20.06.2021.,18:50:00,22,22,1,0,0,0,0,G,0,0
5699,20.06.2021.,18:55:00,22,22,1,0,0,0,0,G,0,0
5700,20.06.2021.,19:00:00,22,22,1,0,0,0,0,G,0,0
5701,20.06.2021.,19:05:00,22,22,1,0,0,0,0,G,0,0
5702,20.06.2021.,19:10:00,22,22,1,0,0,0,0,G,0,0
5703,20.06.2021.,19:15:00,22,22,1,0,0,0,0,G,0,0
5704,20.06.2021.,19:20:00,22,22,1,0,0,0,0,G,0,0
5705,20.06.2021.,19:25:00,22,22,1,0,0,0,0,G,0,0
5706,20.06.2021.,19:30:00,22,22,1,0,0,0,0,G,0,0
5707,20.06.2021.,19:35:00,22,22,1,0,0,0,0,G,0,0
5708,20.06.2021.,19:40:00,22,22,1,0,0,0,0,G,0,0
5709,20.06.2021.,19:45:00,22,22,1,1,0,0,0,G,0,0
5710,20.06.2021.,19:50:00,22,22,1,1,0,0,0,G,0,0
5711,20.06.2021.,19:55:00,22,22,1,1,0,0,0,G,0,0
5712,20.06.2021.,20:00:00,22,22,1,1,0,0,0,G,0,0
5713,20.06.2021.,20:05:00,22,22,1,1,0,0,0,G,0,0
5714,20.06.2021.,20:10:00,22,22,1,1,0,0,0,G,0,0
5715,20.06.2021.,20:15:00,22,22,1,1,0,0,0,G,0,0
5716,20.06.2021.,20:20:00,22,22,1,1,0,0,0,G,0,0
5717,20.06.2021.,20:25:00,22,22,1,1,0,0,0,G,0,0
5718,20.06.2021.,20:30:00,22,22,1,1,0,0,0,G,0,0
5719,20.06.2021.,20:35:00,22,22,1,1,0,0,0,G,0,0
5720,20.06.2021.,20:40:00,22,22,1,0,0,0,0,G,0,0
5721,20.06.2021.,20:45:00,22,22,1,0,0,0,0,G,0,0
5722,20.06.2021.,20:50:00,22,22,1,0,0,0,0,G,0,0
5723,20.06.2021.,20:55:00,22,22,1,0,0,0,0,G,0,0
5724,20.06.2021.,21:00:00,22,22,1,0,0,0,0,G,0,0
5725,20.06.2021.,21:05:00,22,22,1,0,0,0,0,G,0,0
5726,20.06.2021.,21:10:00,22,22,1,0,0,0,0,G,0,0
5727,20.06.2021.,21:15:00,22,22,1,0,0,0,0,G,0,0
5728,20.06.2021.,21:20:00,22,22,1,0,0,0,0,G,0,0
5729,20.06.2021.,21:25:00,22,22,1,0,0,0,0,G,0,0
5730,20.06.2021.,21:30:00,22,22,1,0,0,0,0,G,0,0
5731,20.06.2021.,21:35:00,22,22,1,0,0,0,0,G,0,0
5732,20.06.2021.,21:40:00,22,22,1,0,0,0,0,G,0,0
5733,20.06.2021.,21:45:00,22,22,1,0,0,0,0,G,0,0
5734,20.06.2021.,21:50:00,22,22,1,0,0,0,0,G,0,0
5735,20.06.2021.,21:55:00,22,22,1,0,0,0,0,G,0,0
5736,20.06.2021.,22:00:00,22,22,1,0,0,0,0,G,0,0
5737,20.06.2021.,22:05:00,22,22,1,1,0,0,0,G,0,0
5738,20.06.2021.,22:10:00,22,22,1,1,0,0,0,G,0,0
5739,20.06.2021.,22:15:00,22,22,1,1,0,0,0,G,0,0
5740,20.06.2021.,22:20:00,22,22,1,1,0,0,0,G,0,0
5741,20.06.2021.,22:25:00,22,22,1,1,0,0,0,G,0,0
5742,20.06.2021.,22:30:00,22,22,1,1,0,0,0,G,0,0
5743,20.06.2021.,22:35:00,22,22,1,1,0,0,0,G,0,0
5744,20.06.2021.,22:40:00,22,22,1,1,0,0,0,G,0,0
5745,20.06.2021.,22:45:00,22,22,1,0,0,0,0,G,0,0
5746,20.06.2021.,22:50:00,22,22,1,0,0,0,0,G,0,0
5747,20.06.2021.,22:55:00,22,22,1,0,0,0,0,G,0,0
5748,20.06.2021.,23:00:00,22,22,1,0,0,0,0,G,0,0
5749,20.06.2021.,23:05:00,22,22,1,0,0,0,0,G,0,0
5750,20.06.2021.,23:10:00,22,22,1,0,0,0,0,G,0,0
5751,20.06.2021.,23:15:00,22,22,1,0,0,0,0,G,0,0
5752,20.06.2021.,23:20:00,22,22,1,0,0,0,0,G,0,0
5753,20.06.2021.,23:25:00,22,22,1,0,0,0,0,G,0,0
5754,20.06.2021.,23:30:00,22,22,1,0,0,0,0,G,0,0
5755,20.06.2021.,23:35:00,22,22,1,0,0,0,0,G,0,0
5756,20.06.2021.,23:40:00,22,22,1,0,0,0,0,G,0,0
5757,20.06.2021.,23:45:00,22,22,1,0,0,0,0,G,0,0
5758,20.06.2021.,23:50:00,22,22,1,0,0,0,0,G,0,0
5759,20.06.2021.,23:55:00,22,22,1,0,0,0,0,G,0,0
5760,21.06.2021.,00:00:00,22,22,1,0,0,0,0,G,0,0
5761,21.06.2021.,00:05:00,22,22,1,0,0,0,0,G,0,0
5762,21.06.2021.,00:10:00,22,22,1,0,0,0,0,G,0,0
5763,21.06.2021.,00:15:00,22,22,1,0,0,0,0,G,0,0
5764,21.06.2021.,00:20:00,22,22,1,1,0,0,0,G,0,0
5765,21.06.2021.,00:25:00,22,22,1,1,0,0,0,G,0,0
5766,21.06.2021.,00:30:00,22,22,1,1,0,0,0,G,0,0
5767,21.06.2021.,00:35:00,22,22,1,1,0,0,0,G,0,0
5768,21.06.2021.,00:40:00,22,22,1,1,0,0,0,G,0,0
5769,21.06.2021.,00:45:00,22,22,1,1,0,0,0,G,0,0
5770,21.06.2021.,00:50:00,22,22,1,1,0,0,0,G,0,0
5771,21.06.2021.,00:55:00,22,22,1,1,0,0,0,G,0,0
5772,21.06.2021.,01:00:00,22,22,1,0,0,0,0,G,0,0
5773,21.06.2021.,01:05:00,22,22,1,0,0,0,0,G,0,0
5774,21.06.2021.,01:10:00,22,22,1,0,0,0,0,G,0,0
5775,21.06.2021.,01:15:00,22,22,1,0,0,0,0,G,0,0
5776,21.06.2021.,01:20:00,22,22,1,0,0,0,0,G,0,0
5777,21.06.2021.,01:25:00,22,22,1,0,0,0,0,G,0,0
5778,21.06.2021.,01:30:00,22,22,1,0,0,0,0,G,0,0
5779,21.06.2021.,01:35:00,22,22,1,0,0,0,0,G,0,0
5780,21.06.2021.,01:40:00,22,22,1,0,0,0,0,G,0,0
5781,21.06.2021.,01:45:00,22,22,1,0,0,0,0,G,0,0
5782,21.06.2021.,01:50:00,22,22,1,0,0,0,0,G,0,0
5783,21.06.2021.,01:55:00,22,22,1,0,0,0,0,G,0,0
5784,21.06.2021.,02:00:00,22,22,1,0,0,0,0,G,0,0
5785,21.06.2021.,02:05:00,22,22,1,0,0,0,0,G,0,0
5786,21.06.2021.,02:10:00,22,22,1,0,0,0,0,G,0,0
5787,21.06.2021.,02:15:00,22,22,1,0,0,0,0,G,0,0
5788,21.06.2021.,02:20:00,22,22,1,0,0,0,0,G,0,0
5789,21.06.2021.,02:25:00,22,22,1,1,0,0,0,G,0,0
5790,21.06.2021.,02:30:00,22,22,1,1,0,0,0,G,0,0
5791,21.06.2021.,02:35:00,22,22,1,1,0,0,0,G,0,0
5792,21.06.2021.,02:40:00,22,22,1,1,0,0,0,G,0,0
5793,21.06.2021.,02:45:00,22,22,1,1,0,0,0,G,0,0
5794,21.06.2021.,02:50:00,22,22,1,0,0,0,0,G,0,0
5795,21.06.2021.,02:55:00,22,22,1,0,0,0,0,G,0,0
5796,21.06.2021.,03:00:00,22,22,1,0,0,0,0,G,0,0
5797,21.06.2021.,03:05:00,22,22,1,0,0,0,0,G,0,0
5798,21.06.2021.,03:10:00,22,22,1,0,0,0,0,G,0,0
5799,21.06.2021.,03:15:00,22,22,1,0,0,0,0,G,0,0
5800,21.06.2021.,03:20:00,22,22,1,0,0,0,0,G,0,0
5801,21.06.2021.,03:25:00,22,22,1,0,0,0,0,G,0,0
5802,21.06.2021.,03:30:00,22,22,1,0,0,0,0,G,0,0
5803,21.06.2021.,03:35:00,22,22,1,0,0,0,0,G,0,0
5804,21.06.2021.,03:40:00,22,22,1,0,0,0,0,G,0,0
5805,21.06.2021.,03:45:00,22,22,1,0,0,0,0,G,0,0
5806,21.06.2021.,03:50:00,22,22,1,0,0,0,0,G,0,0
5807,21.06.2021.,03:55:00,22,22,1,0,0,0,0,G,0,0
5808,21.06.2021.,04:00:00,22,22,1,0,0,0,0,G,0,0
5809,21.06.2021.,04:05:00,22,22,1,0,0,0,0,G,0,0
5810,21.06.2021.,04:10:00,22,22,1,0,0,0,0,G,0,0
5811,21.06.2021.,04:15:00,22,22,1,0,0,0,0,G,0,0
5812,21.06.2021.,04:20:00,22,22,1,0,0,0,0,G,0,0
5813,21.06.2021.,04:25:00,22,22,1,0,0,0,0,G,0,0
5814,21.06.2021.,04:30:00,22,22,1,0,0,0,0,G,0,0
5815,21.06.2021.,04:35:00,22,22,1,1,0,0,0,G,0,0
5816,21.06.2021.,04:40:00,22,22,1,1,0,0,0,G,0,0
5817,21.06.2021.,04:45:00,22,22,1,1,0,0,0,G,0,0
5818,21.06.2021.,04:50:00,22,22,1,1,0,0,0,G,0,0
5819,21.06.2021.,04:55:00,22,22,1,1,0,0,0,G,0,0
5820,21.06.2021.,05:00:00,22,22,1,1,0,0,0,G,0,0
5821,21.06.2021.,05:05:00,22,22,1,0,0,0,0,G,0,0
5822,21.06.2021.,05:10:00,22,22,1,0,0,0,0,G,0,0
5823,21.06.2021.,05:15:00,22,22,1,0,0,0,0,G,0,0
5824,21.06.2021.,05:20:00,22,22,1,0,0,0,0,G,0,0
5825,21.06.2021.,05:25:00,22,22,1,0,0,0,0,G,0,0
5826,21.06.2021.,05:30:00,22,22,1,0,0,0,0,G,0,0
5827,21.06.2021.,05:35:00,22,22,1,0,0,0,0,G,0,0
5828,21.06.2021.,05:40:00,22,22,1,0,0,0,0,G,0,0
5829,21.06.2021.,05:45:00,22,22,1,0,0,0,0,G,0,0
5830,21.06.2021.,05:50:00,22,22,1,0,0,0,0,G,0,0
5831,21.06.2021.,05:55:00,22,22,1,0,0,0,0,G,0,0
5832,21.06.2021.,06:00:00,22,22,1,0,0,0,0,G,0,0
5833,21.06.2021.,06:05:00,22,22,1,0,0,0,0,G,0,0
5834,21.06.2021.,06:10:00,22,22,1,0,0,0,0,G,0,0
5835,21.06.2021.,06:15:00,22,22,1,0,0,0,0,G,0,0
5836,21.06.2021.,06:20:00,22,22,1,0,0,0,0,G,0,0
5837,21.06.2021.,06:25:00,22,22,1,0,0,0,0,G,0,0
5838,21.06.2021.,06:30:00,22,22,1,0,0,0,0,G,0,0
5839,21.06.2021.,06:35:00,22,22,1,0,0,0,0,G,0,0
5840,21.06.2021.,06:40:00,22,22,1,0,0,0,0,G,0,0
5841,21.06.2021.,06:45:00,22,22,1,0,0,0,0,G,0,0
5842,21.06.2021.,06:50:00,22,22,1,0,0,0,0,G,0,0
5843,21.06.2021.,06:55:00,22,22,1,0,0,0,0,G,0,0
5844,21.06.2021.,07:00:00,22,22,1,0,0,0,0,G,0,0
5845,21.06.2021.,07:05:00,22,22,1,0,0,0,0,G,0,0
5846,21.06.2021.,07:10:00,22,22,1,0,0,0,0,G,0,0
5847,21.06.2021.,07:15:00,22,22,1,0,0,0,0,G,0,0
5848,21.06.2021.,07:20:00,22,22,1,0,0,0,0,G,0,0
5849,21.06.2021.,07:25:00,22,22,1,0,0,0,0,G,0,0
5850,21.06.2021.,07:30:00,22,22,1,1,0,0,0,G,0,0
5851,21.06.2021.,07:35:00,22,22,1,1,0,0,0,G,0,0
5852,21.06.2021.,07:40:00,22,22,1,1,0,0,0,G,0,0
5853,21.06.2021.,07:45:00,22,22,1,1,0,0,0,G,0,0
5854,21.06.2021.,07:50:00,22,22,1,1,0,0,0,G,0,0
5855,21.06.2021.,07:55:00,22,22,1,1,0,0,0,G,0,0
5856,21.06.2021.,08:00:00,22,22,1,1,0,0,0,G,0,0
5857,21.06.2021.,08:05:00,22,22,1,1,0,0,0,G,0,0
5858,21.06.2021.,08:10:00,22,22,1,1,0,0,0,G,0,0
5859,21.06.2021.,08:15:00,22,22,1,1,0,0,0,G,0,0
5860,21.06.2021.,08:20:00,22,22,1,1,0,0,0,G,0,0
5861,21.06.2021.,08:25:00,22,22,1,1,0,0,0,G,0,0
5862,21.06.2021.,08:30:00,22,22,1,1,0,0,0,G,0,0
5863,21.06.2021.,08:35:00,22,22,1,1,0,0,0,G,0,0
5864,21.06.2021.,08:40:00,22,22,1,1,0,0,0,G,0,0
5865,21.06.2021.,08:45:00,22,22,1,1,0,0,0,G,0,0
5866,21.06.2021.,08:50:00,22,22,1,1,0,0,0,G,0,0
5867,21.06.2021.,08:55:00,22,22,1,1,0,0,0,G,0,0
5868,21.06.2021.,09:00:00,22,22,1,1,0,0,0,G,0,0
5869,21.06.2021.,09:05:00,22,22,1,1,0,0,0,G,0,0
5870,21.06.2021.,09:10:00,22,22,1,1,0,0,0,G,0,0
5871,21.06.2021.,09:15:00,22,22,1,1,0,0,0,G,0,0
5872,21.06.2021.,09:20:00,22,22,1,1,0,0,0,G,0,0
5873,21.06.2021.,09:25:00,22,22,1,1,0,0,0,G,0,0
5874,21.06.2021.,09:30:00,22,22,1,1,0,0,0,G,0,0
5875,21.06.2021.,09:35:00,22,22,1,1,0,0,0,G,0,0
5876,21.06.2021.,09:40:00,22,22,1,1,0,0,0,G,0,0
5877,21.06.2021.,09:45:00,22,22,1,1,0,0,0,G,0,0
5878,21.06.2021.,09:50:00,22,22,1,1,0,0,0,G,0,0
5879,21.06.2021.,09:55:00,22,22,1,1,0,0,0,G,0,0
5880,21.06.2021.,10:00:00,22,22,1,1,0,0,0,G,0,0
5881,21.06.2021.,10:05:00,22,22,1,1,0,0,0,G,0,0
5882,21.06.2021.,10:10:00,22,22,1,1,0,0,0,G,0,0
5883,21.06.2021.,10:15:00,22,22,1,1,0,0,0,G,0,0
5884,21.06.2021.,10:20:00,22,22,1,1,0,0,0,G,0,0
5885,21.06.2021.,10:25:00,22,22,1,1,0,0,0,G,0,0
5886,21.06.2021.,10:30:00,22,22,1,1,0,0,0,G,0,0
5887,21.06.2021.,10:35:00,22,22,1,1,0,0,0,G,0,0
5888,21.06.2021.,10:40:00,22,22,1,1,0,0,0,G,0,0
5889,21.06.2021.,10:45:00,22,22,1,1,0,0,0,G,0,0
5890,21.06.2021.,10:50:00,22,22,1,1,0,0,0,G,0,0
5891,21.06.2021.,10:55:00,22,22,1,1,0,0,0,G,0,0
5892,21.06.2021.,11:00:00,22,22,1,1,0,0,0,G,0,0
5893,21.06.2021.,11:05:00,22,22,1,1,0,0,0,G,0,0
5894,21.06.2021.,11:10:00,22,22,1,1,0,0,0,G,0,0
5895,21.06.2021.,11:15:00,22,22,1,1,0,0,0,G,0,0
5896,21.06.2021.,11:20:00,22,22,1,1,0,0,0,G,0,0
5897,21.06.2021.,11:25:00,22,22,1,1,0,0,0,G,0,0
5898,21.06.2021.,11:30:00,22,22,1,1,0,0,0,G,0,0
5899,21.06.2021.,11:35:00,22,22,1,1,0,0,0,G,0,0
5900,21.06.2021.,11:40:00,22,22,1,1,0,0,0,G,0,0
5901,21.06.2021.,11:45:00,22,22,1,1,0,0,0,G,0,0
5902,21.06.2021.,11:50:00,22,22,1,1,0,0,0,G,0,0
5903,21.06.2021.,11:55:00,22,22,1,1,0,0,0,G,0,0
5904,21.06.2021.,12:00:00,22,22,1,1,0,0,0,G,0,0
5905,21.06.2021.,12:05:00,22,22,1,1,0,0,0,G,0,0
5906,21.06.2021.,12:10:00,22,22,1,1,0,0,0,G,0,0
5907,21.06.2021.,12:15:00,22,22,1,1,0,0,0,G,0,0
5908,21.06.2021.,12:20:00,22,22,1,1,0,0,0,G,0,0
5909,21.06.2021.,12:25:00,22,22,1,1,0,0,0,G,0,0
5910,21.06.2021.,12:30:00,22,22,1,1,0,0,0,G,0,0
5911,21.06.2021.,12:35:00,22,22,1,1,0,0,0,G,0,0
5912,21.06.2021.,12:40:00,22,22,1,1,0,0,0,G,0,0
5913,21.06.2021.,12:45:00,22,22,1,1,0,0,0,G,0,0
5914,21.06.2021.,12:50:00,22,22,1,1,0,0,0,G,0,0
5915,21.06.2021.,12:55:00,22,22,1,1,0,0,0,G,0,0
5916,21.06.2021.,13:00:00,22,22,1,1,0,0,0,G,0,0
5917,21.06.2021.,13:05:00,22,22,1,1,0,0,0,G,0,0
5918,21.06.2021.,13:10:00,22,22,1,1,0,0,0,G,0,0
5919,21.06.2021.,13:15:00,22,22,1,1,0,0,0,G,0,0
5920,21.06.2021.,13:20:00,22,22,1,1,0,0,0,G,0,0
5921,21.06.2021.,13:25:00,22,22,1,1,0,0,0,G,0,0
5922,21.06.2021.,13:30:00,22,22,1,1,0,0,0,G,0,0
5923,21.06.2021.,13:35:00,22,22,1,1,0,0,0,G,0,0
5924,21.06.2021.,13:40:00,22,22,1,1,0,0,0,G,0,0
5925,21.06.2021.,13:45:00,22,22,1,1,0,0,0,G,0,0
5926,21.06.2021.,13:50:00,22,22,1,1,0,0,0,G,0,0
5927,21.06.2021.,13:55:00,22,22,1,1,0,0,0,G,0,0
5928,21.06.2021.,14:00:00,22,22,1,1,0,0,0,G,0,0
5929,21.06.2021.,14:05:00,22,22,1,1,0,0,0,G,0,0
5930,21.06.2021.,14:10:00,22,22,1,1,0,0,0,G,0,0
5931,21.06.2021.,14:15:00,22,22,1,1,0,0,0,G,0,0
5932,21.06.2021.,14:20:00,22,22,1,1,0,0,0,G,0,0
5933,21.06.2021.,14:25:00,22,22,1,1,0,0,0,G,0,0
5934,21.06.2021.,14:30:00,22,22,1,1,0,0,0,G,0,0
5935,21.06.2021.,14:35:00,22,22,1,1,0,0,0,G,0,0
5936,21.06.2021.,14:40:00,22,22,1,1,0,0,0,G,0,0
5937,21.06.2021.,14:45:00,22,22,1,1,0,0,0,G,0,0
5938,21.06.2021.,14:50:00,22,22,1,1,0,0,0,G,0,0
5939,21.06.2021.,14:55:00,22,22,1,1,0,0,0,G,0,0
5940,21.06.2021.,15:00:00,22,22,1,1,0,0,0,G,0,0
5941,21.06.2021.,15:05:00,22,22,1,1,0,0,0,G,0,0
5942,21.06.2021.,15:10:00,22,22,1,1,0,0,0,G,0,0
5943,21.06.2021.,15:15:00,22,22,1,1,0,0,0,G,0,0
5944,21.06.2021.,15:20:00,22,22,1,1,0,0,0,G,0,0
5945,21.06.2021.,15:25:00,22,22,1,1,0,0,0,G,0,0
5946,21.06.2021.,15:30:00,22,22,1,1,0,0,0,G,0,0
5947,21.06.2021.,15:35:00,22,22,1,1,0,0,0,G,0,0
5948,21.06.2021.,15:40:00,22,22,1,1,0,0,0,G,0,0
5949,21.06.2021.,15:45:00,22,22,1,1,0,0,0,G,0,0
5950,21.06.2021.,15:50:00,22,22,1,1,0,0,0,G,0,0
5951,21.06.2021.,15:55:00,22,22,1,1,0,0,0,G,0,0
5952,21.06.2021.,16:00:00,22,22,1,1,0,0,0,G,0,0
5953,21.06.2021.,16:05:00,22,22,1,1,0,0,0,G,0,0
5954,21.06.2021.,16:10:00,22,22,1,1,0,0,0,G,0,0
5955,21.06.2021.,16:15:00,22,22,1,1,0,0,0,G,0,0
5956,21.06.2021.,16:20:00,22,22,1,0,0,0,0,G,0,0
5957,21.06.2021.,16:25:00,22,22,1,0,0,0,0,G,0,0
5958,21.06.2021.,16:30:00,22,22,1,0,0,0,0,G,0,0
5959,21.06.2021.,16:35:00,22,22,1,0,0,0,0,G,0,0
5960,21.06.2021.,16:40:00,22,22,1,0,0,0,0,G,0,0
5961,21.06.2021.,16:45:00,22,22,1,0,0,0,0,G,0,0
5962,21.06.2021.,16:50:00,22,22,1,0,0,0,0,G,0,0
5963,21.06.2021.,16:55:00,22,22,1,0,0,0,0,G,0,0
5964,21.06.2021.,17:00:00,22,22,1,0,0,0,0,G,0,0
5965,21.06.2021.,17:05:00,22,22,1,1,0,0,0,G,0,0
5966,21.06.2021.,17:10:00,22,22,1,1,0,0,0,G,0,0
5967,21.06.2021.,17:15:00,22,22,1,1,0,0,0,G,0,0
5968,21.06.2021.,17:20:00,22,22,1,1,0,0,0,G,0,0
5969,21.06.2021.,17:25:00,22,22,1,1,0,0,0,G,0,0
5970,21.06.2021.,17:30:00,22,22,1,1,0,0,0,G,0,0
5971,21.06.2021.,17:35:00,22,22,1,1,0,0,0,G,0,0
5972,21.06.2021.,17:40:00,22,22,1,1,0,0,0,G,0,0
5973,21.06.2021.,17:45:00,22,22,1,1,0,0,0,G,0,0
5974,21.06.2021.,17:50:00,22,22,1,1,0,0,0,G,0,0
5975,21.06.2021.,17:55:00,22,22,1,1,0,0,0,G,0,0
5976,21.06.2021.,18:00:00,22,22,1,1,0,0,0,G,0,0
5977,21.06.2021.,18:05:00,22,22,1,1,0,0,0,G,0,0
5978,21.06.2021.,18:10:00,22,22,1,1,0,0,0,G,0,0
5979,21.06.2021.,18:15:00,22,22,1,0,0,0,0,G,0,0
5980,21.06.2021.,18:20:00,22,22,1,0,0,0,0,G,0,0
5981,21.06.2021.,18:25:00,22,22,1,0,0,0,0,G,0,0
5982,21.06.2021.,18:30:00,22,22,1,0,0,0,0,G,0,0
5983,21.06.2021.,18:35:00,22,22,1,0,0,0,0,G,0,0
5984,21.06.2021.,18:40:00,22,22,1,0,0,0,0,G,0,0
5985,21.06.2021.,18:45:00,22,22,1,0,0,0,0,G,0,0
5986,21.06.2021.,18:50:00,22,22,1,0,0,0,0,G,0,0
5987,21.06.2021.,18:55:00,22,22,1,1,0,0,0,G,0,0
5988,21.06.2021.,19:00:00,22,22,1,1,0,0,0,G,0,0
5989,21.06.2021.,19:05:00,22,22,1,1,0,0,0,G,0,0
5990,21.06.2021.,19:10:00,22,22,1,1,0,0,0,G,0,0
5991,21.06.2021.,19:15:00,22,22,1,1,0,0,0,G,0,0
5992,21.06.2021.,19:20:00,22,22,1,1,0,0,0,G,0,0
5993,21.06.2021.,19:25:00,22,22,1,1,0,0,0,G,0,0
5994,21.06.2021.,19:30:00,22,22,1,1,0,0,0,G,0,0
5995,21.06.2021.,19:35:00,22,22,1,1,0,0,0,G,0,0
5996,21.06.2021.,19:40:00,22,22,1,0,0,0,0,G,0,0
5997,21.06.2021.,19:45:00,22,22,1,0,0,0,0,G,0,0
5998,21.06.2021.,19:50:00,22,22,1,0,0,0,0,G,0,0
5999,21.06.2021.,19:55:00,22,22,1,0,0,0,0,G,0,0
6000,21.06.2021.,20:00:00,22,22,1,0,0,0,0,G,0,0
6001,21.06.2021.,20:05:00,22,22,1,0,0,0,0,G,0,0
6002,21.06.2021.,20:10:00,22,22,1,0,0,0,0,G,0,0
6003,21.06.2021.,20:15:00,22,22,1,0,0,0,0,G,0,0
6004,21.06.2021.,20:20:00,22,22,1,0,0,0,0,G,0,0
6005,21.06.2021.,20:25:00,22,22,1,0,0,0,0,G,0,0
6006,21.06.2021.,20:30:00,22,22,1,0,0,0,0,G,0,0
6007,21.06.2021.,20:35:00,22,22,1,0,0,0,0,G,0,0
6008,21.06.2021.,20:40:00,22,22,1,0,0,0,0,G,0,0
6009,21.06.2021.,20:45:00,22,22,1,1,0,0,0,G,0,0
6010,21.06.2021.,20:50:00,22,22,1,1,0,0,0,G,0,0
6011,21.06.2021.,20:55:00,22,22,1,1,0,0,0,G,0,0
6012,21.06.2021.,21:00:00,22,22,1,1,0,0,0,G,0,0
6013,21.06.2021.,21:05:00,22,22,1,1,0,0,0,G,0,0
6014,21.06.2021.,21:10:00,22,22,1,1,0,0,0,G,0,0
6015,21.06.2021.,21:15:00,22,22,1,1,0,0,0,G,0,0
6016,21.06.2021.,21:20:00,22,22,1,1,0,0,0,G,0,0
6017,21.06.2021.,21:25:00,22,22,1,0,0,0,0,G,0,0
6018,21.06.2021.,21:30:00,22,22,1,0,0,0,0,G,0,0
6019,21.06.2021.,21:35:00,22,22,1,0,0,0,0,G,0,0
6020,21.06.2021.,21:40:00,22,22,1,0,0,0,0,G,0,0
6021,21.06.2021.,21:45:00,22,22,1,0,0,0,0,G,0,0
6022,21.06.2021.,21:50:00,22,22,1,0,0,0,0,G,0,0
6023,21.06.2021.,21:55:00,22,22,1,0,0,0,0,G,0,0
6024,21.06.2021.,22:00:00,22,22,1,0,0,0,0,G,0,0
6025,21.06.2021.,22:05:00,22,22,1,0,0,0,0,G,0,0
6026,21.06.2021.,22:10:00,22,22,1,0,0,0,0,G,0,0
6027,21.06.2021.,22:15:00,22,22,1,0,0,0,0,G,0,0
6028,21.06.2021.,22:20:00,22,22,1,0,0,0,0,G,0,0
6029,21.06.2021.,22:25:00,22,22,1,0,0,0,0,G,0,0
6030,21.06.2021.,22:30:00,22,22,1,0,0,0,0,G,0,0
6031,21.06.2021.,22:35:00,22,22,1,0,0,0,0,G,0,0
6032,21.06.2021.,22:40:00,22,22,1,0,0,0,0,G,0,0
6033,21.06.2021.,22:45:00,22,22,1,0,0,0,0,G,0,0
6034,21.06.2021.,22:50:00,22,22,1,0,0,0,0,G,0,0
6035,21.06.2021.,22:55:00,22,22,1,0,0,0,0,G,0,0
6036,21.06.2021.,23:00:00,22,22,1,0,0,0,0,G,0,0
6037,21.06.2021.,23:05:00,22,22,1,0,0,0,0,G,0,0
6038,21.06.2021.,23:10:00,22,22,1,0,0,0,0,G,0,0
6039,21.06.2021.,23:15:00,22,22,1,0,0,0,0,G,0,0
6040,21.06.2021.,23:20:00,22,22,1,0,0,0,0,G,0,0
6041,21.06.2021.,23:25:00,22,22,1,0,0,0,0,G,0,0
6042,21.06.2021.,23:30:00,22,22,1,0,0,0,0,G,0,0
6043,21.06.2021.,23:35:00,22,22,1,0,0,0,0,G,0,0
6044,21.06.2021.,23:40:00,22,22,1,0,0,0,0,G,0,0
6045,21.06.2021.,23:45:00,22,22,1,0,0,0,0,G,0,0
6046,21.06.2021.,23:50:00,22,22,1,1,0,0,0,G,0,0
6047,21.06.2021.,23:55:00,22,22,1,1,0,0,0,G,0,0
6048,22.06.2021.,00:00:00,22,22,1,1,0,0,0,G,0,0
6049,22.06.2021.,00:05:00,22,22,1,1,0,0,0,G,0,0
6050,22.06.2021.,00:10:00,22,22,1,1,0,0,0,G,0,0
6051,22.06.2021.,00:15:00,22,22,1,1,0,0,0,G,0,0
6052,22.06.2021.,00:20:00,22,22,1,1,0,0,0,G,0,0
6053,22.06.2021.,00:25:00,22,22,1,1,0,0,0,G,0,0
6054,22.06.2021.,00:30:00,22,22,1,0,0,0,0,G,0,0
6055,22.06.2021.,00:35:00,22,22,1,0,0,0,0,G,0,0
6056,22.06.2021.,00:40:00,22,22,1,0,0,0,0,G,0,0
6057,22.06.2021.,00:45:00,22,22,1,0,0,0,0,G,0,0
6058,22.06.2021.,00:50:00,22,22,1,0,0,0,0,G,0,0
6059,22.06.2021.,00:55:00,22,22,1,0,0,0,0,G,0,0
6060,22.06.2021.,01:00:00,22,22,1,0,0,0,0,G,0,0
6061,22.06.2021.,01:05:00,22,22,1,0,0,0,0,G,0,0
6062,22.06.2021.,01:10:00,22,22,1,0,0,0,0,G,0,0
6063,22.06.2021.,01:15:00,22,22,1,0,0,0,0,G,0,0
6064,22.06.2021.,01:20:00,22,22,1,0,0,0,0,G,0,0
6065,22.06.2021.,01:25:00,22,22,1,0,0,0,0,G,0,0
6066,22.06.2021.,01:30:00,22,22,1,0,0,0,0,G,0,0
6067,22.06.2021.,01:35:00,22,22,1,0,0,0,0,G,0,0
6068,22.06.2021.,01:40:00,22,22,1,0,0,0,0,G,0,0
6069,22.06.2021.,01:45:00,22,22,1,0,0,0,0,G,0,0
6070,22.06.2021.,01:50:00,22,22,1,0,0,0,0,G,0,0
6071,22.06.2021.,01:55:00,22,22,1,0,0,0,0,G,0,0
6072,22.06.2021.,02:00:00,22,22,1,0,0,0,0,G,0,0
6073,22.06.2021.,02:05:00,22,22,1,1,0,0,0,G,0,0
6074,22.06.2021.,02:10:00,22,22,1,1,0,0,0,G,0,0
6075,22.06.2021.,02:15:00,22,22,1,1,0,0,0,G,0,0
6076,22.06.2021.,02:20:00,22,22,1,1,0,0,0,G,0,0
6077,22.06.2021.,02:25:00,22,22,1,1,0,0,0,G,0,0
6078,22.06.2021.,02:30:00,22,22,1,1,0,0,0,G,0,0
6079,22.06.2021.,02:35:00,22,22,1,0,0,0,0,G,0,0
6080,22.06.2021.,02:40:00,22,22,1,0,0,0,0,G,0,0
6081,22.06.2021.,02:45:00,22,22,1,0,0,0,0,G,0,0
6082,22.06.2021.,02:50:00,22,22,1,0,0,0,0,G,0,0
6083,22.06.2021.,02:55:00,22,22,1,0,0,0,0,G,0,0
6084,22.06.2021.,03:00:00,22,22,1,0,0,0,0,G,0,0
6085,22.06.2021.,03:05:00,22,22,1,0,0,0,0,G,0,0
6086,22.06.2021.,03:10:00,22,22,1,0,0,0,0,G,0,0
6087,22.06.2021.,03:15:00,22,22,1,0,0,0,0,G,0,0
6088,22.06.2021.,03:20:00,22,22,1,0,0,0,0,G,0,0
6089,22.06.2021.,03:25:00,22,22,1,0,0,0,0,G,0,0
6090,22.06.2021.,03:30:00,22,22,1,0,0,0,0,G,0,0
6091,22.06.2021.,03:35:00,22,22,1,0,0,0,0,G,0,0
6092,22.06.2021.,03:40:00,22,22,1,0,0,0,0,G,0,0
6093,22.06.2021.,03:45:00,22,22,1,0,0,0,0,G,0,0
6094,22.06.2021.,03:50:00,22,22,1,0,0,0,0,G,0,0
6095,22.06.2021.,03:55:00,22,22,1,0,0,0,0,G,0,0
6096,22.06.2021.,04:00:00,22,22,1,0,0,0,0,G,0,0
6097,22.06.2021.,04:05:00,22,22,1,0,0,0,0,G,0,0
6098,22.06.2021.,04:10:00,22,22,1,1,0,0,0,G,0,0
6099,22.06.2021.,04:15:00,22,22,1,1,0,0,0,G,0,0
6100,22.06.2021.,04:20:00,22,22,1,1,0,0,0,G,0,0
6101,22.06.2021.,04:25:00,22,22,1,1,0,0,0,G,0,0
6102,22.06.2021.,04:30:00,22,22,1,1,0,0,0,G,0,0
6103,22.06.2021.,04:35:00,22,22,1,0,0,0,0,G,0,0
6104,22.06.2021.,04:40:00,22,22,1,0,0,0,0,G,0,0
6105,22.06.2021.,04:45:00,22,22,1,0,0,0,0,G,0,0
6106,22.06.2021.,04:50:00,22,22,1,0,0,0,0,G,0,0
6107,22.06.2021.,04:55:00,22,22,1,0,0,0,0,G,0,0
6108,22.06.2021.,05:00:00,22,22,1,0,0,0,0,G,0,0
6109,22.06.2021.,05:05:00,22,22,1,0,0,0,0,G,0,0
6110,22.06.2021.,05:10:00,22,22,1,0,0,0,0,G,0,0
6111,22.06.2021.,05:15:00,22,22,1,0,0,0,0,G,0,0
6112,22.06.2021.,05:20:00,22,22,1,0,0,0,0,G,0,0
6113,22.06.2021.,05:25:00,22,22,1,0,0,0,0,G,0,0
6114,22.06.2021.,05:30:00,22,22,1,0,0,0,0,G,0,0
6115,22.06.2021.,05:35:00,22,22,1,0,0,0,0,G,0,0
6116,22.06.2021.,05:40:00,22,22,1,0,0,0,0,G,0,0
6117,22.06.2021.,05:45:00,22,22,1,0,0,0,0,G,0,0
6118,22.06.2021.,05:50:00,22,22,1,0,0,0,0,G,0,0
6119,22.06.2021.,05:55:00,22,22,1,0,0,0,0,G,0,0
6120,22.06.2021.,06:00:00,22,22,1,0,0,0,0,G,0,0
6121,22.06.2021.,06:05:00,22,22,1,0,0,0,0,G,0,0
6122,22.06.2021.,06:10:00,22,22,1,0,0,0,0,G,0,0
6123,22.06.2021.,06:15:00,22,22,1,1,0,0,0,G,0,0
6124,22.06.2021.,06:20:00,22,22,1,1,0,0,0,G,0,0
6125,22.06.2021.,06:25:00,22,22,1,1,0,0,0,G,0,0
6126,22.06.2021.,06:30:00,22,22,1,1,0,0,0,G,0,0
6127,22.06.2021.,06:35:00,22,22,1,1,0,0,0,G,0,0
6128,22.06.2021.,06:40:00,22,22,1,0,0,0,0,G,0,0
6129,22.06.2021.,06:45:00,22,22,1,0,0,0,0,G,0,0
6130,22.06.2021.,06:50:00,22,22,1,0,0,0,0,G,0,0
6131,22.06.2021.,06:55:00,22,22,1,0,0,0,0,G,0,0
6132,22.06.2021.,07:00:00,22,22,1,0,0,0,0,G,0,0
6133,22.06.2021.,07:05:00,22,22,1,0,0,0,0,G,0,0
6134,22.06.2021.,07:10:00,22,22,1,0,0,0,0,G,0,0
6135,22.06.2021.,07:15:00,22,22,1,0,0,0,0,G,0,0
6136,22.06.2021.,07:20:00,22,22,1,0,0,0,0,G,0,0
6137,22.06.2021.,07:25:00,22,22,1,0,0,0,0,G,0,0
6138,22.06.2021.,07:30:00,22,22,1,0,0,0,0,G,0,0
6139,22.06.2021.,07:35:00,22,22,1,0,0,0,0,G,0,0
6140,22.06.2021.,07:40:00,22,22,1,0,0,0,0,G,0,0
6141,22.06.2021.,07:45:00,22,22,1,0,0,0,0,G,0,0
6142,22.06.2021.,07:50:00,22,22,1,0,0,0,0,G,0,0
6143,22.06.2021.,07:55:00,22,22,1,0,0,0,0,G,0,0
6144,22.06.2021.,08:00:00,22,22,1,0,0,0,0,G,0,0
6145,22.06.2021.,08:05:00,22,22,1,0,0,0,0,G,0,0
6146,22.06.2021.,08:10:00,22,22,1,0,0,0,0,G,0,0
6147,22.06.2021.,08:15:00,22,22,1,0,0,0,0,G,0,0
6148,22.06.2021.,08:20:00,22,22,1,0,0,0,0,G,0,0
6149,22.06.2021.,08:25:00,22,22,1,1,0,0,0,G,0,0
6150,22.06.2021.,08:30:00,22,22,1,1,0,0,0,G,0,0
6151,22.06.2021.,08:35:00,22,22,1,1,0,0,0,G,0,0
6152,22.06.2021.,08:40:00,22,22,1,1,0,0,0,G,0,0
6153,22.06.2021.,08:45:00,22,22,1,1,0,0,0,G,0,0
6154,22.06.2021.,08:50:00,22,22,1,1,0,0,0,G,0,0
6155,22.06.2021.,08:55:00,22,22,1,1,0,0,0,G,0,0
6156,22.06.2021.,09:00:00,22,22,1,1,0,0,0,G,0,0
6157,22.06.2021.,09:05:00,22,22,1,1,0,0,0,G,0,0
6158,22.06.2021.,09:10:00,22,22,1,1,0,0,0,G,0,0
6159,22.06.2021.,09:15:00,22,22,1,1,0,0,0,G,0,0
6160,22.06.2021.,09:20:00,22,22,1,1,0,0,0,G,0,0
6161,22.06.2021.,09:25:00,22,22,1,1,0,0,0,G,0,0
6162,22.06.2021.,09:30:00,22,22,1,1,0,0,0,G,0,0
6163,22.06.2021.,09:35:00,22,22,1,1,0,0,0,G,0,0
6164,22.06.2021.,09:40:00,22,22,1,1,0,0,0,G,0,0
6165,22.06.2021.,09:45:00,22,22,1,1,0,0,0,G,0,0
6166,22.06.2021.,09:50:00,22,22,1,1,0,0,0,G,0,0
6167,22.06.2021.,09:55:00,22,22,1,1,0,0,0,G,0,0
6168,22.06.2021.,10:00:00,22,22,1,1,0,0,0,G,0,0
6169,22.06.2021.,10:05:00,22,22,1,1,0,0,0,G,0,0
6170,22.06.2021.,10:10:00,22,22,1,1,0,0,0,G,0,0
6171,22.06.2021.,10:15:00,22,22,1,1,0,0,0,G,0,0
6172,22.06.2021.,10:20:00,22,22,1,1,0,0,0,G,0,0
6173,22.06.2021.,10:25:00,22,22,1,1,0,0,0,G,0,0
6174,22.06.2021.,10:30:00,22,22,1,1,0,0,0,G,0,0
6175,22.06.2021.,10:35:00,22,23,1,1,0,0,0,G,0,0
6176,22.06.2021.,10:40:00,22,23,1,1,0,0,0,G,0,0
6177,22.06.2021.,10:45:00,22,23,1,1,0,0,0,G,0,0
6178,22.06.2021.,10:50:00,22,23,1,1,0,0,0,G,0,0
6179,22.06.2021.,10:55:00,22,23,1,1,0,0,0,G,0,0
6180,22.06.2021.,11:00:00,22,23,1,1,0,0,0,G,0,0
6181,22.06.2021.,11:05:00,22,23,1,1,0,0,0,G,0,0
6182,22.06.2021.,11:10:00,22,23,1,1,0,0,0,G,0,0
6183,22.06.2021.,11:15:00,22,23,1,1,0,0,0,G,0,0
6184,22.06.2021.,11:20:00,22,23,1,1,0,0,0,G,0,0
6185,22.06.2021.,11:25:00,22,23,1,1,0,0,0,G,0,0
6186,22.06.2021.,11:30:00,22,23,1,1,0,0,0,G,0,0
6187,22.06.2021.,11:35:00,22,23,1,1,0,0,0,G,0,0
6188,22.06.2021.,11:40:00,22,23,1,1,0,0,0,G,0,0
6189,22.06.2021.,11:45:00,22,23,1,1,0,0,0,G,0,0
6190,22.06.2021.,11:50:00,22,23,1,1,0,0,0,G,0,0
6191,22.06.2021.,11:55:00,22,23,1,1,0,0,0,G,0,0
6192,22.06.2021.,12:00:00,22,23,1,1,0,0,0,G,0,0
6193,22.06.2021.,12:05:00,22,23,1,1,0,0,0,G,0,0
6194,22.06.2021.,12:10:00,22,23,1,1,0,0,0,G,0,0
6195,22.06.2021.,12:15:00,22,23,1,1,0,0,0,G,0,0
6196,22.06.2021.,12:20:00,22,23,1,1,0,0,0,G,0,0
6197,22.06.2021.,12:25:00,22,23,1,1,0,0,0,G,0,0
6198,22.06.2021.,12:30:00,22,23,1,1,0,0,0,G,0,0
6199,22.06.2021.,12:35:00,22,23,1,1,0,0,0,G,0,0
6200,22.06.2021.,12:40:00,22,23,1,1,0,0,0,G,0,0
6201,22.06.2021.,12:45:00,22,23,1,1,0,0,0,G,0,0
6202,22.06.2021.,12:50:00,22,23,1,1,0,0,0,G,0,0
6203,22.06.2021.,12:55:00,22,23,1,1,0,0,0,G,0,0
6204,22.06.2021.,13:00:00,22,23,1,1,0,0,0,G,0,0
6205,22.06.2021.,13:05:00,22,23,1,1,0,0,0,G,0,0
6206,22.06.2021.,13:10:00,22,23,1,1,0,0,0,G,0,0
6207,22.06.2021.,13:15:00,22,23,1,1,0,0,0,G,0,0
6208,22.06.2021.,13:20:00,22,23,1,1,0,0,0,G,0,0
6209,22.06.2021.,13:25:00,22,23,1,1,0,0,0,G,0,0
6210,22.06.2021.,13:30:00,22,23,1,1,0,0,0,G,0,0
6211,22.06.2021.,13:35:00,22,23,1,1,0,0,0,G,0,0
6212,22.06.2021.,13:40:00,22,23,1,1,0,0,0,G,0,0
6213,22.06.2021.,13:45:00,22,23,1,1,0,0,0,G,0,0
6214,22.06.2021.,13:50:00,22,23,1,1,0,0,0,G,0,0
6215,22.06.2021.,13:55:00,22,23,1,1,0,0,0,G,0,0
6216,22.06.2021.,14:00:00,22,23,1,1,0,0,0,G,0,0
6217,22.06.2021.,14:05:00,22,23,1,1,0,0,0,G,0,0
6218,22.06.2021.,14:10:00,22,23,1,1,0,0,0,G,0,0
6219,22.06.2021.,14:15:00,22,23,1,1,0,0,0,G,0,0
6220,22.06.2021.,14:20:00,22,23,1,1,0,0,0,G,0,0
6221,22.06.2021.,14:25:00,22,23,1,1,0,0,0,G,0,0
6222,22.06.2021.,14:30:00,22,23,1,1,0,0,0,G,0,0
6223,22.06.2021.,14:35:00,22,23,1,1,0,0,0,G,0,0
6224,22.06.2021.,14:40:00,22,23,1,1,0,0,0,G,0,0
6225,22.06.2021.,14:45:00,22,23,1,1,0,0,0,G,0,0
6226,22.06.2021.,14:50:00,22,23,1,1,0,0,0,G,0,0
6227,22.06.2021.,14:55:00,22,23,1,1,0,0,0,G,0,0
6228,22.06.2021.,15:00:00,22,23,1,1,0,0,0,G,0,0
6229,22.06.2021.,15:05:00,22,23,1,1,0,0,0,G,0,0
6230,22.06.2021.,15:10:00,22,23,1,1,0,0,0,G,0,0
6231,22.06.2021.,15:15:00,22,23,1,1,0,0,0,G,0,0
6232,22.06.2021.,15:20:00,22,23,1,1,0,0,0,G,0,0
6233,22.06.2021.,15:25:00,22,22,1,1,0,0,0,G,0,0
6234,22.06.2021.,15:30:00,22,22,1,1,0,0,0,G,0,0
6235,22.06.2021.,15:35:00,22,22,1,1,0,0,0,G,0,0
6236,22.06.2021.,15:40:00,22,22,1,1,0,0,0,G,0,0
6237,22.06.2021.,15:45:00,22,22,1,1,0,0,0,G,0,0
6238,22.06.2021.,15:50:00,22,22,1,1,0,0,0,G,0,0
6239,22.06.2021.,15:55:00,22,22,1,1,0,0,0,G,0,0
6240,22.06.2021.,16:00:00,22,22,1,1,0,0,0,G,0,0
6241,22.06.2021.,16:05:00,22,22,1,1,0,0,0,G,0,0
6242,22.06.2021.,16:10:00,22,22,1,1,0,0,0,G,0,0
6243,22.06.2021.,16:15:00,22,22,1,1,0,0,0,G,0,0
6244,22.06.2021.,16:20:00,22,22,1,1,0,0,0,G,0,0
6245,22.06.2021.,16:25:00,22,22,1,1,0,0,0,G,0,0
6246,22.06.2021.,16:30:00,22,22,1,1,0,0,0,G,0,0
6247,22.06.2021.,16:35:00,22,22,1,0,0,0,0,G,0,0
6248,22.06.2021.,16:40:00,22,22,1,0,0,0,0,G,0,0
6249,22.06.2021.,16:45:00,22,22,1,0,0,0,0,G,0,0
6250,22.06.2021.,16:50:00,22,22,1,0,0,0,0,G,0,0
6251,22.06.2021.,16:55:00,22,22,1,0,0,0,0,G,0,0
6252,22.06.2021.,17:00:00,22,22,1,0,0,0,0,G,0,0
6253,22.06.2021.,17:05:00,22,22,1,0,0,0,0,G,0,0
6254,22.06.2021.,17:10:00,22,22,1,0,0,0,0,G,0,0
6255,22.06.2021.,17:15:00,22,22,1,0,0,0,0,G,0,0
6256,22.06.2021.,17:20:00,22,22,1,0,0,0,0,G,0,0
6257,22.06.2021.,17:25:00,22,22,1,0,0,0,0,G,0,0
6258,22.06.2021.,17:30:00,22,22,1,0,0,0,0,G,0,0
6259,22.06.2021.,17:35:00,22,22,1,1,0,0,0,G,0,0
6260,22.06.2021.,17:40:00,22,22,1,1,0,0,0,G,0,0
6261,22.06.2021.,17:45:00,22,22,1,1,0,0,0,G,0,0
6262,22.06.2021.,17:50:00,22,22,1,1,0,0,0,G,0,0
6263,22.06.2021.,17:55:00,22,22,1,1,0,0,0,G,0,0
6264,22.06.2021.,18:00:00,22,22,1,1,0,0,0,G,0,0
6265,22.06.2021.,18:05:00,22,22,1,1,0,0,0,G,0,0
6266,22.06.2021.,18:10:00,22,22,1,1,0,0,0,G,0,0
6267,22.06.2021.,18:15:00,22,22,1,1,0,0,0,G,0,0
6268,22.06.2021.,18:20:00,22,22,1,1,0,0,0,G,0,0
6269,22.06.2021.,18:25:00,22,22,1,1,0,0,0,G,0,0
6270,22.06.2021.,18:30:00,22,22,1,0,0,0,0,G,0,0
6271,22.06.2021.,18:35:00,22,22,1,0,0,0,0,G,0,0
6272,22.06.2021.,18:40:00,22,22,1,0,0,0,0,G,0,0
6273,22.06.2021.,18:45:00,22,22,1,0,0,0,0,G,0,0
6274,22.06.2021.,18:50:00,22,22,1,0,0,0,0,G,0,0
6275,22.06.2021.,18:55:00,22,22,1,0,0,0,0,G,0,0
6276,22.06.2021.,19:00:00,22,22,1,0,0,0,0,G,0,0
6277,22.06.2021.,19:05:00,22,22,1,0,0,0,0,G,0,0
6278,22.06.2021.,19:10:00,22,22,1,0,0,0,0,G,0,0
6279,22.06.2021.,19:15:00,22,22,1,0,0,0,0,G,0,0
6280,22.06.2021.,19:20:00,22,22,1,1,0,0,0,G,0,0
6281,22.06.2021.,19:25:00,22,22,1,1,0,0,0,G,0,0
6282,22.06.2021.,19:30:00,22,22,1,1,0,0,0,G,0,0
6283,22.06.2021.,19:35:00,22,22,1,1,0,0,0,G,0,0
6284,22.06.2021.,19:40:00,22,22,1,1,0,0,0,G,0,0
6285,22.06.2021.,19:45:00,22,22,1,1,0,0,0,G,0,0
6286,22.06.2021.,19:50:00,22,22,1,1,0,0,0,G,0,0
6287,22.06.2021.,19:55:00,22,22,1,1,0,0,0,G,0,0
6288,22.06.2021.,20:00:00,22,22,1,1,0,0,0,G,0,0
6289,22.06.2021.,20:05:00,22,22,1,1,0,0,0,G,0,0
6290,22.06.2021.,20:10:00,22,22,1,1,0,0,0,G,0,0
6291,22.06.2021.,20:15:00,22,22,1,0,0,0,0,G,0,0
6292,22.06.2021.,20:20:00,22,22,1,0,0,0,0,G,0,0
6293,22.06.2021.,20:25:00,22,22,1,0,0,0,0,G,0,0
6294,22.06.2021.,20:30:00,22,22,1,0,0,0,0,G,0,0
6295,22.06.2021.,20:35:00,22,22,1,0,0,0,0,G,0,0
6296,22.06.2021.,20:40:00,22,22,1,0,0,0,0,G,0,0
6297,22.06.2021.,20:45:00,22,22,1,0,0,0,0,G,0,0
6298,22.06.2021.,20:50:00,22,22,1,0,0,0,0,G,0,0
6299,22.06.2021.,20:55:00,22,22,1,0,0,0,0,G,0,0
6300,22.06.2021.,21:00:00,22,22,1,0,0,0,0,G,0,0
6301,22.06.2021.,21:05:00,22,22,1,0,0,0,0,G,0,0
6302,22.06.2021.,21:10:00,22,22,1,0,0,0,0,G,0,0
6303,22.06.2021.,21:15:00,22,22,1,0,0,0,0,G,0,0
6304,22.06.2021.,21:20:00,22,22,1,0,0,0,0,G,0,0
6305,22.06.2021.,21:25:00,22,22,1,0,0,0,0,G,0,0
6306,22.06.2021.,21:30:00,22,22,1,0,0,0,0,G,0,0
6307,22.06.2021.,21:35:00,22,22,1,0,0,0,0,G,0,0
6308,22.06.2021.,21:40:00,22,22,1,0,0,0,0,G,0,0
6309,22.06.2021.,21:45:00,22,22,1,0,0,0,0,G,0,0
6310,22.06.2021.,21:50:00,22,22,1,0,0,0,0,G,0,0
6311,22.06.2021.,21:55:00,22,22,1,0,0,0,0,G,0,0
6312,22.06.2021.,22:00:00,22,22,1,0,0,0,0,G,0,0
6313,22.06.2021.,22:05:00,22,22,1,0,0,0,0,G,0,0
6314,22.06.2021.,22:10:00,22,22,1,0,0,0,0,G,0,0
6315,22.06.2021.,22:15:00,22,22,1,0,0,0,0,G,0,0
6316,22.06.2021.,22:20:00,22,22,1,0,0,0,0,G,0,0
6317,22.06.2021.,22:25:00,22,22,1,0,0,0,0,G,0,0
6318,22.06.2021.,22:30:00,22,22,1,1,0,0,0,G,0,0
6319,22.06.2021.,22:35:00,22,22,1,1,0,0,0,G,0,0
6320,22.06.2021.,22:40:00,22,22,1,1,0,0,0,G,0,0
6321,22.06.2021.,22:45:00,22,22,1,1,0,0,0,G,0,0
6322,22.06.2021.,22:50:00,22,22,1,1,0,0,0,G,0,0
6323,22.06.2021.,22:55:00,22,22,1,1,0,0,0,G,0,0
6324,22.06.2021.,23:00:00,22,22,1,1,0,0,0,G,0,0
6325,22.06.2021.,23:05:00,22,22,1,1,0,0,0,G,0,0
6326,22.06.2021.,23:10:00,22,22,1,1,0,0,0,G,0,0
6327,22.06.2021.,23:15:00,22,22,1,0,0,0,0,G,0,0
6328,22.06.2021.,23:20:00,22,22,1,0,0,0,0,G,0,0
6329,22.06.2021.,23:25:00,22,22,1,0,0,0,0,G,0,0
6330,22.06.2021.,23:30:00,22,22,1,0,0,0,0,G,0,0
6331,22.06.2021.,23:35:00,22,22,1,0,0,0,0,G,0,0
6332,22.06.2021.,23:40:00,22,22,1,0,0,0,0,G,0,0
6333,22.06.2021.,23:45:00,22,22,1,0,0,0,0,G,0,0
6334,22.06.2021.,23:50:00,22,22,1,0,0,0,0,G,0,0
6335,22.06.2021.,23:55:00,22,22,1,0,0,0,0,G,0,0
6336,23.06.2021.,00:00:00,22,22,1,0,0,0,0,G,0,0
6337,23.06.2021.,00:05:00,22,22,1,0,0,0,0,G,0,0
6338,23.06.2021.,00:10:00,22,22,1,0,0,0,0,G,0,0
6339,23.06.2021.,00:15:00,22,22,1,0,0,0,0,G,0,0
6340,23.06.2021.,00:20:00,22,22,1,0,0,0,0,G,0,0
6341,23.06.2021.,00:25:00,22,22,1,0,0,0,0,G,0,0
6342,23.06.2021.,00:30:00,22,22,1,1,0,0,0,G,0,0
6343,23.06.2021.,00:35:00,22,22,1,1,0,0,0,G,0,0
6344,23.06.2021.,00:40:00,22,22,1,1,0,0,0,G,0,0
6345,23.06.2021.,00:45:00,22,22,1,1,0,0,0,G,0,0
6346,23.06.2021.,00:50:00,22,22,1,1,0,0,0,G,0,0
6347,23.06.2021.,00:55:00,22,22,1,1,0,0,0,G,0,0
6348,23.06.2021.,01:00:00,22,22,1,1,0,0,0,G,0,0
6349,23.06.2021.,01:05:00,22,22,1,1,0,0,0,G,0,0
6350,23.06.2021.,01:10:00,22,22,1,0,0,0,0,G,0,0
6351,23.06.2021.,01:15:00,22,22,1,0,0,0,0,G,0,0
6352,23.06.2021.,01:20:00,22,22,1,0,0,0,0,G,0,0
6353,23.06.2021.,01:25:00,22,22,1,0,0,0,0,G,0,0
6354,23.06.2021.,01:30:00,22,22,1,0,0,0,0,G,0,0
6355,23.06.2021.,01:35:00,22,22,1,0,0,0,0,G,0,0
6356,23.06.2021.,01:40:00,22,22,1,0,0,0,0,G,0,0
6357,23.06.2021.,01:45:00,22,22,1,0,0,0,0,G,0,0
6358,23.06.2021.,01:50:00,22,22,1,0,0,0,0,G,0,0
6359,23.06.2021.,01:55:00,22,22,1,0,0,0,0,G,0,0
6360,23.06.2021.,02:00:00,22,22,1,0,0,0,0,G,0,0
6361,23.06.2021.,02:05:00,22,22,1,0,0,0,0,G,0,0
6362,23.06.2021.,02:10:00,22,22,1,0,0,0,0,G,0,0
6363,23.06.2021.,02:15:00,22,22,1,0,0,0,0,G,0,0
6364,23.06.2021.,02:20:00,22,22,1,0,0,0,0,G,0,0
6365,23.06.2021.,02:25:00,22,22,1,0,0,0,0,G,0,0
6366,23.06.2021.,02:30:00,22,22,1,0,0,0,0,G,0,0
6367,23.06.2021.,02:35:00,22,22,1,0,0,0,0,G,0,0
6368,23.06.2021.,02:40:00,22,22,1,0,0,0,0,G,0,0
6369,23.06.2021.,02:45:00,22,22,1,0,0,0,0,G,0,0
6370,23.06.2021.,02:50:00,22,22,1,0,0,0,0,G,0,0
6371,23.06.2021.,02:55:00,22,22,1,0,0,0,0,G,0,0
6372,23.06.2021.,03:00:00,22,22,1,0,0,0,0,G,0,0
6373,23.06.2021.,03:05:00,22,22,1,0,0,0,0,G,0,0
6374,23.06.2021.,03:10:00,22,22,1,1,0,0,0,G,0,0
6375,23.06.2021.,03:15:00,22,22,1,1,0,0,0,G,0,0
6376,23.06.2021.,03:20:00,22,22,1,1,0,0,0,G,0,0
6377,23.06.2021.,03:25:00,22,22,1,1,0,0,0,G,0,0
6378,23.06.2021.,03:30:00,22,22,1,1,0,0,0,G,0,0
6379,23.06.2021.,03:35:00,22,22,1,0,0,0,0,G,0,0
6380,23.06.2021.,03:40:00,22,22,1,0,0,0,0,G,0,0
6381,23.06.2021.,03:45:00,22,22,1,0,0,0,0,G,0,0
6382,23.06.2021.,03:50:00,22,22,1,0,0,0,0,G,0,0
6383,23.06.2021.,03:55:00,22,22,1,0,0,0,0,G,0,0
6384,23.06.2021.,04:00:00,22,22,1,0,0,0,0,G,0,0
6385,23.06.2021.,04:05:00,22,22,1,0,0,0,0,G,0,0
6386,23.06.2021.,04:10:00,22,22,1,0,0,0,0,G,0,0
6387,23.06.2021.,04:15:00,22,22,1,0,0,0,0,G,0,0
6388,23.06.2021.,04:20:00,22,22,1,0,0,0,0,G,0,0
6389,23.06.2021.,04:25:00,22,22,1,0,0,0,0,G,0,0
6390,23.06.2021.,04:30:00,22,22,1,0,0,0,0,G,0,0
6391,23.06.2021.,04:35:00,22,22,1,0,0,0,0,G,0,0
6392,23.06.2021.,04:40:00,22,22,1,0,0,0,0,G,0,0
6393,23.06.2021.,04:45:00,22,22,1,0,0,0,0,G,0,0
6394,23.06.2021.,04:50:00,22,22,1,0,0,0,0,G,0,0
6395,23.06.2021.,04:55:00,22,22,1,0,0,0,0,G,0,0
6396,23.06.2021.,05:00:00,22,22,1,0,0,0,0,G,0,0
6397,23.06.2021.,05:05:00,22,22,1,0,0,0,0,G,0,0
6398,23.06.2021.,05:10:00,22,22,1,0,0,0,0,G,0,0
6399,23.06.2021.,05:15:00,22,22,1,0,0,0,0,G,0,0
6400,23.06.2021.,05:20:00,22,22,1,0,0,0,0,G,0,0
6401,23.06.2021.,05:25:00,22,22,1,1,0,0,0,G,0,0
6402,23.06.2021.,05:30:00,22,22,1,1,0,0,0,G,0,0
6403,23.06.2021.,05:35:00,22,22,1,1,0,0,0,G,0,0
6404,23.06.2021.,05:40:00,22,22,1,1,0,0,0,G,0,0
6405,23.06.2021.,05:45:00,22,22,1,1,0,0,0,G,0,0
6406,23.06.2021.,05:50:00,22,22,1,0,0,0,0,G,0,0
6407,23.06.2021.,05:55:00,22,22,1,0,0,0,0,G,0,0
6408,23.06.2021.,06:00:00,22,22,1,0,0,0,0,G,0,0
6409,23.06.2021.,06:05:00,22,22,1,0,0,0,0,G,0,0
6410,23.06.2021.,06:10:00,22,22,1,0,0,0,0,G,0,0
6411,23.06.2021.,06:15:00,22,22,1,0,0,0,0,G,0,0
6412,23.06.2021.,06:20:00,22,22,1,0,0,0,0,G,0,0
6413,23.06.2021.,06:25:00,22,22,1,0,0,0,0,G,0,0
6414,23.06.2021.,06:30:00,22,22,1,0,0,0,0,G,0,0
6415,23.06.2021.,06:35:00,22,22,1,0,0,0,0,G,0,0
6416,23.06.2021.,06:40:00,22,22,1,0,0,0,0,G,0,0
6417,23.06.2021.,06:45:00,22,22,1,0,0,0,0,G,0,0
6418,23.06.2021.,06:50:00,22,22,1,0,0,0,0,G,0,0
6419,23.06.2021.,06:55:00,22,22,1,0,0,0,0,G,0,0
6420,23.06.2021.,07:00:00,22,22,1,0,0,0,0,G,0,0
6421,23.06.2021.,07:05:00,22,22,1,0,0,0,0,G,0,0
6422,23.06.2021.,07:10:00,22,22,1,0,0,0,0,G,0,0
6423,23.06.2021.,07:15:00,22,22,1,0,0,0,0,G,0,0
6424,23.06.2021.,07:20:00,22,22,1,0,0,0,0,G,0,0
6425,23.06.2021.,07:25:00,22,22,1,0,0,0,0,G,0,0
6426,23.06.2021.,07:30:00,22,22,1,0,0,0,0,G,0,0
6427,23.06.2021.,07:35:00,22,22,1,0,0,0,0,G,0,0
6428,23.06.2021.,07:40:00,22,22,1,0,0,0,0,G,0,0
6429,23.06.2021.,07:45:00,22,22,1,0,0,0,0,G,0,0
6430,23.06.2021.,07:50:00,22,22,1,0,0,0,0,G,0,0
6431,23.06.2021.,07:55:00,22,22,1,0,0,0,0,G,0,0
6432,23.06.2021.,08:00:00,22,22,1,0,0,0,0,G,0,0
6433,23.06.2021.,08:05:00,22,22,1,0,0,0,0,G,0,0
6434,23.06.2021.,08:10:00,22,22,1,0,0,0,0,G,0,0
6435,23.06.2021.,08:15:00,22,22,1,0,0,0,0,G,0,0
6436,23.06.2021.,08:20:00,22,22,1,0,0,0,0,G,0,0
6437,23.06.2021.,08:25:00,22,22,1,0,0,0,0,G,0,0
6438,23.06.2021.,08:30:00,22,22,1,0,0,0,0,G,0,0
6439,23.06.2021.,08:35:00,22,22,1,0,0,0,0,G,0,0
6440,23.06.2021.,08:40:00,22,22,1,1,0,0,0,G,0,0
6441,23.06.2021.,08:45:00,22,22,1,1,0,0,0,G,0,0
6442,23.06.2021.,08:50:00,22,22,1,1,0,0,0,G,0,0
6443,23.06.2021.,08:55:00,22,22,1,1,0,0,0,G,0,0
6444,23.06.2021.,09:00:00,22,22,1,1,0,0,0,G,0,0
6445,23.06.2021.,09:05:00,22,22,1,1,0,0,0,G,0,0
6446,23.06.2021.,09:10:00,22,22,1,1,0,0,0,G,0,0
6447,23.06.2021.,09:15:00,22,22,1,1,0,0,0,G,0,0
6448,23.06.2021.,09:20:00,22,22,1,1,0,0,0,G,0,0
6449,23.06.2021.,09:25:00,22,22,1,1,0,0,0,G,0,0
6450,23.06.2021.,09:30:00,22,22,1,1,0,0,0,G,0,0
6451,23.06.2021.,09:35:00,22,22,1,1,0,0,0,G,0,0
6452,23.06.2021.,09:40:00,22,22,1,1,0,0,0,G,0,0
6453,23.06.2021.,09:45:00,22,22,1,1,0,0,0,G,0,0
6454,23.06.2021.,09:50:00,22,22,1,1,0,0,0,G,0,0
6455,23.06.2021.,09:55:00,22,22,1,1,0,0,0,G,0,0
6456,23.06.2021.,10:00:00,22,23,1,1,0,0,0,G,0,0
6457,23.06.2021.,10:05:00,22,23,1,1,0,0,0,G,0,0
6458,23.06.2021.,10:10:00,22,23,1,1,0,0,0,G,0,0
6459,23.06.2021.,10:15:00,22,23,1,1,0,0,0,G,0,0
6460,23.06.2021.,10:20:00,22,23,1,1,0,0,0,G,0,0
6461,23.06.2021.,10:25:00,22,23,1,1,0,0,0,G,0,0
6462,23.06.2021.,10:30:00,22,23,1,1,0,0,0,G,0,0
6463,23.06.2021.,10:35:00,22,23,1,1,0,0,0,G,0,0
6464,23.06.2021.,10:40:00,22,23,1,1,0,0,0,G,0,0
6465,23.06.2021.,10:45:00,22,23,1,1,0,0,0,G,0,0
6466,23.06.2021.,10:50:00,22,23,1,1,0,0,0,G,0,0
6467,23.06.2021.,10:55:00,22,23,1,1,0,0,0,G,0,0
6468,23.06.2021.,11:00:00,22,23,1,1,0,0,0,G,0,0
6469,23.06.2021.,11:05:00,22,23,1,1,0,0,0,G,0,0
6470,23.06.2021.,11:10:00,22,23,1,1,0,0,0,G,0,0
6471,23.06.2021.,11:15:00,22,23,1,1,0,0,0,G,0,0
6472,23.06.2021.,11:20:00,22,23,1,1,0,0,0,G,0,0
6473,23.06.2021.,11:25:00,22,23,1,1,0,0,0,G,0,0
6474,23.06.2021.,11:30:00,22,23,1,1,0,0,0,G,0,0
6475,23.06.2021.,11:35:00,22,23,1,1,0,0,0,G,0,0
6476,23.06.2021.,11:40:00,22,23,1,1,0,0,0,G,0,0
6477,23.06.2021.,11:45:00,22,23,1,1,0,0,0,G,0,0
6478,23.06.2021.,11:50:00,22,23,1,1,0,0,0,G,0,0
6479,23.06.2021.,11:55:00,22,23,1,1,0,0,0,G,0,0
6480,23.06.2021.,12:00:00,22,23,1,1,0,0,0,G,0,0
6481,23.06.2021.,12:05:00,22,23,1,1,0,0,0,G,0,0
6482,23.06.2021.,12:10:00,22,23,1,1,0,0,0,G,0,0
6483,23.06.2021.,12:15:00,22,23,1,1,0,0,0,G,0,0
6484,23.06.2021.,12:20:00,22,23,1,1,0,0,0,G,0,0
6485,23.06.2021.,12:25:00,22,23,1,1,0,0,0,G,0,0
6486,23.06.2021.,12:30:00,22,23,1,1,0,0,0,G,0,0
6487,23.06.2021.,12:35:00,22,23,1,1,0,0,0,G,0,0
6488,23.06.2021.,12:40:00,22,23,1,1,0,0,0,G,0,0
6489,23.06.2021.,12:45:00,22,23,1,1,0,0,0,G,0,0
6490,23.06.2021.,12:50:00,22,23,1,1,0,0,0,G,0,0
6491,23.06.2021.,12:55:00,22,23,1,1,0,0,0,G,0,0
6492,23.06.2021.,13:00:00,22,23,1,1,0,0,0,G,0,0
6493,23.06.2021.,13:05:00,22,23,1,1,0,0,0,G,0,0
6494,23.06.2021.,13:10:00,22,23,1,1,0,0,0,G,0,0
6495,23.06.2021.,13:15:00,22,23,1,1,0,0,0,G,0,0
6496,23.06.2021.,13:20:00,22,23,1,1,0,0,0,G,0,0
6497,23.06.2021.,13:25:00,22,23,1,1,0,0,0,G,0,0
6498,23.06.2021.,13:30:00,22,23,1,1,0,0,0,G,0,0
6499,23.06.2021.,13:35:00,22,23,1,1,0,0,0,G,0,0
6500,23.06.2021.,13:40:00,22,23,1,1,0,0,0,G,0,0
6501,23.06.2021.,13:45:00,22,23,1,1,0,0,0,G,0,0
6502,23.06.2021.,13:50:00,22,23,1,1,0,0,0,G,0,0
6503,23.06.2021.,13:55:00,22,23,1,1,0,0,0,G,0,0
6504,23.06.2021.,14:00:00,22,23,1,1,0,0,0,G,0,0
6505,23.06.2021.,14:05:00,22,23,1,1,0,0,0,G,0,0
6506,23.06.2021.,14:10:00,22,23,1,1,0,0,0,G,0,0
6507,23.06.2021.,14:15:00,22,23,1,1,0,0,0,G,0,0
6508,23.06.2021.,14:20:00,22,23,1,1,0,0,0,G,0,0
6509,23.06.2021.,14:25:00,22,23,1,1,0,0,0,G,0,0
6510,23.06.2021.,14:30:00,22,23,1,1,0,0,0,G,0,0
6511,23.06.2021.,14:35:00,22,23,1,1,0,0,0,G,0,0
6512,23.06.2021.,14:40:00,22,23,1,1,0,0,0,G,0,0
6513,23.06.2021.,14:45:00,22,23,1,1,0,0,0,G,0,0
6514,23.06.2021.,14:50:00,22,23,1,1,0,0,0,G,0,0
6515,23.06.2021.,14:55:00,22,23,1,1,0,0,0,G,0,0
6516,23.06.2021.,15:00:00,22,23,1,1,0,0,0,G,0,0
6517,23.06.2021.,15:05:00,22,23,1,1,0,0,0,G,0,0
6518,23.06.2021.,15:10:00,22,23,1,1,0,0,0,G,0,0
6519,23.06.2021.,15:15:00,22,23,1,1,0,0,0,G,0,0
6520,23.06.2021.,15:20:00,22,23,1,1,0,0,0,G,0,0
6521,23.06.2021.,15:25:00,22,23,1,1,0,0,0,G,0,0
6522,23.06.2021.,15:30:00,22,23,1,1,0,0,0,G,0,0
6523,23.06.2021.,15:35:00,22,23,1,1,0,0,0,G,0,0
6524,23.06.2021.,15:40:00,22,23,1,1,0,0,0,G,0,0
6525,23.06.2021.,15:45:00,22,23,1,1,0,0,0,G,0,0
6526,23.06.2021.,15:50:00,22,23,1,1,0,0,0,G,0,0
6527,23.06.2021.,15:55:00,22,23,1,1,0,0,0,G,0,0
6528,23.06.2021.,16:00:00,22,23,1,1,0,0,0,G,0,0
6529,23.06.2021.,16:05:00,22,23,1,1,0,0,0,G,0,0
6530,23.06.2021.,16:10:00,22,23,1,1,0,0,0,G,0,0
6531,23.06.2021.,16:15:00,22,23,1,1,0,0,0,G,0,0
6532,23.06.2021.,16:20:00,22,23,1,1,0,0,0,G,0,0
6533,23.06.2021.,16:25:00,22,23,1,1,0,0,0,G,0,0
6534,23.06.2021.,16:30:00,22,23,1,1,0,0,0,G,0,0
6535,23.06.2021.,16:35:00,22,22,1,1,0,0,0,G,0,0
6536,23.06.2021.,16:40:00,22,22,1,1,0,0,0,G,0,0
6537,23.06.2021.,16:45:00,22,22,1,1,0,0,0,G,0,0
6538,23.06.2021.,16:50:00,22,22,1,1,0,0,0,G,0,0
6539,23.06.2021.,16:55:00,22,22,1,1,0,0,0,G,0,0
6540,23.06.2021.,17:00:00,22,22,1,1,0,0,0,G,0,0
6541,23.06.2021.,17:05:00,22,22,1,1,0,0,0,G,0,0
6542,23.06.2021.,17:10:00,22,22,1,1,0,0,0,G,0,0
6543,23.06.2021.,17:15:00,22,22,1,1,0,0,0,G,0,0
6544,23.06.2021.,17:20:00,22,22,1,1,0,0,0,G,0,0
6545,23.06.2021.,17:25:00,22,22,1,1,0,0,0,G,0,0
6546,23.06.2021.,17:30:00,22,22,1,1,0,0,0,G,0,0
6547,23.06.2021.,17:35:00,22,22,1,1,0,0,0,G,0,0
6548,23.06.2021.,17:40:00,22,22,1,1,0,0,0,G,0,0
6549,23.06.2021.,17:45:00,22,22,1,1,0,0,0,G,0,0
6550,23.06.2021.,17:50:00,22,22,1,1,0,0,0,G,0,0
6551,23.06.2021.,17:55:00,22,22,1,1,0,0,0,G,0,0
6552,23.06.2021.,18:00:00,22,22,1,0,0,0,0,G,0,0
6553,23.06.2021.,18:05:00,22,22,1,0,0,0,0,G,0,0
6554,23.06.2021.,18:10:00,22,22,1,0,0,0,0,G,0,0
6555,23.06.2021.,18:15:00,22,22,1,0,0,0,0,G,0,0
6556,23.06.2021.,18:20:00,22,22,1,0,0,0,0,G,0,0
6557,23.06.2021.,18:25:00,22,22,1,0,0,0,0,G,0,0
6558,23.06.2021.,18:30:00,22,22,1,0,0,0,0,G,0,0
6559,23.06.2021.,18:35:00,22,22,1,0,0,0,0,G,0,0
6560,23.06.2021.,18:40:00,22,22,1,0,0,0,0,G,0,0
6561,23.06.2021.,18:45:00,22,22,1,0,0,0,0,G,0,0
6562,23.06.2021.,18:50:00,22,22,1,1,0,0,0,G,0,0
6563,23.06.2021.,18:55:00,22,22,1,1,0,0,0,G,0,0
6564,23.06.2021.,19:00:00,22,22,1,1,0,0,0,G,0,0
6565,23.06.2021.,19:05:00,22,22,1,1,0,0,0,G,0,0
6566,23.06.2021.,19:10:00,22,22,1,1,0,0,0,G,0,0
6567,23.06.2021.,19:15:00,22,22,1,1,0,0,0,G,0,0
6568,23.06.2021.,19:20:00,22,22,1,1,0,0,0,G,0,0
6569,23.06.2021.,19:25:00,22,22,1,1,0,0,0,G,0,0
6570,23.06.2021.,19:30:00,22,22,1,1,0,0,0,G,0,0
6571,23.06.2021.,19:35:00,22,22,1,1,0,0,0,G,0,0
6572,23.06.2021.,19:40:00,22,22,1,1,0,0,0,G,0,0
6573,23.06.2021.,19:45:00,22,22,1,1,0,0,0,G,0,0
6574,23.06.2021.,19:50:00,22,22,1,1,0,0,0,G,0,0
6575,23.06.2021.,19:55:00,22,22,1,1,0,0,0,G,0,0
6576,23.06.2021.,20:00:00,22,22,1,0,0,0,0,G,0,0
6577,23.06.2021.,20:05:00,22,22,1,0,0,0,0,G,0,0
6578,23.06.2021.,20:10:00,22,22,1,0,0,0,0,G,0,0
6579,23.06.2021.,20:15:00,22,22,1,0,0,0,0,G,0,0
6580,23.06.2021.,20:20:00,22,22,1,0,0,0,0,G,0,0
6581,23.06.2021.,20:25:00,22,22,1,0,0,0,0,G,0,0
6582,23.06.2021.,20:30:00,22,22,1,0,0,0,0,G,0,0
6583,23.06.2021.,20:35:00,22,22,1,0,0,0,0,G,0,0
6584,23.06.2021.,20:40:00,22,22,1,0,0,0,0,G,0,0
6585,23.06.2021.,20:45:00,22,22,1,0,0,0,0,G,0,0
6586,23.06.2021.,20:50:00,22,22,1,0,0,0,0,G,0,0
6587,23.06.2021.,20:55:00,22,22,1,1,0,0,0,G,0,0
6588,23.06.2021.,21:00:00,22,22,1,1,0,0,0,G,0,0
6589,23.06.2021.,21:05:00,22,22,1,1,0,0,0,G,0,0
6590,23.06.2021.,21:10:00,22,22,1,1,0,0,0,G,0,0
6591,23.06.2021.,21:15:00,22,22,1,1,0,0,0,G,0,0
6592,23.06.2021.,21:20:00,22,22,1,1,0,0,0,G,0,0
6593,23.06.2021.,21:25:00,22,22,1,1,0,0,0,G,0,0
6594,23.06.2021.,21:30:00,22,22,1,1,0,0,0,G,0,0
6595,23.06.2021.,21:35:00,22,22,1,1,0,0,0,G,0,0
6596,23.06.2021.,21:40:00,22,22,1,1,0,0,0,G,0,0
6597,23.06.2021.,21:45:00,22,22,1,0,0,0,0,G,0,0
6598,23.06.2021.,21:50:00,22,22,1,0,0,0,0,G,0,0
6599,23.06.2021.,21:55:00,22,22,1,0,0,0,0,G,0,0
6600,23.06.2021.,22:00:00,22,22,1,0,0,0,0,G,0,0
6601,23.06.2021.,22:05:00,22,22,1,0,0,0,0,G,0,0
6602,23.06.2021.,22:10:00,22,22,1,0,0,0,0,G,0,0
6603,23.06.2021.,22:15:00,22,22,1,0,0,0,0,G,0,0
6604,23.06.2021.,22:20:00,22,22,1,0,0,0,0,G,0,0
6605,23.06.2021.,22:25:00,22,22,1,0,0,0,0,G,0,0
6606,23.06.2021.,22:30:00,22,22,1,0,0,0,0,G,0,0
6607,23.06.2021.,22:35:00,22,22,1,0,0,0,0,G,0,0
6608,23.06.2021.,22:40:00,22,22,1,0,0,0,0,G,0,0
6609,23.06.2021.,22:45:00,22,22,1,1,0,0,0,G,0,0
6610,23.06.2021.,22:50:00,22,22,1,1,0,0,0,G,0,0
6611,23.06.2021.,22:55:00,22,22,1,1,0,0,0,G,0,0
6612,23.06.2021.,23:00:00,22,22,1,1,0,0,0,G,0,0
6613,23.06.2021.,23:05:00,22,22,1,1,0,0,0,G,0,0
6614,23.06.2021.,23:10:00,22,22,1,1,0,0,0,G,0,0
6615,23.06.2021.,23:15:00,22,22,1,0,0,0,0,G,0,0
6616,23.06.2021.,23:20:00,22,22,1,0,0,0,0,G,0,0
6617,23.06.2021.,23:25:00,22,22,1,0,0,0,0,G,0,0
6618,23.06.2021.,23:30:00,22,22,1,0,0,0,0,G,0,0
6619,23.06.2021.,23:35:00,22,22,1,0,0,0,0,G,0,0
6620,23.06.2021.,23:40:00,22,22,1,0,0,0,0,G,0,0
6621,23.06.2021.,23:45:00,22,22,1,0,0,0,0,G,0,0
6622,23.06.2021.,23:50:00,22,22,1,0,0,0,0,G,0,0
6623,23.06.2021.,23:55:00,22,22,1,0,0,0,0,G,0,0
6624,24.06.2021.,00:00:00,22,22,1,0,0,0,0,G,0,0
6625,24.06.2021.,00:05:00,22,22,1,0,0,0,0,G,0,0
6626,24.06.2021.,00:10:00,22,22,1,0,0,0,0,G,0,0
6627,24.06.2021.,00:15:00,22,22,1,0,0,0,0,G,0,0
6628,24.06.2021.,00:20:00,22,22,1,1,0,0,0,G,0,0
6629,24.06.2021.,00:25:00,22,22,1,1,0,0,0,G,0,0
6630,24.06.2021.,00:30:00,22,22,1,1,0,0,0,G,0,0
6631,24.06.2021.,00:35:00,22,22,1,1,0,0,0,G,0,0
6632,24.06.2021.,00:40:00,22,22,1,1,0,0,0,G,0,0
6633,24.06.2021.,00:45:00,22,22,1,1,0,0,0,G,0,0
6634,24.06.2021.,00:50:00,22,22,1,1,0,0,0,G,0,0
6635,24.06.2021.,00:55:00,22,22,1,1,0,0,0,G,0,0
6636,24.06.2021.,01:00:00,22,22,1,0,0,0,0,G,0,0
6637,24.06.2021.,01:05:00,22,22,1,0,0,0,0,G,0,0
6638,24.06.2021.,01:10:00,22,22,1,0,0,0,0,G,0,0
6639,24.06.2021.,01:15:00,22,22,1,0,0,0,0,G,0,0
6640,24.06.2021.,01:20:00,22,22,1,0,0,0,0,G,0,0
6641,24.06.2021.,01:25:00,22,22,1,0,0,0,0,G,0,0
6642,24.06.2021.,01:30:00,22,22,1,0,0,0,0,G,0,0
6643,24.06.2021.,01:35:00,22,22,1,0,0,0,0,G,0,0
6644,24.06.2021.,01:40:00,22,22,1,0,0,0,0,G,0,0
6645,24.06.2021.,01:45:00,22,22,1,0,0,0,0,G,0,0
6646,24.06.2021.,01:50:00,22,22,1,0,0,0,0,G,0,0
6647,24.06.2021.,01:55:00,22,22,1,0,0,0,0,G,0,0
6648,24.06.2021.,02:00:00,22,22,1,0,0,0,0,G,0,0
6649,24.06.2021.,02:05:00,22,22,1,0,0,0,0,G,0,0
6650,24.06.2021.,02:10:00,22,22,1,0,0,0,0,G,0,0
6651,24.06.2021.,02:15:00,22,22,1,1,0,0,0,G,0,0
6652,24.06.2021.,02:20:00,22,22,1,1,0,0,0,G,0,0
6653,24.06.2021.,02:25:00,22,22,1,1,0,0,0,G,0,0
6654,24.06.2021.,02:30:00,22,22,1,1,0,0,0,G,0,0
6655,24.06.2021.,02:35:00,22,22,1,1,0,0,0,G,0,0
6656,24.06.2021.,02:40:00,22,22,1,1,0,0,0,G,0,0
6657,24.06.2021.,02:45:00,22,22,1,0,0,0,0,G,0,0
6658,24.06.2021.,02:50:00,22,22,1,0,0,0,0,G,0,0
6659,24.06.2021.,02:55:00,22,22,1,0,0,0,0,G,0,0
6660,24.06.2021.,03:00:00,22,22,1,0,0,0,0,G,0,0
6661,24.06.2021.,03:05:00,22,22,1,0,0,0,0,G,0,0
6662,24.06.2021.,03:10:00,22,22,1,0,0,0,0,G,0,0
6663,24.06.2021.,03:15:00,22,22,1,0,0,0,0,G,0,0
6664,24.06.2021.,03:20:00,22,22,1,0,0,0,0,G,0,0
6665,24.06.2021.,03:25:00,22,22,1,0,0,0,0,G,0,0
6666,24.06.2021.,03:30:00,22,22,1,0,0,0,0,G,0,0
6667,24.06.2021.,03:35:00,22,22,1,0,0,0,0,G,0,0
6668,24.06.2021.,03:40:00,22,22,1,0,0,0,0,G,0,0
6669,24.06.2021.,03:45:00,22,22,1,0,0,0,0,G,0,0
6670,24.06.2021.,03:50:00,22,22,1,0,0,0,0,G,0,0
6671,24.06.2021.,03:55:00,22,22,1,0,0,0,0,G,0,0
6672,24.06.2021.,04:00:00,22,22,1,0,0,0,0,G,0,0
6673,24.06.2021.,04:05:00,22,22,1,0,0,0,0,G,0,0
6674,24.06.2021.,04:10:00,22,22,1,0,0,0,0,G,0,0
6675,24.06.2021.,04:15:00,22,22,1,0,0,0,0,G,0,0
6676,24.06.2021.,04:20:00,22,22,1,0,0,0,0,G,0,0
6677,24.06.2021.,04:25:00,22,22,1,0,0,0,0,G,0,0
6678,24.06.2021.,04:30:00,22,22,1,0,0,0,0,G,0,0
6679,24.06.2021.,04:35:00,22,22,1,0,0,0,0,G,0,0
6680,24.06.2021.,04:40:00,22,22,1,0,0,0,0,G,0,0
6681,24.06.2021.,04:45:00,22,22,1,1,0,0,0,G,0,0
6682,24.06.2021.,04:50:00,22,22,1,1,0,0,0,G,0,0
6683,24.06.2021.,04:55:00,22,22,1,1,0,0,0,G,0,0
6684,24.06.2021.,05:00:00,22,22,1,1,0,0,0,G,0,0
6685,24.06.2021.,05:05:00,22,22,1,1,0,0,0,G,0,0
6686,24.06.2021.,05:10:00,22,22,1,1,0,0,0,G,0,0
6687,24.06.2021.,05:15:00,22,22,1,1,0,0,0,G,0,0
6688,24.06.2021.,05:20:00,22,22,1,0,0,0,0,G,0,0
6689,24.06.2021.,05:25:00,22,22,1,0,0,0,0,G,0,0
6690,24.06.2021.,05:30:00,22,22,1,0,0,0,0,G,0,0
6691,24.06.2021.,05:35:00,22,22,1,0,0,0,0,G,0,0
6692,24.06.2021.,05:40:00,22,22,1,0,0,0,0,G,0,0
6693,24.06.2021.,05:45:00,22,22,1,0,0,0,0,G,0,0
6694,24.06.2021.,05:50:00,22,22,1,0,0,0,0,G,0,0
6695,24.06.2021.,05:55:00,22,22,1,0,0,0,0,G,0,0
6696,24.06.2021.,06:00:00,22,22,1,0,0,0,0,G,0,0
6697,24.06.2021.,06:05:00,22,22,1,0,0,0,0,G,0,0
6698,24.06.2021.,06:10:00,22,22,1,0,0,0,0,G,0,0
6699,24.06.2021.,06:15:00,22,22,1,0,0,0,0,G,0,0
6700,24.06.2021.,06:20:00,22,22,1,0,0,0,0,G,0,0
6701,24.06.2021.,06:25:00,22,22,1,0,0,0,0,G,0,0
6702,24.06.2021.,06:30:00,22,22,1,0,0,0,0,G,0,0
6703,24.06.2021.,06:35:00,22,22,1,0,0,0,0,G,0,0
6704,24.06.2021.,06:40:00,22,22,1,0,0,0,0,G,0,0
6705,24.06.2021.,06:45:00,22,22,1,0,0,0,0,G,0,0
6706,24.06.2021.,06:50:00,22,22,1,0,0,0,0,G,0,0
6707,24.06.2021.,06:55:00,22,22,1,0,0,0,0,G,0,0
6708,24.06.2021.,07:00:00,22,22,1,0,0,0,0,G,0,0
6709,24.06.2021.,07:05:00,22,22,1,0,0,0,0,G,0,0
6710,24.06.2021.,07:10:00,22,22,1,0,0,0,0,G,0,0
6711,24.06.2021.,07:15:00,22,22,1,0,0,0,0,G,0,0
6712,24.06.2021.,07:20:00,22,22,1,0,0,0,0,G,0,0
6713,24.06.2021.,07:25:00,22,22,1,0,0,0,0,G,0,0
6714,24.06.2021.,07:30:00,22,22,1,0,0,0,0,G,0,0
6715,24.06.2021.,07:35:00,22,22,1,0,0,0,0,G,0,0
6716,24.06.2021.,07:40:00,22,22,1,0,0,0,0,G,0,0
6717,24.06.2021.,07:45:00,22,22,1,1,0,0,0,G,0,0
6718,24.06.2021.,07:50:00,22,22,1,1,0,0,0,G,0,0
6719,24.06.2021.,07:55:00,22,22,1,1,0,0,0,G,0,0
6720,24.06.2021.,08:00:00,22,22,1,1,0,0,0,G,0,0
6721,24.06.2021.,08:05:00,22,22,1,1,0,0,0,G,0,0
6722,24.06.2021.,08:10:00,22,22,1,1,0,0,0,G,0,0
6723,24.06.2021.,08:15:00,22,22,1,1,0,0,0,G,0,0
6724,24.06.2021.,08:20:00,22,22,1,1,0,0,0,G,0,0
6725,24.06.2021.,08:25:00,22,22,1,1,0,0,0,G,0,0
6726,24.06.2021.,08:30:00,22,22,1,1,0,0,0,G,0,0
6727,24.06.2021.,08:35:00,22,22,1,1,0,0,0,G,0,0
6728,24.06.2021.,08:40:00,22,22,1,1,0,0,0,G,0,0
6729,24.06.2021.,08:45:00,22,22,1,1,0,0,0,G,0,0
6730,24.06.2021.,08:50:00,22,22,1,1,0,0,0,G,0,0
6731,24.06.2021.,08:55:00,22,22,1,1,0,0,0,G,0,0
6732,24.06.2021.,09:00:00,22,22,1,1,0,0,0,G,0,0
6733,24.06.2021.,09:05:00,22,22,1,1,0,0,0,G,0,0
6734,24.06.2021.,09:10:00,22,22,1,1,0,0,0,G,0,0
6735,24.06.2021.,09:15:00,22,22,1,1,0,0,0,G,0,0
6736,24.06.2021.,09:20:00,22,22,1,1,0,0,0,G,0,0
6737,24.06.2021.,09:25:00,22,22,1,1,0,0,0,G,0,0
6738,24.06.2021.,09:30:00,22,22,1,1,0,0,0,G,0,0
6739,24.06.2021.,09:35:00,22,22,1,1,0,0,0,G,0,0
6740,24.06.2021.,09:40:00,22,22,1,1,0,0,0,G,0,0
6741,24.06.2021.,09:45:00,22,22,1,1,0,0,0,G,0,0
6742,24.06.2021.,09:50:00,22,22,1,1,0,0,0,G,0,0
6743,24.06.2021.,09:55:00,22,22,1,1,0,0,0,G,0,0
6744,24.06.2021.,10:00:00,22,22,1,1,0,0,0,G,0,0
6745,24.06.2021.,10:05:00,22,22,1,1,0,0,0,G,0,0
6746,24.06.2021.,10:10:00,22,22,1,1,0,0,0,G,0,0
6747,24.06.2021.,10:15:00,22,22,1,1,0,0,0,G,0,0
6748,24.06.2021.,10:20:00,22,22,1,1,0,0,0,G,0,0
6749,24.06.2021.,10:25:00,22,22,1,1,0,0,0,G,0,0
6750,24.06.2021.,10:30:00,22,22,1,1,0,0,0,G,0,0
6751,24.06.2021.,10:35:00,22,22,1,1,0,0,0,G,0,0
6752,24.06.2021.,10:40:00,22,23,1,1,0,0,0,G,0,0
6753,24.06.2021.,10:45:00,22,23,1,1,0,0,0,G,0,0
6754,24.06.2021.,10:50:00,22,23,1,1,0,0,0,G,0,0
6755,24.06.2021.,10:55:00,22,23,1,1,0,0,0,G,0,0
6756,24.06.2021.,11:00:00,22,23,1,1,0,0,0,G,0,0
6757,24.06.2021.,11:05:00,22,23,1,1,0,0,0,G,0,0
6758,24.06.2021.,11:10:00,22,23,1,1,0,0,0,G,0,0
6759,24.06.2021.,11:15:00,22,23,1,1,0,0,0,G,0,0
6760,24.06.2021.,11:20:00,22,23,1,1,0,0,0,G,0,0
6761,24.06.2021.,11:25:00,22,23,1,1,0,0,0,G,0,0
6762,24.06.2021.,11:30:00,22,23,1,1,0,0,0,G,0,0
6763,24.06.2021.,11:35:00,22,23,1,1,0,0,0,G,0,0
6764,24.06.2021.,11:40:00,22,23,1,1,0,0,0,G,0,0
6765,24.06.2021.,11:45:00,22,23,1,1,0,0,0,G,0,0
6766,24.06.2021.,11:50:00,22,23,1,1,0,0,0,G,0,0
6767,24.06.2021.,11:55:00,22,23,1,1,0,0,0,G,0,0
6768,24.06.2021.,12:00:00,22,23,1,1,0,0,0,G,0,0
6769,24.06.2021.,12:05:00,22,23,1,1,0,0,0,G,0,0
6770,24.06.2021.,12:10:00,22,23,1,1,0,0,0,G,0,0
6771,24.06.2021.,12:15:00,22,23,1,1,0,0,0,G,0,0
6772,24.06.2021.,12:20:00,22,23,1,1,0,0,0,G,0,0
6773,24.06.2021.,12:25:00,22,23,1,1,0,0,0,G,0,0
6774,24.06.2021.,12:30:00,22,23,1,1,0,0,0,G,0,0
6775,24.06.2021.,12:35:00,22,23,1,1,0,0,0,G,0,0
6776,24.06.2021.,12:40:00,22,23,1,1,0,0,0,G,0,0
6777,24.06.2021.,12:45:00,22,23,1,1,0,0,0,G,0,0
6778,24.06.2021.,12:50:00,22,23,1,1,0,0,0,G,0,0
6779,24.06.2021.,12:55:00,22,23,1,1,0,0,0,G,0,0
6780,24.06.2021.,13:00:00,22,23,1,1,0,0,0,G,0,0
6781,24.06.2021.,13:05:00,22,23,1,1,0,0,0,G,0,0
6782,24.06.2021.,13:10:00,22,23,1,1,0,0,0,G,0,0
6783,24.06.2021.,13:15:00,22,23,1,1,0,0,0,G,0,0
6784,24.06.2021.,13:20:00,22,23,1,1,0,0,0,G,0,0
6785,24.06.2021.,13:25:00,22,23,1,1,0,0,0,G,0,0
6786,24.06.2021.,13:30:00,22,23,1,1,0,0,0,G,0,0
6787,24.06.2021.,13:35:00,22,23,1,1,0,0,0,G,0,0
6788,24.06.2021.,13:40:00,22,23,1,1,0,0,0,G,0,0
6789,24.06.2021.,13:45:00,22,23,1,1,0,0,0,G,0,0
6790,24.06.2021.,13:50:00,22,23,1,1,0,0,0,G,0,0
6791,24.06.2021.,13:55:00,22,23,1,1,0,0,0,G,0,0
6792,24.06.2021.,14:00:00,22,23,1,1,0,0,0,H,0,0
6793,24.06.2021.,14:05:00,22,23,1,1,0,0,0,H,0,0
6794,24.06.2021.,14:10:00,22,23,1,1,0,0,0,H,0,0
6795,24.06.2021.,14:15:00,22,23,1,1,0,0,0,H,0,0
6796,24.06.2021.,14:20:00,22,23,1,1,0,0,0,H,0,0
6797,24.06.2021.,14:25:00,22,23,1,1,0,0,0,H,0,0
6798,24.06.2021.,14:30:00,22,23,1,1,0,0,0,H,0,0
6799,24.06.2021.,14:35:00,22,23,1,1,0,0,0,H,0,0
6800,24.06.2021.,14:40:00,22,23,1,1,0,0,0,H,0,0
6801,24.06.2021.,14:45:00,22,23,1,1,0,0,0,H,0,0
6802,24.06.2021.,14:50:00,22,23,1,1,0,0,0,H,0,0
6803,24.06.2021.,14:55:00,22,23,1,1,0,0,0,H,0,0
6804,24.06.2021.,15:00:00,22,23,1,1,0,0,0,H,0,0
6805,24.06.2021.,15:05:00,22,23,1,1,0,0,0,H,0,0
6806,24.06.2021.,15:10:00,22,23,1,1,0,0,0,H,0,0
6807,24.06.2021.,15:15:00,22,23,1,1,0,0,0,H,0,0
6808,24.06.2021.,15:20:00,22,23,1,1,0,0,0,H,0,0
6809,24.06.2021.,15:25:00,22,23,1,1,0,0,0,H,0,0
6810,24.06.2021.,15:30:00,22,23,1,1,0,0,0,H,0,0
6811,24.06.2021.,15:35:00,22,23,1,1,0,0,0,H,0,0
6812,24.06.2021.,15:40:00,22,23,1,1,0,0,0,H,0,0
6813,24.06.2021.,15:45:00,22,23,1,1,0,0,0,H,0,0
6814,24.06.2021.,15:50:00,22,22,1,1,0,0,0,H,0,0
6815,24.06.2021.,15:55:00,22,22,1,1,0,0,0,H,0,0
6816,24.06.2021.,16:00:00,22,22,1,1,0,0,0,H,0,0
6817,24.06.2021.,16:05:00,22,22,1,1,0,0,0,H,0,0
6818,24.06.2021.,16:10:00,22,22,1,1,0,0,0,H,0,0
6819,24.06.2021.,16:15:00,22,22,1,1,0,0,0,H,0,0
6820,24.06.2021.,16:20:00,22,22,1,1,0,0,0,H,0,0
6821,24.06.2021.,16:25:00,22,22,1,1,0,0,0,H,0,0
6822,24.06.2021.,16:30:00,22,22,1,1,0,0,0,H,0,0
6823,24.06.2021.,16:35:00,22,22,1,1,0,0,0,H,0,0
6824,24.06.2021.,16:40:00,22,22,1,1,0,0,0,H,0,0
6825,24.06.2021.,16:45:00,22,22,1,1,0,0,0,H,0,0
6826,24.06.2021.,16:50:00,22,22,1,1,0,0,0,H,0,0
6827,24.06.2021.,16:55:00,22,22,1,1,0,0,0,H,0,0
6828,24.06.2021.,17:00:00,22,22,1,1,0,0,0,H,0,0
6829,24.06.2021.,17:05:00,22,22,1,1,0,0,0,H,0,0
6830,24.06.2021.,17:10:00,22,22,1,0,0,0,0,H,0,0
6831,24.06.2021.,17:15:00,22,22,1,0,0,0,0,H,0,0
6832,24.06.2021.,17:20:00,22,22,1,0,0,0,0,H,0,0
6833,24.06.2021.,17:25:00,22,22,1,0,0,0,0,H,0,0
6834,24.06.2021.,17:30:00,22,22,1,0,0,0,0,H,0,0
6835,24.06.2021.,17:35:00,22,22,1,0,0,0,0,H,0,0
6836,24.06.2021.,17:40:00,22,22,1,0,0,0,0,H,0,0
6837,24.06.2021.,17:45:00,22,22,1,0,0,0,0,H,0,0
6838,24.06.2021.,17:50:00,22,22,1,0,0,0,0,H,0,0
6839,24.06.2021.,17:55:00,22,22,1,0,0,0,0,H,0,0
6840,24.06.2021.,18:00:00,22,22,1,1,0,0,0,H,0,0
6841,24.06.2021.,18:05:00,22,22,1,1,0,0,0,H,0,0
6842,24.06.2021.,18:10:00,22,22,1,1,0,0,0,H,0,0
6843,24.06.2021.,18:15:00,22,22,1,1,0,0,0,H,0,0
6844,24.06.2021.,18:20:00,22,22,1,1,0,0,0,H,0,0
6845,24.06.2021.,18:25:00,22,22,1,1,0,0,0,H,0,0
6846,24.06.2021.,18:30:00,22,22,1,1,0,0,0,H,0,0
6847,24.06.2021.,18:35:00,22,22,1,1,0,0,0,H,0,0
6848,24.06.2021.,18:40:00,22,22,1,1,0,0,0,H,0,0
6849,24.06.2021.,18:45:00,22,22,1,1,0,0,0,H,0,0
6850,24.06.2021.,18:50:00,22,22,1,1,0,0,0,H,0,0
6851,24.06.2021.,18:55:00,22,22,1,1,0,0,0,H,0,0
6852,24.06.2021.,19:00:00,22,22,1,1,0,0,0,H,0,0
6853,24.06.2021.,19:05:00,22,22,1,1,0,0,0,H,0,0
6854,24.06.2021.,19:10:00,22,22,1,1,0,0,0,H,0,0
6855,24.06.2021.,19:15:00,22,22,1,0,0,0,0,H,0,0
6856,24.06.2021.,19:20:00,22,22,1,0,0,0,0,H,0,0
6857,24.06.2021.,19:25:00,22,22,1,0,0,0,0,H,0,0
6858,24.06.2021.,19:30:00,22,22,1,0,0,0,0,H,0,0
6859,24.06.2021.,19:35:00,22,22,1,0,0,0,0,H,0,0
6860,24.06.2021.,19:40:00,22,22,1,0,0,0,0,H,0,0
6861,24.06.2021.,19:45:00,22,22,1,0,0,0,0,H,0,0
6862,24.06.2021.,19:50:00,22,22,1,0,0,0,0,H,0,0
6863,24.06.2021.,19:55:00,22,22,1,0,0,0,0,H,0,0
6864,24.06.2021.,20:00:00,22,22,1,0,0,0,0,H,0,0
6865,24.06.2021.,20:05:00,22,22,1,1,0,0,0,H,0,0
6866,24.06.2021.,20:10:00,22,22,1,1,0,0,0,H,0,0
6867,24.06.2021.,20:15:00,22,22,1,1,0,0,0,H,0,0
6868,24.06.2021.,20:20:00,22,22,1,1,0,0,0,H,0,0
6869,24.06.2021.,20:25:00,22,22,1,1,0,0,0,H,0,0
6870,24.06.2021.,20:30:00,22,22,1,1,0,0,0,H,0,0
6871,24.06.2021.,20:35:00,22,22,1,1,0,0,0,H,0,0
6872,24.06.2021.,20:40:00,22,22,1,1,0,0,0,H,0,0
6873,24.06.2021.,20:45:00,22,22,1,1,0,0,0,H,0,0
6874,24.06.2021.,20:50:00,22,22,1,1,0,0,0,H,0,0
6875,24.06.2021.,20:55:00,22,22,1,1,0,0,0,H,0,0
6876,24.06.2021.,21:00:00,22,22,1,1,0,0,0,H,0,0
6877,24.06.2021.,21:05:00,22,22,1,0,0,0,0,H,0,0
6878,24.06.2021.,21:10:00,22,22,1,0,0,0,0,H,0,0
6879,24.06.2021.,21:15:00,22,22,1,0,0,0,0,H,0,0
6880,24.06.2021.,21:20:00,22,22,1,0,0,0,0,H,0,0
6881,24.06.2021.,21:25:00,22,22,1,0,0,0,0,H,0,0
6882,24.06.2021.,21:30:00,22,22,1,1,0,0,0,H,0,0
6883,24.06.2021.,21:35:00,22,22,1,1,0,0,0,H,0,0
6884,24.06.2021.,21:40:00,22,22,1,1,0,0,0,H,0,0
6885,24.06.2021.,21:45:00,22,22,1,0,0,0,0,H,0,0
6886,24.06.2021.,21:50:00,22,22,1,0,0,0,0,H,0,0
6887,24.06.2021.,21:55:00,22,22,1,0,0,0,0,H,0,0
6888,24.06.2021.,22:00:00,22,22,1,0,0,0,0,H,0,0
6889,24.06.2021.,22:05:00,22,22,1,0,0,0,0,H,0,0
6890,24.06.2021.,22:10:00,22,22,1,0,0,0,0,H,0,0
6891,24.06.2021.,22:15:00,22,22,1,0,0,0,0,H,0,0
6892,24.06.2021.,22:20:00,22,22,1,0,0,0,0,H,0,0
6893,24.06.2021.,22:25:00,22,22,1,0,0,0,0,H,0,0
6894,24.06.2021.,22:30:00,22,22,1,0,0,0,0,H,0,0
6895,24.06.2021.,22:35:00,22,22,1,0,0,0,0,H,0,0
6896,24.06.2021.,22:40:00,22,22,1,0,0,0,0,H,0,0
6897,24.06.2021.,22:45:00,22,22,1,0,0,0,0,H,0,0
6898,24.06.2021.,22:50:00,22,22,1,0,0,0,0,H,0,0
6899,24.06.2021.,22:55:00,22,22,1,0,0,0,0,H,0,0
6900,24.06.2021.,23:00:00,22,22,1,0,0,0,0,H,0,0
6901,24.06.2021.,23:05:00,22,22,1,0,0,0,0,H,0,0
6902,24.06.2021.,23:10:00,22,22,1,0,0,0,0,H,0,0
6903,24.06.2021.,23:15:00,22,22,1,0,0,0,0,H,0,0
6904,24.06.2021.,23:20:00,22,22,1,0,0,0,0,H,0,0
6905,24.06.2021.,23:25:00,22,22,1,1,0,0,0,H,0,0
6906,24.06.2021.,23:30:00,22,22,1,1,0,0,0,H,0,0
6907,24.06.2021.,23:35:00,22,22,1,1,0,0,0,H,0,0
6908,24.06.2021.,23:40:00,22,22,1,1,0,0,0,H,0,0
6909,24.06.2021.,23:45:00,22,22,1,1,0,0,0,H,0,0
6910,24.06.2021.,23:50:00,22,22,1,1,0,0,0,H,0,0
6911,24.06.2021.,23:55:00,22,22,1,1,0,0,0,H,0,0
6912,25.06.2021.,00:00:00,22,22,1,0,0,0,0,H,0,0
6913,25.06.2021.,00:05:00,22,22,1,0,0,0,0,H,0,0
6914,25.06.2021.,00:10:00,22,22,1,0,0,0,0,H,0,0
6915,25.06.2021.,00:15:00,22,22,1,0,0,0,0,H,0,0
6916,25.06.2021.,00:20:00,22,22,1,0,0,0,0,H,0,0
6917,25.06.2021.,00:25:00,22,22,1,0,0,0,0,H,0,0
6918,25.06.2021.,00:30:00,22,22,1,0,0,0,0,H,0,0
6919,25.06.2021.,00:35:00,22,22,1,0,0,0,0,H,0,0
6920,25.06.2021.,00:40:00,22,22,1,0,0,0,0,H,0,0
6921,25.06.2021.,00:45:00,22,22,1,0,0,0,0,H,0,0
6922,25.06.2021.,00:50:00,22,22,1,0,0,0,0,H,0,0
6923,25.06.2021.,00:55:00,22,22,1,1,0,0,0,H,0,0
6924,25.06.2021.,01:00:00,22,22,1,1,0,0,0,H,0,0
6925,25.06.2021.,01:05:00,22,22,1,1,0,0,0,H,0,0
6926,25.06.2021.,01:10:00,22,22,1,1,0,0,0,H,0,0
6927,25.06.2021.,01:15:00,22,22,1,1,0,0,0,H,0,0
6928,25.06.2021.,01:20:00,22,22,1,1,0,0,0,H,0,0
6929,25.06.2021.,01:25:00,22,22,1,0,0,0,0,H,0,0
6930,25.06.2021.,01:30:00,22,22,1,0,0,0,0,H,0,0
6931,25.06.2021.,01:35:00,22,22,1,0,0,0,0,H,0,0
6932,25.06.2021.,01:40:00,22,22,1,0,0,0,0,H,0,0
6933,25.06.2021.,01:45:00,22,22,1,0,0,0,0,H,0,0
6934,25.06.2021.,01:50:00,22,22,1,0,0,0,0,H,0,0
6935,25.06.2021.,01:55:00,22,22,1,0,0,0,0,H,0,0
6936,25.06.2021.,02:00:00,22,22,1,0,0,0,0,H,0,0
6937,25.06.2021.,02:05:00,22,22,1,0,0,0,0,H,0,0
6938,25.06.2021.,02:10:00,22,22,1,0,0,0,0,H,0,0
6939,25.06.2021.,02:15:00,22,22,1,0,0,0,0,H,0,0
6940,25.06.2021.,02:20:00,22,22,1,0,0,0,0,H,0,0
6941,25.06.2021.,02:25:00,22,22,1,0,0,0,0,H,0,0
6942,25.06.2021.,02:30:00,22,22,1,0,0,0,0,H,0,0
6943,25.06.2021.,02:35:00,22,22,1,0,0,0,0,H,0,0
6944,25.06.2021.,02:40:00,22,22,1,0,0,0,0,H,0,0
6945,25.06.2021.,02:45:00,22,22,1,0,0,0,0,H,0,0
6946,25.06.2021.,02:50:00,22,22,1,0,0,0,0,H,0,0
6947,25.06.2021.,02:55:00,22,22,1,0,0,0,0,H,0,0
6948,25.06.2021.,03:00:00,22,22,1,0,0,0,0,H,0,0
6949,25.06.2021.,03:05:00,22,22,1,0,0,0,0,H,0,0
6950,25.06.2021.,03:10:00,22,22,1,1,0,0,0,H,0,0
6951,25.06.2021.,03:15:00,22,22,1,1,0,0,0,H,0,0
6952,25.06.2021.,03:20:00,22,22,1,1,0,0,0,H,0,0
6953,25.06.2021.,03:25:00,22,22,1,1,0,0,0,H,0,0
6954,25.06.2021.,03:30:00,22,22,1,1,0,0,0,H,0,0
6955,25.06.2021.,03:35:00,22,22,1,1,0,0,0,H,0,0
6956,25.06.2021.,03:40:00,22,22,1,0,0,0,0,H,0,0
6957,25.06.2021.,03:45:00,22,22,1,0,0,0,0,H,0,0
6958,25.06.2021.,03:50:00,22,22,1,0,0,0,0,H,0,0
6959,25.06.2021.,03:55:00,22,22,1,0,0,0,0,H,0,0
6960,25.06.2021.,04:00:00,22,22,1,0,0,0,0,H,0,0
6961,25.06.2021.,04:05:00,22,22,1,0,0,0,0,H,0,0
6962,25.06.2021.,04:10:00,22,22,1,0,0,0,0,H,0,0
6963,25.06.2021.,04:15:00,22,22,1,0,0,0,0,H,0,0
6964,25.06.2021.,04:20:00,22,22,1,0,0,0,0,H,0,0
6965,25.06.2021.,04:25:00,22,22,1,0,0,0,0,H,0,0
6966,25.06.2021.,04:30:00,22,22,1,0,0,0,0,H,0,0
6967,25.06.2021.,04:35:00,22,22,1,0,0,0,0,H,0,0
6968,25.06.2021.,04:40:00,22,22,1,0,0,0,0,H,0,0
6969,25.06.2021.,04:45:00,22,22,1,0,0,0,0,H,0,0
6970,25.06.2021.,04:50:00,22,22,1,0,0,0,0,H,0,0
6971,25.06.2021.,04:55:00,22,22,1,0,0,0,0,H,0,0
6972,25.06.2021.,05:00:00,22,22,1,0,0,0,0,H,0,0
6973,25.06.2021.,05:05:00,22,22,1,0,0,0,0,H,0,0
6974,25.06.2021.,05:10:00,22,22,1,0,0,0,0,H,0,0
6975,25.06.2021.,05:15:00,22,22,1,0,0,0,0,H,0,0
6976,25.06.2021.,05:20:00,22,22,1,0,0,0,0,H,0,0
6977,25.06.2021.,05:25:00,22,22,1,0,0,0,0,H,0,0
6978,25.06.2021.,05:30:00,22,22,1,1,0,0,0,H,0,0
6979,25.06.2021.,05:35:00,22,22,1,1,0,0,0,H,0,0
6980,25.06.2021.,05:40:00,22,22,1,1,0,0,0,H,0,0
6981,25.06.2021.,05:45:00,22,22,1,1,0,0,0,H,0,0
6982,25.06.2021.,05:50:00,22,22,1,1,0,0,0,H,0,0
6983,25.06.2021.,05:55:00,22,22,1,1,0,0,0,H,0,0
6984,25.06.2021.,06:00:00,22,22,1,1,0,0,0,H,0,0
6985,25.06.2021.,06:05:00,22,22,1,1,0,0,0,H,0,0
6986,25.06.2021.,06:10:00,22,22,1,0,0,0,0,H,0,0
6987,25.06.2021.,06:15:00,22,22,1,0,0,0,0,H,0,0
6988,25.06.2021.,06:20:00,22,22,1,0,0,0,0,H,0,0
6989,25.06.2021.,06:25:00,22,22,1,0,0,0,0,H,0,0
6990,25.06.2021.,06:30:00,22,22,1,0,0,0,0,H,0,0
6991,25.06.2021.,06:35:00,22,22,1,0,0,0,0,H,0,0
6992,25.06.2021.,06:40:00,22,22,1,0,0,0,0,H,0,0
6993,25.06.2021.,06:45:00,22,22,1,0,0,0,0,H,0,0
6994,25.06.2021.,06:50:00,22,22,1,0,0,0,0,H,0,0
6995,25.06.2021.,06:55:00,22,22,1,0,0,0,0,H,0,0
6996,25.06.2021.,07:00:00,22,22,1,0,0,0,0,H,0,0
6997,25.06.2021.,07:05:00,22,22,1,0,0,0,0,H,0,0
6998,25.06.2021.,07:10:00,22,22,1,0,0,0,0,H,0,0
6999,25.06.2021.,07:15:00,22,22,1,0,0,0,0,H,0,0
7000,25.06.2021.,07:20:00,22,22,1,0,0,0,0,H,0,0
7001,25.06.2021.,07:25:00,22,22,1,0,0,0,0,H,0,0
7002,25.06.2021.,07:30:00,22,22,1,0,0,0,0,H,0,0
7003,25.06.2021.,07:35:00,22,22,1,0,0,0,0,H,0,0
7004,25.06.2021.,07:40:00,22,22,1,0,0,0,0,H,0,0
7005,25.06.2021.,07:45:00,22,22,1,0,0,0,0,H,0,0
7006,25.06.2021.,07:50:00,22,22,1,0,0,0,0,H,0,0
7007,25.06.2021.,07:55:00,22,22,1,0,0,0,0,H,0,0
7008,25.06.2021.,08:00:00,22,22,1,0,0,0,0,H,0,0
7009,25.06.2021.,08:05:00,22,22,1,0,0,0,0,H,0,0
7010,25.06.2021.,08:10:00,22,22,1,0,0,0,0,H,0,0
7011,25.06.2021.,08:15:00,22,22,1,0,0,0,0,H,0,0
7012,25.06.2021.,08:20:00,22,22,1,0,0,0,0,H,0,0
7013,25.06.2021.,08:25:00,22,22,1,0,0,0,0,H,0,0
7014,25.06.2021.,08:30:00,22,22,1,0,0,0,0,H,0,0
7015,25.06.2021.,08:35:00,22,22,1,1,0,0,0,H,0,0
7016,25.06.2021.,08:40:00,22,22,1,1,0,0,0,H,0,0
7017,25.06.2021.,08:45:00,22,22,1,1,0,0,0,H,0,0
7018,25.06.2021.,08:50:00,22,22,1,1,0,0,0,H,0,0
7019,25.06.2021.,08:55:00,22,22,1,1,0,0,0,H,0,0
7020,25.06.2021.,09:00:00,22,22,1,1,0,0,0,H,0,0
7021,25.06.2021.,09:05:00,22,22,1,1,0,0,0,H,0,0
7022,25.06.2021.,09:10:00,22,22,1,1,0,0,0,H,0,0
7023,25.06.2021.,09:15:00,22,22,1,1,0,0,0,H,0,0
7024,25.06.2021.,09:20:00,22,22,1,1,0,0,0,H,0,0
7025,25.06.2021.,09:25:00,22,22,1,1,0,0,0,H,0,0
7026,25.06.2021.,09:30:00,22,22,1,1,0,0,0,H,0,0
7027,25.06.2021.,09:35:00,22,22,1,1,0,0,0,H,0,0
7028,25.06.2021.,09:40:00,22,22,1,1,0,0,0,H,0,0
7029,25.06.2021.,09:45:00,22,22,1,1,0,0,0,H,0,0
7030,25.06.2021.,09:50:00,22,22,1,1,0,0,0,H,0,0
7031,25.06.2021.,09:55:00,22,22,1,1,0,0,0,H,0,0
7032,25.06.2021.,10:00:00,22,22,1,1,0,0,0,H,0,0
7033,25.06.2021.,10:05:00,22,22,1,1,0,0,0,H,0,0
7034,25.06.2021.,10:10:00,22,22,1,1,0,0,0,H,0,0
7035,25.06.2021.,10:15:00,22,23,1,1,0,0,0,H,0,0
7036,25.06.2021.,10:20:00,22,23,1,1,0,0,0,H,0,0
7037,25.06.2021.,10:25:00,22,23,1,1,0,0,0,H,0,0
7038,25.06.2021.,10:30:00,22,23,1,1,0,0,0,H,0,0
7039,25.06.2021.,10:35:00,22,23,1,1,0,0,0,H,0,0
7040,25.06.2021.,10:40:00,22,23,1,1,0,0,0,H,0,0
7041,25.06.2021.,10:45:00,22,23,1,1,0,0,0,H,0,0
7042,25.06.2021.,10:50:00,22,23,1,1,0,0,0,H,0,0
7043,25.06.2021.,10:55:00,22,23,1,1,0,0,0,H,0,0
7044,25.06.2021.,11:00:00,22,23,1,1,0,0,0,H,0,0
7045,25.06.2021.,11:05:00,22,23,1,1,0,0,0,H,0,0
7046,25.06.2021.,11:10:00,22,23,1,1,0,0,0,H,0,0
7047,25.06.2021.,11:15:00,22,23,1,1,0,0,0,H,0,0
7048,25.06.2021.,11:20:00,22,23,1,1,0,0,0,H,0,0
7049,25.06.2021.,11:25:00,22,23,1,1,0,0,0,H,0,0
7050,25.06.2021.,11:30:00,22,23,1,1,0,0,0,H,0,0
7051,25.06.2021.,11:35:00,22,23,1,1,0,0,0,H,0,0
7052,25.06.2021.,11:40:00,22,23,1,1,0,0,0,H,0,0
7053,25.06.2021.,11:45:00,22,23,1,1,0,0,0,H,0,0
7054,25.06.2021.,11:50:00,22,23,1,1,0,0,0,H,0,0
7055,25.06.2021.,11:55:00,22,23,1,1,0,0,0,H,0,0
7056,25.06.2021.,12:00:00,22,23,1,1,0,0,0,H,0,0
7057,25.06.2021.,12:05:00,22,23,1,1,0,0,0,H,0,0
7058,25.06.2021.,12:10:00,22,23,1,1,0,0,0,H,0,0
7059,25.06.2021.,12:15:00,22,23,1,1,0,0,0,H,0,0
7060,25.06.2021.,12:20:00,22,23,1,1,0,0,0,H,0,0
7061,25.06.2021.,12:25:00,22,23,1,1,0,0,0,H,0,0
7062,25.06.2021.,12:30:00,22,23,1,1,0,0,0,H,0,0
7063,25.06.2021.,12:35:00,22,23,1,1,0,0,0,H,0,0
7064,25.06.2021.,12:40:00,22,23,1,1,0,0,0,H,0,0
7065,25.06.2021.,12:45:00,22,23,1,1,0,0,0,H,0,0
7066,25.06.2021.,12:50:00,22,23,1,1,0,0,0,H,0,0
7067,25.06.2021.,12:55:00,22,23,1,1,0,0,0,H,0,0
7068,25.06.2021.,13:00:00,22,23,1,1,0,0,0,H,0,0
7069,25.06.2021.,13:05:00,22,23,1,1,0,0,0,H,0,0
7070,25.06.2021.,13:10:00,22,23,1,1,0,0,0,H,0,0
7071,25.06.2021.,13:15:00,22,23,1,1,0,0,0,H,0,0
7072,25.06.2021.,13:20:00,22,23,1,1,0,0,0,H,0,0
7073,25.06.2021.,13:25:00,22,23,1,1,0,0,0,H,0,0
7074,25.06.2021.,13:30:00,22,23,1,1,0,0,0,H,0,0
7075,25.06.2021.,13:35:00,22,23,1,1,0,0,0,H,0,0
7076,25.06.2021.,13:40:00,22,23,1,1,0,0,0,H,0,0
7077,25.06.2021.,13:45:00,22,23,1,1,0,0,0,H,0,0
7078,25.06.2021.,13:50:00,22,23,1,1,0,0,0,H,0,0
7079,25.06.2021.,13:55:00,22,23,1,1,0,0,0,H,0,0
7080,25.06.2021.,14:00:00,22,23,1,1,0,0,0,H,0,0
7081,25.06.2021.,14:05:00,22,23,1,1,0,0,0,H,0,0
7082,25.06.2021.,14:10:00,22,23,1,1,0,0,0,H,0,0
7083,25.06.2021.,14:15:00,22,23,1,1,0,0,0,H,0,0
7084,25.06.2021.,14:20:00,22,23,1,1,0,0,0,H,0,0
7085,25.06.2021.,14:25:00,22,23,1,1,0,0,0,H,0,0
7086,25.06.2021.,14:30:00,22,23,1,1,0,0,0,H,0,0
7087,25.06.2021.,14:35:00,22,23,1,1,0,0,0,H,0,0
7088,25.06.2021.,14:40:00,22,23,1,1,0,0,0,H,0,0
7089,25.06.2021.,14:45:00,22,23,1,1,0,0,0,H,0,0
7090,25.06.2021.,14:50:00,22,23,1,1,0,0,0,H,0,0
7091,25.06.2021.,14:55:00,22,23,1,1,0,1,0,H,0,0
7092,25.06.2021.,15:00:00,22,23,1,1,0,1,0,H,0,0
7093,25.06.2021.,15:05:00,22,23,1,1,0,1,0,H,0,0
7094,25.06.2021.,15:10:00,22,23,1,1,0,0,0,H,0,0
7095,25.06.2021.,15:15:00,22,23,1,1,0,0,0,H,0,0
7096,25.06.2021.,15:20:00,22,23,1,1,0,0,0,H,0,0
7097,25.06.2021.,15:25:00,22,23,1,1,0,0,0,H,0,0
7098,25.06.2021.,15:30:00,22,23,1,1,0,0,0,H,0,0
7099,25.06.2021.,15:35:00,22,23,1,1,0,0,0,H,0,0
7100,25.06.2021.,15:40:00,22,23,1,1,0,0,0,H,0,0
7101,25.06.2021.,15:45:00,22,23,1,1,0,0,0,H,0,0
7102,25.06.2021.,15:50:00,22,23,1,1,0,0,0,H,0,0
7103,25.06.2021.,15:55:00,22,22,1,1,0,0,0,H,0,0
7104,25.06.2021.,16:00:00,22,22,1,1,0,0,0,H,0,0
7105,25.06.2021.,16:05:00,22,22,1,1,0,0,0,H,0,0
7106,25.06.2021.,16:10:00,22,22,1,1,0,0,0,H,0,0
7107,25.06.2021.,16:15:00,22,22,1,1,0,0,0,H,0,0
7108,25.06.2021.,16:20:00,22,22,1,1,0,0,0,H,0,0
7109,25.06.2021.,16:25:00,22,22,1,1,0,0,0,H,0,0
7110,25.06.2021.,16:30:00,22,22,1,1,0,0,0,H,0,0
7111,25.06.2021.,16:35:00,22,22,1,1,0,0,0,H,0,0
7112,25.06.2021.,16:40:00,22,22,1,1,0,0,0,H,0,0
7113,25.06.2021.,16:45:00,22,22,1,1,0,0,0,H,0,0
7114,25.06.2021.,16:50:00,22,22,1,0,0,0,0,H,0,0
7115,25.06.2021.,16:55:00,22,22,1,0,0,0,0,H,0,0
7116,25.06.2021.,17:00:00,22,22,1,0,0,0,0,H,0,0
7117,25.06.2021.,17:05:00,22,22,1,0,0,0,0,H,0,0
7118,25.06.2021.,17:10:00,22,22,1,0,0,0,0,H,0,0
7119,25.06.2021.,17:15:00,22,22,1,0,0,0,0,H,0,0
7120,25.06.2021.,17:20:00,22,22,1,0,0,0,0,H,0,0
7121,25.06.2021.,17:25:00,22,22,1,0,0,0,0,H,0,0
7122,25.06.2021.,17:30:00,22,22,1,0,0,0,0,H,0,0
7123,25.06.2021.,17:35:00,22,22,1,0,0,0,0,H,0,0
7124,25.06.2021.,17:40:00,22,22,1,0,0,0,0,H,0,0
7125,25.06.2021.,17:45:00,22,22,1,0,0,0,0,H,0,0
7126,25.06.2021.,17:50:00,22,22,1,0,0,0,0,H,0,0
7127,25.06.2021.,17:55:00,22,22,1,1,0,0,0,H,0,0
7128,25.06.2021.,18:00:00,22,22,1,1,0,0,0,H,0,0
7129,25.06.2021.,18:05:00,22,22,1,1,0,0,0,H,0,0
7130,25.06.2021.,18:10:00,22,22,1,1,0,0,0,H,0,0
7131,25.06.2021.,18:15:00,22,22,1,1,0,0,0,H,0,0
7132,25.06.2021.,18:20:00,22,22,1,1,0,0,0,H,0,0
7133,25.06.2021.,18:25:00,22,22,1,1,0,0,0,H,0,0
7134,25.06.2021.,18:30:00,22,22,1,1,0,0,0,H,0,0
7135,25.06.2021.,18:35:00,22,22,1,1,0,0,0,H,0,0
7136,25.06.2021.,18:40:00,22,22,1,1,0,0,0,H,0,0
7137,25.06.2021.,18:45:00,22,22,1,0,0,0,0,H,0,0
7138,25.06.2021.,18:50:00,22,22,1,0,0,0,0,H,0,0
7139,25.06.2021.,18:55:00,22,22,1,0,0,0,0,H,0,0
7140,25.06.2021.,19:00:00,22,22,1,0,0,0,0,H,0,0
7141,25.06.2021.,19:05:00,22,22,1,0,0,0,0,H,0,0
7142,25.06.2021.,19:10:00,22,22,1,0,0,0,0,H,0,0
7143,25.06.2021.,19:15:00,22,22,1,0,0,0,0,H,0,0
7144,25.06.2021.,19:20:00,22,22,1,0,0,0,0,H,0,0
7145,25.06.2021.,19:25:00,22,22,1,0,0,0,0,H,0,0
7146,25.06.2021.,19:30:00,22,22,1,1,0,0,0,H,0,0
7147,25.06.2021.,19:35:00,22,22,1,1,0,0,0,H,0,0
7148,25.06.2021.,19:40:00,22,22,1,1,0,0,0,H,0,0
7149,25.06.2021.,19:45:00,22,22,1,1,0,0,0,H,0,0
7150,25.06.2021.,19:50:00,22,22,1,1,0,0,0,H,0,0
7151,25.06.2021.,19:55:00,22,22,1,1,0,0,0,H,0,0
7152,25.06.2021.,20:00:00,22,22,1,1,0,0,0,H,0,0
7153,25.06.2021.,20:05:00,22,22,1,0,0,0,0,H,0,0
7154,25.06.2021.,20:10:00,22,22,1,0,0,0,0,H,0,0
7155,25.06.2021.,20:15:00,22,22,1,0,0,0,0,H,0,0
7156,25.06.2021.,20:20:00,22,22,1,0,0,0,0,H,0,0
7157,25.06.2021.,20:25:00,22,22,1,0,0,0,0,H,0,0
7158,25.06.2021.,20:30:00,22,22,1,0,0,0,0,H,0,0
7159,25.06.2021.,20:35:00,22,22,1,0,0,0,0,H,0,0
7160,25.06.2021.,20:40:00,22,22,1,0,0,0,0,H,0,0
7161,25.06.2021.,20:45:00,22,22,1,0,0,0,0,H,0,0
7162,25.06.2021.,20:50:00,22,22,1,0,0,0,0,H,0,0
7163,25.06.2021.,20:55:00,22,22,1,0,0,0,0,H,0,0
7164,25.06.2021.,21:00:00,22,22,1,0,0,0,0,H,0,0
7165,25.06.2021.,21:05:00,22,22,1,0,0,0,0,H,0,0
7166,25.06.2021.,21:10:00,22,22,1,0,0,0,0,H,0,0
7167,25.06.2021.,21:15:00,22,22,1,0,0,0,0,H,0,0
7168,25.06.2021.,21:20:00,22,22,1,0,0,0,0,H,0,0
7169,25.06.2021.,21:25:00,22,22,1,0,0,0,0,H,0,0
7170,25.06.2021.,21:30:00,22,22,1,0,0,0,0,H,0,0
7171,25.06.2021.,21:35:00,22,22,1,0,0,0,0,H,0,0
7172,25.06.2021.,21:40:00,22,22,1,0,0,0,0,H,0,0
7173,25.06.2021.,21:45:00,22,22,1,0,0,0,0,H,0,0
7174,25.06.2021.,21:50:00,22,22,1,0,0,0,0,H,0,0
7175,25.06.2021.,21:55:00,22,22,1,0,0,0,0,H,0,0
7176,25.06.2021.,22:00:00,22,22,1,0,0,0,0,H,0,0
7177,25.06.2021.,22:05:00,22,22,1,0,0,0,0,H,0,0
7178,25.06.2021.,22:10:00,22,22,1,1,0,0,0,H,0,0
7179,25.06.2021.,22:15:00,22,22,1,1,0,0,0,H,0,0
7180,25.06.2021.,22:20:00,22,22,1,1,0,0,0,H,0,0
7181,25.06.2021.,22:25:00,22,22,1,1,0,0,0,H,0,0
7182,25.06.2021.,22:30:00,22,22,1,1,0,0,0,H,0,0
7183,25.06.2021.,22:35:00,22,22,1,1,0,0,0,H,0,0
7184,25.06.2021.,22:40:00,22,22,1,0,0,0,0,H,0,0
7185,25.06.2021.,22:45:00,22,22,1,0,0,0,0,H,0,0
7186,25.06.2021.,22:50:00,22,22,1,0,0,0,0,H,0,0
7187,25.06.2021.,22:55:00,22,22,1,0,0,0,0,H,0,0
7188,25.06.2021.,23:00:00,22,22,1,0,0,0,0,H,0,0
7189,25.06.2021.,23:05:00,22,22,1,0,0,0,0,H,0,0
7190,25.06.2021.,23:10:00,22,22,1,0,0,0,0,H,0,0
7191,25.06.2021.,23:15:00,22,22,1,0,0,0,0,H,0,0
7192,25.06.2021.,23:20:00,22,22,1,0,0,0,0,H,0,0
7193,25.06.2021.,23:25:00,22,22,1,0,0,0,0,H,0,0
7194,25.06.2021.,23:30:00,22,22,1,0,0,0,0,H,0,0
7195,25.06.2021.,23:35:00,22,22,1,0,0,0,0,H,0,0
7196,25.06.2021.,23:40:00,22,22,1,0,0,0,0,H,0,0
7197,25.06.2021.,23:45:00,22,22,1,0,0,0,0,H,0,0
7198,25.06.2021.,23:50:00,22,22,1,0,0,0,0,H,0,0
7199,25.06.2021.,23:55:00,22,22,1,0,0,0,0,H,0,0
7200,26.06.2021.,00:00:00,22,22,1,0,0,0,0,H,0,0
7201,26.06.2021.,00:05:00,22,22,1,0,0,0,0,H,0,0
7202,26.06.2021.,00:10:00,22,22,1,1,0,0,0,H,0,0
7203,26.06.2021.,00:15:00,22,22,1,1,0,0,0,H,0,0
7204,26.06.2021.,00:20:00,22,22,1,1,0,0,0,H,0,0
7205,26.06.2021.,00:25:00,22,22,1,1,0,0,0,H,0,0
7206,26.06.2021.,00:30:00,22,22,1,1,0,0,0,H,0,0
7207,26.06.2021.,00:35:00,22,22,1,1,0,0,0,H,0,0
7208,26.06.2021.,00:40:00,22,22,1,0,0,0,0,H,0,0
7209,26.06.2021.,00:45:00,22,22,1,0,0,0,0,H,0,0
7210,26.06.2021.,00:50:00,22,22,1,0,0,0,0,H,0,0
7211,26.06.2021.,00:55:00,22,22,1,0,0,0,0,H,0,0
7212,26.06.2021.,01:00:00,22,22,1,0,0,0,0,H,0,0
7213,26.06.2021.,01:05:00,22,22,1,0,0,0,0,H,0,0
7214,26.06.2021.,01:10:00,22,22,1,0,0,0,0,H,0,0
7215,26.06.2021.,01:15:00,22,22,1,0,0,0,0,H,0,0
7216,26.06.2021.,01:20:00,22,22,1,0,0,0,0,H,0,0
7217,26.06.2021.,01:25:00,22,22,1,0,0,0,0,H,0,0
7218,26.06.2021.,01:30:00,22,22,1,0,0,0,0,H,0,0
7219,26.06.2021.,01:35:00,22,22,1,0,0,0,0,H,0,0
7220,26.06.2021.,01:40:00,22,22,1,0,0,0,0,H,0,0
7221,26.06.2021.,01:45:00,22,22,1,0,0,0,0,H,0,0
7222,26.06.2021.,01:50:00,22,22,1,0,0,0,0,H,0,0
7223,26.06.2021.,01:55:00,22,22,1,0,0,0,0,H,0,0
7224,26.06.2021.,02:00:00,22,22,1,0,0,0,0,H,0,0
7225,26.06.2021.,02:05:00,22,22,1,0,0,0,0,H,0,0
7226,26.06.2021.,02:10:00,22,22,1,0,0,0,0,H,0,0
7227,26.06.2021.,02:15:00,22,22,1,0,0,0,0,H,0,0
7228,26.06.2021.,02:20:00,22,22,1,0,0,0,0,H,0,0
7229,26.06.2021.,02:25:00,22,22,1,0,0,0,0,H,0,0
7230,26.06.2021.,02:30:00,22,22,1,0,0,0,0,H,0,0
7231,26.06.2021.,02:35:00,22,22,1,0,0,0,0,H,0,0
7232,26.06.2021.,02:40:00,22,22,1,0,0,0,0,H,0,0
7233,26.06.2021.,02:45:00,22,22,1,0,0,0,0,H,0,0
7234,26.06.2021.,02:50:00,22,22,1,0,0,0,0,H,0,0
7235,26.06.2021.,02:55:00,22,22,1,0,0,0,0,H,0,0
7236,26.06.2021.,03:00:00,22,22,1,0,0,0,0,H,0,0
7237,26.06.2021.,03:05:00,22,22,1,1,0,0,0,H,0,0
7238,26.06.2021.,03:10:00,22,22,1,1,0,0,0,H,0,0
7239,26.06.2021.,03:15:00,22,22,1,1,0,0,0,H,0,0
7240,26.06.2021.,03:20:00,22,22,1,1,0,0,0,H,0,0
7241,26.06.2021.,03:25:00,22,22,1,0,0,0,0,H,0,0
7242,26.06.2021.,03:30:00,22,22,1,0,0,0,0,H,0,0
7243,26.06.2021.,03:35:00,22,22,1,0,0,0,0,H,0,0
7244,26.06.2021.,03:40:00,22,22,1,0,0,0,0,H,0,0
7245,26.06.2021.,03:45:00,22,22,1,0,0,0,0,H,0,0
7246,26.06.2021.,03:50:00,22,22,1,0,0,0,0,H,0,0
7247,26.06.2021.,03:55:00,22,22,1,0,0,0,0,H,0,0
7248,26.06.2021.,04:00:00,22,22,1,0,0,0,0,H,0,0
7249,26.06.2021.,04:05:00,22,22,1,0,0,0,0,H,0,0
7250,26.06.2021.,04:10:00,22,22,1,0,0,0,0,H,0,0
7251,26.06.2021.,04:15:00,22,22,1,0,0,0,0,H,0,0
7252,26.06.2021.,04:20:00,22,22,1,0,0,0,0,H,0,0
7253,26.06.2021.,04:25:00,22,22,1,0,0,0,0,H,0,0
7254,26.06.2021.,04:30:00,22,22,1,0,0,0,0,H,0,0
7255,26.06.2021.,04:35:00,22,22,1,0,0,0,0,H,0,0
7256,26.06.2021.,04:40:00,22,22,1,0,0,0,0,H,0,0
7257,26.06.2021.,04:45:00,22,22,1,0,0,0,0,H,0,0
7258,26.06.2021.,04:50:00,22,22,1,0,0,0,0,H,0,0
7259,26.06.2021.,04:55:00,22,22,1,0,0,0,0,H,0,0
7260,26.06.2021.,05:00:00,22,22,1,0,0,0,0,H,0,0
7261,26.06.2021.,05:05:00,22,22,1,0,0,0,0,H,0,0
7262,26.06.2021.,05:10:00,22,22,1,0,0,0,0,H,0,0
7263,26.06.2021.,05:15:00,22,22,1,0,0,0,0,H,0,0
7264,26.06.2021.,05:20:00,22,22,1,0,0,0,0,H,0,0
7265,26.06.2021.,05:25:00,22,22,1,0,0,0,0,H,0,0
7266,26.06.2021.,05:30:00,22,22,1,0,0,0,0,H,0,0
7267,26.06.2021.,05:35:00,22,22,1,0,0,0,0,H,0,0
7268,26.06.2021.,05:40:00,22,22,1,0,0,0,0,H,0,0
7269,26.06.2021.,05:45:00,22,22,1,0,0,0,0,H,0,0
7270,26.06.2021.,05:50:00,22,22,1,0,0,0,0,H,0,0
7271,26.06.2021.,05:55:00,22,22,1,0,0,0,0,H,0,0
7272,26.06.2021.,06:00:00,22,22,1,0,0,0,0,H,0,0
7273,26.06.2021.,06:05:00,22,22,1,0,0,0,0,H,0,0
7274,26.06.2021.,06:10:00,22,22,1,0,0,0,0,H,0,0
7275,26.06.2021.,06:15:00,22,22,1,1,0,0,0,H,0,0
7276,26.06.2021.,06:20:00,22,22,1,1,0,0,0,H,0,0
7277,26.06.2021.,06:25:00,22,22,1,1,0,0,0,H,0,0
7278,26.06.2021.,06:30:00,22,22,1,1,0,0,0,H,0,0
7279,26.06.2021.,06:35:00,22,22,1,1,0,0,0,H,0,0
7280,26.06.2021.,06:40:00,22,22,1,1,0,0,0,H,0,0
7281,26.06.2021.,06:45:00,22,22,1,0,0,0,0,H,0,0
7282,26.06.2021.,06:50:00,22,22,1,0,0,0,0,H,0,0
7283,26.06.2021.,06:55:00,22,22,1,0,0,0,0,H,0,0
7284,26.06.2021.,07:00:00,22,22,1,0,0,0,0,H,0,0
7285,26.06.2021.,07:05:00,22,22,1,0,0,0,0,H,0,0
7286,26.06.2021.,07:10:00,22,22,1,0,0,0,0,H,0,0
7287,26.06.2021.,07:15:00,22,22,1,0,0,0,0,H,0,0
7288,26.06.2021.,07:20:00,22,22,1,0,0,0,0,H,0,0
7289,26.06.2021.,07:25:00,22,22,1,0,0,0,0,H,0,0
7290,26.06.2021.,07:30:00,22,22,1,0,0,0,0,H,0,0
7291,26.06.2021.,07:35:00,22,22,1,0,0,0,0,H,0,0
7292,26.06.2021.,07:40:00,22,22,1,0,0,0,0,H,0,0
7293,26.06.2021.,07:45:00,22,22,1,0,0,0,0,H,0,0
7294,26.06.2021.,07:50:00,22,22,1,0,0,0,0,H,0,0
7295,26.06.2021.,07:55:00,22,22,1,0,0,0,0,H,0,0
7296,26.06.2021.,08:00:00,22,22,1,0,0,0,0,H,0,0
7297,26.06.2021.,08:05:00,22,22,1,0,0,0,0,H,0,0
7298,26.06.2021.,08:10:00,22,22,1,0,0,0,0,H,0,0
7299,26.06.2021.,08:15:00,22,22,1,0,0,0,0,H,0,0
7300,26.06.2021.,08:20:00,22,22,1,0,0,0,0,H,0,0
7301,26.06.2021.,08:25:00,22,22,1,0,0,0,0,H,0,0
7302,26.06.2021.,08:30:00,22,22,1,0,0,0,0,H,0,0
7303,26.06.2021.,08:35:00,22,22,1,0,0,0,0,H,0,0
7304,26.06.2021.,08:40:00,22,22,1,0,0,0,0,H,0,0
7305,26.06.2021.,08:45:00,22,22,1,1,0,0,0,H,0,0
7306,26.06.2021.,08:50:00,22,22,1,1,0,0,0,H,0,0
7307,26.06.2021.,08:55:00,22,22,1,1,0,0,0,H,0,0
7308,26.06.2021.,09:00:00,22,22,1,1,0,0,0,H,0,0
7309,26.06.2021.,09:05:00,22,22,1,1,0,0,0,H,0,0
7310,26.06.2021.,09:10:00,22,22,1,1,0,0,0,H,0,0
7311,26.06.2021.,09:15:00,22,22,1,1,0,0,0,H,0,0
7312,26.06.2021.,09:20:00,22,22,1,1,0,0,0,H,0,0
7313,26.06.2021.,09:25:00,22,22,1,1,0,0,0,H,0,0
7314,26.06.2021.,09:30:00,22,22,1,1,0,0,0,H,0,0
7315,26.06.2021.,09:35:00,22,22,1,1,0,0,0,H,0,0
7316,26.06.2021.,09:40:00,22,22,1,1,0,0,0,H,0,0
7317,26.06.2021.,09:45:00,22,22,1,1,0,0,0,H,0,0
7318,26.06.2021.,09:50:00,22,22,1,1,0,0,0,H,0,0
7319,26.06.2021.,09:55:00,22,22,1,1,0,0,0,H,0,0
7320,26.06.2021.,10:00:00,22,22,1,1,0,0,0,H,0,0
7321,26.06.2021.,10:05:00,22,22,1,1,0,0,0,H,0,0
7322,26.06.2021.,10:10:00,22,22,1,1,0,0,0,H,0,0
7323,26.06.2021.,10:15:00,22,23,1,1,0,0,0,H,0,0
7324,26.06.2021.,10:20:00,22,23,1,1,0,0,0,H,0,0
7325,26.06.2021.,10:25:00,22,23,1,1,0,0,0,H,0,0
7326,26.06.2021.,10:30:00,22,23,1,1,0,0,0,H,0,0
7327,26.06.2021.,10:35:00,22,23,1,1,0,0,0,H,0,0
7328,26.06.2021.,10:40:00,22,23,1,1,0,0,0,H,0,0
7329,26.06.2021.,10:45:00,22,23,1,1,0,0,0,H,0,0
7330,26.06.2021.,10:50:00,22,23,1,1,0,0,0,H,0,0
7331,26.06.2021.,10:55:00,22,23,1,1,0,0,0,H,0,0
7332,26.06.2021.,11:00:00,22,23,1,1,0,0,0,H,0,0
7333,26.06.2021.,11:05:00,22,23,1,1,0,0,0,H,0,0
7334,26.06.2021.,11:10:00,22,23,1,1,0,0,0,H,0,0
7335,26.06.2021.,11:15:00,22,23,1,1,0,0,0,H,0,0
7336,26.06.2021.,11:20:00,22,23,1,1,0,0,0,H,0,0
7337,26.06.2021.,11:25:00,22,23,1,1,0,0,0,H,0,0
7338,26.06.2021.,11:30:00,22,23,1,1,0,0,0,H,0,0
7339,26.06.2021.,11:35:00,22,23,1,1,0,0,0,H,0,0
7340,26.06.2021.,11:40:00,22,23,1,1,0,0,0,H,0,0
7341,26.06.2021.,11:45:00,22,23,1,1,0,0,0,H,0,0
7342,26.06.2021.,11:50:00,22,23,1,1,0,0,0,H,0,0
7343,26.06.2021.,11:55:00,22,23,1,1,0,0,0,H,0,0
7344,26.06.2021.,12:00:00,22,23,1,1,0,0,0,H,0,0
7345,26.06.2021.,12:05:00,22,23,1,1,0,0,0,H,0,0
7346,26.06.2021.,12:10:00,22,23,1,1,0,0,0,H,0,0
7347,26.06.2021.,12:15:00,22,23,1,1,0,0,0,H,0,0
7348,26.06.2021.,12:20:00,22,23,1,1,0,0,0,H,0,0
7349,26.06.2021.,12:25:00,22,23,1,1,0,0,0,H,0,0
7350,26.06.2021.,12:30:00,22,23,1,1,0,0,0,H,0,0
7351,26.06.2021.,12:35:00,22,23,1,1,0,0,0,H,0,0
7352,26.06.2021.,12:40:00,22,23,1,1,0,0,0,H,0,0
7353,26.06.2021.,12:45:00,22,23,1,1,0,0,0,H,0,0
7354,26.06.2021.,12:50:00,22,23,1,1,0,0,0,H,0,0
7355,26.06.2021.,12:55:00,22,23,1,1,0,0,0,H,0,0
7356,26.06.2021.,13:00:00,22,23,1,1,0,0,0,H,0,0
7357,26.06.2021.,13:05:00,22,23,1,1,0,0,0,H,0,0
7358,26.06.2021.,13:10:00,22,23,1,1,0,0,0,H,0,0
7359,26.06.2021.,13:15:00,22,23,1,1,0,0,0,H,0,0
7360,26.06.2021.,13:20:00,22,23,1,1,0,0,0,H,0,0
7361,26.06.2021.,13:25:00,22,23,1,1,0,0,0,H,0,0
7362,26.06.2021.,13:30:00,22,23,1,1,0,0,0,H,0,0
7363,26.06.2021.,13:35:00,22,23,1,1,0,0,0,H,0,0
7364,26.06.2021.,13:40:00,22,23,1,1,0,0,0,H,0,0
7365,26.06.2021.,13:45:00,22,23,1,1,0,0,0,H,0,0
7366,26.06.2021.,13:50:00,22,23,1,1,0,0,0,H,0,0
7367,26.06.2021.,13:55:00,22,23,1,1,0,0,0,H,0,0
7368,26.06.2021.,14:00:00,22,23,1,1,0,0,0,H,0,0
7369,26.06.2021.,14:05:00,22,23,1,1,0,0,0,H,0,0
7370,26.06.2021.,14:10:00,22,23,1,1,0,0,0,H,0,0
7371,26.06.2021.,14:15:00,22,23,1,1,0,0,0,H,0,0
7372,26.06.2021.,14:20:00,22,23,1,1,0,0,0,H,0,0
7373,26.06.2021.,14:25:00,22,23,1,1,0,0,0,H,0,0
7374,26.06.2021.,14:30:00,22,23,1,1,0,0,0,H,0,0
7375,26.06.2021.,14:35:00,22,23,1,1,0,0,0,H,0,0
7376,26.06.2021.,14:40:00,22,23,1,1,0,0,0,H,0,0
7377,26.06.2021.,14:45:00,22,23,1,1,0,0,0,H,0,0
7378,26.06.2021.,14:50:00,22,23,1,1,0,0,0,H,0,0
7379,26.06.2021.,14:55:00,22,23,1,1,0,0,0,H,0,0
7380,26.06.2021.,15:00:00,22,22,1,1,0,0,0,H,0,0
7381,26.06.2021.,15:05:00,22,22,1,1,0,0,0,H,0,0
7382,26.06.2021.,15:10:00,22,22,1,1,0,0,0,H,0,0
7383,26.06.2021.,15:15:00,22,22,1,1,0,0,0,H,0,0
7384,26.06.2021.,15:20:00,22,22,1,1,0,0,0,H,0,0
7385,26.06.2021.,15:25:00,22,22,1,1,0,0,0,H,0,0
7386,26.06.2021.,15:30:00,22,22,1,1,0,0,0,H,0,0
7387,26.06.2021.,15:35:00,22,22,1,1,0,0,0,H,0,0
7388,26.06.2021.,15:40:00,22,22,1,1,0,0,0,H,0,0
7389,26.06.2021.,15:45:00,22,22,1,1,0,0,0,H,0,0
7390,26.06.2021.,15:50:00,22,22,1,1,0,0,0,H,0,0
7391,26.06.2021.,15:55:00,22,22,1,1,0,0,0,H,0,0
7392,26.06.2021.,16:00:00,22,22,1,1,0,0,0,H,0,0
7393,26.06.2021.,16:05:00,22,22,1,0,0,0,0,H,0,0
7394,26.06.2021.,16:10:00,22,22,1,0,0,0,0,H,0,0
7395,26.06.2021.,16:15:00,22,22,1,0,0,0,0,H,0,0
7396,26.06.2021.,16:20:00,22,22,1,0,0,0,0,H,0,0
7397,26.06.2021.,16:25:00,22,22,1,0,0,0,0,H,0,0
7398,26.06.2021.,16:30:00,22,22,1,0,0,0,0,H,0,0
7399,26.06.2021.,16:35:00,22,22,1,0,0,0,0,H,0,0
7400,26.06.2021.,16:40:00,22,22,1,0,0,0,0,H,0,0
7401,26.06.2021.,16:45:00,22,22,1,1,0,0,0,H,0,0
7402,26.06.2021.,16:50:00,22,22,1,1,0,0,0,H,0,0
7403,26.06.2021.,16:55:00,22,22,1,1,0,0,0,H,0,0
7404,26.06.2021.,17:00:00,22,22,1,1,0,0,0,H,0,0
7405,26.06.2021.,17:05:00,22,22,1,1,0,0,0,H,0,0
7406,26.06.2021.,17:10:00,22,22,1,1,0,0,0,H,0,0
7407,26.06.2021.,17:15:00,22,22,1,1,0,0,0,H,0,0
7408,26.06.2021.,17:20:00,22,22,1,1,0,0,0,H,0,0
7409,26.06.2021.,17:25:00,22,22,1,1,0,0,0,H,0,0
7410,26.06.2021.,17:30:00,22,22,1,1,0,0,0,H,0,0
7411,26.06.2021.,17:35:00,22,22,1,1,0,0,0,H,0,0
7412,26.06.2021.,17:40:00,22,22,1,0,0,0,0,H,0,0
7413,26.06.2021.,17:45:00,22,22,1,0,0,0,0,H,0,0
7414,26.06.2021.,17:50:00,22,22,1,0,0,0,0,H,0,0
7415,26.06.2021.,17:55:00,22,22,1,0,0,0,0,H,0,0
7416,26.06.2021.,18:00:00,22,22,1,0,0,0,0,H,0,0
7417,26.06.2021.,18:05:00,22,22,1,0,0,0,0,H,0,0
7418,26.06.2021.,18:10:00,22,22,1,0,0,0,0,H,0,0
7419,26.06.2021.,18:15:00,22,22,1,0,0,0,0,H,0,0
7420,26.06.2021.,18:20:00,22,22,1,0,0,0,0,H,0,0
7421,26.06.2021.,18:25:00,22,22,1,0,0,0,0,H,0,0
7422,26.06.2021.,18:30:00,22,22,1,0,0,0,0,H,0,0
7423,26.06.2021.,18:35:00,22,22,1,0,0,0,0,H,0,0
7424,26.06.2021.,18:40:00,22,22,1,0,0,0,0,H,0,0
7425,26.06.2021.,18:45:00,22,22,1,1,0,0,0,H,0,0
7426,26.06.2021.,18:50:00,22,22,1,1,0,0,0,H,0,0
7427,26.06.2021.,18:55:00,22,22,1,1,0,0,0,H,0,0
7428,26.06.2021.,19:00:00,22,22,1,1,0,0,0,H,0,0
7429,26.06.2021.,19:05:00,22,22,1,1,0,0,0,H,0,0
7430,26.06.2021.,19:10:00,22,22,1,1,0,0,0,H,0,0
7431,26.06.2021.,19:15:00,22,22,1,1,0,0,0,H,0,0
7432,26.06.2021.,19:20:00,22,22,1,1,0,0,0,H,0,0
7433,26.06.2021.,19:25:00,22,22,1,1,0,0,0,H,0,0
7434,26.06.2021.,19:30:00,22,22,1,0,0,0,0,H,0,0
7435,26.06.2021.,19:35:00,22,22,1,0,0,0,0,H,0,0
7436,26.06.2021.,19:40:00,22,22,1,0,0,0,0,H,0,0
7437,26.06.2021.,19:45:00,22,22,1,0,0,0,0,H,0,0
7438,26.06.2021.,19:50:00,22,22,1,0,0,0,0,H,0,0
7439,26.06.2021.,19:55:00,22,22,1,0,0,0,0,H,0,0
7440,26.06.2021.,20:00:00,22,22,1,0,0,0,0,H,0,0
7441,26.06.2021.,20:05:00,22,22,1,0,0,0,0,H,0,0
7442,26.06.2021.,20:10:00,22,22,1,0,0,0,0,H,0,0
7443,26.06.2021.,20:15:00,22,22,1,1,0,0,0,H,0,0
7444,26.06.2021.,20:20:00,22,22,1,1,0,0,0,H,0,0
7445,26.06.2021.,20:25:00,22,22,1,1,0,0,0,H,0,0
7446,26.06.2021.,20:30:00,22,22,1,1,0,0,0,H,0,0
7447,26.06.2021.,20:35:00,22,22,1,1,0,0,0,H,0,0
7448,26.06.2021.,20:40:00,22,22,1,1,0,0,0,H,0,0
7449,26.06.2021.,20:45:00,22,22,1,0,0,0,0,H,0,0
7450,26.06.2021.,20:50:00,22,22,1,0,0,0,0,H,0,0
7451,26.06.2021.,20:55:00,22,22,1,0,0,0,0,H,0,0
7452,26.06.2021.,21:00:00,22,22,1,0,0,0,0,H,0,0
7453,26.06.2021.,21:05:00,22,22,1,0,0,0,0,H,0,0
7454,26.06.2021.,21:10:00,22,22,1,0,0,0,0,H,0,0
7455,26.06.2021.,21:15:00,22,22,1,0,0,0,0,H,0,0
7456,26.06.2021.,21:20:00,22,22,1,0,0,0,0,H,0,0
7457,26.06.2021.,21:25:00,22,22,1,0,0,0,0,H,0,0
7458,26.06.2021.,21:30:00,22,22,1,0,0,0,0,H,0,0
7459,26.06.2021.,21:35:00,22,22,1,0,0,0,0,H,0,0
7460,26.06.2021.,21:40:00,22,22,1,0,0,0,0,H,0,0
7461,26.06.2021.,21:45:00,22,22,1,0,0,0,0,H,0,0
7462,26.06.2021.,21:50:00,22,22,1,0,0,0,0,H,0,0
7463,26.06.2021.,21:55:00,22,22,1,0,0,0,0,H,0,0
7464,26.06.2021.,22:00:00,22,22,1,0,0,0,0,H,0,0
7465,26.06.2021.,22:05:00,22,22,1,0,0,0,0,H,0,0
7466,26.06.2021.,22:10:00,22,22,1,0,0,0,0,H,0,0
7467,26.06.2021.,22:15:00,22,22,1,0,0,0,0,H,0,0
7468,26.06.2021.,22:20:00,22,22,1,0,0,0,0,H,0,0
7469,26.06.2021.,22:25:00,22,22,1,0,0,0,0,H,0,0
7470,26.06.2021.,22:30:00,22,22,1,0,0,0,0,H,0,0
7471,26.06.2021.,22:35:00,22,22,1,0,0,0,0,H,0,0
7472,26.06.2021.,22:40:00,22,22,1,0,0,0,0,H,0,0
7473,26.06.2021.,22:45:00,22,22,1,0,0,0,0,H,0,0
7474,26.06.2021.,22:50:00,22,22,1,0,0,0,0,H,0,0
7475,26.06.2021.,22:55:00,22,22,1,0,0,0,0,H,0,0
7476,26.06.2021.,23:00:00,22,22,1,0,0,0,0,H,0,0
7477,26.06.2021.,23:05:00,22,22,1,0,0,0,0,H,0,0
7478,26.06.2021.,23:10:00,22,22,1,0,0,0,0,H,0,0
7479,26.06.2021.,23:15:00,22,22,1,0,0,0,0,H,0,0
7480,26.06.2021.,23:20:00,22,22,1,0,0,0,0,H,0,0
7481,26.06.2021.,23:25:00,22,22,1,0,0,0,0,H,0,0
7482,26.06.2021.,23:30:00,22,22,1,0,0,0,0,H,0,0
7483,26.06.2021.,23:35:00,22,22,1,0,0,0,0,H,0,0
7484,26.06.2021.,23:40:00,22,22,1,0,0,0,0,H,0,0
7485,26.06.2021.,23:45:00,22,22,1,0,0,0,0,H,0,0
7486,26.06.2021.,23:50:00,22,22,1,1,0,0,0,H,0,0
7487,26.06.2021.,23:55:00,22,22,1,1,0,0,0,H,0,0
7488,27.06.2021.,00:00:00,22,22,1,1,0,0,0,H,0,0
7489,27.06.2021.,00:05:00,22,22,1,1,0,0,0,H,0,0
7490,27.06.2021.,00:10:00,22,22,1,1,0,0,0,H,0,0
7491,27.06.2021.,00:15:00,22,22,1,1,0,0,0,H,0,0
7492,27.06.2021.,00:20:00,22,22,1,1,0,0,0,H,0,0
7493,27.06.2021.,00:25:00,22,22,1,0,0,0,0,H,0,0
7494,27.06.2021.,00:30:00,22,22,1,0,0,0,0,H,0,0
7495,27.06.2021.,00:35:00,22,22,1,0,0,0,0,H,0,0
7496,27.06.2021.,00:40:00,22,22,1,0,0,0,0,H,0,0
7497,27.06.2021.,00:45:00,22,22,1,0,0,0,0,H,0,0
7498,27.06.2021.,00:50:00,22,22,1,0,0,0,0,H,0,0
7499,27.06.2021.,00:55:00,22,22,1,0,0,0,0,H,0,0
7500,27.06.2021.,01:00:00,22,22,1,0,0,0,0,H,0,0
7501,27.06.2021.,01:05:00,22,22,1,0,0,0,0,H,0,0
7502,27.06.2021.,01:10:00,22,22,1,0,0,0,0,H,0,0
7503,27.06.2021.,01:15:00,22,22,1,0,0,0,0,H,0,0
7504,27.06.2021.,01:20:00,22,22,1,0,0,0,0,H,0,0
7505,27.06.2021.,01:25:00,22,22,1,0,0,0,0,H,0,0
7506,27.06.2021.,01:30:00,22,22,1,0,0,0,0,H,0,0
7507,27.06.2021.,01:35:00,22,22,1,0,0,0,0,H,0,0
7508,27.06.2021.,01:40:00,22,22,1,0,0,0,0,H,0,0
7509,27.06.2021.,01:45:00,22,22,1,1,0,0,0,H,0,0
7510,27.06.2021.,01:50:00,22,22,1,1,0,0,0,H,0,0
7511,27.06.2021.,01:55:00,22,22,1,1,0,0,0,H,0,0
7512,27.06.2021.,02:00:00,22,22,1,1,0,0,0,H,0,0
7513,27.06.2021.,02:05:00,22,22,1,1,0,0,0,H,0,0
7514,27.06.2021.,02:10:00,22,22,1,0,0,0,0,H,0,0
7515,27.06.2021.,02:15:00,22,22,1,0,0,0,0,H,0,0
7516,27.06.2021.,02:20:00,22,22,1,0,0,0,0,H,0,0
7517,27.06.2021.,02:25:00,22,22,1,0,0,0,0,H,0,0
7518,27.06.2021.,02:30:00,22,22,1,0,0,0,0,H,0,0
7519,27.06.2021.,02:35:00,22,22,1,0,0,0,0,H,0,0
7520,27.06.2021.,02:40:00,22,22,1,0,0,0,0,H,0,0
7521,27.06.2021.,02:45:00,22,22,1,0,0,0,0,H,0,0
7522,27.06.2021.,02:50:00,22,22,1,0,0,0,0,H,0,0
7523,27.06.2021.,02:55:00,22,22,1,0,0,0,0,H,0,0
7524,27.06.2021.,03:00:00,22,22,1,0,0,0,0,H,0,0
7525,27.06.2021.,03:05:00,22,22,1,0,0,0,0,H,0,0
7526,27.06.2021.,03:10:00,22,22,1,0,0,0,0,H,0,0
7527,27.06.2021.,03:15:00,22,22,1,0,0,0,0,H,0,0
7528,27.06.2021.,03:20:00,22,22,1,0,0,0,0,H,0,0
7529,27.06.2021.,03:25:00,22,22,1,0,0,0,0,H,0,0
7530,27.06.2021.,03:30:00,22,22,1,0,0,0,0,H,0,0
7531,27.06.2021.,03:35:00,22,22,1,0,0,0,0,H,0,0
7532,27.06.2021.,03:40:00,22,22,1,0,0,0,0,H,0,0
7533,27.06.2021.,03:45:00,22,22,1,0,0,0,0,H,0,0
7534,27.06.2021.,03:50:00,22,22,1,0,0,0,0,H,0,0
7535,27.06.2021.,03:55:00,22,22,1,0,0,0,0,H,0,0
7536,27.06.2021.,04:00:00,22,22,1,0,0,0,0,H,0,0
7537,27.06.2021.,04:05:00,22,22,1,0,0,0,0,H,0,0
7538,27.06.2021.,04:10:00,22,22,1,0,0,0,0,H,0,0
7539,27.06.2021.,04:15:00,22,22,1,0,0,0,0,H,0,0
7540,27.06.2021.,04:20:00,22,22,1,0,0,0,0,H,0,0
7541,27.06.2021.,04:25:00,22,22,1,0,0,0,0,H,0,0
7542,27.06.2021.,04:30:00,22,22,1,0,0,0,0,H,0,0
7543,27.06.2021.,04:35:00,22,22,1,0,0,0,0,H,0,0
7544,27.06.2021.,04:40:00,22,22,1,0,0,0,0,H,0,0
7545,27.06.2021.,04:45:00,22,22,1,1,0,0,0,H,0,0
7546,27.06.2021.,04:50:00,22,22,1,1,0,0,0,H,0,0
7547,27.06.2021.,04:55:00,22,22,1,1,0,0,0,H,0,0
7548,27.06.2021.,05:00:00,22,22,1,1,0,0,0,H,0,0
7549,27.06.2021.,05:05:00,22,22,1,1,0,0,0,H,0,0
7550,27.06.2021.,05:10:00,22,22,1,0,0,0,0,H,0,0
7551,27.06.2021.,05:15:00,22,22,1,0,0,0,0,H,0,0
7552,27.06.2021.,05:20:00,22,22,1,0,0,0,0,H,0,0
7553,27.06.2021.,05:25:00,22,22,1,0,0,0,0,H,0,0
7554,27.06.2021.,05:30:00,22,22,1,0,0,0,0,H,0,0
7555,27.06.2021.,05:35:00,22,22,1,0,0,0,0,H,0,0
7556,27.06.2021.,05:40:00,22,22,1,0,0,0,0,H,0,0
7557,27.06.2021.,05:45:00,22,22,1,0,0,0,0,H,0,0
7558,27.06.2021.,05:50:00,22,22,1,0,0,0,0,H,0,0
7559,27.06.2021.,05:55:00,22,22,1,0,0,0,0,H,0,0
7560,27.06.2021.,06:00:00,22,22,1,0,0,0,0,H,0,0
7561,27.06.2021.,06:05:00,22,22,1,0,0,0,0,H,0,0
7562,27.06.2021.,06:10:00,22,22,1,0,0,0,0,H,0,0
7563,27.06.2021.,06:15:00,22,22,1,0,0,0,0,H,0,0
7564,27.06.2021.,06:20:00,22,22,1,0,0,0,0,H,0,0
7565,27.06.2021.,06:25:00,22,22,1,0,0,0,0,H,0,0
7566,27.06.2021.,06:30:00,22,22,1,0,0,0,0,H,0,0
7567,27.06.2021.,06:35:00,22,22,1,0,0,0,0,H,0,0
7568,27.06.2021.,06:40:00,22,22,1,0,0,0,0,H,0,0
7569,27.06.2021.,06:45:00,22,22,1,0,0,0,0,H,0,0
7570,27.06.2021.,06:50:00,22,22,1,0,0,0,0,H,0,0
7571,27.06.2021.,06:55:00,22,22,1,0,0,0,0,H,0,0
7572,27.06.2021.,07:00:00,22,22,1,0,0,0,0,H,0,0
7573,27.06.2021.,07:05:00,22,22,1,0,0,0,0,H,0,0
7574,27.06.2021.,07:10:00,22,22,1,0,0,0,0,H,0,0
7575,27.06.2021.,07:15:00,22,22,1,0,0,0,0,H,0,0
7576,27.06.2021.,07:20:00,22,22,1,0,0,0,0,H,0,0
7577,27.06.2021.,07:25:00,22,22,1,0,0,0,0,H,0,0
7578,27.06.2021.,07:30:00,22,22,1,0,0,0,0,H,0,0
7579,27.06.2021.,07:35:00,22,22,1,0,0,0,0,H,0,0
7580,27.06.2021.,07:40:00,22,22,1,0,0,0,0,H,0,0
7581,27.06.2021.,07:45:00,22,22,1,0,0,0,0,H,0,0
7582,27.06.2021.,07:50:00,22,22,1,0,0,0,0,H,0,0
7583,27.06.2021.,07:55:00,22,22,1,0,0,0,0,H,0,0
7584,27.06.2021.,08:00:00,22,22,1,0,0,0,0,H,0,0
7585,27.06.2021.,08:05:00,22,22,1,0,0,0,0,H,0,0
7586,27.06.2021.,08:10:00,22,22,1,0,0,0,0,H,0,0
7587,27.06.2021.,08:15:00,22,22,1,0,0,0,0,H,0,0
7588,27.06.2021.,08:20:00,22,22,1,0,0,0,0,H,0,0
7589,27.06.2021.,08:25:00,22,22,1,0,0,0,0,H,0,0
7590,27.06.2021.,08:30:00,22,22,1,0,0,0,0,H,0,0
7591,27.06.2021.,08:35:00,22,22,1,0,0,0,0,H,0,0
7592,27.06.2021.,08:40:00,22,22,1,1,0,0,0,H,0,0
7593,27.06.2021.,08:45:00,22,22,1,1,0,0,0,H,0,0
7594,27.06.2021.,08:50:00,22,22,1,1,0,0,0,H,0,0
7595,27.06.2021.,08:55:00,22,22,1,1,0,0,0,H,0,0
7596,27.06.2021.,09:00:00,22,22,1,1,0,0,0,H,0,0
7597,27.06.2021.,09:05:00,22,22,1,1,0,0,0,H,0,0
7598,27.06.2021.,09:10:00,22,22,1,1,0,0,0,H,0,0
7599,27.06.2021.,09:15:00,22,22,1,1,0,0,0,H,0,0
7600,27.06.2021.,09:20:00,22,22,1,1,0,0,0,H,0,0
7601,27.06.2021.,09:25:00,22,22,1,1,0,0,0,H,0,0
7602,27.06.2021.,09:30:00,22,22,1,1,0,0,0,H,0,0
7603,27.06.2021.,09:35:00,22,22,1,1,0,0,0,H,0,0
7604,27.06.2021.,09:40:00,22,22,1,1,0,0,0,H,0,0
7605,27.06.2021.,09:45:00,22,22,1,1,0,0,0,H,0,0
7606,27.06.2021.,09:50:00,22,22,1,1,0,0,0,H,0,0
7607,27.06.2021.,09:55:00,22,22,1,1,0,0,0,H,0,0
7608,27.06.2021.,10:00:00,22,23,1,1,0,0,0,H,0,0
7609,27.06.2021.,10:05:00,22,23,1,1,0,0,0,H,0,0
7610,27.06.2021.,10:10:00,22,23,1,1,0,0,0,H,0,0
7611,27.06.2021.,10:15:00,22,23,1,1,0,0,0,H,0,0
7612,27.06.2021.,10:20:00,22,23,1,1,0,0,0,H,0,0
7613,27.06.2021.,10:25:00,22,23,1,1,0,0,0,H,0,0
7614,27.06.2021.,10:30:00,22,23,1,1,0,0,0,H,0,0
7615,27.06.2021.,10:35:00,22,23,1,1,0,0,0,H,0,0
7616,27.06.2021.,10:40:00,22,23,1,1,0,0,0,H,0,0
7617,27.06.2021.,10:45:00,22,23,1,1,0,0,0,H,0,0
7618,27.06.2021.,10:50:00,22,23,1,1,0,0,0,H,0,0
7619,27.06.2021.,10:55:00,22,23,1,1,0,0,0,H,0,0
7620,27.06.2021.,11:00:00,22,23,1,1,0,0,0,H,0,0
7621,27.06.2021.,11:05:00,22,23,1,1,0,0,0,H,0,0
7622,27.06.2021.,11:10:00,22,23,1,1,0,0,0,H,0,0
7623,27.06.2021.,11:15:00,22,23,1,1,0,0,0,H,0,0
7624,27.06.2021.,11:20:00,22,23,1,1,0,0,0,H,0,0
7625,27.06.2021.,11:25:00,22,23,1,1,0,0,0,H,0,0
7626,27.06.2021.,11:30:00,22,23,1,1,0,0,0,H,0,0
7627,27.06.2021.,11:35:00,22,23,1,1,0,0,0,H,0,0
7628,27.06.2021.,11:40:00,22,23,1,1,0,0,0,H,0,0
7629,27.06.2021.,11:45:00,22,23,1,1,0,0,0,H,0,0
7630,27.06.2021.,11:50:00,22,23,1,1,0,0,0,H,0,0
7631,27.06.2021.,11:55:00,22,23,1,1,0,0,0,H,0,0
7632,27.06.2021.,12:00:00,22,23,1,1,0,0,0,H,0,0
7633,27.06.2021.,12:05:00,22,23,1,1,0,0,0,H,0,0
7634,27.06.2021.,12:10:00,22,23,1,1,0,0,0,H,0,0
7635,27.06.2021.,12:15:00,22,23,1,1,0,0,0,H,0,0
7636,27.06.2021.,12:20:00,22,23,1,1,0,0,0,H,0,0
7637,27.06.2021.,12:25:00,22,23,1,1,0,0,0,H,0,0
7638,27.06.2021.,12:30:00,22,23,1,1,0,0,0,H,0,0
7639,27.06.2021.,12:35:00,22,23,1,1,0,0,0,H,0,0
7640,27.06.2021.,12:40:00,22,23,1,1,0,0,0,H,0,0
7641,27.06.2021.,12:45:00,22,23,1,1,0,0,0,H,0,0
7642,27.06.2021.,12:50:00,22,23,1,1,0,0,0,H,0,0
7643,27.06.2021.,12:55:00,22,23,1,1,0,0,0,H,0,0
7644,27.06.2021.,13:00:00,22,23,1,1,0,0,0,H,0,0
7645,27.06.2021.,13:05:00,22,23,1,1,0,0,0,H,0,0
7646,27.06.2021.,13:10:00,22,23,1,1,0,0,0,H,0,0
7647,27.06.2021.,13:15:00,22,23,1,1,0,0,0,H,0,0
7648,27.06.2021.,13:20:00,22,23,1,1,0,0,0,H,0,0
7649,27.06.2021.,13:25:00,22,23,1,1,0,0,0,H,0,0
7650,27.06.2021.,13:30:00,22,23,1,1,0,0,0,H,0,0
7651,27.06.2021.,13:35:00,22,23,1,1,0,0,0,H,0,0
7652,27.06.2021.,13:40:00,22,23,1,1,0,0,0,H,0,0
7653,27.06.2021.,13:45:00,22,23,1,1,0,0,0,H,0,0
7654,27.06.2021.,13:50:00,22,23,1,1,0,0,0,H,0,0
7655,27.06.2021.,13:55:00,22,23,1,1,0,0,0,H,0,0
7656,27.06.2021.,14:00:00,22,23,1,1,0,0,0,H,0,0
7657,27.06.2021.,14:05:00,22,23,1,1,0,0,0,H,0,0
7658,27.06.2021.,14:10:00,22,23,1,1,0,0,0,H,0,0
7659,27.06.2021.,14:15:00,22,23,1,1,0,0,0,H,0,0
7660,27.06.2021.,14:20:00,22,23,1,1,0,0,0,H,0,0
7661,27.06.2021.,14:25:00,22,23,1,1,0,0,0,H,0,0
7662,27.06.2021.,14:30:00,22,23,1,1,0,0,0,H,0,0
7663,27.06.2021.,14:35:00,22,23,1,1,0,0,0,H,0,0
7664,27.06.2021.,14:40:00,22,23,1,1,0,0,0,H,0,0
7665,27.06.2021.,14:45:00,22,23,1,1,0,0,0,H,0,0
7666,27.06.2021.,14:50:00,22,23,1,1,0,0,0,H,0,0
7667,27.06.2021.,14:55:00,22,23,1,1,0,0,0,H,0,0
7668,27.06.2021.,15:00:00,22,22,1,1,0,0,0,H,0,0
7669,27.06.2021.,15:05:00,22,22,1,1,0,0,0,H,0,0
7670,27.06.2021.,15:10:00,22,22,1,1,0,0,0,H,0,0
7671,27.06.2021.,15:15:00,22,22,1,1,0,0,0,H,0,0
7672,27.06.2021.,15:20:00,22,22,1,1,0,0,0,H,0,0
7673,27.06.2021.,15:25:00,22,22,1,1,0,0,0,H,0,0
7674,27.06.2021.,15:30:00,22,22,1,1,0,0,0,H,0,0
7675,27.06.2021.,15:35:00,22,22,1,1,0,0,0,H,0,0
7676,27.06.2021.,15:40:00,22,22,1,1,0,0,0,H,0,0
7677,27.06.2021.,15:45:00,22,22,1,1,0,0,0,H,0,0
7678,27.06.2021.,15:50:00,22,22,1,1,0,0,0,H,0,0
7679,27.06.2021.,15:55:00,22,22,1,1,0,0,0,H,0,0
7680,27.06.2021.,16:00:00,22,22,1,1,0,0,0,H,0,0
7681,27.06.2021.,16:05:00,22,22,1,1,0,0,0,H,0,0
7682,27.06.2021.,16:10:00,22,22,1,1,0,0,0,H,0,0
7683,27.06.2021.,16:15:00,22,22,1,1,0,0,0,H,0,0
7684,27.06.2021.,16:20:00,22,22,1,0,0,0,0,H,0,0
7685,27.06.2021.,16:25:00,22,22,1,0,0,0,0,H,0,0
7686,27.06.2021.,16:30:00,22,22,1,0,0,0,0,H,0,0
7687,27.06.2021.,16:35:00,22,22,1,0,0,0,0,H,0,0
7688,27.06.2021.,16:40:00,22,22,1,0,0,0,0,H,0,0
7689,27.06.2021.,16:45:00,22,22,1,0,0,0,0,H,0,0
7690,27.06.2021.,16:50:00,22,22,1,1,0,0,0,H,0,0
7691,27.06.2021.,16:55:00,22,22,1,1,0,0,0,H,0,0
7692,27.06.2021.,17:00:00,22,22,1,1,0,0,0,H,0,0
7693,27.06.2021.,17:05:00,22,22,1,1,0,0,0,H,0,0
7694,27.06.2021.,17:10:00,22,22,1,1,0,0,0,H,0,0
7695,27.06.2021.,17:15:00,22,22,1,1,0,0,0,H,0,0
7696,27.06.2021.,17:20:00,22,22,1,1,0,0,0,H,0,0
7697,27.06.2021.,17:25:00,22,22,1,1,0,0,0,H,0,0
7698,27.06.2021.,17:30:00,22,22,1,1,0,0,0,H,0,0
7699,27.06.2021.,17:35:00,22,22,1,1,0,0,0,H,0,0
7700,27.06.2021.,17:40:00,22,22,1,1,0,0,0,H,0,0
7701,27.06.2021.,17:45:00,22,22,1,0,0,0,0,H,0,0
7702,27.06.2021.,17:50:00,22,22,1,0,0,0,0,H,0,0
7703,27.06.2021.,17:55:00,22,22,1,0,0,0,0,H,0,0
7704,27.06.2021.,18:00:00,22,22,1,0,0,0,0,H,0,0
7705,27.06.2021.,18:05:00,22,22,1,0,0,0,0,H,0,0
7706,27.06.2021.,18:10:00,22,22,1,0,0,0,0,H,0,0
7707,27.06.2021.,18:15:00,22,22,1,0,0,0,0,H,0,0
7708,27.06.2021.,18:20:00,22,22,1,0,0,0,0,H,0,0
7709,27.06.2021.,18:25:00,22,22,1,0,0,0,0,H,0,0
7710,27.06.2021.,18:30:00,22,22,1,0,0,0,0,H,0,0
7711,27.06.2021.,18:35:00,22,22,1,1,0,0,0,H,0,0
7712,27.06.2021.,18:40:00,22,22,1,1,0,0,0,H,0,0
7713,27.06.2021.,18:45:00,22,22,1,1,0,0,0,H,0,0
7714,27.06.2021.,18:50:00,22,22,1,1,0,0,0,H,0,0
7715,27.06.2021.,18:55:00,22,22,1,1,0,0,0,H,0,0
7716,27.06.2021.,19:00:00,22,22,1,1,0,0,0,H,0,0
7717,27.06.2021.,19:05:00,22,22,1,1,0,0,0,H,0,0
7718,27.06.2021.,19:10:00,22,22,1,1,0,0,0,H,0,0
7719,27.06.2021.,19:15:00,22,22,1,1,0,0,0,H,0,0
7720,27.06.2021.,19:20:00,22,22,1,1,0,0,0,H,0,0
7721,27.06.2021.,19:25:00,22,22,1,1,0,0,0,H,0,0
7722,27.06.2021.,19:30:00,22,22,1,1,0,0,0,H,0,0
7723,27.06.2021.,19:35:00,22,22,1,0,0,0,0,H,0,0
7724,27.06.2021.,19:40:00,22,22,1,0,0,0,0,H,0,0
7725,27.06.2021.,19:45:00,22,22,1,0,0,0,0,H,0,0
7726,27.06.2021.,19:50:00,22,22,1,0,0,0,0,H,0,0
7727,27.06.2021.,19:55:00,22,22,1,0,0,0,0,H,0,0
7728,27.06.2021.,20:00:00,22,22,1,0,0,0,0,H,0,0
7729,27.06.2021.,20:05:00,22,22,1,0,0,0,0,H,0,0
7730,27.06.2021.,20:10:00,22,22,1,0,0,0,0,H,0,0
7731,27.06.2021.,20:15:00,22,22,1,0,0,0,0,H,0,0
7732,27.06.2021.,20:20:00,22,22,1,0,0,0,0,H,0,0
7733,27.06.2021.,20:25:00,22,22,1,1,0,0,0,H,0,0
7734,27.06.2021.,20:30:00,22,22,1,1,0,0,0,H,0,0
7735,27.06.2021.,20:35:00,22,22,1,1,0,0,0,H,0,0
7736,27.06.2021.,20:40:00,22,22,1,1,0,0,0,H,0,0
7737,27.06.2021.,20:45:00,22,22,1,1,0,0,0,H,0,0
7738,27.06.2021.,20:50:00,22,22,1,1,0,0,0,H,0,0
7739,27.06.2021.,20:55:00,22,22,1,1,0,0,0,H,0,0
7740,27.06.2021.,21:00:00,22,22,1,0,0,0,0,H,0,0
7741,27.06.2021.,21:05:00,22,22,1,0,0,0,0,H,0,0
7742,27.06.2021.,21:10:00,22,22,1,0,0,0,0,H,0,0
7743,27.06.2021.,21:15:00,22,22,1,0,0,0,0,H,0,0
7744,27.06.2021.,21:20:00,22,22,1,0,0,0,0,H,0,0
7745,27.06.2021.,21:25:00,22,22,1,0,0,0,0,H,0,0
7746,27.06.2021.,21:30:00,22,22,1,0,0,0,0,H,0,0
7747,27.06.2021.,21:35:00,22,22,1,0,0,0,0,H,0,0
7748,27.06.2021.,21:40:00,22,22,1,0,0,0,0,H,0,0
7749,27.06.2021.,21:45:00,22,22,1,0,0,0,0,H,0,0
7750,27.06.2021.,21:50:00,22,22,1,0,0,0,0,H,0,0
7751,27.06.2021.,21:55:00,22,22,1,0,0,0,0,H,0,0
7752,27.06.2021.,22:00:00,22,22,1,0,0,0,0,H,0,0
7753,27.06.2021.,22:05:00,22,22,1,0,0,0,0,H,0,0
7754,27.06.2021.,22:10:00,22,22,1,0,0,0,0,H,0,0
7755,27.06.2021.,22:15:00,22,22,1,0,0,0,0,H,0,0
7756,27.06.2021.,22:20:00,22,22,1,0,0,0,0,H,0,0
7757,27.06.2021.,22:25:00,22,22,1,0,0,0,0,H,0,0
7758,27.06.2021.,22:30:00,22,22,1,0,0,0,0,H,0,0
7759,27.06.2021.,22:35:00,22,22,1,0,0,0,0,H,0,0
7760,27.06.2021.,22:40:00,22,22,1,0,0,0,0,H,0,0
7761,27.06.2021.,22:45:00,22,22,1,0,0,0,0,H,0,0
7762,27.06.2021.,22:50:00,22,22,1,0,0,0,0,H,0,0
7763,27.06.2021.,22:55:00,22,22,1,0,0,0,0,H,0,0
7764,27.06.2021.,23:00:00,22,22,1,0,0,0,0,H,0,0
7765,27.06.2021.,23:05:00,22,22,1,0,0,0,0,H,0,0
7766,27.06.2021.,23:10:00,22,22,1,0,0,0,0,H,0,0
7767,27.06.2021.,23:15:00,22,22,1,0,0,0,0,H,0,0
7768,27.06.2021.,23:20:00,22,22,1,0,0,0,0,H,0,0
7769,27.06.2021.,23:25:00,22,22,1,0,0,0,0,H,0,0
7770,27.06.2021.,23:30:00,22,22,1,0,0,0,0,H,0,0
7771,27.06.2021.,23:35:00,22,22,1,1,0,0,0,H,0,0
7772,27.06.2021.,23:40:00,22,22,1,1,0,0,0,H,0,0
7773,27.06.2021.,23:45:00,22,22,1,1,0,0,0,H,0,0
7774,27.06.2021.,23:50:00,22,22,1,1,0,0,0,H,0,0
7775,27.06.2021.,23:55:00,22,22,1,1,0,0,0,H,0,0
7776,28.06.2021.,00:00:00,22,22,1,1,0,0,0,H,0,0
7777,28.06.2021.,00:05:00,22,22,1,1,0,0,0,H,0,0
7778,28.06.2021.,00:10:00,22,22,1,0,0,0,0,H,0,0
7779,28.06.2021.,00:15:00,22,22,1,0,0,0,0,H,0,0
7780,28.06.2021.,00:20:00,22,22,1,0,0,0,0,H,0,0
7781,28.06.2021.,00:25:00,22,22,1,0,0,0,0,H,0,0
7782,28.06.2021.,00:30:00,22,22,1,0,0,0,0,H,0,0
7783,28.06.2021.,00:35:00,22,22,1,0,0,0,0,H,0,0
7784,28.06.2021.,00:40:00,22,22,1,0,0,0,0,H,0,0
7785,28.06.2021.,00:45:00,22,22,1,0,0,0,0,H,0,0
7786,28.06.2021.,00:50:00,22,22,1,0,0,0,0,H,0,0
7787,28.06.2021.,00:55:00,22,22,1,0,0,0,0,H,0,0
7788,28.06.2021.,01:00:00,22,22,1,0,0,0,0,H,0,0
7789,28.06.2021.,01:05:00,22,22,1,0,0,0,0,H,0,0
7790,28.06.2021.,01:10:00,22,22,1,0,0,0,0,H,0,0
7791,28.06.2021.,01:15:00,22,22,1,0,0,0,0,H,0,0
7792,28.06.2021.,01:20:00,22,22,1,0,0,0,0,H,0,0
7793,28.06.2021.,01:25:00,22,22,1,0,0,0,0,H,0,0
7794,28.06.2021.,01:30:00,22,22,1,0,0,0,0,H,0,0
7795,28.06.2021.,01:35:00,22,22,1,0,0,0,0,H,0,0
7796,28.06.2021.,01:40:00,22,22,1,0,0,0,0,H,0,0
7797,28.06.2021.,01:45:00,22,22,1,0,0,0,0,H,0,0
7798,28.06.2021.,01:50:00,22,22,1,0,0,0,0,H,0,0
7799,28.06.2021.,01:55:00,22,22,1,0,0,0,0,H,0,0
7800,28.06.2021.,02:00:00,22,22,1,0,0,0,0,H,0,0
7801,28.06.2021.,02:05:00,22,22,1,0,0,0,0,H,0,0
7802,28.06.2021.,02:10:00,22,22,1,1,0,0,0,H,0,0
7803,28.06.2021.,02:15:00,22,22,1,1,0,0,0,H,0,0
7804,28.06.2021.,02:20:00,22,22,1,1,0,0,0,H,0,0
7805,28.06.2021.,02:25:00,22,22,1,1,0,0,0,H,0,0
7806,28.06.2021.,02:30:00,22,22,1,1,0,0,0,H,0,0
7807,28.06.2021.,02:35:00,22,22,1,0,0,0,0,H,0,0
7808,28.06.2021.,02:40:00,22,22,1,0,0,0,0,H,0,0
7809,28.06.2021.,02:45:00,22,22,1,0,0,0,0,H,0,0
7810,28.06.2021.,02:50:00,22,22,1,0,0,0,0,H,0,0
7811,28.06.2021.,02:55:00,22,22,1,0,0,0,0,H,0,0
7812,28.06.2021.,03:00:00,22,22,1,0,0,0,0,H,0,0
7813,28.06.2021.,03:05:00,22,22,1,0,0,0,0,H,0,0
7814,28.06.2021.,03:10:00,22,22,1,0,0,0,0,H,0,0
7815,28.06.2021.,03:15:00,22,22,1,0,0,0,0,H,0,0
7816,28.06.2021.,03:20:00,22,22,1,0,0,0,0,H,0,0
7817,28.06.2021.,03:25:00,22,22,1,0,0,0,0,H,0,0
7818,28.06.2021.,03:30:00,22,22,1,0,0,0,0,H,0,0
7819,28.06.2021.,03:35:00,22,22,1,0,0,0,0,H,0,0
7820,28.06.2021.,03:40:00,22,22,1,0,0,0,0,H,0,0
7821,28.06.2021.,03:45:00,22,22,1,0,0,0,0,H,0,0
7822,28.06.2021.,03:50:00,22,22,1,0,0,0,0,H,0,0
7823,28.06.2021.,03:55:00,22,22,1,0,0,0,0,H,0,0
7824,28.06.2021.,04:00:00,22,22,1,0,0,0,0,H,0,0
7825,28.06.2021.,04:05:00,22,22,1,0,0,0,0,H,0,0
7826,28.06.2021.,04:10:00,22,22,1,0,0,0,0,H,0,0
7827,28.06.2021.,04:15:00,22,22,1,0,0,0,0,H,0,0
7828,28.06.2021.,04:20:00,22,22,1,0,0,0,0,H,0,0
7829,28.06.2021.,04:25:00,22,22,1,0,0,0,0,H,0,0
7830,28.06.2021.,04:30:00,22,22,1,0,0,0,0,H,0,0
7831,28.06.2021.,04:35:00,22,22,1,0,0,0,0,H,0,0
7832,28.06.2021.,04:40:00,22,22,1,0,0,0,0,H,0,0
7833,28.06.2021.,04:45:00,22,22,1,0,0,0,0,H,0,0
7834,28.06.2021.,04:50:00,22,22,1,0,0,0,0,H,0,0
7835,28.06.2021.,04:55:00,22,22,1,0,0,0,0,H,0,0
7836,28.06.2021.,05:00:00,22,22,1,0,0,0,0,H,0,0
7837,28.06.2021.,05:05:00,22,22,1,0,0,0,0,H,0,0
7838,28.06.2021.,05:10:00,22,22,1,0,0,0,0,H,0,0
7839,28.06.2021.,05:15:00,22,22,1,0,0,0,0,H,0,0
7840,28.06.2021.,05:20:00,22,22,1,1,0,0,0,H,0,0
7841,28.06.2021.,05:25:00,22,22,1,1,0,0,0,H,0,0
7842,28.06.2021.,05:30:00,22,22,1,1,0,0,0,H,0,0
7843,28.06.2021.,05:35:00,22,22,1,1,0,0,0,H,0,0
7844,28.06.2021.,05:40:00,22,22,1,1,0,0,0,H,0,0
7845,28.06.2021.,05:45:00,22,22,1,1,0,0,0,H,0,0
7846,28.06.2021.,05:50:00,22,22,1,0,0,0,0,H,0,0
7847,28.06.2021.,05:55:00,22,22,1,0,0,0,0,H,0,0
7848,28.06.2021.,06:00:00,22,22,1,0,0,0,0,H,0,0
7849,28.06.2021.,06:05:00,22,22,1,0,0,0,0,H,0,0
7850,28.06.2021.,06:10:00,22,22,1,0,0,0,0,H,0,0
7851,28.06.2021.,06:15:00,22,22,1,0,0,0,0,H,0,0
7852,28.06.2021.,06:20:00,22,22,1,0,0,0,0,H,0,0
7853,28.06.2021.,06:25:00,22,22,1,0,0,0,0,H,0,0
7854,28.06.2021.,06:30:00,22,22,1,0,0,0,0,H,0,0
7855,28.06.2021.,06:35:00,22,22,1,0,0,0,0,H,0,0
7856,28.06.2021.,06:40:00,22,22,1,0,0,0,0,H,0,0
7857,28.06.2021.,06:45:00,22,22,1,0,0,0,0,H,0,0
7858,28.06.2021.,06:50:00,22,22,1,0,0,0,0,H,0,0
7859,28.06.2021.,06:55:00,22,22,1,0,0,0,0,H,0,0
7860,28.06.2021.,07:00:00,22,22,1,0,0,0,0,H,0,0
7861,28.06.2021.,07:05:00,22,22,1,0,0,0,0,H,0,0
7862,28.06.2021.,07:10:00,22,22,1,0,0,0,0,H,0,0
7863,28.06.2021.,07:15:00,22,22,1,0,0,0,0,H,0,0
7864,28.06.2021.,07:20:00,22,22,1,0,0,0,0,H,0,0
7865,28.06.2021.,07:25:00,22,22,1,0,0,0,0,H,0,0
7866,28.06.2021.,07:30:00,22,22,1,0,0,0,0,H,0,0
7867,28.06.2021.,07:35:00,22,22,1,0,0,0,0,H,0,0
7868,28.06.2021.,07:40:00,22,22,1,0,0,0,0,H,0,0
7869,28.06.2021.,07:45:00,22,22,1,0,0,0,0,H,0,0
7870,28.06.2021.,07:50:00,22,22,1,0,0,0,0,H,0,0
7871,28.06.2021.,07:55:00,22,22,1,0,0,0,0,H,0,0
7872,28.06.2021.,08:00:00,22,22,1,0,0,0,0,H,0,0
7873,28.06.2021.,08:05:00,22,22,1,0,0,0,0,H,0,0
7874,28.06.2021.,08:10:00,22,22,1,0,0,0,0,H,0,0
7875,28.06.2021.,08:15:00,22,22,1,0,0,0,0,H,0,0
7876,28.06.2021.,08:20:00,22,22,1,0,0,0,0,H,0,0
7877,28.06.2021.,08:25:00,22,22,1,0,0,0,0,H,0,0
7878,28.06.2021.,08:30:00,22,22,1,0,0,0,0,H,0,0
7879,28.06.2021.,08:35:00,22,22,1,0,0,0,0,H,0,0
7880,28.06.2021.,08:40:00,22,22,1,1,0,0,0,H,0,0
7881,28.06.2021.,08:45:00,22,22,1,1,0,0,0,H,0,0
7882,28.06.2021.,08:50:00,22,22,1,1,0,0,0,H,0,0
7883,28.06.2021.,08:55:00,22,22,1,1,0,0,0,H,0,0
7884,28.06.2021.,09:00:00,22,22,1,1,0,0,0,H,0,0
7885,28.06.2021.,09:05:00,22,22,1,1,0,0,0,H,0,0
7886,28.06.2021.,09:10:00,22,22,1,1,0,0,0,H,0,0
7887,28.06.2021.,09:15:00,22,22,1,1,0,0,0,H,0,0
7888,28.06.2021.,09:20:00,22,22,1,1,0,0,0,H,0,0
7889,28.06.2021.,09:25:00,22,22,1,1,0,0,0,H,0,0
7890,28.06.2021.,09:30:00,22,22,1,1,0,0,0,H,0,0
7891,28.06.2021.,09:35:00,22,22,1,1,0,0,0,H,0,0
7892,28.06.2021.,09:40:00,22,22,1,1,0,0,0,H,0,0
7893,28.06.2021.,09:45:00,22,22,1,1,0,0,0,H,0,0
7894,28.06.2021.,09:50:00,22,22,1,1,0,0,0,H,0,0
7895,28.06.2021.,09:55:00,22,22,1,1,0,0,0,H,0,0
7896,28.06.2021.,10:00:00,22,22,1,1,0,0,0,H,0,0
7897,28.06.2021.,10:05:00,22,23,1,1,0,0,0,H,0,0
7898,28.06.2021.,10:10:00,22,23,1,1,0,0,0,H,0,0
7899,28.06.2021.,10:15:00,22,23,1,1,0,0,0,H,0,0
7900,28.06.2021.,10:20:00,22,23,1,1,0,0,0,H,0,0
7901,28.06.2021.,10:25:00,22,23,1,1,0,0,0,H,0,0
7902,28.06.2021.,10:30:00,22,23,1,1,0,0,0,H,0,0
7903,28.06.2021.,10:35:00,22,23,1,1,0,0,0,H,0,0
7904,28.06.2021.,10:40:00,22,23,1,1,0,0,0,H,0,0
7905,28.06.2021.,10:45:00,22,23,1,1,0,0,0,H,0,0
7906,28.06.2021.,10:50:00,22,23,1,1,0,0,0,H,0,0
7907,28.06.2021.,10:55:00,22,23,1,1,0,0,0,H,0,0
7908,28.06.2021.,11:00:00,22,23,1,1,0,0,0,H,0,0
7909,28.06.2021.,11:05:00,22,23,1,1,0,0,0,H,0,0
7910,28.06.2021.,11:10:00,22,23,1,1,0,0,0,H,0,0
7911,28.06.2021.,11:15:00,22,23,1,1,0,0,0,H,0,0
7912,28.06.2021.,11:20:00,22,23,1,1,0,0,0,H,0,0
7913,28.06.2021.,11:25:00,22,23,1,1,0,0,0,H,0,0
7914,28.06.2021.,11:30:00,22,23,1,1,0,0,0,H,0,0
7915,28.06.2021.,11:35:00,22,23,1,1,0,0,0,H,0,0
7916,28.06.2021.,11:40:00,22,23,1,1,0,0,0,H,0,0
7917,28.06.2021.,11:45:00,22,23,1,1,0,0,0,H,0,0
7918,28.06.2021.,11:50:00,22,23,1,1,0,0,0,H,0,0
7919,28.06.2021.,11:55:00,22,23,1,1,0,0,0,H,0,0
7920,28.06.2021.,12:00:00,22,23,1,1,0,0,0,H,0,0
7921,28.06.2021.,12:05:00,22,23,1,1,0,0,0,H,0,0
7922,28.06.2021.,12:10:00,22,23,1,1,0,0,0,H,0,0
7923,28.06.2021.,12:15:00,22,23,1,1,0,0,0,H,0,0
7924,28.06.2021.,12:20:00,22,23,1,1,0,0,0,H,0,0
7925,28.06.2021.,12:25:00,22,23,1,1,0,0,0,H,0,0
7926,28.06.2021.,12:30:00,22,23,1,1,0,0,0,H,0,0
7927,28.06.2021.,12:35:00,22,23,1,1,0,0,0,H,0,0
7928,28.06.2021.,12:40:00,22,23,1,1,0,0,0,H,0,0
7929,28.06.2021.,12:45:00,22,23,1,1,0,0,0,H,0,0
7930,28.06.2021.,12:50:00,22,23,1,1,0,0,0,H,0,0
7931,28.06.2021.,12:55:00,22,23,1,1,0,0,0,H,0,0
7932,28.06.2021.,13:00:00,22,23,1,1,0,0,0,H,0,0
7933,28.06.2021.,13:05:00,22,23,1,1,0,0,0,H,0,0
7934,28.06.2021.,13:10:00,22,23,1,1,0,0,0,H,0,0
7935,28.06.2021.,13:15:00,22,23,1,1,0,0,0,H,0,0
7936,28.06.2021.,13:20:00,22,23,1,1,0,0,0,H,0,0
7937,28.06.2021.,13:25:00,22,23,1,1,0,0,0,H,0,0
7938,28.06.2021.,13:30:00,22,23,1,1,0,0,0,H,0,0
7939,28.06.2021.,13:35:00,22,23,1,1,0,0,0,H,0,0
7940,28.06.2021.,13:40:00,22,23,1,1,0,0,0,H,0,0
7941,28.06.2021.,13:45:00,22,23,1,1,0,0,0,H,0,0
7942,28.06.2021.,13:50:00,22,23,1,1,0,0,0,H,0,0
7943,28.06.2021.,13:55:00,22,23,1,1,0,0,0,H,0,0
7944,28.06.2021.,14:00:00,22,23,1,1,0,0,0,H,0,0
7945,28.06.2021.,14:05:00,22,23,1,1,0,0,0,H,0,0
7946,28.06.2021.,14:10:00,22,23,1,1,0,0,0,H,0,0
7947,28.06.2021.,14:15:00,22,23,1,1,0,0,0,H,0,0
7948,28.06.2021.,14:20:00,22,23,1,1,0,0,0,H,0,0
7949,28.06.2021.,14:25:00,22,23,1,1,0,0,0,H,0,0
7950,28.06.2021.,14:30:00,22,23,1,1,0,0,0,H,0,0
7951,28.06.2021.,14:35:00,22,23,1,1,0,0,0,H,0,0
7952,28.06.2021.,14:40:00,22,23,1,1,0,0,0,H,0,0
7953,28.06.2021.,14:45:00,22,23,1,1,0,0,0,H,0,0
7954,28.06.2021.,14:50:00,22,23,1,1,0,0,0,H,0,0
7955,28.06.2021.,14:55:00,22,23,1,1,0,0,0,H,0,0
7956,28.06.2021.,15:00:00,22,23,1,1,0,0,0,H,0,0
7957,28.06.2021.,15:05:00,22,23,1,1,0,0,0,H,0,0
7958,28.06.2021.,15:10:00,22,23,1,1,0,0,0,H,0,0
7959,28.06.2021.,15:15:00,22,23,1,1,0,0,0,H,0,0
7960,28.06.2021.,15:20:00,22,23,1,1,0,0,0,H,0,0
7961,28.06.2021.,15:25:00,22,22,1,1,0,0,0,H,0,0
7962,28.06.2021.,15:30:00,22,22,1,1,0,0,0,H,0,0
7963,28.06.2021.,15:35:00,22,22,1,1,0,0,0,H,0,0
7964,28.06.2021.,15:40:00,22,22,1,1,0,0,0,H,0,0
7965,28.06.2021.,15:45:00,22,22,1,1,0,0,0,H,0,0
7966,28.06.2021.,15:50:00,22,22,1,1,0,0,0,H,0,0
7967,28.06.2021.,15:55:00,22,22,1,1,0,0,0,H,0,0
7968,28.06.2021.,16:00:00,22,22,1,1,0,0,0,H,0,0
7969,28.06.2021.,16:05:00,22,22,1,1,0,0,0,H,0,0
7970,28.06.2021.,16:10:00,22,22,1,1,0,0,0,H,0,0
7971,28.06.2021.,16:15:00,22,22,1,1,0,0,0,H,0,0
7972,28.06.2021.,16:20:00,22,22,1,1,0,0,0,H,0,0
7973,28.06.2021.,16:25:00,22,22,1,1,0,0,0,H,0,0
7974,28.06.2021.,16:30:00,22,22,1,1,0,0,0,H,0,0
7975,28.06.2021.,16:35:00,22,22,1,1,0,0,0,H,0,0
7976,28.06.2021.,16:40:00,22,22,1,1,0,0,0,H,0,0
7977,28.06.2021.,16:45:00,22,22,1,0,0,0,0,H,0,0
7978,28.06.2021.,16:50:00,22,22,1,0,0,0,0,H,0,0
7979,28.06.2021.,16:55:00,22,22,1,0,0,0,0,H,0,0
7980,28.06.2021.,17:00:00,22,22,1,0,0,0,0,H,0,0
7981,28.06.2021.,17:05:00,22,22,1,0,0,0,0,H,0,0
7982,28.06.2021.,17:10:00,22,22,1,0,0,0,0,H,0,0
7983,28.06.2021.,17:15:00,22,22,1,0,0,0,0,H,0,0
7984,28.06.2021.,17:20:00,22,22,1,0,0,0,0,H,0,0
7985,28.06.2021.,17:25:00,22,22,1,0,0,0,0,H,0,0
7986,28.06.2021.,17:30:00,22,22,1,0,0,0,0,H,0,0
7987,28.06.2021.,17:35:00,22,22,1,0,0,0,0,H,0,0
7988,28.06.2021.,17:40:00,22,22,1,0,0,0,0,H,0,0
7989,28.06.2021.,17:45:00,22,22,1,0,0,0,0,H,0,0
7990,28.06.2021.,17:50:00,22,22,1,0,0,0,0,H,0,0
7991,28.06.2021.,17:55:00,22,22,1,1,0,0,0,H,0,0
7992,28.06.2021.,18:00:00,22,22,1,1,0,0,0,H,0,0
7993,28.06.2021.,18:05:00,22,22,1,1,0,0,0,H,0,0
7994,28.06.2021.,18:10:00,22,22,1,1,0,0,0,H,0,0
7995,28.06.2021.,18:15:00,22,22,1,1,0,0,0,H,0,0
7996,28.06.2021.,18:20:00,22,22,1,1,0,0,0,H,0,0
7997,28.06.2021.,18:25:00,22,22,1,1,0,0,0,H,0,0
7998,28.06.2021.,18:30:00,22,22,1,1,0,0,0,H,0,0
7999,28.06.2021.,18:35:00,22,22,1,1,0,0,0,H,0,0
8000,28.06.2021.,18:40:00,22,22,1,1,0,0,0,H,0,0
8001,28.06.2021.,18:45:00,22,22,1,1,0,0,0,H,0,0
8002,28.06.2021.,18:50:00,22,22,1,1,0,0,0,H,0,0
8003,28.06.2021.,18:55:00,22,22,1,1,0,0,0,H,0,0
8004,28.06.2021.,19:00:00,22,22,1,0,0,0,0,H,0,0
8005,28.06.2021.,19:05:00,22,22,1,0,0,0,0,H,0,0
8006,28.06.2021.,19:10:00,22,22,1,0,0,0,0,H,0,0
8007,28.06.2021.,19:15:00,22,22,1,0,0,0,0,H,0,0
8008,28.06.2021.,19:20:00,22,22,1,0,0,0,0,H,0,0
8009,28.06.2021.,19:25:00,22,22,1,0,0,0,0,H,0,0
8010,28.06.2021.,19:30:00,22,22,1,0,0,0,0,H,0,0
8011,28.06.2021.,19:35:00,22,22,1,0,0,0,0,H,0,0
8012,28.06.2021.,19:40:00,22,22,1,0,0,0,0,H,0,0
8013,28.06.2021.,19:45:00,22,22,1,0,0,0,0,H,0,0
8014,28.06.2021.,19:50:00,22,22,1,1,0,0,0,H,0,0
8015,28.06.2021.,19:55:00,22,22,1,1,0,0,0,H,0,0
8016,28.06.2021.,20:00:00,22,22,1,1,0,0,0,H,0,0
8017,28.06.2021.,20:05:00,22,22,1,1,0,0,0,H,0,0
8018,28.06.2021.,20:10:00,22,22,1,1,0,0,0,H,0,0
8019,28.06.2021.,20:15:00,22,22,1,1,0,0,0,H,0,0
8020,28.06.2021.,20:20:00,22,22,1,1,0,0,0,H,0,0
8021,28.06.2021.,20:25:00,22,22,1,1,0,0,0,H,0,0
8022,28.06.2021.,20:30:00,22,22,1,1,0,0,0,H,0,0
8023,28.06.2021.,20:35:00,22,22,1,1,0,0,0,H,0,0
8024,28.06.2021.,20:40:00,22,22,1,1,0,0,0,H,0,0
8025,28.06.2021.,20:45:00,22,22,1,0,0,0,0,H,0,0
8026,28.06.2021.,20:50:00,22,22,1,0,0,0,0,H,0,0
8027,28.06.2021.,20:55:00,22,22,1,0,0,0,0,H,0,0
8028,28.06.2021.,21:00:00,22,22,1,0,0,0,0,H,0,0
8029,28.06.2021.,21:05:00,22,22,1,0,0,0,0,H,0,0
8030,28.06.2021.,21:10:00,22,22,1,0,0,0,0,H,0,0
8031,28.06.2021.,21:15:00,22,22,1,0,0,0,0,H,0,0
8032,28.06.2021.,21:20:00,22,22,1,0,0,0,0,H,0,0
8033,28.06.2021.,21:25:00,22,22,1,0,0,0,0,H,0,0
8034,28.06.2021.,21:30:00,22,22,1,0,0,0,0,H,0,0
8035,28.06.2021.,21:35:00,22,22,1,0,0,0,0,H,0,0
8036,28.06.2021.,21:40:00,22,22,1,0,0,0,0,H,0,0
8037,28.06.2021.,21:45:00,22,22,1,0,0,0,0,H,0,0
8038,28.06.2021.,21:50:00,22,22,1,0,0,0,0,H,0,0
8039,28.06.2021.,21:55:00,22,22,1,0,0,0,0,H,0,0
8040,28.06.2021.,22:00:00,22,22,1,0,0,0,0,H,0,0
8041,28.06.2021.,22:05:00,22,22,1,0,0,0,0,H,0,0
8042,28.06.2021.,22:10:00,22,22,1,0,0,0,0,H,0,0
8043,28.06.2021.,22:15:00,22,22,1,0,0,0,0,H,0,0
8044,28.06.2021.,22:20:00,22,22,1,0,0,0,0,H,0,0
8045,28.06.2021.,22:25:00,22,22,1,0,0,0,0,H,0,0
8046,28.06.2021.,22:30:00,22,22,1,0,0,0,0,H,0,0
8047,28.06.2021.,22:35:00,22,22,1,0,0,0,0,H,0,0
8048,28.06.2021.,22:40:00,22,22,1,0,0,0,0,H,0,0
8049,28.06.2021.,22:45:00,22,22,1,0,0,0,0,H,0,0
8050,28.06.2021.,22:50:00,22,22,1,0,0,0,0,H,0,0
8051,28.06.2021.,22:55:00,22,22,1,0,0,0,0,H,0,0
8052,28.06.2021.,23:00:00,22,22,1,0,0,0,0,H,0,0
8053,28.06.2021.,23:05:00,22,22,1,1,0,0,0,H,0,0
8054,28.06.2021.,23:10:00,22,22,1,1,0,0,0,H,0,0
8055,28.06.2021.,23:15:00,22,22,1,1,0,0,0,H,0,0
8056,28.06.2021.,23:20:00,22,22,1,1,0,0,0,H,0,0
8057,28.06.2021.,23:25:00,22,22,1,1,0,0,0,H,0,0
8058,28.06.2021.,23:30:00,22,22,1,1,0,0,0,H,0,0
8059,28.06.2021.,23:35:00,22,22,1,1,0,0,0,H,0,0
8060,28.06.2021.,23:40:00,22,22,1,0,0,0,0,H,0,0
8061,28.06.2021.,23:45:00,22,22,1,0,0,0,0,H,0,0
8062,28.06.2021.,23:50:00,22,22,1,0,0,0,0,H,0,0
8063,28.06.2021.,23:55:00,22,22,1,0,0,0,0,H,0,0
8064,29.06.2021.,00:00:00,22,22,1,0,0,0,0,H,0,0
8065,29.06.2021.,00:05:00,22,22,1,0,0,0,0,H,0,0
8066,29.06.2021.,00:10:00,22,22,1,0,0,0,0,H,0,0
8067,29.06.2021.,00:15:00,22,22,1,0,0,0,0,H,0,0
8068,29.06.2021.,00:20:00,22,22,1,0,0,0,0,H,0,0
8069,29.06.2021.,00:25:00,22,22,1,0,0,0,0,H,0,0
8070,29.06.2021.,00:30:00,22,22,1,0,0,0,0,H,0,0
8071,29.06.2021.,00:35:00,22,22,1,0,0,0,0,H,0,0
8072,29.06.2021.,00:40:00,22,22,1,0,0,0,0,H,0,0
8073,29.06.2021.,00:45:00,22,22,1,0,0,0,0,H,0,0
8074,29.06.2021.,00:50:00,22,22,1,0,0,0,0,H,0,0
8075,29.06.2021.,00:55:00,22,22,1,0,0,0,0,H,0,0
8076,29.06.2021.,01:00:00,22,22,1,1,0,0,0,H,0,0
8077,29.06.2021.,01:05:00,22,22,1,1,0,0,0,H,0,0
8078,29.06.2021.,01:10:00,22,22,1,1,0,0,0,H,0,0
8079,29.06.2021.,01:15:00,22,22,1,1,0,0,0,H,0,0
8080,29.06.2021.,01:20:00,22,22,1,1,0,0,0,H,0,0
8081,29.06.2021.,01:25:00,22,22,1,1,0,0,0,H,0,0
8082,29.06.2021.,01:30:00,22,22,1,1,0,0,0,H,0,0
8083,29.06.2021.,01:35:00,22,22,1,0,0,0,0,H,0,0
8084,29.06.2021.,01:40:00,22,22,1,0,0,0,0,H,0,0
8085,29.06.2021.,01:45:00,22,22,1,0,0,0,0,H,0,0
8086,29.06.2021.,01:50:00,22,22,1,0,0,0,0,H,0,0
8087,29.06.2021.,01:55:00,22,22,1,0,0,0,0,H,0,0
8088,29.06.2021.,02:00:00,22,22,1,0,0,0,0,H,0,0
8089,29.06.2021.,02:05:00,22,22,1,0,0,0,0,H,0,0
8090,29.06.2021.,02:10:00,22,22,1,0,0,0,0,H,0,0
8091,29.06.2021.,02:15:00,22,22,1,0,0,0,0,H,0,0
8092,29.06.2021.,02:20:00,22,22,1,0,0,0,0,H,0,0
8093,29.06.2021.,02:25:00,22,22,1,0,0,0,0,H,0,0
8094,29.06.2021.,02:30:00,22,22,1,1,0,0,0,H,0,0
8095,29.06.2021.,02:35:00,22,22,1,1,0,0,0,H,0,0
8096,29.06.2021.,02:40:00,22,22,1,1,0,0,0,H,0,0
8097,29.06.2021.,02:45:00,22,22,1,1,0,0,0,H,0,0
8098,29.06.2021.,02:50:00,22,22,1,1,0,0,0,H,0,0
8099,29.06.2021.,02:55:00,22,22,1,0,0,0,0,H,0,0
8100,29.06.2021.,03:00:00,22,22,1,0,0,0,0,H,0,0
8101,29.06.2021.,03:05:00,22,22,1,0,0,0,0,H,0,0
8102,29.06.2021.,03:10:00,22,22,1,0,0,0,0,H,0,0
8103,29.06.2021.,03:15:00,22,22,1,0,0,0,0,H,0,0
8104,29.06.2021.,03:20:00,22,22,1,0,0,0,0,H,0,0
8105,29.06.2021.,03:25:00,22,22,1,0,0,0,0,H,0,0
8106,29.06.2021.,03:30:00,22,22,1,0,0,0,0,H,0,0
8107,29.06.2021.,03:35:00,22,22,1,0,0,0,0,H,0,0
8108,29.06.2021.,03:40:00,22,22,1,0,0,0,0,H,0,0
8109,29.06.2021.,03:45:00,22,22,1,0,0,0,0,H,0,0
8110,29.06.2021.,03:50:00,22,22,1,0,0,0,0,H,0,0
8111,29.06.2021.,03:55:00,22,22,1,0,0,0,0,H,0,0
8112,29.06.2021.,04:00:00,22,22,1,0,0,0,0,H,0,0
8113,29.06.2021.,04:05:00,22,22,1,0,0,0,0,H,0,0
8114,29.06.2021.,04:10:00,22,22,1,0,0,0,0,H,0,0
8115,29.06.2021.,04:15:00,22,22,1,0,0,0,0,H,0,0
8116,29.06.2021.,04:20:00,22,22,1,0,0,0,0,H,0,0
8117,29.06.2021.,04:25:00,22,22,1,0,0,0,0,H,0,0
8118,29.06.2021.,04:30:00,22,22,1,0,0,0,0,H,0,0
8119,29.06.2021.,04:35:00,22,22,1,0,0,0,0,H,0,0
8120,29.06.2021.,04:40:00,22,22,1,0,0,0,0,H,0,0
8121,29.06.2021.,04:45:00,22,22,1,0,0,0,0,H,0,0
8122,29.06.2021.,04:50:00,22,22,1,1,0,0,0,H,0,0
8123,29.06.2021.,04:55:00,22,22,1,1,0,0,0,H,0,0
8124,29.06.2021.,05:00:00,22,22,1,1,0,0,0,H,0,0
8125,29.06.2021.,05:05:00,22,22,1,1,0,0,0,H,0,0
8126,29.06.2021.,05:10:00,22,22,1,1,0,0,0,H,0,0
8127,29.06.2021.,05:15:00,22,22,1,1,0,0,0,H,0,0
8128,29.06.2021.,05:20:00,22,22,1,0,0,0,0,H,0,0
8129,29.06.2021.,05:25:00,22,22,1,0,0,0,0,H,0,0
8130,29.06.2021.,05:30:00,22,22,1,0,0,0,0,H,0,0
8131,29.06.2021.,05:35:00,22,22,1,0,0,0,0,H,0,0
8132,29.06.2021.,05:40:00,22,22,1,0,0,0,0,H,0,0
8133,29.06.2021.,05:45:00,22,22,1,0,0,0,0,H,0,0
8134,29.06.2021.,05:50:00,22,22,1,0,0,0,0,H,0,0
8135,29.06.2021.,05:55:00,22,22,1,0,0,0,0,H,0,0
8136,29.06.2021.,06:00:00,22,22,1,0,0,0,0,H,0,0
8137,29.06.2021.,06:05:00,22,22,1,0,0,0,0,H,0,0
8138,29.06.2021.,06:10:00,22,22,1,0,0,0,0,H,0,0
8139,29.06.2021.,06:15:00,22,22,1,0,0,0,0,H,0,0
8140,29.06.2021.,06:20:00,22,22,1,0,0,0,0,H,0,0
8141,29.06.2021.,06:25:00,22,22,1,0,0,0,0,H,0,0
8142,29.06.2021.,06:30:00,22,22,1,0,0,0,0,H,0,0
8143,29.06.2021.,06:35:00,22,22,1,0,0,0,0,H,0,0
8144,29.06.2021.,06:40:00,22,22,1,0,0,0,0,H,0,0
8145,29.06.2021.,06:45:00,22,22,1,0,0,0,0,H,0,0
8146,29.06.2021.,06:50:00,22,22,1,0,0,0,0,H,0,0
8147,29.06.2021.,06:55:00,22,22,1,0,0,0,0,H,0,0
8148,29.06.2021.,07:00:00,22,22,1,0,0,0,0,H,0,0
8149,29.06.2021.,07:05:00,22,22,1,0,0,0,0,H,0,0
8150,29.06.2021.,07:10:00,22,22,1,0,0,0,0,H,0,0
8151,29.06.2021.,07:15:00,22,22,1,0,0,0,0,H,0,0
8152,29.06.2021.,07:20:00,22,22,1,0,0,0,0,H,0,0
8153,29.06.2021.,07:25:00,22,22,1,0,0,0,0,H,0,0
8154,29.06.2021.,07:30:00,22,22,1,0,0,0,0,H,0,0
8155,29.06.2021.,07:35:00,22,22,1,0,0,0,0,H,0,0
8156,29.06.2021.,07:40:00,22,22,1,0,0,0,0,H,0,0
8157,29.06.2021.,07:45:00,22,22,1,0,0,0,0,H,0,0
8158,29.06.2021.,07:50:00,22,22,1,0,0,0,0,H,0,0
8159,29.06.2021.,07:55:00,22,22,1,0,0,0,0,H,0,0
8160,29.06.2021.,08:00:00,22,22,1,0,0,0,0,H,0,0
8161,29.06.2021.,08:05:00,22,22,1,0,0,0,0,H,0,0
8162,29.06.2021.,08:10:00,22,22,1,0,0,0,0,H,0,0
8163,29.06.2021.,08:15:00,22,22,1,1,0,0,0,H,0,0
8164,29.06.2021.,08:20:00,22,22,1,1,0,0,0,H,0,0
8165,29.06.2021.,08:25:00,22,22,1,1,0,0,0,H,0,0
8166,29.06.2021.,08:30:00,22,22,1,1,0,0,0,H,0,0
8167,29.06.2021.,08:35:00,22,22,1,1,0,0,0,H,0,0
8168,29.06.2021.,08:40:00,22,22,1,1,0,0,0,H,0,0
8169,29.06.2021.,08:45:00,22,22,1,1,0,0,0,H,0,0
8170,29.06.2021.,08:50:00,22,22,1,1,0,0,0,H,0,0
8171,29.06.2021.,08:55:00,22,22,1,1,0,0,0,H,0,0
8172,29.06.2021.,09:00:00,22,22,1,1,0,0,0,H,0,0
8173,29.06.2021.,09:05:00,22,22,1,1,0,0,0,H,0,0
8174,29.06.2021.,09:10:00,22,22,1,1,0,0,0,H,0,0
8175,29.06.2021.,09:15:00,22,22,1,1,0,0,0,H,0,0
8176,29.06.2021.,09:20:00,22,22,1,1,0,0,0,H,0,0
8177,29.06.2021.,09:25:00,22,22,1,1,0,0,0,H,0,0
8178,29.06.2021.,09:30:00,22,22,1,1,0,0,0,H,0,0
8179,29.06.2021.,09:35:00,22,22,1,1,0,0,0,H,0,0
8180,29.06.2021.,09:40:00,22,22,1,1,0,0,0,H,0,0
8181,29.06.2021.,09:45:00,22,22,1,1,0,0,0,H,0,0
8182,29.06.2021.,09:50:00,22,22,1,1,0,0,0,H,0,0
8183,29.06.2021.,09:55:00,22,22,1,1,0,0,0,H,0,0
8184,29.06.2021.,10:00:00,22,22,1,1,0,0,0,H,0,0
8185,29.06.2021.,10:05:00,22,22,1,1,0,0,0,H,0,0
8186,29.06.2021.,10:10:00,22,23,1,1,0,0,0,H,0,0
8187,29.06.2021.,10:15:00,22,23,1,1,0,0,0,H,0,0
8188,29.06.2021.,10:20:00,22,23,1,1,0,0,0,H,0,0
8189,29.06.2021.,10:25:00,22,23,1,1,0,0,0,H,0,0
8190,29.06.2021.,10:30:00,22,23,1,1,0,0,0,H,0,0
8191,29.06.2021.,10:35:00,22,23,1,1,0,0,0,H,0,0
8192,29.06.2021.,10:40:00,22,23,1,1,0,0,0,H,0,0
8193,29.06.2021.,10:45:00,22,23,1,1,0,0,0,H,0,0
8194,29.06.2021.,10:50:00,22,23,1,1,0,0,0,H,0,0
8195,29.06.2021.,10:55:00,22,23,1,1,0,0,0,H,0,0
8196,29.06.2021.,11:00:00,22,23,1,1,0,0,0,H,0,0
8197,29.06.2021.,11:05:00,22,23,1,1,0,0,0,H,0,0
8198,29.06.2021.,11:10:00,22,23,1,1,0,0,0,H,0,0
8199,29.06.2021.,11:15:00,22,23,1,1,0,0,0,H,0,0
8200,29.06.2021.,11:20:00,22,23,1,1,0,0,0,H,0,0
8201,29.06.2021.,11:25:00,22,23,1,1,0,0,0,H,0,0
8202,29.06.2021.,11:30:00,22,23,1,1,0,0,0,H,0,0
8203,29.06.2021.,11:35:00,22,23,1,1,0,0,0,H,0,0
8204,29.06.2021.,11:40:00,22,23,1,1,0,0,0,H,0,0
8205,29.06.2021.,11:45:00,22,23,1,1,0,0,0,H,0,0
8206,29.06.2021.,11:50:00,22,23,1,1,0,0,0,H,0,0
8207,29.06.2021.,11:55:00,22,23,1,1,0,0,0,H,0,0
8208,29.06.2021.,12:00:00,22,23,1,1,0,0,0,H,0,0
8209,29.06.2021.,12:05:00,22,23,1,1,0,0,0,H,0,0
8210,29.06.2021.,12:10:00,22,23,1,1,0,0,0,H,0,0
8211,29.06.2021.,12:15:00,22,23,1,1,0,0,0,H,0,0
8212,29.06.2021.,12:20:00,22,23,1,1,0,0,0,H,0,0
8213,29.06.2021.,12:25:00,22,23,1,1,0,0,0,H,0,0
8214,29.06.2021.,12:30:00,22,23,1,1,0,0,0,H,0,0
8215,29.06.2021.,12:35:00,22,23,1,1,0,0,0,H,0,0
8216,29.06.2021.,12:40:00,22,23,1,1,0,0,0,H,0,0
8217,29.06.2021.,12:45:00,22,23,1,1,0,0,0,H,0,0
8218,29.06.2021.,12:50:00,22,23,1,1,0,0,0,H,0,0
8219,29.06.2021.,12:55:00,22,23,1,1,0,0,0,H,0,0
8220,29.06.2021.,13:00:00,22,23,1,1,0,0,0,H,0,0
8221,29.06.2021.,13:05:00,22,23,1,1,0,0,0,H,0,0
8222,29.06.2021.,13:10:00,22,23,1,1,0,0,0,H,0,0
8223,29.06.2021.,13:15:00,22,23,1,1,0,0,0,H,0,0
8224,29.06.2021.,13:20:00,22,23,1,1,0,0,0,H,0,0
8225,29.06.2021.,13:25:00,22,23,1,1,0,0,0,H,0,0
8226,29.06.2021.,13:30:00,22,23,1,1,0,0,0,H,0,0
8227,29.06.2021.,13:35:00,22,23,1,1,0,0,0,H,0,0
8228,29.06.2021.,13:40:00,22,23,1,1,0,0,0,H,0,0
8229,29.06.2021.,13:45:00,22,23,1,1,0,0,0,H,0,0
8230,29.06.2021.,13:50:00,22,23,1,1,0,0,0,H,0,0
8231,29.06.2021.,13:55:00,22,23,1,1,0,0,0,H,0,0
8232,29.06.2021.,14:00:00,22,23,1,1,0,0,0,H,0,0
8233,29.06.2021.,14:05:00,22,23,1,1,0,0,0,H,0,0
8234,29.06.2021.,14:10:00,22,23,1,1,0,0,0,H,0,0
8235,29.06.2021.,14:15:00,22,23,1,1,0,0,0,H,0,0
8236,29.06.2021.,14:20:00,22,23,1,1,0,0,0,H,0,0
8237,29.06.2021.,14:25:00,22,23,1,1,0,0,0,H,0,0
8238,29.06.2021.,14:30:00,22,23,1,1,0,0,0,H,0,0
8239,29.06.2021.,14:35:00,22,23,1,1,0,0,0,H,0,0
8240,29.06.2021.,14:40:00,22,23,1,1,0,0,0,H,0,0
8241,29.06.2021.,14:45:00,22,23,1,1,0,0,0,H,0,0
8242,29.06.2021.,14:50:00,22,23,1,1,0,0,0,H,0,0
8243,29.06.2021.,14:55:00,22,23,1,1,0,0,0,H,0,0
8244,29.06.2021.,15:00:00,22,23,1,1,0,0,0,H,0,0
8245,29.06.2021.,15:05:00,22,23,1,1,0,0,0,H,0,0
8246,29.06.2021.,15:10:00,22,23,1,1,0,0,0,H,0,0
8247,29.06.2021.,15:15:00,22,23,1,1,0,0,0,H,0,0
8248,29.06.2021.,15:20:00,22,23,1,1,0,0,0,H,0,0
8249,29.06.2021.,15:25:00,22,23,1,1,0,0,0,H,0,0
8250,29.06.2021.,15:30:00,22,23,1,1,0,0,0,H,0,0
8251,29.06.2021.,15:35:00,22,23,1,1,0,0,0,H,0,0
8252,29.06.2021.,15:40:00,20,23,1,2,0,1,0,H,0,0
8253,29.06.2021.,15:45:00,22,23,1,1,0,0,0,H,0,0
8254,29.06.2021.,15:50:00,22,23,1,1,0,0,0,H,0,0
8255,29.06.2021.,15:55:00,22,23,1,1,0,0,0,H,0,0
8256,29.06.2021.,16:00:00,22,23,1,1,0,0,0,H,0,0
8257,29.06.2021.,16:05:00,22,23,1,1,0,0,0,H,0,0
8258,29.06.2021.,16:10:00,22,22,1,1,0,0,0,H,0,0
8259,29.06.2021.,16:15:00,22,22,1,1,0,0,0,H,0,0
8260,29.06.2021.,16:20:00,22,22,1,1,0,0,0,H,0,0
8261,29.06.2021.,16:25:00,22,22,1,1,0,0,0,H,0,0
8262,29.06.2021.,16:30:00,22,22,1,1,0,0,0,H,0,0
8263,29.06.2021.,16:35:00,22,22,1,1,0,0,0,H,0,0
8264,29.06.2021.,16:40:00,22,22,1,1,0,0,0,H,0,0
8265,29.06.2021.,16:45:00,22,22,1,1,0,0,0,H,0,0
8266,29.06.2021.,16:50:00,22,22,1,1,0,0,0,H,0,0
8267,29.06.2021.,16:55:00,22,22,1,1,0,0,0,H,0,0
8268,29.06.2021.,17:00:00,22,22,1,1,0,0,0,H,0,0
8269,29.06.2021.,17:05:00,22,22,1,1,0,0,0,H,0,0
8270,29.06.2021.,17:10:00,22,22,1,1,0,0,0,H,0,0
8271,29.06.2021.,17:15:00,22,22,1,1,0,0,0,H,0,0
8272,29.06.2021.,17:20:00,22,22,1,0,0,0,0,H,0,0
8273,29.06.2021.,17:25:00,22,22,1,0,0,0,0,H,0,0
8274,29.06.2021.,17:30:00,22,22,1,0,0,0,0,H,0,0
8275,29.06.2021.,17:35:00,22,22,1,0,0,0,0,H,0,0
8276,29.06.2021.,17:40:00,22,22,1,0,0,0,0,H,0,0
8277,29.06.2021.,17:45:00,22,22,1,0,0,0,0,H,0,0
8278,29.06.2021.,17:50:00,22,22,1,0,0,0,0,H,0,0
8279,29.06.2021.,17:55:00,22,22,1,0,0,0,0,H,0,0
8280,29.06.2021.,18:00:00,22,22,1,0,0,0,0,H,0,0
8281,29.06.2021.,18:05:00,22,22,1,0,0,0,0,H,0,0
8282,29.06.2021.,18:10:00,22,22,1,0,0,0,0,H,0,0
8283,29.06.2021.,18:15:00,22,22,1,0,0,0,0,H,0,0
8284,29.06.2021.,18:20:00,22,22,1,1,0,0,0,H,0,0
8285,29.06.2021.,18:25:00,22,22,1,1,0,0,0,H,0,0
8286,29.06.2021.,18:30:00,22,22,1,1,0,0,0,H,0,0
8287,29.06.2021.,18:35:00,22,22,1,1,0,0,0,H,0,0
8288,29.06.2021.,18:40:00,22,22,1,1,0,0,0,H,0,0
8289,29.06.2021.,18:45:00,22,22,1,1,0,0,0,H,0,0
8290,29.06.2021.,18:50:00,22,22,1,1,0,0,0,H,0,0
8291,29.06.2021.,18:55:00,22,22,1,1,0,0,0,H,0,0
8292,29.06.2021.,19:00:00,22,22,1,1,0,0,0,H,0,0
8293,29.06.2021.,19:05:00,22,22,1,1,0,0,0,H,0,0
8294,29.06.2021.,19:10:00,22,22,1,1,0,0,0,H,0,0
8295,29.06.2021.,19:15:00,22,22,1,1,0,0,0,H,0,0
8296,29.06.2021.,19:20:00,22,22,1,1,0,0,0,H,0,0
8297,29.06.2021.,19:25:00,22,22,1,1,0,0,0,H,0,0
8298,29.06.2021.,19:30:00,22,22,1,1,0,0,0,H,0,0
8299,29.06.2021.,19:35:00,22,22,1,1,0,0,0,H,0,0
8300,29.06.2021.,19:40:00,22,22,1,0,0,0,0,H,0,0
8301,29.06.2021.,19:45:00,22,22,1,0,0,0,0,H,0,0
8302,29.06.2021.,19:50:00,22,22,1,0,0,0,0,H,0,0
8303,29.06.2021.,19:55:00,22,22,1,0,0,0,0,H,0,0
8304,29.06.2021.,20:00:00,22,22,1,0,0,0,0,H,0,0
8305,29.06.2021.,20:05:00,22,22,1,0,0,0,0,H,0,0
8306,29.06.2021.,20:10:00,22,22,1,0,0,0,0,H,0,0
8307,29.06.2021.,20:15:00,22,22,1,0,0,0,0,H,0,0
8308,29.06.2021.,20:20:00,22,22,1,0,0,0,0,H,0,0
8309,29.06.2021.,20:25:00,22,22,1,0,0,0,0,H,0,0
8310,29.06.2021.,20:30:00,22,22,1,0,0,0,0,H,0,0
8311,29.06.2021.,20:35:00,22,22,1,0,0,0,0,H,0,0
8312,29.06.2021.,20:40:00,22,22,1,0,0,0,0,H,0,0
8313,29.06.2021.,20:45:00,22,22,1,1,0,0,0,H,0,0
8314,29.06.2021.,20:50:00,22,22,1,1,0,0,0,H,0,0
8315,29.06.2021.,20:55:00,22,22,1,1,0,0,0,H,0,0
8316,29.06.2021.,21:00:00,22,22,1,1,0,0,0,H,0,0
8317,29.06.2021.,21:05:00,22,22,1,1,0,0,0,H,0,0
8318,29.06.2021.,21:10:00,22,22,1,1,0,0,0,H,0,0
8319,29.06.2021.,21:15:00,22,22,1,1,0,0,0,H,0,0
8320,29.06.2021.,21:20:00,22,22,1,1,0,0,0,H,0,0
8321,29.06.2021.,21:25:00,22,22,1,1,0,0,0,H,0,0
8322,29.06.2021.,21:30:00,22,22,1,1,0,0,0,H,0,0
8323,29.06.2021.,21:35:00,22,22,1,0,0,0,0,H,0,0
8324,29.06.2021.,21:40:00,22,22,1,0,0,0,0,H,0,0
8325,29.06.2021.,21:45:00,22,22,1,0,0,0,0,H,0,0
8326,29.06.2021.,21:50:00,22,22,1,0,0,0,0,H,0,0
8327,29.06.2021.,21:55:00,22,22,1,0,0,0,0,H,0,0
8328,29.06.2021.,22:00:00,22,22,1,0,0,0,0,H,0,0
8329,29.06.2021.,22:05:00,22,22,1,0,0,0,0,H,0,0
8330,29.06.2021.,22:10:00,22,22,1,0,0,0,0,H,0,0
8331,29.06.2021.,22:15:00,22,22,1,0,0,0,0,H,0,0
8332,29.06.2021.,22:20:00,22,22,1,0,0,0,0,H,0,0
8333,29.06.2021.,22:25:00,22,22,1,0,0,0,0,H,0,0
8334,29.06.2021.,22:30:00,22,22,1,0,0,0,0,H,0,0
8335,29.06.2021.,22:35:00,22,22,1,0,0,0,0,H,0,0
8336,29.06.2021.,22:40:00,22,22,1,0,0,0,0,H,0,0
8337,29.06.2021.,22:45:00,22,22,1,0,0,0,0,H,0,0
8338,29.06.2021.,22:50:00,22,22,1,0,0,0,0,H,0,0
8339,29.06.2021.,22:55:00,22,22,1,0,0,0,0,H,0,0
8340,29.06.2021.,23:00:00,22,22,1,0,0,0,0,H,0,0
8341,29.06.2021.,23:05:00,22,22,1,0,0,0,0,H,0,0
8342,29.06.2021.,23:10:00,22,22,1,0,0,0,0,H,0,0
8343,29.06.2021.,23:15:00,22,22,1,0,0,0,0,H,0,0
8344,29.06.2021.,23:20:00,22,22,1,0,0,0,0,H,0,0
8345,29.06.2021.,23:25:00,22,22,1,0,0,0,0,H,0,0
8346,29.06.2021.,23:30:00,22,22,1,0,0,0,0,H,0,0
8347,29.06.2021.,23:35:00,22,22,1,1,0,0,0,H,0,0
8348,29.06.2021.,23:40:00,22,22,1,1,0,0,0,H,0,0
8349,29.06.2021.,23:45:00,22,22,1,1,0,0,0,H,0,0
8350,29.06.2021.,23:50:00,22,22,1,1,0,0,0,H,0,0
8351,29.06.2021.,23:55:00,22,22,1,1,0,0,0,H,0,0
8352,30.06.2021.,00:00:00,22,22,1,1,0,0,0,H,0,0
8353,30.06.2021.,00:05:00,22,22,1,1,0,0,0,H,0,0
8354,30.06.2021.,00:10:00,22,22,1,1,0,0,0,H,0,0
8355,30.06.2021.,00:15:00,22,22,1,1,0,0,0,H,0,0
8356,30.06.2021.,00:20:00,22,22,1,0,0,0,0,H,0,0
8357,30.06.2021.,00:25:00,22,22,1,0,0,0,0,H,0,0
8358,30.06.2021.,00:30:00,22,22,1,0,0,0,0,H,0,0
8359,30.06.2021.,00:35:00,22,22,1,0,0,0,0,H,0,0
8360,30.06.2021.,00:40:00,22,22,1,0,0,0,0,H,0,0
8361,30.06.2021.,00:45:00,22,22,1,0,0,0,0,H,0,0
8362,30.06.2021.,00:50:00,22,22,1,0,0,0,0,H,0,0
8363,30.06.2021.,00:55:00,22,22,1,0,0,0,0,H,0,0
8364,30.06.2021.,01:00:00,22,22,1,0,0,0,0,H,0,0
8365,30.06.2021.,01:05:00,22,22,1,0,0,0,0,H,0,0
8366,30.06.2021.,01:10:00,22,22,1,0,0,0,0,H,0,0
8367,30.06.2021.,01:15:00,22,22,1,0,0,0,0,H,0,0
8368,30.06.2021.,01:20:00,22,22,1,0,0,0,0,H,0,0
8369,30.06.2021.,01:25:00,22,22,1,0,0,0,0,H,0,0
8370,30.06.2021.,01:30:00,22,22,1,0,0,0,0,H,0,0
8371,30.06.2021.,01:35:00,22,22,1,0,0,0,0,H,0,0
8372,30.06.2021.,01:40:00,22,22,1,0,0,0,0,H,0,0
8373,30.06.2021.,01:45:00,22,22,1,0,0,0,0,H,0,0
8374,30.06.2021.,01:50:00,22,22,1,0,0,0,0,H,0,0
8375,30.06.2021.,01:55:00,22,22,1,1,0,0,0,H,0,0
8376,30.06.2021.,02:00:00,22,22,1,1,0,0,0,H,0,0
8377,30.06.2021.,02:05:00,22,22,1,1,0,0,0,H,0,0
8378,30.06.2021.,02:10:00,22,22,1,1,0,0,0,H,0,0
8379,30.06.2021.,02:15:00,22,22,1,1,0,0,0,H,0,0
8380,30.06.2021.,02:20:00,22,22,1,1,0,0,0,H,0,0
8381,30.06.2021.,02:25:00,22,22,1,1,0,0,0,H,0,0
8382,30.06.2021.,02:30:00,22,22,1,0,0,0,0,H,0,0
8383,30.06.2021.,02:35:00,22,22,1,0,0,0,0,H,0,0
8384,30.06.2021.,02:40:00,22,22,1,0,0,0,0,H,0,0
8385,30.06.2021.,02:45:00,22,22,1,0,0,0,0,H,0,0
8386,30.06.2021.,02:50:00,22,22,1,0,0,0,0,H,0,0
8387,30.06.2021.,02:55:00,22,22,1,0,0,0,0,H,0,0
8388,30.06.2021.,03:00:00,22,22,1,0,0,0,0,H,0,0
8389,30.06.2021.,03:05:00,22,22,1,0,0,0,0,H,0,0
8390,30.06.2021.,03:10:00,22,22,1,0,0,0,0,H,0,0
8391,30.06.2021.,03:15:00,22,22,1,0,0,0,0,H,0,0
8392,30.06.2021.,03:20:00,22,22,1,0,0,0,0,H,0,0
8393,30.06.2021.,03:25:00,22,22,1,0,0,0,0,H,0,0
8394,30.06.2021.,03:30:00,22,22,1,0,0,0,0,H,0,0
8395,30.06.2021.,03:35:00,22,22,1,0,0,0,0,H,0,0
8396,30.06.2021.,03:40:00,22,22,1,0,0,0,0,H,0,0
8397,30.06.2021.,03:45:00,22,22,1,0,0,0,0,H,0,0
8398,30.06.2021.,03:50:00,22,22,1,0,0,0,0,H,0,0
8399,30.06.2021.,03:55:00,22,22,1,0,0,0,0,H,0,0
8400,30.06.2021.,04:00:00,22,22,1,0,0,0,0,H,0,0
8401,30.06.2021.,04:05:00,22,22,1,0,0,0,0,H,0,0
8402,30.06.2021.,04:10:00,22,22,1,0,0,0,0,H,0,0
8403,30.06.2021.,04:15:00,22,22,1,0,0,0,0,H,0,0
8404,30.06.2021.,04:20:00,22,22,1,0,0,0,0,H,0,0
8405,30.06.2021.,04:25:00,22,22,1,0,0,0,0,H,0,0
8406,30.06.2021.,04:30:00,22,22,1,0,0,0,0,H,0,0
8407,30.06.2021.,04:35:00,22,22,1,0,0,0,0,H,0,0
8408,30.06.2021.,04:40:00,22,22,1,0,0,0,0,H,0,0
8409,30.06.2021.,04:45:00,22,22,1,0,0,0,0,H,0,0
8410,30.06.2021.,04:50:00,22,22,1,1,0,0,0,H,0,0
8411,30.06.2021.,04:55:00,22,22,1,1,0,0,0,H,0,0
8412,30.06.2021.,05:00:00,22,22,1,1,0,0,0,H,0,0
8413,30.06.2021.,05:05:00,22,22,1,1,0,0,0,H,0,0
8414,30.06.2021.,05:10:00,22,22,1,1,0,0,0,H,0,0
8415,30.06.2021.,05:15:00,22,22,1,1,0,0,0,H,0,0
8416,30.06.2021.,05:20:00,22,22,1,1,0,0,0,H,0,0
8417,30.06.2021.,05:25:00,22,22,1,1,0,0,0,H,0,0
8418,30.06.2021.,05:30:00,22,22,1,0,0,0,0,H,0,0
8419,30.06.2021.,05:35:00,22,22,1,0,0,0,0,H,0,0
8420,30.06.2021.,05:40:00,22,22,1,0,0,0,0,H,0,0
8421,30.06.2021.,05:45:00,22,22,1,0,0,0,0,H,0,0
8422,30.06.2021.,05:50:00,22,22,1,0,0,0,0,H,0,0
8423,30.06.2021.,05:55:00,22,22,1,0,0,0,0,H,0,0
8424,30.06.2021.,06:00:00,22,22,1,0,0,0,0,H,0,0
8425,30.06.2021.,06:05:00,22,22,1,0,0,0,0,H,0,0
8426,30.06.2021.,06:10:00,22,22,1,0,0,0,0,H,0,0
8427,30.06.2021.,06:15:00,22,22,1,0,0,0,0,H,0,0
8428,30.06.2021.,06:20:00,22,22,1,0,0,0,0,H,0,0
8429,30.06.2021.,06:25:00,22,22,1,0,0,0,0,H,0,0
8430,30.06.2021.,06:30:00,22,22,1,0,0,0,0,H,0,0
8431,30.06.2021.,06:35:00,22,22,1,0,0,0,0,H,0,0
8432,30.06.2021.,06:40:00,22,22,1,0,0,0,0,H,0,0
8433,30.06.2021.,06:45:00,22,22,1,0,0,0,0,H,0,0
8434,30.06.2021.,06:50:00,22,22,1,0,0,0,0,H,0,0
8435,30.06.2021.,06:55:00,22,22,1,0,0,0,0,H,0,0
8436,30.06.2021.,07:00:00,22,22,1,0,0,0,0,H,0,0
8437,30.06.2021.,07:05:00,22,22,1,0,0,0,0,H,0,0
8438,30.06.2021.,07:10:00,22,22,1,0,0,0,0,H,0,0
8439,30.06.2021.,07:15:00,22,22,1,0,0,0,0,H,0,0
8440,30.06.2021.,07:20:00,22,22,1,0,0,0,0,H,0,0
8441,30.06.2021.,07:25:00,22,22,1,0,0,0,0,H,0,0
8442,30.06.2021.,07:30:00,22,22,1,0,0,0,0,H,0,0
8443,30.06.2021.,07:35:00,22,22,1,0,0,0,0,H,0,0
8444,30.06.2021.,07:40:00,22,22,1,0,0,0,0,H,0,0
8445,30.06.2021.,07:45:00,22,22,1,0,0,0,0,H,0,0
8446,30.06.2021.,07:50:00,22,22,1,0,0,0,0,H,0,0
8447,30.06.2021.,07:55:00,22,22,1,0,0,0,0,H,0,0
8448,30.06.2021.,08:00:00,22,22,1,0,0,0,0,H,0,0
8449,30.06.2021.,08:05:00,22,22,1,0,0,0,0,H,0,0
8450,30.06.2021.,08:10:00,22,22,1,0,0,0,0,H,0,0
8451,30.06.2021.,08:15:00,22,22,1,0,0,0,0,H,0,0
8452,30.06.2021.,08:20:00,22,22,1,1,0,0,0,H,0,0
8453,30.06.2021.,08:25:00,22,22,1,1,0,0,0,H,0,0
8454,30.06.2021.,08:30:00,22,22,1,1,0,0,0,H,0,0
8455,30.06.2021.,08:35:00,22,22,1,1,0,0,0,H,0,0
8456,30.06.2021.,08:40:00,22,22,1,1,0,0,0,H,0,0
8457,30.06.2021.,08:45:00,22,22,1,1,0,0,0,H,0,0
8458,30.06.2021.,08:50:00,22,22,1,1,0,0,0,H,0,0
8459,30.06.2021.,08:55:00,22,22,1,1,0,0,0,H,0,0
8460,30.06.2021.,09:00:00,22,22,1,1,0,0,0,H,0,0
8461,30.06.2021.,09:05:00,22,22,1,1,0,0,0,H,0,0
8462,30.06.2021.,09:10:00,22,22,1,1,0,0,0,H,0,0
8463,30.06.2021.,09:15:00,22,22,1,1,0,0,0,H,0,0
8464,30.06.2021.,09:20:00,22,22,1,1,0,0,0,H,0,0
8465,30.06.2021.,09:25:00,22,22,1,1,0,0,0,H,0,0
8466,30.06.2021.,09:30:00,22,22,1,1,0,0,0,H,0,0
8467,30.06.2021.,09:35:00,22,22,1,1,0,0,0,H,0,0
8468,30.06.2021.,09:40:00,22,22,1,1,0,0,0,H,0,0
8469,30.06.2021.,09:45:00,22,22,1,1,0,0,0,H,0,0
8470,30.06.2021.,09:50:00,22,23,1,1,0,0,0,H,0,0
8471,30.06.2021.,09:55:00,22,23,1,1,0,0,0,H,0,0
8472,30.06.2021.,10:00:00,22,23,1,1,0,0,0,H,0,0
8473,30.06.2021.,10:05:00,22,23,1,1,0,0,0,H,0,0
8474,30.06.2021.,10:10:00,22,23,1,1,0,0,0,H,0,0
8475,30.06.2021.,10:15:00,22,23,1,1,0,0,0,H,0,0
8476,30.06.2021.,10:20:00,22,23,1,1,0,0,0,H,0,0
8477,30.06.2021.,10:25:00,22,23,1,1,0,0,0,H,0,0
8478,30.06.2021.,10:30:00,22,23,1,1,0,0,0,H,0,0
8479,30.06.2021.,10:35:00,22,23,1,1,0,0,0,H,0,0
8480,30.06.2021.,10:40:00,22,23,1,1,0,0,0,H,0,0
8481,30.06.2021.,10:45:00,22,23,1,1,0,0,0,H,0,0
8482,30.06.2021.,10:50:00,22,23,1,1,0,0,0,H,0,0
8483,30.06.2021.,10:55:00,22,23,1,1,0,0,0,H,0,0
8484,30.06.2021.,11:00:00,22,23,1,1,0,0,0,H,0,0
8485,30.06.2021.,11:05:00,22,23,1,1,0,0,0,H,0,0
8486,30.06.2021.,11:10:00,22,23,1,1,0,0,0,H,0,0
8487,30.06.2021.,11:15:00,22,23,1,1,0,0,0,H,0,0
8488,30.06.2021.,11:20:00,22,23,1,1,0,0,0,H,0,0
8489,30.06.2021.,11:25:00,22,23,1,1,0,0,0,H,0,0
8490,30.06.2021.,11:30:00,22,23,1,1,0,0,0,H,0,0
8491,30.06.2021.,11:35:00,22,23,1,1,0,0,0,H,0,0
8492,30.06.2021.,11:40:00,22,23,1,1,0,0,0,H,0,0
8493,30.06.2021.,11:45:00,22,23,1,1,0,0,0,H,0,0
8494,30.06.2021.,11:50:00,22,23,1,1,0,0,0,H,0,0
8495,30.06.2021.,11:55:00,22,23,1,1,0,0,0,H,0,0
8496,30.06.2021.,12:00:00,22,23,1,1,0,0,0,H,0,0
8497,30.06.2021.,12:05:00,22,23,1,1,0,0,0,H,0,0
8498,30.06.2021.,12:10:00,22,23,1,1,0,0,0,H,0,0
8499,30.06.2021.,12:15:00,22,23,1,1,0,0,0,H,0,0
8500,30.06.2021.,12:20:00,22,23,1,1,0,0,0,H,0,0
8501,30.06.2021.,12:25:00,22,23,1,1,0,0,0,H,0,0
8502,30.06.2021.,12:30:00,22,23,1,1,0,0,0,H,0,0
8503,30.06.2021.,12:35:00,22,23,1,1,0,0,0,H,0,0
8504,30.06.2021.,12:40:00,22,23,1,1,0,0,0,H,0,0
8505,30.06.2021.,12:45:00,22,23,1,1,0,0,0,H,0,0
8506,30.06.2021.,12:50:00,22,23,1,1,0,0,0,H,0,0
8507,30.06.2021.,12:55:00,22,23,1,1,0,0,0,H,0,0
8508,30.06.2021.,13:00:00,22,23,1,1,0,0,0,H,0,0
8509,30.06.2021.,13:05:00,22,23,1,1,0,0,0,H,0,0
8510,30.06.2021.,13:10:00,22,23,1,1,0,0,0,H,0,0
8511,30.06.2021.,13:15:00,22,23,1,1,0,0,0,H,0,0
8512,30.06.2021.,13:20:00,22,23,1,1,0,0,0,H,0,0
8513,30.06.2021.,13:25:00,22,23,1,1,0,0,0,H,0,0
8514,30.06.2021.,13:30:00,22,23,1,1,0,0,0,H,0,0
8515,30.06.2021.,13:35:00,22,23,1,1,0,0,0,H,0,0
8516,30.06.2021.,13:40:00,22,23,1,1,0,0,0,H,0,0
8517,30.06.2021.,13:45:00,22,23,1,1,0,0,0,H,0,0
8518,30.06.2021.,13:50:00,22,23,1,1,0,0,0,H,0,0
8519,30.06.2021.,13:55:00,22,23,1,1,0,0,0,H,0,0
8520,30.06.2021.,14:00:00,22,23,1,1,0,0,0,H,0,0
8521,30.06.2021.,14:05:00,22,23,1,1,0,0,0,H,0,0
8522,30.06.2021.,14:10:00,22,23,1,1,0,0,0,H,0,0
8523,30.06.2021.,14:15:00,22,23,1,1,0,0,0,H,0,0
8524,30.06.2021.,14:20:00,22,23,1,1,0,0,0,H,0,0
8525,30.06.2021.,14:25:00,22,23,1,1,0,0,0,H,0,0
8526,30.06.2021.,14:30:00,22,23,1,1,0,0,0,H,0,0
8527,30.06.2021.,14:35:00,22,23,1,1,0,0,0,H,0,0
8528,30.06.2021.,14:40:00,22,23,1,1,0,0,0,H,0,0
8529,30.06.2021.,14:45:00,22,23,1,1,0,0,0,H,0,0
8530,30.06.2021.,14:50:00,22,23,1,1,0,0,0,H,0,0
8531,30.06.2021.,14:55:00,22,23,1,1,0,0,0,H,0,0
8532,30.06.2021.,15:00:00,22,22,1,1,0,0,0,H,0,0
8533,30.06.2021.,15:05:00,22,22,1,1,0,0,0,H,0,0
8534,30.06.2021.,15:10:00,22,22,1,1,0,0,0,H,0,0
8535,30.06.2021.,15:15:00,22,22,1,1,0,0,0,H,0,0
8536,30.06.2021.,15:20:00,22,22,1,1,0,0,0,H,0,0
8537,30.06.2021.,15:25:00,22,22,1,1,0,0,0,H,0,0
8538,30.06.2021.,15:30:00,22,22,1,1,0,0,0,H,0,0
8539,30.06.2021.,15:35:00,22,22,1,1,0,0,0,H,0,0
8540,30.06.2021.,15:40:00,22,22,1,1,0,0,0,H,0,0
8541,30.06.2021.,15:45:00,22,22,1,1,0,0,0,H,0,0
8542,30.06.2021.,15:50:00,22,22,1,1,0,0,0,H,0,0
8543,30.06.2021.,15:55:00,22,22,1,1,0,0,0,H,0,0
8544,30.06.2021.,16:00:00,22,22,1,0,0,0,0,H,0,0
8545,30.06.2021.,16:05:00,22,22,1,0,0,0,0,H,0,0
8546,30.06.2021.,16:10:00,22,22,1,0,0,0,0,H,0,0
8547,30.06.2021.,16:15:00,22,22,1,0,0,0,0,H,0,0
8548,30.06.2021.,16:20:00,22,22,1,0,0,0,0,H,0,0
8549,30.06.2021.,16:25:00,22,22,1,0,0,0,0,H,0,0
8550,30.06.2021.,16:30:00,22,22,1,0,0,0,0,H,0,0
8551,30.06.2021.,16:35:00,22,22,1,0,0,0,0,H,0,0
8552,30.06.2021.,16:40:00,22,22,1,0,0,0,0,H,0,0
8553,30.06.2021.,16:45:00,22,22,1,0,0,0,0,H,0,0
8554,30.06.2021.,16:50:00,22,22,1,0,0,0,0,H,0,0
8555,30.06.2021.,16:55:00,22,22,1,1,0,0,0,H,0,0
8556,30.06.2021.,17:00:00,22,22,1,1,0,0,0,H,0,0
8557,30.06.2021.,17:05:00,22,22,1,1,0,0,0,H,0,0
8558,30.06.2021.,17:10:00,22,22,1,1,0,0,0,H,0,0
8559,30.06.2021.,17:15:00,22,22,1,1,0,0,0,H,0,0
8560,30.06.2021.,17:20:00,22,22,1,1,0,0,0,H,0,0
8561,30.06.2021.,17:25:00,22,22,1,1,0,0,0,H,0,0
8562,30.06.2021.,17:30:00,22,22,1,1,0,0,0,H,0,0
8563,30.06.2021.,17:35:00,22,22,1,1,0,0,0,H,0,0
8564,30.06.2021.,17:40:00,22,22,1,1,0,0,0,H,0,0
8565,30.06.2021.,17:45:00,22,22,1,1,0,0,0,H,0,0
8566,30.06.2021.,17:50:00,22,22,1,1,0,0,0,H,0,0
8567,30.06.2021.,17:55:00,22,22,1,0,0,0,0,H,0,0
8568,30.06.2021.,18:00:00,22,22,1,0,0,0,0,H,0,0
8569,30.06.2021.,18:05:00,22,22,1,0,0,0,0,H,0,0
8570,30.06.2021.,18:10:00,22,22,1,0,0,0,0,H,0,0
8571,30.06.2021.,18:15:00,22,22,1,0,0,0,0,H,0,0
8572,30.06.2021.,18:20:00,22,22,1,0,0,0,0,H,0,0
8573,30.06.2021.,18:25:00,22,22,1,0,0,0,0,H,0,0
8574,30.06.2021.,18:30:00,22,22,1,0,0,0,0,H,0,0
8575,30.06.2021.,18:35:00,22,22,1,0,0,0,0,H,0,0
8576,30.06.2021.,18:40:00,22,22,1,0,0,0,0,H,0,0
8577,30.06.2021.,18:45:00,22,22,1,0,0,0,0,H,0,0
8578,30.06.2021.,18:50:00,22,22,1,1,0,0,0,H,0,0
8579,30.06.2021.,18:55:00,22,22,1,1,0,0,0,H,0,0
8580,30.06.2021.,19:00:00,22,22,1,1,0,0,0,H,0,0
8581,30.06.2021.,19:05:00,22,22,1,1,0,0,0,H,0,0
8582,30.06.2021.,19:10:00,22,22,1,1,0,0,0,H,0,0
8583,30.06.2021.,19:15:00,22,22,1,1,0,0,0,H,0,0
8584,30.06.2021.,19:20:00,22,22,1,1,0,0,0,H,0,0
8585,30.06.2021.,19:25:00,22,22,1,1,0,0,0,H,0,0
8586,30.06.2021.,19:30:00,22,22,1,1,0,0,0,H,0,0
8587,30.06.2021.,19:35:00,22,22,1,1,0,0,0,H,0,0
8588,30.06.2021.,19:40:00,22,22,1,1,0,0,0,H,0,0
8589,30.06.2021.,19:45:00,22,22,1,0,0,0,0,H,0,0
8590,30.06.2021.,19:50:00,22,22,1,0,0,0,0,H,0,0
8591,30.06.2021.,19:55:00,22,22,1,0,0,0,0,H,0,0
8592,30.06.2021.,20:00:00,22,22,1,0,0,0,0,H,0,0
8593,30.06.2021.,20:05:00,22,22,1,0,0,0,0,H,0,0
8594,30.06.2021.,20:10:00,22,22,1,0,0,0,0,H,0,0
8595,30.06.2021.,20:15:00,22,22,1,0,0,0,0,H,0,0
8596,30.06.2021.,20:20:00,22,22,1,0,0,0,0,H,0,0
8597,30.06.2021.,20:25:00,22,22,1,0,0,0,0,H,0,0
8598,30.06.2021.,20:30:00,22,22,1,0,0,0,0,H,0,0
8599,30.06.2021.,20:35:00,22,22,1,0,0,0,0,H,0,0
8600,30.06.2021.,20:40:00,22,22,1,0,0,0,0,H,0,0
8601,30.06.2021.,20:45:00,22,22,1,0,0,0,0,H,0,0
8602,30.06.2021.,20:50:00,22,22,1,0,0,0,0,H,0,0
8603,30.06.2021.,20:55:00,22,22,1,0,0,0,0,H,0,0
8604,30.06.2021.,21:00:00,22,22,1,0,0,0,0,H,0,0
8605,30.06.2021.,21:05:00,22,22,1,0,0,0,0,H,0,0
8606,30.06.2021.,21:10:00,22,22,1,0,0,0,0,H,0,0
8607,30.06.2021.,21:15:00,22,22,1,0,0,0,0,H,0,0
8608,30.06.2021.,21:20:00,22,22,1,0,0,0,0,H,0,0
8609,30.06.2021.,21:25:00,22,22,1,0,0,0,0,H,0,0
8610,30.06.2021.,21:30:00,22,22,1,0,0,0,0,H,0,0
8611,30.06.2021.,21:35:00,22,22,1,1,0,0,0,H,0,0
8612,30.06.2021.,21:40:00,22,22,1,1,0,0,0,H,0,0
8613,30.06.2021.,21:45:00,22,22,1,1,0,0,0,H,0,0
8614,30.06.2021.,21:50:00,22,22,1,1,0,0,0,H,0,0
8615,30.06.2021.,21:55:00,22,22,1,1,0,0,0,H,0,0
8616,30.06.2021.,22:00:00,22,22,1,1,0,0,0,H,0,0
8617,30.06.2021.,22:05:00,22,22,1,1,0,0,0,H,0,0
8618,30.06.2021.,22:10:00,22,22,1,1,0,0,0,H,0,0
8619,30.06.2021.,22:15:00,22,22,1,0,0,0,0,H,0,0
8620,30.06.2021.,22:20:00,22,22,1,0,0,0,0,H,0,0
8621,30.06.2021.,22:25:00,22,22,1,0,0,0,0,H,0,0
8622,30.06.2021.,22:30:00,22,22,1,0,0,0,0,H,0,0
8623,30.06.2021.,22:35:00,22,22,1,0,0,0,0,H,0,0
8624,30.06.2021.,22:40:00,22,22,1,0,0,0,0,H,0,0
8625,30.06.2021.,22:45:00,22,22,1,0,0,0,0,H,0,0
8626,30.06.2021.,22:50:00,22,22,1,0,0,0,0,H,0,0
8627,30.06.2021.,22:55:00,22,22,1,0,0,0,0,H,0,0
8628,30.06.2021.,23:00:00,22,22,1,0,0,0,0,H,0,0
8629,30.06.2021.,23:05:00,22,22,1,0,0,0,0,H,0,0
8630,30.06.2021.,23:10:00,22,22,1,0,0,0,0,H,0,0
8631,30.06.2021.,23:15:00,22,22,1,0,0,0,0,H,0,0
8632,30.06.2021.,23:20:00,22,22,1,0,0,0,0,H,0,0
8633,30.06.2021.,23:25:00,22,22,1,0,0,0,0,H,0,0
8634,30.06.2021.,23:30:00,22,22,1,0,0,0,0,H,0,0
8635,30.06.2021.,23:35:00,22,22,1,0,0,0,0,H,0,0
8636,30.06.2021.,23:40:00,22,22,1,0,0,0,0,H,0,0
8637,30.06.2021.,23:45:00,22,22,1,0,0,0,0,H,0,0
8638,30.06.2021.,23:50:00,22,22,1,1,0,0,0,H,0,0
8639,30.06.2021.,23:55:00,22,22,1,1,0,0,0,H,0,0
